"REF_DATE","GEO","DGUID","Statistics","North American Industry Classification System (NAICS)","UOM","UOM_ID","SCALAR_FACTOR","SCALAR_ID","VECTOR","COORDINATE","VALUE","STATUS","SYMBOL","TERMINATED","DECIMALS"
"2023-11","Jarlgate","2021A000012791","Building permits issued","Full range","Number","223","units","0","v41000001","1.1.1","41341","","","","0"
"2023-11","Jarlgate","2021A000012791","Building permits issued","Vehicles and fuel","Number","223","units","0","v41000008","1.2.1","5343","","","","0"
"2023-11","Jarlgate","2021A000012791","Building permits issued","Gifts and novelties","Number","223","units","0","v41000018","1.3.1","7653","","","","0"
"2023-11","Jarlgate","2021A000012791","Building permits issued","Pharmacies","Number","223","units","0","v41000023","1.4.1","3713","","","","0"
"2023-11","Jarlgate","2021A000012791","Building permits issued","Grocery","Number","223","units","0","v41000030","1.5.1","3436","","","","0"
"2023-11","Jarlgate","2021A000012791","Building permits issued","Leisure","Number","223","units","0","v41000037","1.6.1","10267","","","","0"
"2023-11","Jarlgate","2021A000012791","Building permits issued","Tyres","Number","223","units","0","v41000046","1.7.1","4217","","","","0"
"2023-11","Jarlgate","2021A000012791","Building permits issued","Health and beauty","Number","223","units","0","v41000051","1.8.1","15610","","","","0"
"2023-11","Jarlgate","2021A000012791","Building permits issued","Lighting","Number","223","units","0","v41000056","1.9.1","902","","","","0"
"2023-11","Jarlgate","2021A000012791","Building permits issued","Cameras","Number","223","units","0","v41000063","1.10.1","2285","","","","0"
"2023-11","Jarlgate","2021A000012791","Building permits issued","Personal items","Number","223","units","0","v41000073","1.11.1","7266","","","","0"
"2023-11","Jarlgate","2021A000012791","Building permits issued","Food and drink","Number","223","units","0","v41000078","1.12.1","5881","","","","0"
"2023-11","Jarlgate","2021A000012791","Building permits issued","Fuel","Number","223","units","0","v41000086","1.13.1","3952","","","","0"
"2023-11","Jarlgate","2021A000012791","Building permits issued","Home goods","Number","223","units","0","v41000095","1.14.1","14919","","","","0"
"2023-11","Jarlgate","2021A000012791","Building permits issued","Auto parts","Number","223","units","0","v41000101","1.15.1","2603","","","","0"
"2023-11","Jarlgate","2021A000012791","Building permits issued","Jewellery","Number","223","units","0","v41000107","1.16.1","4030","","","","0"
"2023-11","Jarlgate","2021A000012791","Building permits issued","Tools","Number","223","units","0","v41000114","1.17.1","1995","","","","0"
"2023-11","Jarlgate","2021A000012791","Building permits issued","Medical supplies","Number","223","units","0","v41000122","1.18.1","1629","","","","0"
"2023-11","Jarlgate","2021A000012791","Building permits issued","Garden supplies","Number","223","units","0","v41000129","1.19.1","3017","","","","0"
"2023-11","Jarlgate","2021A000012791","Building permits issued","Office supplies","Number","223","units","0","v41000137","1.20.1","1427","","","","0"
"2023-11","Jarlgate","2021A000012791","Building permits issued","Craft supplies","Number","223","units","0","v41000141","1.21.1","3021","","","","0"
"2023-11","Jarlgate","2021A000012791","Building permits issued","Clothing and shoes","Number","223","units","0","v41000148","1.22.1","9911","","","","0"
"2023-11","Jarlgate","2021A000012791","Building permits issued","Farm supplies","Number","223","units","0","v41000157","1.23.1","3886","","","","0"
"2023-11","Jarlgate","2021A000012791","Building permits issued","Furniture","Number","223","units","0","v41000165","1.24.1","1229","","","","0"
"2023-11","Ormdale","2021A000037090","Building permits issued","Full range","Number","223","units","0","v41000168","2.1.1","68671","","","","0"
"2023-11","Ormdale","2021A000037090","Building permits issued","Vehicles and fuel","Number","223","units","0","v41000179","2.2.1","8621","","","","0"
"2023-11","Ormdale","2021A000037090","Building permits issued","Gifts and novelties","Number","223","units","0","v41000183","2.3.1","12603","","","","0"
"2023-11","Ormdale","2021A000037090","Building permits issued","Pharmacies","Number","223","units","0","v41000192","2.4.1","5777","","","","0"
"2023-11","Ormdale","2021A000037090","Building permits issued","Grocery","Number","223","units","0","v41000200","2.5.1","5393","","","","0"
"2023-11","Ormdale","2021A000037090","Building permits issued","Leisure","Number","223","units","0","v41000203","2.6.1","17374","","","","0"
"2023-11","Ormdale","2021A000037090","Building permits issued","Tyres","Number","223","units","0","v41000210","2.7.1","7210","","","","0"
"2023-11","Ormdale","2021A000037090","Building permits issued","Health and beauty","Number","223","units","0","v41000219","2.8.1","25994","","","","0"
"2023-11","Ormdale","2021A000037090","Building permits issued","Lighting","Number","223","units","0","v41000225","2.9.1","1520","","","","0"
"2023-11","Ormdale","2021A000037090","Building permits issued","Cameras","Number","223","units","0","v41000234","2.10.1","3714","","","","0"
"2023-11","Ormdale","2021A000037090","Building permits issued","Personal items","Number","223","units","0","v41000242","2.11.1","12291","","","","0"
"2023-11","Ormdale","2021A000037090","Building permits issued","Food and drink","Number","223","units","0","v41000246","2.12.1","9591","","","","0"
"2023-11","Ormdale","2021A000037090","Building permits issued","Fuel","Number","223","units","0","v41000252","2.13.1","6892","","","","0"
"2023-11","Ormdale","2021A000037090","Building permits issued","Home goods","Number","223","units","0","v41000261","2.14.1","24895","","","","0"
"2023-11","Ormdale","2021A000037090","Building permits issued","Auto parts","Number","223","units","0","v41000269","2.15.1","4216","","","","0"
"2023-11","Ormdale","2021A000037090","Building permits issued","Jewellery","Number","223","units","0","v41000277","2.16.1","6768","","","","0"
"2023-11","Ormdale","2021A000037090","Building permits issued","Tools","Number","223","units","0","v41000281","2.17.1","3259","","","","0"
"2023-11","Ormdale","2021A000037090","Building permits issued","Medical supplies","Number","223","units","0","v41000291","2.18.1","2844","","","","0"
"2023-11","Ormdale","2021A000037090","Building permits issued","Garden supplies","Number","223","units","0","v41000294","2.19.1","5098","","","","0"
"2023-11","Ormdale","2021A000037090","Building permits issued","Office supplies","Number","223","units","0","v41000304","2.20.1","2455","","","","0"
"2023-11","Ormdale","2021A000037090","Building permits issued","Craft supplies","Number","223","units","0","v41000312","2.21.1","5099","","","","0"
"2023-11","Ormdale","2021A000037090","Building permits issued","Clothing and shoes","Number","223","units","0","v41000316","2.22.1","16262","","","","0"
"2023-11","Ormdale","2021A000037090","Building permits issued","Farm supplies","Number","223","units","0","v41000324","2.23.1","6332","","","","0"
"2023-11","Ormdale","2021A000037090","Building permits issued","Furniture","Number","223","units","0","v41000330","2.24.1","2095","","","","0"
"2023-12","Jarlgate","2021A000012791","Building permits issued","Full range","Number","223","units","0","v41000001","1.1.1","44211","","","","0"
"2023-12","Jarlgate","2021A000012791","Building permits issued","Vehicles and fuel","Number","223","units","0","v41000008","1.2.1","5477","","","","0"
"2023-12","Jarlgate","2021A000012791","Building permits issued","Gifts and novelties","Number","223","units","0","v41000018","1.3.1","8195","","","","0"
"2023-12","Jarlgate","2021A000012791","Building permits issued","Pharmacies","Number","223","units","0","v41000023","1.4.1","3668","","","","0"
"2023-12","Jarlgate","2021A000012791","Building permits issued","Grocery","Number","223","units","0","v41000030","1.5.1","3570","","","","0"
"2023-12","Jarlgate","2021A000012791","Building permits issued","Leisure","Number","223","units","0","v41000037","1.6.1","11259","","","","0"
"2023-12","Jarlgate","2021A000012791","Building permits issued","Tyres","Number","223","units","0","v41000046","1.7.1","4625","","","","0"
"2023-12","Jarlgate","2021A000012791","Building permits issued","Health and beauty","Number","223","units","0","v41000051","1.8.1","16736","","","","0"
"2023-12","Jarlgate","2021A000012791","Building permits issued","Lighting","Number","223","units","0","v41000056","1.9.1","961","","","","0"
"2023-12","Jarlgate","2021A000012791","Building permits issued","Cameras","Number","223","units","0","v41000063","1.10.1","2291","","","","0"
"2023-12","Jarlgate","2021A000012791","Building permits issued","Personal items","Number","223","units","0","v41000073","1.11.1","7917","","","","0"
"2023-12","Jarlgate","2021A000012791","Building permits issued","Food and drink","Number","223","units","0","v41000078","1.12.1","6172","","","","0"
"2023-12","Jarlgate","2021A000012791","Building permits issued","Fuel","Number","223","units","0","v41000086","1.13.1","4517","","","","0"
"2023-12","Jarlgate","2021A000012791","Building permits issued","Home goods","Number","223","units","0","v41000095","1.14.1","16112","","","","0"
"2023-12","Jarlgate","2021A000012791","Building permits issued","Auto parts","Number","223","units","0","v41000101","1.15.1","2736","","","","0"
"2023-12","Jarlgate","2021A000012791","Building permits issued","Jewellery","Number","223","units","0","v41000107","1.16.1","4451","","","","0"
"2023-12","Jarlgate","2021A000012791","Building permits issued","Tools","Number","223","units","0","v41000114","1.17.1","2165","","","","0"
"2023-12","Jarlgate","2021A000012791","Building permits issued","Medical supplies","Number","223","units","0","v41000122","1.18.1","1809","","","","0"
"2023-12","Jarlgate","2021A000012791","Building permits issued","Garden supplies","Number","223","units","0","v41000129","1.19.1","3285","","","","0"
"2023-12","Jarlgate","2021A000012791","Building permits issued","Office supplies","Number","223","units","0","v41000137","1.20.1","1494","","","","0"
"2023-12","Jarlgate","2021A000012791","Building permits issued","Craft supplies","Number","223","units","0","v41000141","1.21.1","3320","","","","0"
"2023-12","Jarlgate","2021A000012791","Building permits issued","Clothing and shoes","Number","223","units","0","v41000148","1.22.1","10402","","","","0"
"2023-12","Jarlgate","2021A000012791","Building permits issued","Farm supplies","Number","223","units","0","v41000157","1.23.1","4007","","","","0"
"2023-12","Jarlgate","2021A000012791","Building permits issued","Furniture","Number","223","units","0","v41000165","1.24.1","1312","","","","0"
"2023-12","Ormdale","2021A000037090","Building permits issued","Full range","Number","223","units","0","v41000168","2.1.1","72971","","","","0"
"2023-12","Ormdale","2021A000037090","Building permits issued","Vehicles and fuel","Number","223","units","0","v41000179","2.2.1","9319","","","","0"
"2023-12","Ormdale","2021A000037090","Building permits issued","Gifts and novelties","Number","223","units","0","v41000183","2.3.1","13719","","","","0"
"2023-12","Ormdale","2021A000037090","Building permits issued","Pharmacies","Number","223","units","0","v41000192","2.4.1","6569","","","","0"
"2023-12","Ormdale","2021A000037090","Building permits issued","Grocery","Number","223","units","0","v41000200","2.5.1","5743","","","","0"
"2023-12","Ormdale","2021A000037090","Building permits issued","Leisure","Number","223","units","0","v41000203","2.6.1","18545","","","","0"
"2023-12","Ormdale","2021A000037090","Building permits issued","Tyres","Number","223","units","0","v41000210","2.7.1","7976","","","","0"
"2023-12","Ormdale","2021A000037090","Building permits issued","Health and beauty","Number","223","units","0","v41000219","2.8.1","27864","","","","0"
"2023-12","Ormdale","2021A000037090","Building permits issued","Lighting","Number","223","units","0","v41000225","2.9.1","1673","","","","0"
"2023-12","Ormdale","2021A000037090","Building permits issued","Cameras","Number","223","units","0","v41000234","2.10.1","3699","","","","0"
"2023-12","Ormdale","2021A000037090","Building permits issued","Personal items","Number","223","units","0","v41000242","2.11.1","12727","","","","0"
"2023-12","Ormdale","2021A000037090","Building permits issued","Food and drink","Number","223","units","0","v41000246","2.12.1","10046","","","","0"
"2023-12","Ormdale","2021A000037090","Building permits issued","Fuel","Number","223","units","0","v41000252","2.13.1","7325","","","","0"
"2023-12","Ormdale","2021A000037090","Building permits issued","Home goods","Number","223","units","0","v41000261","2.14.1","26447","","","","0"
"2023-12","Ormdale","2021A000037090","Building permits issued","Auto parts","Number","223","units","0","v41000269","2.15.1","4531","","","","0"
"2023-12","Ormdale","2021A000037090","Building permits issued","Jewellery","Number","223","units","0","v41000277","2.16.1","7520","","","","0"
"2023-12","Ormdale","2021A000037090","Building permits issued","Tools","Number","223","units","0","v41000281","2.17.1","3374","","","","0"
"2023-12","Ormdale","2021A000037090","Building permits issued","Medical supplies","Number","223","units","0","v41000291","2.18.1","2750","","","","0"
"2023-12","Ormdale","2021A000037090","Building permits issued","Garden supplies","Number","223","units","0","v41000294","2.19.1","5126","","","","0"
"2023-12","Ormdale","2021A000037090","Building permits issued","Office supplies","Number","223","units","0","v41000304","2.20.1","2411","","","","0"
"2023-12","Ormdale","2021A000037090","Building permits issued","Craft supplies","Number","223","units","0","v41000312","2.21.1","5475","","","","0"
"2023-12","Ormdale","2021A000037090","Building permits issued","Clothing and shoes","Number","223","units","0","v41000316","2.22.1","16987","","","","0"
"2023-12","Ormdale","2021A000037090","Building permits issued","Farm supplies","Number","223","units","0","v41000324","2.23.1","6671","","","","0"
"2023-12","Ormdale","2021A000037090","Building permits issued","Furniture","Number","223","units","0","v41000330","2.24.1","2127","","","","0"
"2024-01","Jarlgate","2021A000012791","Building permits issued","Full range","Number","223","units","0","v41000001","1.1.1","46784","","","","0"
"2024-01","Jarlgate","2021A000012791","Building permits issued","Vehicles and fuel","Number","223","units","0","v41000008","1.2.1","5699","","","","0"
"2024-01","Jarlgate","2021A000012791","Building permits issued","Gifts and novelties","Number","223","units","0","v41000018","1.3.1","8566","","","","0"
"2024-01","Jarlgate","2021A000012791","Building permits issued","Pharmacies","Number","223","units","0","v41000023","1.4.1","3850","","","","0"
"2024-01","Jarlgate","2021A000012791","Building permits issued","Grocery","Number","223","units","0","v41000030","1.5.1","3804","","","","0"
"2024-01","Jarlgate","2021A000012791","Building permits issued","Leisure","Number","223","units","0","v41000037","1.6.1","11885","","","","0"
"2024-01","Jarlgate","2021A000012791","Building permits issued","Tyres","Number","223","units","0","v41000046","1.7.1","4761","","","","0"
"2024-01","Jarlgate","2021A000012791","Building permits issued","Health and beauty","Number","223","units","0","v41000051","1.8.1","17583","","","","0"
"2024-01","Jarlgate","2021A000012791","Building permits issued","Lighting","Number","223","units","0","v41000056","1.9.1","1026","","","","0"
"2024-01","Jarlgate","2021A000012791","Building permits issued","Cameras","Number","223","units","0","v41000063","1.10.1","2543","","","","0"
"2024-01","Jarlgate","2021A000012791","Building permits issued","Personal items","Number","223","units","0","v41000073","1.11.1","8593","","","","0"
"2024-01","Jarlgate","2021A000012791","Building permits issued","Food and drink","Number","223","units","0","v41000078","1.12.1","6706","","","","0"
"2024-01","Jarlgate","2021A000012791","Building permits issued","Fuel","Number","223","units","0","v41000086","1.13.1","4627","","","","0"
"2024-01","Jarlgate","2021A000012791","Building permits issued","Home goods","Number","223","units","0","v41000095","1.14.1","17159","","","","0"
"2024-01","Jarlgate","2021A000012791","Building permits issued","Auto parts","Number","223","units","0","v41000101","1.15.1","2711","","","","0"
"2024-01","Jarlgate","2021A000012791","Building permits issued","Jewellery","Number","223","units","0","v41000107","1.16.1","4715","","","","0"
"2024-01","Jarlgate","2021A000012791","Building permits issued","Tools","Number","223","units","0","v41000114","1.17.1","2331","","","","0"
"2024-01","Jarlgate","2021A000012791","Building permits issued","Medical supplies","Number","223","units","0","v41000122","1.18.1","1849","","","","0"
"2024-01","Jarlgate","2021A000012791","Building permits issued","Garden supplies","Number","223","units","0","v41000129","1.19.1","","x","","","0"
"2024-01","Jarlgate","2021A000012791","Building permits issued","Office supplies","Number","223","units","0","v41000137","1.20.1","1598","","","","0"
"2024-01","Jarlgate","2021A000012791","Building permits issued","Craft supplies","Number","223","units","0","v41000141","1.21.1","3616","","","","0"
"2024-01","Jarlgate","2021A000012791","Building permits issued","Clothing and shoes","Number","223","units","0","v41000148","1.22.1","11016","","","","0"
"2024-01","Jarlgate","2021A000012791","Building permits issued","Farm supplies","Number","223","units","0","v41000157","1.23.1","4375","","","","0"
"2024-01","Jarlgate","2021A000012791","Building permits issued","Furniture","Number","223","units","0","v41000165","1.24.1","1419","","","","0"
"2024-01","Ormdale","2021A000037090","Building permits issued","Full range","Number","223","units","0","v41000168","2.1.1","78403","","","","0"
"2024-01","Ormdale","2021A000037090","Building permits issued","Vehicles and fuel","Number","223","units","0","v41000179","2.2.1","9846","","","","0"
"2024-01","Ormdale","2021A000037090","Building permits issued","Gifts and novelties","Number","223","units","0","v41000183","2.3.1","","x","","","0"
"2024-01","Ormdale","2021A000037090","Building permits issued","Pharmacies","Number","223","units","0","v41000192","2.4.1","6587","","","","0"
"2024-01","Ormdale","2021A000037090","Building permits issued","Grocery","Number","223","units","0","v41000200","2.5.1","6562","","","","0"
"2024-01","Ormdale","2021A000037090","Building permits issued","Leisure","Number","223","units","0","v41000203","2.6.1","19574","","","","0"
"2024-01","Ormdale","2021A000037090","Building permits issued","Tyres","Number","223","units","0","v41000210","2.7.1","8413","","","","0"
"2024-01","Ormdale","2021A000037090","Building permits issued","Health and beauty","Number","223","units","0","v41000219","2.8.1","29420","","","","0"
"2024-01","Ormdale","2021A000037090","Building permits issued","Lighting","Number","223","units","0","v41000225","2.9.1","1758","","","","0"
"2024-01","Ormdale","2021A000037090","Building permits issued","Cameras","Number","223","units","0","v41000234","2.10.1","4159","","","","0"
"2024-01","Ormdale","2021A000037090","Building permits issued","Personal items","Number","223","units","0","v41000242","2.11.1","14279","","","","0"
"2024-01","Ormdale","2021A000037090","Building permits issued","Food and drink","Number","223","units","0","v41000246","2.12.1","10773","","","","0"
"2024-01","Ormdale","2021A000037090","Building permits issued","Fuel","Number","223","units","0","v41000252","2.13.1","7830","","","","0"
"2024-01","Ormdale","2021A000037090","Building permits issued","Home goods","Number","223","units","0","v41000261","2.14.1","29254","","","","0"
"2024-01","Ormdale","2021A000037090","Building permits issued","Auto parts","Number","223","units","0","v41000269","2.15.1","4587","","","","0"
"2024-01","Ormdale","2021A000037090","Building permits issued","Jewellery","Number","223","units","0","v41000277","2.16.1","7584","","","","0"
"2024-01","Ormdale","2021A000037090","Building permits issued","Tools","Number","223","units","0","v41000281","2.17.1","3683","","","","0"
"2024-01","Ormdale","2021A000037090","Building permits issued","Medical supplies","Number","223","units","0","v41000291","2.18.1","3260","","","","0"
"2024-01","Ormdale","2021A000037090","Building permits issued","Garden supplies","Number","223","units","0","v41000294","2.19.1","5917","","","","0"
"2024-01","Ormdale","2021A000037090","Building permits issued","Office supplies","Number","223","units","0","v41000304","2.20.1","2611","","","","0"
"2024-01","Ormdale","2021A000037090","Building permits issued","Craft supplies","Number","223","units","0","v41000312","2.21.1","6026","","","","0"
"2024-01","Ormdale","2021A000037090","Building permits issued","Clothing and shoes","Number","223","units","0","v41000316","2.22.1","17971","","","","0"
"2024-01","Ormdale","2021A000037090","Building permits issued","Farm supplies","Number","223","units","0","v41000324","2.23.1","7089","","","","0"
"2024-01","Ormdale","2021A000037090","Building permits issued","Furniture","Number","223","units","0","v41000330","2.24.1","2336","","","","0"
"2024-02","Jarlgate","2021A000012791","Building permits issued","Full range","Number","223","units","0","v41000001","1.1.1","51195","","","","0"
"2024-02","Jarlgate","2021A000012791","Building permits issued","Vehicles and fuel","Number","223","units","0","v41000008","1.2.1","6381","","","","0"
"2024-02","Jarlgate","2021A000012791","Building permits issued","Gifts and novelties","Number","223","units","0","v41000018","1.3.1","9577","","","","0"
"2024-02","Jarlgate","2021A000012791","Building permits issued","Pharmacies","Number","223","units","0","v41000023","1.4.1","4354","","","","0"
"2024-02","Jarlgate","2021A000012791","Building permits issued","Grocery","Number","223","units","0","v41000030","1.5.1","4240","","","","0"
"2024-02","Jarlgate","2021A000012791","Building permits issued","Leisure","Number","223","units","0","v41000037","1.6.1","12876","","","","0"
"2024-02","Jarlgate","2021A000012791","Building permits issued","Tyres","Number","223","units","0","v41000046","1.7.1","5337","","","","0"
"2024-02","Jarlgate","2021A000012791","Building permits issued","Health and beauty","Number","223","units","0","v41000051","1.8.1","19257","","","","0"
"2024-02","Jarlgate","2021A000012791","Building permits issued","Lighting","Number","223","units","0","v41000056","1.9.1","1161","","","","0"
"2024-02","Jarlgate","2021A000012791","Building permits issued","Cameras","Number","223","units","0","v41000063","1.10.1","2825","","","","0"
"2024-02","Jarlgate","2021A000012791","Building permits issued","Personal items","Number","223","units","0","v41000073","1.11.1","9264","","","","0"
"2024-02","Jarlgate","2021A000012791","Building permits issued","Food and drink","Number","223","units","0","v41000078","1.12.1","7138","","","","0"
"2024-02","Jarlgate","2021A000012791","Building permits issued","Fuel","Number","223","units","0","v41000086","1.13.1","4979","","","","0"
"2024-02","Jarlgate","2021A000012791","Building permits issued","Home goods","Number","223","units","0","v41000095","1.14.1","18841","","","","0"
"2024-02","Jarlgate","2021A000012791","Building permits issued","Auto parts","Number","223","units","0","v41000101","1.15.1","3078","","","","0"
"2024-02","Jarlgate","2021A000012791","Building permits issued","Jewellery","Number","223","units","0","v41000107","1.16.1","5072","","","","0"
"2024-02","Jarlgate","2021A000012791","Building permits issued","Tools","Number","223","units","0","v41000114","1.17.1","2515","","","","0"
"2024-02","Jarlgate","2021A000012791","Building permits issued","Medical supplies","Number","223","units","0","v41000122","1.18.1","2027","","","","0"
"2024-02","Jarlgate","2021A000012791","Building permits issued","Garden supplies","Number","223","units","0","v41000129","1.19.1","3937","","","","0"
"2024-02","Jarlgate","2021A000012791","Building permits issued","Office supplies","Number","223","units","0","v41000137","1.20.1","1721","","","","0"
"2024-02","Jarlgate","2021A000012791","Building permits issued","Craft supplies","Number","223","units","0","v41000141","1.21.1","3862","","","","0"
"2024-02","Jarlgate","2021A000012791","Building permits issued","Clothing and shoes","Number","223","units","0","v41000148","1.22.1","11937","","","","0"
"2024-02","Jarlgate","2021A000012791","Building permits issued","Farm supplies","Number","223","units","0","v41000157","1.23.1","4622","","","","0"
"2024-02","Jarlgate","2021A000012791","Building permits issued","Furniture","Number","223","units","0","v41000165","1.24.1","1465","","","","0"
"2024-02","Ormdale","2021A000037090","Building permits issued","Full range","Number","223","units","0","v41000168","2.1.1","83572","","","","0"
"2024-02","Ormdale","2021A000037090","Building permits issued","Vehicles and fuel","Number","223","units","0","v41000179","2.2.1","10389","","","","0"
"2024-02","Ormdale","2021A000037090","Building permits issued","Gifts and novelties","Number","223","units","0","v41000183","2.3.1","15771","","","","0"
"2024-02","Ormdale","2021A000037090","Building permits issued","Pharmacies","Number","223","units","0","v41000192","2.4.1","7100","","","","0"
"2024-02","Ormdale","2021A000037090","Building permits issued","Grocery","Number","223","units","0","v41000200","2.5.1","7045","","","","0"
"2024-02","Ormdale","2021A000037090","Building permits issued","Leisure","Number","223","units","0","v41000203","2.6.1","20701","","","","0"
"2024-02","Ormdale","2021A000037090","Building permits issued","Tyres","Number","223","units","0","v41000210","2.7.1","8725","","","","0"
"2024-02","Ormdale","2021A000037090","Building permits issued","Health and beauty","Number","223","units","0","v41000219","2.8.1","31090","","","","0"
"2024-02","Ormdale","2021A000037090","Building permits issued","Lighting","Number","223","units","0","v41000225","2.9.1","1779","","","","0"
"2024-02","Ormdale","2021A000037090","Building permits issued","Cameras","Number","223","units","0","v41000234","2.10.1","4716","","","","0"
"2024-02","Ormdale","2021A000037090","Building permits issued","Personal items","Number","223","units","0","v41000242","2.11.1","15556","","","","0"
"2024-02","Ormdale","2021A000037090","Building permits issued","Food and drink","Number","223","units","0","v41000246","2.12.1","11492","","","","0"
"2024-02","Ormdale","2021A000037090","Building permits issued","Fuel","Number","223","units","0","v41000252","2.13.1","7979","","","","0"
"2024-02","Ormdale","2021A000037090","Building permits issued","Home goods","Number","223","units","0","v41000261","2.14.1","31327","","","","0"
"2024-02","Ormdale","2021A000037090","Building permits issued","Auto parts","Number","223","units","0","v41000269","2.15.1","5124","","","","0"
"2024-02","Ormdale","2021A000037090","Building permits issued","Jewellery","Number","223","units","0","v41000277","2.16.1","8005","","","","0"
"2024-02","Ormdale","2021A000037090","Building permits issued","Tools","Number","223","units","0","v41000281","2.17.1","3982","","","","0"
"2024-02","Ormdale","2021A000037090","Building permits issued","Medical supplies","Number","223","units","0","v41000291","2.18.1","3289","","","","0"
"2024-02","Ormdale","2021A000037090","Building permits issued","Garden supplies","Number","223","units","0","v41000294","2.19.1","6262","","","","0"
"2024-02","Ormdale","2021A000037090","Building permits issued","Office supplies","Number","223","units","0","v41000304","2.20.1","2760","","","","0"
"2024-02","Ormdale","2021A000037090","Building permits issued","Craft supplies","Number","223","units","0","v41000312","2.21.1","6690","","","","0"
"2024-02","Ormdale","2021A000037090","Building permits issued","Clothing and shoes","Number","223","units","0","v41000316","2.22.1","19376","","","","0"
"2024-02","Ormdale","2021A000037090","Building permits issued","Farm supplies","Number","223","units","0","v41000324","2.23.1","7510","","","","0"
"2024-02","Ormdale","2021A000037090","Building permits issued","Furniture","Number","223","units","0","v41000330","2.24.1","2604","","","","0"
"2024-03","Jarlgate","2021A000012791","Building permits issued","Full range","Number","223","units","0","v41000001","1.1.1","51429","","","","0"
"2024-03","Jarlgate","2021A000012791","Building permits issued","Vehicles and fuel","Number","223","units","0","v41000008","1.2.1","6408","","","","0"
"2024-03","Jarlgate","2021A000012791","Building permits issued","Gifts and novelties","Number","223","units","0","v41000018","1.3.1","9545","","","","0"
"2024-03","Jarlgate","2021A000012791","Building permits issued","Pharmacies","Number","223","units","0","v41000023","1.4.1","4319","","","","0"
"2024-03","Jarlgate","2021A000012791","Building permits issued","Grocery","Number","223","units","0","v41000030","1.5.1","4175","","","","0"
"2024-03","Jarlgate","2021A000012791","Building permits issued","Leisure","Number","223","units","0","v41000037","1.6.1","12974","","","","0"
"2024-03","Jarlgate","2021A000012791","Building permits issued","Tyres","Number","223","units","0","v41000046","1.7.1","5370","","","","0"
"2024-03","Jarlgate","2021A000012791","Building permits issued","Health and beauty","Number","223","units","0","v41000051","1.8.1","19382","","","","0"
"2024-03","Jarlgate","2021A000012791","Building permits issued","Lighting","Number","223","units","0","v41000056","1.9.1","1094","","","","0"
"2024-03","Jarlgate","2021A000012791","Building permits issued","Cameras","Number","223","units","0","v41000063","1.10.1","2663","","","","0"
"2024-03","Jarlgate","2021A000012791","Building permits issued","Personal items","Number","223","units","0","v41000073","1.11.1","9467","","","","0"
"2024-03","Jarlgate","2021A000012791","Building permits issued","Food and drink","Number","223","units","0","v41000078","1.12.1","7046","","","","0"
"2024-03","Jarlgate","2021A000012791","Building permits issued","Fuel","Number","223","units","0","v41000086","1.13.1","4853","","","","0"
"2024-03","Jarlgate","2021A000012791","Building permits issued","Home goods","Number","223","units","0","v41000095","1.14.1","19012","","","","0"
"2024-03","Jarlgate","2021A000012791","Building permits issued","Auto parts","Number","223","units","0","v41000101","1.15.1","3198","","","","0"
"2024-03","Jarlgate","2021A000012791","Building permits issued","Jewellery","Number","223","units","0","v41000107","1.16.1","5458","","","","0"
"2024-03","Jarlgate","2021A000012791","Building permits issued","Tools","Number","223","units","0","v41000114","1.17.1","2362","","","","0"
"2024-03","Jarlgate","2021A000012791","Building permits issued","Medical supplies","Number","223","units","0","v41000122","1.18.1","2089","","","","0"
"2024-03","Jarlgate","2021A000012791","Building permits issued","Garden supplies","Number","223","units","0","v41000129","1.19.1","3915","","","","0"
"2024-03","Jarlgate","2021A000012791","Building permits issued","Office supplies","Number","223","units","0","v41000137","1.20.1","1698","","","","0"
"2024-03","Jarlgate","2021A000012791","Building permits issued","Craft supplies","Number","223","units","0","v41000141","1.21.1","4005","","","","0"
"2024-03","Jarlgate","2021A000012791","Building permits issued","Clothing and shoes","Number","223","units","0","v41000148","1.22.1","11941","","","","0"
"2024-03","Jarlgate","2021A000012791","Building permits issued","Farm supplies","Number","223","units","0","v41000157","1.23.1","4684","","","","0"
"2024-03","Jarlgate","2021A000012791","Building permits issued","Furniture","Number","223","units","0","v41000165","1.24.1","","x","","","0"
"2024-03","Ormdale","2021A000037090","Building permits issued","Full range","Number","223","units","0","v41000168","2.1.1","86409","","","","0"
"2024-03","Ormdale","2021A000037090","Building permits issued","Vehicles and fuel","Number","223","units","0","v41000179","2.2.1","10618","","","","0"
"2024-03","Ormdale","2021A000037090","Building permits issued","Gifts and novelties","Number","223","units","0","v41000183","2.3.1","16782","","","","0"
"2024-03","Ormdale","2021A000037090","Building permits issued","Pharmacies","Number","223","units","0","v41000192","2.4.1","6935","","","","0"
"2024-03","Ormdale","2021A000037090","Building permits issued","Grocery","Number","223","units","0","v41000200","2.5.1","7539","","","","0"
"2024-03","Ormdale","2021A000037090","Building permits issued","Leisure","Number","223","units","0","v41000203","2.6.1","20957","","","","0"
"2024-03","Ormdale","2021A000037090","Building permits issued","Tyres","Number","223","units","0","v41000210","2.7.1","9244","","","","0"
"2024-03","Ormdale","2021A000037090","Building permits issued","Health and beauty","Number","223","units","0","v41000219","2.8.1","31575","","","","0"
"2024-03","Ormdale","2021A000037090","Building permits issued","Lighting","Number","223","units","0","v41000225","2.9.1","1917","","","","0"
"2024-03","Ormdale","2021A000037090","Building permits issued","Cameras","Number","223","units","0","v41000234","2.10.1","4439","","","","0"
"2024-03","Ormdale","2021A000037090","Building permits issued","Personal items","Number","223","units","0","v41000242","2.11.1","16036","","","","0"
"2024-03","Ormdale","2021A000037090","Building permits issued","Food and drink","Number","223","units","0","v41000246","2.12.1","11922","","","","0"
"2024-03","Ormdale","2021A000037090","Building permits issued","Fuel","Number","223","units","0","v41000252","2.13.1","8155","","","","0"
"2024-03","Ormdale","2021A000037090","Building permits issued","Home goods","Number","223","units","0","v41000261","2.14.1","32819","","","","0"
"2024-03","Ormdale","2021A000037090","Building permits issued","Auto parts","Number","223","units","0","v41000269","2.15.1","5227","","","","0"
"2024-03","Ormdale","2021A000037090","Building permits issued","Jewellery","Number","223","units","0","v41000277","2.16.1","8363","","","","0"
"2024-03","Ormdale","2021A000037090","Building permits issued","Tools","Number","223","units","0","v41000281","2.17.1","4237","","","","0"
"2024-03","Ormdale","2021A000037090","Building permits issued","Medical supplies","Number","223","units","0","v41000291","2.18.1","3683","","","","0"
"2024-03","Ormdale","2021A000037090","Building permits issued","Garden supplies","Number","223","units","0","v41000294","2.19.1","6615","","","","0"
"2024-03","Ormdale","2021A000037090","Building permits issued","Office supplies","Number","223","units","0","v41000304","2.20.1","","x","","","0"
"2024-03","Ormdale","2021A000037090","Building permits issued","Craft supplies","Number","223","units","0","v41000312","2.21.1","6772","","","","0"
"2024-03","Ormdale","2021A000037090","Building permits issued","Clothing and shoes","Number","223","units","0","v41000316","2.22.1","20098","","","","0"
"2024-03","Ormdale","2021A000037090","Building permits issued","Farm supplies","Number","223","units","0","v41000324","2.23.1","7685","","","","0"
"2024-03","Ormdale","2021A000037090","Building permits issued","Furniture","Number","223","units","0","v41000330","2.24.1","2650","","","","0"
"2024-04","Jarlgate","2021A000012791","Building permits issued","Full range","Number","223","units","0","v41000001","1.1.1","50114","","","","0"
"2024-04","Jarlgate","2021A000012791","Building permits issued","Vehicles and fuel","Number","223","units","0","v41000008","1.2.1","6206","","","","0"
"2024-04","Jarlgate","2021A000012791","Building permits issued","Gifts and novelties","Number","223","units","0","v41000018","1.3.1","9663","","","","0"
"2024-04","Jarlgate","2021A000012791","Building permits issued","Pharmacies","Number","223","units","0","v41000023","1.4.1","4140","","","","0"
"2024-04","Jarlgate","2021A000012791","Building permits issued","Grocery","Number","223","units","0","v41000030","1.5.1","4235","","","","0"
"2024-04","Jarlgate","2021A000012791","Building permits issued","Leisure","Number","223","units","0","v41000037","1.6.1","12524","","","","0"
"2024-04","Jarlgate","2021A000012791","Building permits issued","Tyres","Number","223","units","0","v41000046","1.7.1","5428","","","","0"
"2024-04","Jarlgate","2021A000012791","Building permits issued","Health and beauty","Number","223","units","0","v41000051","1.8.1","18731","","","","0"
"2024-04","Jarlgate","2021A000012791","Building permits issued","Lighting","Number","223","units","0","v41000056","1.9.1","1110","","","","0"
"2024-04","Jarlgate","2021A000012791","Building permits issued","Cameras","Number","223","units","0","v41000063","1.10.1","2759","","","","0"
"2024-04","Jarlgate","2021A000012791","Building permits issued","Personal items","Number","223","units","0","v41000073","1.11.1","9163","","","","0"
"2024-04","Jarlgate","2021A000012791","Building permits issued","Food and drink","Number","223","units","0","v41000078","1.12.1","6836","","","","0"
"2024-04","Jarlgate","2021A000012791","Building permits issued","Fuel","Number","223","units","0","v41000086","1.13.1","4909","","","","0"
"2024-04","Jarlgate","2021A000012791","Building permits issued","Home goods","Number","223","units","0","v41000095","1.14.1","18826","","","","0"
"2024-04","Jarlgate","2021A000012791","Building permits issued","Auto parts","Number","223","units","0","v41000101","1.15.1","3016","","","","0"
"2024-04","Jarlgate","2021A000012791","Building permits issued","Jewellery","Number","223","units","0","v41000107","1.16.1","4856","","","","0"
"2024-04","Jarlgate","2021A000012791","Building permits issued","Tools","Number","223","units","0","v41000114","1.17.1","2336","","","","0"
"2024-04","Jarlgate","2021A000012791","Building permits issued","Medical supplies","Number","223","units","0","v41000122","1.18.1","2066","","","","0"
"2024-04","Jarlgate","2021A000012791","Building permits issued","Garden supplies","Number","223","units","0","v41000129","1.19.1","3703","","","","0"
"2024-04","Jarlgate","2021A000012791","Building permits issued","Office supplies","Number","223","units","0","v41000137","1.20.1","1596","","","","0"
"2024-04","Jarlgate","2021A000012791","Building permits issued","Craft supplies","Number","223","units","0","v41000141","1.21.1","3921","","","","0"
"2024-04","Jarlgate","2021A000012791","Building permits issued","Clothing and shoes","Number","223","units","0","v41000148","1.22.1","11447","","","","0"
"2024-04","Jarlgate","2021A000012791","Building permits issued","Farm supplies","Number","223","units","0","v41000157","1.23.1","4500","","","","0"
"2024-04","Jarlgate","2021A000012791","Building permits issued","Furniture","Number","223","units","0","v41000165","1.24.1","1538","","","","0"
"2024-04","Ormdale","2021A000037090","Building permits issued","Full range","Number","223","units","0","v41000168","2.1.1","84566","","","","0"
"2024-04","Ormdale","2021A000037090","Building permits issued","Vehicles and fuel","Number","223","units","0","v41000179","2.2.1","10546","","","","0"
"2024-04","Ormdale","2021A000037090","Building permits issued","Gifts and novelties","Number","223","units","0","v41000183","2.3.1","15756","","","","0"
"2024-04","Ormdale","2021A000037090","Building permits issued","Pharmacies","Number","223","units","0","v41000192","2.4.1","7126","","","","0"
"2024-04","Ormdale","2021A000037090","Building permits issued","Grocery","Number","223","units","0","v41000200","2.5.1","6897","","","","0"
"2024-04","Ormdale","2021A000037090","Building permits issued","Leisure","Number","223","units","0","v41000203","2.6.1","21060","","","","0"
"2024-04","Ormdale","2021A000037090","Building permits issued","Tyres","Number","223","units","0","v41000210","2.7.1","8859","","","","0"
"2024-04","Ormdale","2021A000037090","Building permits issued","Health and beauty","Number","223","units","0","v41000219","2.8.1","31606","","","","0"
"2024-04","Ormdale","2021A000037090","Building permits issued","Lighting","Number","223","units","0","v41000225","2.9.1","1807","","","","0"
"2024-04","Ormdale","2021A000037090","Building permits issued","Cameras","Number","223","units","0","v41000234","2.10.1","4688","","","","0"
"2024-04","Ormdale","2021A000037090","Building permits issued","Personal items","Number","223","units","0","v41000242","2.11.1","15620","","","","0"
"2024-04","Ormdale","2021A000037090","Building permits issued","Food and drink","Number","223","units","0","v41000246","2.12.1","11543","","","","0"
"2024-04","Ormdale","2021A000037090","Building permits issued","Fuel","Number","223","units","0","v41000252","2.13.1","8284","","","","0"
"2024-04","Ormdale","2021A000037090","Building permits issued","Home goods","Number","223","units","0","v41000261","2.14.1","31375","","","","0"
"2024-04","Ormdale","2021A000037090","Building permits issued","Auto parts","Number","223","units","0","v41000269","2.15.1","5381","","","","0"
"2024-04","Ormdale","2021A000037090","Building permits issued","Jewellery","Number","223","units","0","v41000277","2.16.1","8088","","","","0"
"2024-04","Ormdale","2021A000037090","Building permits issued","Tools","Number","223","units","0","v41000281","2.17.1","3875","","","","0"
"2024-04","Ormdale","2021A000037090","Building permits issued","Medical supplies","Number","223","units","0","v41000291","2.18.1","3420","","","","0"
"2024-04","Ormdale","2021A000037090","Building permits issued","Garden supplies","Number","223","units","0","v41000294","2.19.1","6561","","","","0"
"2024-04","Ormdale","2021A000037090","Building permits issued","Office supplies","Number","223","units","0","v41000304","2.20.1","2854","","","","0"
"2024-04","Ormdale","2021A000037090","Building permits issued","Craft supplies","Number","223","units","0","v41000312","2.21.1","6526","","","","0"
"2024-04","Ormdale","2021A000037090","Building permits issued","Clothing and shoes","Number","223","units","0","v41000316","2.22.1","19778","","","","0"
"2024-04","Ormdale","2021A000037090","Building permits issued","Farm supplies","Number","223","units","0","v41000324","2.23.1","7668","","","","0"
"2024-04","Ormdale","2021A000037090","Building permits issued","Furniture","Number","223","units","0","v41000330","2.24.1","2533","","","","0"
"2024-05","Jarlgate","2021A000012791","Building permits issued","Full range","Number","223","units","0","v41000001","1.1.1","47760","","","","0"
"2024-05","Jarlgate","2021A000012791","Building permits issued","Vehicles and fuel","Number","223","units","0","v41000008","1.2.1","5987","","","","0"
"2024-05","Jarlgate","2021A000012791","Building permits issued","Gifts and novelties","Number","223","units","0","v41000018","1.3.1","8804","","","","0"
"2024-05","Jarlgate","2021A000012791","Building permits issued","Pharmacies","Number","223","units","0","v41000023","1.4.1","4042","","","","0"
"2024-05","Jarlgate","2021A000012791","Building permits issued","Grocery","Number","223","units","0","v41000030","1.5.1","3833","","","","0"
"2024-05","Jarlgate","2021A000012791","Building permits issued","Leisure","Number","223","units","0","v41000037","1.6.1","11741","","","","0"
"2024-05","Jarlgate","2021A000012791","Building permits issued","Tyres","Number","223","units","0","v41000046","1.7.1","4971","","","","0"
"2024-05","Jarlgate","2021A000012791","Building permits issued","Health and beauty","Number","223","units","0","v41000051","1.8.1","17728","","","","0"
"2024-05","Jarlgate","2021A000012791","Building permits issued","Lighting","Number","223","units","0","v41000056","1.9.1","1035","","","","0"
"2024-05","Jarlgate","2021A000012791","Building permits issued","Cameras","Number","223","units","0","v41000063","1.10.1","2585","","","","0"
"2024-05","Jarlgate","2021A000012791","Building permits issued","Personal items","Number","223","units","0","v41000073","1.11.1","8955","","","","0"
"2024-05","Jarlgate","2021A000012791","Building permits issued","Food and drink","Number","223","units","0","v41000078","1.12.1","6736","","","","0"
"2024-05","Jarlgate","2021A000012791","Building permits issued","Fuel","Number","223","units","0","v41000086","1.13.1","4692","","","","0"
"2024-05","Jarlgate","2021A000012791","Building permits issued","Home goods","Number","223","units","0","v41000095","1.14.1","17759","","","","0"
"2024-05","Jarlgate","2021A000012791","Building permits issued","Auto parts","Number","223","units","0","v41000101","1.15.1","2871","","","","0"
"2024-05","Jarlgate","2021A000012791","Building permits issued","Jewellery","Number","223","units","0","v41000107","1.16.1","4464","","","","0"
"2024-05","Jarlgate","2021A000012791","Building permits issued","Tools","Number","223","units","0","v41000114","1.17.1","2404","","","","0"
"2024-05","Jarlgate","2021A000012791","Building permits issued","Medical supplies","Number","223","units","0","v41000122","1.18.1","1944","","","","0"
"2024-05","Jarlgate","2021A000012791","Building permits issued","Garden supplies","Number","223","units","0","v41000129","1.19.1","3731","","","","0"
"2024-05","Jarlgate","2021A000012791","Building permits issued","Office supplies","Number","223","units","0","v41000137","1.20.1","1631","","","","0"
"2024-05","Jarlgate","2021A000012791","Building permits issued","Craft supplies","Number","223","units","0","v41000141","1.21.1","3741","","","","0"
"2024-05","Jarlgate","2021A000012791","Building permits issued","Clothing and shoes","Number","223","units","0","v41000148","1.22.1","11239","","","","0"
"2024-05","Jarlgate","2021A000012791","Building permits issued","Farm supplies","Number","223","units","0","v41000157","1.23.1","4332","","","","0"
"2024-05","Jarlgate","2021A000012791","Building permits issued","Furniture","Number","223","units","0","v41000165","1.24.1","1484","","","","0"
"2024-05","Ormdale","2021A000037090","Building permits issued","Full range","Number","223","units","0","v41000168","2.1.1","80498","","","","0"
"2024-05","Ormdale","2021A000037090","Building permits issued","Vehicles and fuel","Number","223","units","0","v41000179","2.2.1","10420","","","","0"
"2024-05","Ormdale","2021A000037090","Building permits issued","Gifts and novelties","Number","223","units","0","v41000183","2.3.1","14831","","","","0"
"2024-05","Ormdale","2021A000037090","Building permits issued","Pharmacies","Number","223","units","0","v41000192","2.4.1","6896","","","","0"
"2024-05","Ormdale","2021A000037090","Building permits issued","Grocery","Number","223","units","0","v41000200","2.5.1","6575","","","","0"
"2024-05","Ormdale","2021A000037090","Building permits issued","Leisure","Number","223","units","0","v41000203","2.6.1","19710","","","","0"
"2024-05","Ormdale","2021A000037090","Building permits issued","Tyres","Number","223","units","0","v41000210","2.7.1","8256","","","","0"
"2024-05","Ormdale","2021A000037090","Building permits issued","Health and beauty","Number","223","units","0","v41000219","2.8.1","30130","","","","0"
"2024-05","Ormdale","2021A000037090","Building permits issued","Lighting","Number","223","units","0","v41000225","2.9.1","1757","","","","0"
"2024-05","Ormdale","2021A000037090","Building permits issued","Cameras","Number","223","units","0","v41000234","2.10.1","4348","","","","0"
"2024-05","Ormdale","2021A000037090","Building permits issued","Personal items","Number","223","units","0","v41000242","2.11.1","14998","","","","0"
"2024-05","Ormdale","2021A000037090","Building permits issued","Food and drink","Number","223","units","0","v41000246","2.12.1","11222","","","","0"
"2024-05","Ormdale","2021A000037090","Building permits issued","Fuel","Number","223","units","0","v41000252","2.13.1","7578","","","","0"
"2024-05","Ormdale","2021A000037090","Building permits issued","Home goods","Number","223","units","0","v41000261","2.14.1","29830","","","","0"
"2024-05","Ormdale","2021A000037090","Building permits issued","Auto parts","Number","223","units","0","v41000269","2.15.1","5044","","","","0"
"2024-05","Ormdale","2021A000037090","Building permits issued","Jewellery","Number","223","units","0","v41000277","2.16.1","7784","","","","0"
"2024-05","Ormdale","2021A000037090","Building permits issued","Tools","Number","223","units","0","v41000281","2.17.1","3758","","","","0"
"2024-05","Ormdale","2021A000037090","Building permits issued","Medical supplies","Number","223","units","0","v41000291","2.18.1","3524","","","","0"
"2024-05","Ormdale","2021A000037090","Building permits issued","Garden supplies","Number","223","units","0","v41000294","2.19.1","6050","","","","0"
"2024-05","Ormdale","2021A000037090","Building permits issued","Office supplies","Number","223","units","0","v41000304","2.20.1","2516","","","","0"
"2024-05","Ormdale","2021A000037090","Building permits issued","Craft supplies","Number","223","units","0","v41000312","2.21.1","6480","","","","0"
"2024-05","Ormdale","2021A000037090","Building permits issued","Clothing and shoes","Number","223","units","0","v41000316","2.22.1","18782","","","","0"
"2024-05","Ormdale","2021A000037090","Building permits issued","Farm supplies","Number","223","units","0","v41000324","2.23.1","7464","","","","0"
"2024-05","Ormdale","2021A000037090","Building permits issued","Furniture","Number","223","units","0","v41000330","2.24.1","2469","","","","0"
"2024-06","Jarlgate","2021A000012791","Building permits issued","Full range","Number","223","units","0","v41000001","1.1.1","","x","","","0"
"2024-06","Jarlgate","2021A000012791","Building permits issued","Vehicles and fuel","Number","223","units","0","v41000008","1.2.1","5814","","","","0"
"2024-06","Jarlgate","2021A000012791","Building permits issued","Gifts and novelties","Number","223","units","0","v41000018","1.3.1","8817","","","","0"
"2024-06","Jarlgate","2021A000012791","Building permits issued","Pharmacies","Number","223","units","0","v41000023","1.4.1","3882","","","","0"
"2024-06","Jarlgate","2021A000012791","Building permits issued","Grocery","Number","223","units","0","v41000030","1.5.1","3776","","","","0"
"2024-06","Jarlgate","2021A000012791","Building permits issued","Leisure","Number","223","units","0","v41000037","1.6.1","11491","","","","0"
"2024-06","Jarlgate","2021A000012791","Building permits issued","Tyres","Number","223","units","0","v41000046","1.7.1","5041","","","","0"
"2024-06","Jarlgate","2021A000012791","Building permits issued","Health and beauty","Number","223","units","0","v41000051","1.8.1","17305","","","","0"
"2024-06","Jarlgate","2021A000012791","Building permits issued","Lighting","Number","223","units","0","v41000056","1.9.1","1065","","","","0"
"2024-06","Jarlgate","2021A000012791","Building permits issued","Cameras","Number","223","units","0","v41000063","1.10.1","2569","","","","0"
"2024-06","Jarlgate","2021A000012791","Building permits issued","Personal items","Number","223","units","0","v41000073","1.11.1","8521","","","","0"
"2024-06","Jarlgate","2021A000012791","Building permits issued","Food and drink","Number","223","units","0","v41000078","1.12.1","6444","","","","0"
"2024-06","Jarlgate","2021A000012791","Building permits issued","Fuel","Number","223","units","0","v41000086","1.13.1","4434","","","","0"
"2024-06","Jarlgate","2021A000012791","Building permits issued","Home goods","Number","223","units","0","v41000095","1.14.1","17338","","","","0"
"2024-06","Jarlgate","2021A000012791","Building permits issued","Auto parts","Number","223","units","0","v41000101","1.15.1","3028","","","","0"
"2024-06","Jarlgate","2021A000012791","Building permits issued","Jewellery","Number","223","units","0","v41000107","1.16.1","4488","","","","0"
"2024-06","Jarlgate","2021A000012791","Building permits issued","Tools","Number","223","units","0","v41000114","1.17.1","2213","","","","0"
"2024-06","Jarlgate","2021A000012791","Building permits issued","Medical supplies","Number","223","units","0","v41000122","1.18.1","1932","","","","0"
"2024-06","Jarlgate","2021A000012791","Building permits issued","Garden supplies","Number","223","units","0","v41000129","1.19.1","3510","","","","0"
"2024-06","Jarlgate","2021A000012791","Building permits issued","Office supplies","Number","223","units","0","v41000137","1.20.1","1516","","","","0"
"2024-06","Jarlgate","2021A000012791","Building permits issued","Craft supplies","Number","223","units","0","v41000141","1.21.1","3573","","","","0"
"2024-06","Jarlgate","2021A000012791","Building permits issued","Clothing and shoes","Number","223","units","0","v41000148","1.22.1","10989","","","","0"
"2024-06","Jarlgate","2021A000012791","Building permits issued","Farm supplies","Number","223","units","0","v41000157","1.23.1","4231","","","","0"
"2024-06","Jarlgate","2021A000012791","Building permits issued","Furniture","Number","223","units","0","v41000165","1.24.1","1438","","","","0"
"2024-06","Ormdale","2021A000037090","Building permits issued","Full range","Number","223","units","0","v41000168","2.1.1","78488","","","","0"
"2024-06","Ormdale","2021A000037090","Building permits issued","Vehicles and fuel","Number","223","units","0","v41000179","2.2.1","10070","","","","0"
"2024-06","Ormdale","2021A000037090","Building permits issued","Gifts and novelties","Number","223","units","0","v41000183","2.3.1","14290","","","","0"
"2024-06","Ormdale","2021A000037090","Building permits issued","Pharmacies","Number","223","units","0","v41000192","2.4.1","6753","","","","0"
"2024-06","Ormdale","2021A000037090","Building permits issued","Grocery","Number","223","units","0","v41000200","2.5.1","6467","","","","0"
"2024-06","Ormdale","2021A000037090","Building permits issued","Leisure","Number","223","units","0","v41000203","2.6.1","19317","","","","0"
"2024-06","Ormdale","2021A000037090","Building permits issued","Tyres","Number","223","units","0","v41000210","2.7.1","7823","","","","0"
"2024-06","Ormdale","2021A000037090","Building permits issued","Health and beauty","Number","223","units","0","v41000219","2.8.1","29388","","","","0"
"2024-06","Ormdale","2021A000037090","Building permits issued","Lighting","Number","223","units","0","v41000225","2.9.1","1764","","","","0"
"2024-06","Ormdale","2021A000037090","Building permits issued","Cameras","Number","223","units","0","v41000234","2.10.1","4110","","","","0"
"2024-06","Ormdale","2021A000037090","Building permits issued","Personal items","Number","223","units","0","v41000242","2.11.1","14346","","","","0"
"2024-06","Ormdale","2021A000037090","Building permits issued","Food and drink","Number","223","units","0","v41000246","2.12.1","11063","","","","0"
"2024-06","Ormdale","2021A000037090","Building permits issued","Fuel","Number","223","units","0","v41000252","2.13.1","7635","","","","0"
"2024-06","Ormdale","2021A000037090","Building permits issued","Home goods","Number","223","units","0","v41000261","2.14.1","28636","","","","0"
"2024-06","Ormdale","2021A000037090","Building permits issued","Auto parts","Number","223","units","0","v41000269","2.15.1","5014","","","","0"
"2024-06","Ormdale","2021A000037090","Building permits issued","Jewellery","Number","223","units","0","v41000277","2.16.1","7573","","","","0"
"2024-06","Ormdale","2021A000037090","Building permits issued","Tools","Number","223","units","0","v41000281","2.17.1","3652","","","","0"
"2024-06","Ormdale","2021A000037090","Building permits issued","Medical supplies","Number","223","units","0","v41000291","2.18.1","3317","","","","0"
"2024-06","Ormdale","2021A000037090","Building permits issued","Garden supplies","Number","223","units","0","v41000294","2.19.1","5790","","","","0"
"2024-06","Ormdale","2021A000037090","Building permits issued","Office supplies","Number","223","units","0","v41000304","2.20.1","2624","","","","0"
"2024-06","Ormdale","2021A000037090","Building permits issued","Craft supplies","Number","223","units","0","v41000312","2.21.1","6191","","","","0"
"2024-06","Ormdale","2021A000037090","Building permits issued","Clothing and shoes","Number","223","units","0","v41000316","2.22.1","18701","","","","0"
"2024-06","Ormdale","2021A000037090","Building permits issued","Farm supplies","Number","223","units","0","v41000324","2.23.1","7411","","","","0"
"2024-06","Ormdale","2021A000037090","Building permits issued","Furniture","Number","223","units","0","v41000330","2.24.1","2366","","","","0"
"2024-07","Jarlgate","2021A000012791","Building permits issued","Full range","Number","223","units","0","v41000001","1.1.1","46519","","","","0"
"2024-07","Jarlgate","2021A000012791","Building permits issued","Vehicles and fuel","Number","223","units","0","v41000008","1.2.1","5920","","","","0"
"2024-07","Jarlgate","2021A000012791","Building permits issued","Gifts and novelties","Number","223","units","0","v41000018","1.3.1","8590","","","","0"
"2024-07","Jarlgate","2021A000012791","Building permits issued","Pharmacies","Number","223","units","0","v41000023","1.4.1","3922","","","","0"
"2024-07","Jarlgate","2021A000012791","Building permits issued","Grocery","Number","223","units","0","v41000030","1.5.1","3641","","","","0"
"2024-07","Jarlgate","2021A000012791","Building permits issued","Leisure","Number","223","units","0","v41000037","1.6.1","11661","","","","0"
"2024-07","Jarlgate","2021A000012791","Building permits issued","Tyres","Number","223","units","0","v41000046","1.7.1","4949","","","","0"
"2024-07","Jarlgate","2021A000012791","Building permits issued","Health and beauty","Number","223","units","0","v41000051","1.8.1","17581","","","","0"
"2024-07","Jarlgate","2021A000012791","Building permits issued","Lighting","Number","223","units","0","v41000056","1.9.1","1001","","","","0"
"2024-07","Jarlgate","2021A000012791","Building permits issued","Cameras","Number","223","units","0","v41000063","1.10.1","2538","","","","0"
"2024-07","Jarlgate","2021A000012791","Building permits issued","Personal items","Number","223","units","0","v41000073","1.11.1","8539","","","","0"
"2024-07","Jarlgate","2021A000012791","Building permits issued","Food and drink","Number","223","units","0","v41000078","1.12.1","6425","","","","0"
"2024-07","Jarlgate","2021A000012791","Building permits issued","Fuel","Number","223","units","0","v41000086","1.13.1","4616","","","","0"
"2024-07","Jarlgate","2021A000012791","Building permits issued","Home goods","Number","223","units","0","v41000095","1.14.1","17129","","","","0"
"2024-07","Jarlgate","2021A000012791","Building permits issued","Auto parts","Number","223","units","0","v41000101","1.15.1","2905","","","","0"
"2024-07","Jarlgate","2021A000012791","Building permits issued","Jewellery","Number","223","units","0","v41000107","1.16.1","4507","","","","0"
"2024-07","Jarlgate","2021A000012791","Building permits issued","Tools","Number","223","units","0","v41000114","1.17.1","2231","","","","0"
"2024-07","Jarlgate","2021A000012791","Building permits issued","Medical supplies","Number","223","units","0","v41000122","1.18.1","1998","","","","0"
"2024-07","Jarlgate","2021A000012791","Building permits issued","Garden supplies","Number","223","units","0","v41000129","1.19.1","3419","","","","0"
"2024-07","Jarlgate","2021A000012791","Building permits issued","Office supplies","Number","223","units","0","v41000137","1.20.1","1478","","","","0"
"2024-07","Jarlgate","2021A000012791","Building permits issued","Craft supplies","Number","223","units","0","v41000141","1.21.1","3714","","","","0"
"2024-07","Jarlgate","2021A000012791","Building permits issued","Clothing and shoes","Number","223","units","0","v41000148","1.22.1","","x","","","0"
"2024-07","Jarlgate","2021A000012791","Building permits issued","Farm supplies","Number","223","units","0","v41000157","1.23.1","4195","","","","0"
"2024-07","Jarlgate","2021A000012791","Building permits issued","Furniture","Number","223","units","0","v41000165","1.24.1","1406","","","","0"
"2024-07","Ormdale","2021A000037090","Building permits issued","Full range","Number","223","units","0","v41000168","2.1.1","78414","","","","0"
"2024-07","Ormdale","2021A000037090","Building permits issued","Vehicles and fuel","Number","223","units","0","v41000179","2.2.1","9696","","","","0"
"2024-07","Ormdale","2021A000037090","Building permits issued","Gifts and novelties","Number","223","units","0","v41000183","2.3.1","14864","","","","0"
"2024-07","Ormdale","2021A000037090","Building permits issued","Pharmacies","Number","223","units","0","v41000192","2.4.1","6446","","","","0"
"2024-07","Ormdale","2021A000037090","Building permits issued","Grocery","Number","223","units","0","v41000200","2.5.1","6306","","","","0"
"2024-07","Ormdale","2021A000037090","Building permits issued","Leisure","Number","223","units","0","v41000203","2.6.1","19511","","","","0"
"2024-07","Ormdale","2021A000037090","Building permits issued","Tyres","Number","223","units","0","v41000210","2.7.1","8558","","","","0"
"2024-07","Ormdale","2021A000037090","Building permits issued","Health and beauty","Number","223","units","0","v41000219","2.8.1","29207","","","","0"
"2024-07","Ormdale","2021A000037090","Building permits issued","Lighting","Number","223","units","0","v41000225","2.9.1","1695","","","","0"
"2024-07","Ormdale","2021A000037090","Building permits issued","Cameras","Number","223","units","0","v41000234","2.10.1","4215","","","","0"
"2024-07","Ormdale","2021A000037090","Building permits issued","Personal items","Number","223","units","0","v41000242","2.11.1","14099","","","","0"
"2024-07","Ormdale","2021A000037090","Building permits issued","Food and drink","Number","223","units","0","v41000246","2.12.1","11064","","","","0"
"2024-07","Ormdale","2021A000037090","Building permits issued","Fuel","Number","223","units","0","v41000252","2.13.1","7543","","","","0"
"2024-07","Ormdale","2021A000037090","Building permits issued","Home goods","Number","223","units","0","v41000261","2.14.1","28963","","","","0"
"2024-07","Ormdale","2021A000037090","Building permits issued","Auto parts","Number","223","units","0","v41000269","2.15.1","4848","","","","0"
"2024-07","Ormdale","2021A000037090","Building permits issued","Jewellery","Number","223","units","0","v41000277","2.16.1","7752","","","","0"
"2024-07","Ormdale","2021A000037090","Building permits issued","Tools","Number","223","units","0","v41000281","2.17.1","3799","","","","0"
"2024-07","Ormdale","2021A000037090","Building permits issued","Medical supplies","Number","223","units","0","v41000291","2.18.1","3250","","","","0"
"2024-07","Ormdale","2021A000037090","Building permits issued","Garden supplies","Number","223","units","0","v41000294","2.19.1","5657","","","","0"
"2024-07","Ormdale","2021A000037090","Building permits issued","Office supplies","Number","223","units","0","v41000304","2.20.1","2638","","","","0"
"2024-07","Ormdale","2021A000037090","Building permits issued","Craft supplies","Number","223","units","0","v41000312","2.21.1","6039","","","","0"
"2024-07","Ormdale","2021A000037090","Building permits issued","Clothing and shoes","Number","223","units","0","v41000316","2.22.1","18549","","","","0"
"2024-07","Ormdale","2021A000037090","Building permits issued","Farm supplies","Number","223","units","0","v41000324","2.23.1","7264","","","","0"
"2024-07","Ormdale","2021A000037090","Building permits issued","Furniture","Number","223","units","0","v41000330","2.24.1","2403","","","","0"
"2024-08","Jarlgate","2021A000012791","Building permits issued","Full range","Number","223","units","0","v41000001","1.1.1","46213","","","","0"
"2024-08","Jarlgate","2021A000012791","Building permits issued","Vehicles and fuel","Number","223","units","0","v41000008","1.2.1","5676","","","","0"
"2024-08","Jarlgate","2021A000012791","Building permits issued","Gifts and novelties","Number","223","units","0","v41000018","1.3.1","8769","","","","0"
"2024-08","Jarlgate","2021A000012791","Building permits issued","Pharmacies","Number","223","units","0","v41000023","1.4.1","3763","","","","0"
"2024-08","Jarlgate","2021A000012791","Building permits issued","Grocery","Number","223","units","0","v41000030","1.5.1","3802","","","","0"
"2024-08","Jarlgate","2021A000012791","Building permits issued","Leisure","Number","223","units","0","v41000037","1.6.1","11223","","","","0"
"2024-08","Jarlgate","2021A000012791","Building permits issued","Tyres","Number","223","units","0","v41000046","1.7.1","4966","","","","0"
"2024-08","Jarlgate","2021A000012791","Building permits issued","Health and beauty","Number","223","units","0","v41000051","1.8.1","16899","","","","0"
"2024-08","Jarlgate","2021A000012791","Building permits issued","Lighting","Number","223","units","0","v41000056","1.9.1","994","","","","0"
"2024-08","Jarlgate","2021A000012791","Building permits issued","Cameras","Number","223","units","0","v41000063","1.10.1","2440","","","","0"
"2024-08","Jarlgate","2021A000012791","Building permits issued","Personal items","Number","223","units","0","v41000073","1.11.1","8679","","","","0"
"2024-08","Jarlgate","2021A000012791","Building permits issued","Food and drink","Number","223","units","0","v41000078","1.12.1","6496","","","","0"
"2024-08","Jarlgate","2021A000012791","Building permits issued","Fuel","Number","223","units","0","v41000086","1.13.1","4305","","","","0"
"2024-08","Jarlgate","2021A000012791","Building permits issued","Home goods","Number","223","units","0","v41000095","1.14.1","17448","","","","0"
"2024-08","Jarlgate","2021A000012791","Building permits issued","Auto parts","Number","223","units","0","v41000101","1.15.1","2813","","","","0"
"2024-08","Jarlgate","2021A000012791","Building permits issued","Jewellery","Number","223","units","0","v41000107","1.16.1","4477","","","","0"
"2024-08","Jarlgate","2021A000012791","Building permits issued","Tools","Number","223","units","0","v41000114","1.17.1","2146","","","","0"
"2024-08","Jarlgate","2021A000012791","Building permits issued","Medical supplies","Number","223","units","0","v41000122","1.18.1","1913","","","","0"
"2024-08","Jarlgate","2021A000012791","Building permits issued","Garden supplies","Number","223","units","0","v41000129","1.19.1","3499","","","","0"
"2024-08","Jarlgate","2021A000012791","Building permits issued","Office supplies","Number","223","units","0","v41000137","1.20.1","1564","","","","0"
"2024-08","Jarlgate","2021A000012791","Building permits issued","Craft supplies","Number","223","units","0","v41000141","1.21.1","3771","","","","0"
"2024-08","Jarlgate","2021A000012791","Building permits issued","Clothing and shoes","Number","223","units","0","v41000148","1.22.1","10873","","","","0"
"2024-08","Jarlgate","2021A000012791","Building permits issued","Farm supplies","Number","223","units","0","v41000157","1.23.1","4350","","","","0"
"2024-08","Jarlgate","2021A000012791","Building permits issued","Furniture","Number","223","units","0","v41000165","1.24.1","1409","","","","0"
"2024-08","Ormdale","2021A000037090","Building permits issued","Full range","Number","223","units","0","v41000168","2.1.1","77092","","","","0"
"2024-08","Ormdale","2021A000037090","Building permits issued","Vehicles and fuel","Number","223","units","0","v41000179","2.2.1","9458","","","","0"
"2024-08","Ormdale","2021A000037090","Building permits issued","Gifts and novelties","Number","223","units","0","v41000183","2.3.1","14666","","","","0"
"2024-08","Ormdale","2021A000037090","Building permits issued","Pharmacies","Number","223","units","0","v41000192","2.4.1","6289","","","","0"
"2024-08","Ormdale","2021A000037090","Building permits issued","Grocery","Number","223","units","0","v41000200","2.5.1","6473","","","","0"
"2024-08","Ormdale","2021A000037090","Building permits issued","Leisure","Number","223","units","0","v41000203","2.6.1","19017","","","","0"
"2024-08","Ormdale","2021A000037090","Building permits issued","Tyres","Number","223","units","0","v41000210","2.7.1","8194","","","","0"
"2024-08","Ormdale","2021A000037090","Building permits issued","Health and beauty","Number","223","units","0","v41000219","2.8.1","28475","","","","0"
"2024-08","Ormdale","2021A000037090","Building permits issued","Lighting","Number","223","units","0","v41000225","2.9.1","1577","","","","0"
"2024-08","Ormdale","2021A000037090","Building permits issued","Cameras","Number","223","units","0","v41000234","2.10.1","4196","","","","0"
"2024-08","Ormdale","2021A000037090","Building permits issued","Personal items","Number","223","units","0","v41000242","2.11.1","14385","","","","0"
"2024-08","Ormdale","2021A000037090","Building permits issued","Food and drink","Number","223","units","0","v41000246","2.12.1","10620","","","","0"
"2024-08","Ormdale","2021A000037090","Building permits issued","Fuel","Number","223","units","0","v41000252","2.13.1","7527","","","","0"
"2024-08","Ormdale","2021A000037090","Building permits issued","Home goods","Number","223","units","0","v41000261","2.14.1","29051","","","","0"
"2024-08","Ormdale","2021A000037090","Building permits issued","Auto parts","Number","223","units","0","v41000269","2.15.1","4872","","","","0"
"2024-08","Ormdale","2021A000037090","Building permits issued","Jewellery","Number","223","units","0","v41000277","2.16.1","7294","","","","0"
"2024-08","Ormdale","2021A000037090","Building permits issued","Tools","Number","223","units","0","v41000281","2.17.1","3668","","","","0"
"2024-08","Ormdale","2021A000037090","Building permits issued","Medical supplies","Number","223","units","0","v41000291","2.18.1","3169","","","","0"
"2024-08","Ormdale","2021A000037090","Building permits issued","Garden supplies","Number","223","units","0","v41000294","2.19.1","5797","","","","0"
"2024-08","Ormdale","2021A000037090","Building permits issued","Office supplies","Number","223","units","0","v41000304","2.20.1","2496","","","","0"
"2024-08","Ormdale","2021A000037090","Building permits issued","Craft supplies","Number","223","units","0","v41000312","2.21.1","6222","","","","0"
"2024-08","Ormdale","2021A000037090","Building permits issued","Clothing and shoes","Number","223","units","0","v41000316","2.22.1","17988","","","","0"
"2024-08","Ormdale","2021A000037090","Building permits issued","Farm supplies","Number","223","units","0","v41000324","2.23.1","","x","","","0"
"2024-08","Ormdale","2021A000037090","Building permits issued","Furniture","Number","223","units","0","v41000330","2.24.1","2365","","","","0"
"2024-09","Jarlgate","2021A000012791","Building permits issued","Full range","Number","223","units","0","v41000001","1.1.1","44477","","","","0"
"2024-09","Jarlgate","2021A000012791","Building permits issued","Vehicles and fuel","Number","223","units","0","v41000008","1.2.1","5467","","","","0"
"2024-09","Jarlgate","2021A000012791","Building permits issued","Gifts and novelties","Number","223","units","0","v41000018","1.3.1","8454","","","","0"
"2024-09","Jarlgate","2021A000012791","Building permits issued","Pharmacies","Number","223","units","0","v41000023","1.4.1","3680","","","","0"
"2024-09","Jarlgate","2021A000012791","Building permits issued","Grocery","Number","223","units","0","v41000030","1.5.1","3544","","","","0"
"2024-09","Jarlgate","2021A000012791","Building permits issued","Leisure","Number","223","units","0","v41000037","1.6.1","10758","","","","0"
"2024-09","Jarlgate","2021A000012791","Building permits issued","Tyres","Number","223","units","0","v41000046","1.7.1","4910","","","","0"
"2024-09","Jarlgate","2021A000012791","Building permits issued","Health and beauty","Number","223","units","0","v41000051","1.8.1","16225","","","","0"
"2024-09","Jarlgate","2021A000012791","Building permits issued","Lighting","Number","223","units","0","v41000056","1.9.1","1008","","","","0"
"2024-09","Jarlgate","2021A000012791","Building permits issued","Cameras","Number","223","units","0","v41000063","1.10.1","2384","","","","0"
"2024-09","Jarlgate","2021A000012791","Building permits issued","Personal items","Number","223","units","0","v41000073","1.11.1","8187","","","","0"
"2024-09","Jarlgate","2021A000012791","Building permits issued","Food and drink","Number","223","units","0","v41000078","1.12.1","6312","","","","0"
"2024-09","Jarlgate","2021A000012791","Building permits issued","Fuel","Number","223","units","0","v41000086","1.13.1","4198","","","","0"
"2024-09","Jarlgate","2021A000012791","Building permits issued","Home goods","Number","223","units","0","v41000095","1.14.1","16642","","","","0"
"2024-09","Jarlgate","2021A000012791","Building permits issued","Auto parts","Number","223","units","0","v41000101","1.15.1","2822","","","","0"
"2024-09","Jarlgate","2021A000012791","Building permits issued","Jewellery","Number","223","units","0","v41000107","1.16.1","4175","","","","0"
"2024-09","Jarlgate","2021A000012791","Building permits issued","Tools","Number","223","units","0","v41000114","1.17.1","2158","","","","0"
"2024-09","Jarlgate","2021A000012791","Building permits issued","Medical supplies","Number","223","units","0","v41000122","1.18.1","1787","","","","0"
"2024-09","Jarlgate","2021A000012791","Building permits issued","Garden supplies","Number","223","units","0","v41000129","1.19.1","3311","","","","0"
"2024-09","Jarlgate","2021A000012791","Building permits issued","Office supplies","Number","223","units","0","v41000137","1.20.1","","x","","","0"
"2024-09","Jarlgate","2021A000012791","Building permits issued","Craft supplies","Number","223","units","0","v41000141","1.21.1","3522","","","","0"
"2024-09","Jarlgate","2021A000012791","Building permits issued","Clothing and shoes","Number","223","units","0","v41000148","1.22.1","10603","","","","0"
"2024-09","Jarlgate","2021A000012791","Building permits issued","Farm supplies","Number","223","units","0","v41000157","1.23.1","4154","","","","0"
"2024-09","Jarlgate","2021A000012791","Building permits issued","Furniture","Number","223","units","0","v41000165","1.24.1","1355","","","","0"
"2024-09","Ormdale","2021A000037090","Building permits issued","Full range","Number","223","units","0","v41000168","2.1.1","75574","","","","0"
"2024-09","Ormdale","2021A000037090","Building permits issued","Vehicles and fuel","Number","223","units","0","v41000179","2.2.1","9381","","","","0"
"2024-09","Ormdale","2021A000037090","Building permits issued","Gifts and novelties","Number","223","units","0","v41000183","2.3.1","14228","","","","0"
"2024-09","Ormdale","2021A000037090","Building permits issued","Pharmacies","Number","223","units","0","v41000192","2.4.1","6270","","","","0"
"2024-09","Ormdale","2021A000037090","Building permits issued","Grocery","Number","223","units","0","v41000200","2.5.1","6055","","","","0"
"2024-09","Ormdale","2021A000037090","Building permits issued","Leisure","Number","223","units","0","v41000203","2.6.1","18889","","","","0"
"2024-09","Ormdale","2021A000037090","Building permits issued","Tyres","Number","223","units","0","v41000210","2.7.1","8172","","","","0"
"2024-09","Ormdale","2021A000037090","Building permits issued","Health and beauty","Number","223","units","0","v41000219","2.8.1","28270","","","","0"
"2024-09","Ormdale","2021A000037090","Building permits issued","Lighting","Number","223","units","0","v41000225","2.9.1","1682","","","","0"
"2024-09","Ormdale","2021A000037090","Building permits issued","Cameras","Number","223","units","0","v41000234","2.10.1","4097","","","","0"
"2024-09","Ormdale","2021A000037090","Building permits issued","Personal items","Number","223","units","0","v41000242","2.11.1","13558","","","","0"
"2024-09","Ormdale","2021A000037090","Building permits issued","Food and drink","Number","223","units","0","v41000246","2.12.1","10568","","","","0"
"2024-09","Ormdale","2021A000037090","Building permits issued","Fuel","Number","223","units","0","v41000252","2.13.1","7411","","","","0"
"2024-09","Ormdale","2021A000037090","Building permits issued","Home goods","Number","223","units","0","v41000261","2.14.1","27785","","","","0"
"2024-09","Ormdale","2021A000037090","Building permits issued","Auto parts","Number","223","units","0","v41000269","2.15.1","4796","","","","0"
"2024-09","Ormdale","2021A000037090","Building permits issued","Jewellery","Number","223","units","0","v41000277","2.16.1","7381","","","","0"
"2024-09","Ormdale","2021A000037090","Building permits issued","Tools","Number","223","units","0","v41000281","2.17.1","3490","","","","0"
"2024-09","Ormdale","2021A000037090","Building permits issued","Medical supplies","Number","223","units","0","v41000291","2.18.1","3111","","","","0"
"2024-09","Ormdale","2021A000037090","Building permits issued","Garden supplies","Number","223","units","0","v41000294","2.19.1","5530","","","","0"
"2024-09","Ormdale","2021A000037090","Building permits issued","Office supplies","Number","223","units","0","v41000304","2.20.1","2472","","","","0"
"2024-09","Ormdale","2021A000037090","Building permits issued","Craft supplies","Number","223","units","0","v41000312","2.21.1","5704","","","","0"
"2024-09","Ormdale","2021A000037090","Building permits issued","Clothing and shoes","Number","223","units","0","v41000316","2.22.1","17836","","","","0"
"2024-09","Ormdale","2021A000037090","Building permits issued","Farm supplies","Number","223","units","0","v41000324","2.23.1","7078","","","","0"
"2024-09","Ormdale","2021A000037090","Building permits issued","Furniture","Number","223","units","0","v41000330","2.24.1","2323","","","","0"
"2024-10","Jarlgate","2021A000012791","Building permits issued","Full range","Number","223","units","0","v41000001","1.1.1","42637","","","","0"
"2024-10","Jarlgate","2021A000012791","Building permits issued","Vehicles and fuel","Number","223","units","0","v41000008","1.2.1","5385","","","","0"
"2024-10","Jarlgate","2021A000012791","Building permits issued","Gifts and novelties","Number","223","units","0","v41000018","1.3.1","8004","","","","0"
"2024-10","Jarlgate","2021A000012791","Building permits issued","Pharmacies","Number","223","units","0","v41000023","1.4.1","3633","","","","0"
"2024-10","Jarlgate","2021A000012791","Building permits issued","Grocery","Number","223","units","0","v41000030","1.5.1","3478","","","","0"
"2024-10","Jarlgate","2021A000012791","Building permits issued","Leisure","Number","223","units","0","v41000037","1.6.1","10497","","","","0"
"2024-10","Jarlgate","2021A000012791","Building permits issued","Tyres","Number","223","units","0","v41000046","1.7.1","4526","","","","0"
"2024-10","Jarlgate","2021A000012791","Building permits issued","Health and beauty","Number","223","units","0","v41000051","1.8.1","15882","","","","0"
"2024-10","Jarlgate","2021A000012791","Building permits issued","Lighting","Number","223","units","0","v41000056","1.9.1","889","","","","0"
"2024-10","Jarlgate","2021A000012791","Building permits issued","Cameras","Number","223","units","0","v41000063","1.10.1","2346","","","","0"
"2024-10","Jarlgate","2021A000012791","Building permits issued","Personal items","Number","223","units","0","v41000073","1.11.1","8010","","","","0"
"2024-10","Jarlgate","2021A000012791","Building permits issued","Food and drink","Number","223","units","0","v41000078","1.12.1","5828","","","","0"
"2024-10","Jarlgate","2021A000012791","Building permits issued","Fuel","Number","223","units","0","v41000086","1.13.1","4102","","","","0"
"2024-10","Jarlgate","2021A000012791","Building permits issued","Home goods","Number","223","units","0","v41000095","1.14.1","16014","","","","0"
"2024-10","Jarlgate","2021A000012791","Building permits issued","Auto parts","Number","223","units","0","v41000101","1.15.1","2567","","","","0"
"2024-10","Jarlgate","2021A000012791","Building permits issued","Jewellery","Number","223","units","0","v41000107","1.16.1","4050","","","","0"
"2024-10","Jarlgate","2021A000012791","Building permits issued","Tools","Number","223","units","0","v41000114","1.17.1","1967","","","","0"
"2024-10","Jarlgate","2021A000012791","Building permits issued","Medical supplies","Number","223","units","0","v41000122","1.18.1","1752","","","","0"
"2024-10","Jarlgate","2021A000012791","Building permits issued","Garden supplies","Number","223","units","0","v41000129","1.19.1","3219","","","","0"
"2024-10","Jarlgate","2021A000012791","Building permits issued","Office supplies","Number","223","units","0","v41000137","1.20.1","1455","","","","0"
"2024-10","Jarlgate","2021A000012791","Building permits issued","Craft supplies","Number","223","units","0","v41000141","1.21.1","3510","","","","0"
"2024-10","Jarlgate","2021A000012791","Building permits issued","Clothing and shoes","Number","223","units","0","v41000148","1.22.1","9851","","","","0"
"2024-10","Jarlgate","2021A000012791","Building permits issued","Farm supplies","Number","223","units","0","v41000157","1.23.1","3861","","","","0"
"2024-10","Jarlgate","2021A000012791","Building permits issued","Furniture","Number","223","units","0","v41000165","1.24.1","1282","","","","0"
"2024-10","Ormdale","2021A000037090","Building permits issued","Full range","Number","223","units","0","v41000168","2.1.1","71564","","","","0"
"2024-10","Ormdale","2021A000037090","Building permits issued","Vehicles and fuel","Number","223","units","0","v41000179","2.2.1","8668","","","","0"
"2024-10","Ormdale","2021A000037090","Building permits issued","Gifts and novelties","Number","223","units","0","v41000183","2.3.1","13411","","","","0"
"2024-10","Ormdale","2021A000037090","Building permits issued","Pharmacies","Number","223","units","0","v41000192","2.4.1","5896","","","","0"
"2024-10","Ormdale","2021A000037090","Building permits issued","Grocery","Number","223","units","0","v41000200","2.5.1","5936","","","","0"
"2024-10","Ormdale","2021A000037090","Building permits issued","Leisure","Number","223","units","0","v41000203","2.6.1","18002","","","","0"
"2024-10","Ormdale","2021A000037090","Building permits issued","Tyres","Number","223","units","0","v41000210","2.7.1","","x","","","0"
"2024-10","Ormdale","2021A000037090","Building permits issued","Health and beauty","Number","223","units","0","v41000219","2.8.1","26670","","","","0"
"2024-10","Ormdale","2021A000037090","Building permits issued","Lighting","Number","223","units","0","v41000225","2.9.1","1540","","","","0"
"2024-10","Ormdale","2021A000037090","Building permits issued","Cameras","Number","223","units","0","v41000234","2.10.1","3901","","","","0"
"2024-10","Ormdale","2021A000037090","Building permits issued","Personal items","Number","223","units","0","v41000242","2.11.1","13030","","","","0"
"2024-10","Ormdale","2021A000037090","Building permits issued","Food and drink","Number","223","units","0","v41000246","2.12.1","9922","","","","0"
"2024-10","Ormdale","2021A000037090","Building permits issued","Fuel","Number","223","units","0","v41000252","2.13.1","6864","","","","0"
"2024-10","Ormdale","2021A000037090","Building permits issued","Home goods","Number","223","units","0","v41000261","2.14.1","26441","","","","0"
"2024-10","Ormdale","2021A000037090","Building permits issued","Auto parts","Number","223","units","0","v41000269","2.15.1","4616","","","","0"
"2024-10","Ormdale","2021A000037090","Building permits issued","Jewellery","Number","223","units","0","v41000277","2.16.1","7236","","","","0"
"2024-10","Ormdale","2021A000037090","Building permits issued","Tools","Number","223","units","0","v41000281","2.17.1","3400","","","","0"
"2024-10","Ormdale","2021A000037090","Building permits issued","Medical supplies","Number","223","units","0","v41000291","2.18.1","2772","","","","0"
"2024-10","Ormdale","2021A000037090","Building permits issued","Garden supplies","Number","223","units","0","v41000294","2.19.1","5189","","","","0"
"2024-10","Ormdale","2021A000037090","Building permits issued","Office supplies","Number","223","units","0","v41000304","2.20.1","2374","","","","0"
"2024-10","Ormdale","2021A000037090","Building permits issued","Craft supplies","Number","223","units","0","v41000312","2.21.1","5628","","","","0"
"2024-10","Ormdale","2021A000037090","Building permits issued","Clothing and shoes","Number","223","units","0","v41000316","2.22.1","16912","","","","0"
"2024-10","Ormdale","2021A000037090","Building permits issued","Farm supplies","Number","223","units","0","v41000324","2.23.1","6522","","","","0"
"2024-10","Ormdale","2021A000037090","Building permits issued","Furniture","Number","223","units","0","v41000330","2.24.1","2214","","","","0"
"2024-11","Jarlgate","2021A000012791","Building permits issued","Full range","Number","223","units","0","v41000001","1.1.1","42538","","","","0"
"2024-11","Jarlgate","2021A000012791","Building permits issued","Vehicles and fuel","Number","223","units","0","v41000008","1.2.1","5179","","","","0"
"2024-11","Jarlgate","2021A000012791","Building permits issued","Gifts and novelties","Number","223","units","0","v41000018","1.3.1","7967","","","","0"
"2024-11","Jarlgate","2021A000012791","Building permits issued","Pharmacies","Number","223","units","0","v41000023","1.4.1","3444","","","","0"
"2024-11","Jarlgate","2021A000012791","Building permits issued","Grocery","Number","223","units","0","v41000030","1.5.1","3469","","","","0"
"2024-11","Jarlgate","2021A000012791","Building permits issued","Leisure","Number","223","units","0","v41000037","1.6.1","10558","","","","0"
"2024-11","Jarlgate","2021A000012791","Building permits issued","Tyres","Number","223","units","0","v41000046","1.7.1","4499","","","","0"
"2024-11","Jarlgate","2021A000012791","Building permits issued","Health and beauty","Number","223","units","0","v41000051","1.8.1","15737","","","","0"
"2024-11","Jarlgate","2021A000012791","Building permits issued","Lighting","Number","223","units","0","v41000056","1.9.1","926","","","","0"
"2024-11","Jarlgate","2021A000012791","Building permits issued","Cameras","Number","223","units","0","v41000063","1.10.1","2231","","","","0"
"2024-11","Jarlgate","2021A000012791","Building permits issued","Personal items","Number","223","units","0","v41000073","1.11.1","8047","","","","0"
"2024-11","Jarlgate","2021A000012791","Building permits issued","Food and drink","Number","223","units","0","v41000078","1.12.1","5962","","","","0"
"2024-11","Jarlgate","2021A000012791","Building permits issued","Fuel","Number","223","units","0","v41000086","1.13.1","4102","","","","0"
"2024-11","Jarlgate","2021A000012791","Building permits issued","Home goods","Number","223","units","0","v41000095","1.14.1","16014","","","","0"
"2024-11","Jarlgate","2021A000012791","Building permits issued","Auto parts","Number","223","units","0","v41000101","1.15.1","2563","","","","0"
"2024-11","Jarlgate","2021A000012791","Building permits issued","Jewellery","Number","223","units","0","v41000107","1.16.1","4224","","","","0"
"2024-11","Jarlgate","2021A000012791","Building permits issued","Tools","Number","223","units","0","v41000114","1.17.1","2006","","","","0"
"2024-11","Jarlgate","2021A000012791","Building permits issued","Medical supplies","Number","223","units","0","v41000122","1.18.1","1735","","","","0"
"2024-11","Jarlgate","2021A000012791","Building permits issued","Garden supplies","Number","223","units","0","v41000129","1.19.1","3377","","","","0"
"2024-11","Jarlgate","2021A000012791","Building permits issued","Office supplies","Number","223","units","0","v41000137","1.20.1","1336","","","","0"
"2024-11","Jarlgate","2021A000012791","Building permits issued","Craft supplies","Number","223","units","0","v41000141","1.21.1","3376","","","","0"
"2024-11","Jarlgate","2021A000012791","Building permits issued","Clothing and shoes","Number","223","units","0","v41000148","1.22.1","9861","","","","0"
"2024-11","Jarlgate","2021A000012791","Building permits issued","Farm supplies","Number","223","units","0","v41000157","1.23.1","3956","","","","0"
"2024-11","Jarlgate","2021A000012791","Building permits issued","Furniture","Number","223","units","0","v41000165","1.24.1","1294","","","","0"
"2024-11","Ormdale","2021A000037090","Building permits issued","Full range","Number","223","units","0","v41000168","2.1.1","71314","","","","0"
"2024-11","Ormdale","2021A000037090","Building permits issued","Vehicles and fuel","Number","223","units","0","v41000179","2.2.1","8783","","","","0"
"2024-11","Ormdale","2021A000037090","Building permits issued","Gifts and novelties","Number","223","units","0","v41000183","2.3.1","13595","","","","0"
"2024-11","Ormdale","2021A000037090","Building permits issued","Pharmacies","Number","223","units","0","v41000192","2.4.1","5961","","","","0"
"2024-11","Ormdale","2021A000037090","Building permits issued","Grocery","Number","223","units","0","v41000200","2.5.1","5931","","","","0"
"2024-11","Ormdale","2021A000037090","Building permits issued","Leisure","Number","223","units","0","v41000203","2.6.1","17875","","","","0"
"2024-11","Ormdale","2021A000037090","Building permits issued","Tyres","Number","223","units","0","v41000210","2.7.1","7664","","","","0"
"2024-11","Ormdale","2021A000037090","Building permits issued","Health and beauty","Number","223","units","0","v41000219","2.8.1","26658","","","","0"
"2024-11","Ormdale","2021A000037090","Building permits issued","Lighting","Number","223","units","0","v41000225","2.9.1","1492","","","","0"
"2024-11","Ormdale","2021A000037090","Building permits issued","Cameras","Number","223","units","0","v41000234","2.10.1","3774","","","","0"
"2024-11","Ormdale","2021A000037090","Building permits issued","Personal items","Number","223","units","0","v41000242","2.11.1","13229","","","","0"
"2024-11","Ormdale","2021A000037090","Building permits issued","Food and drink","Number","223","units","0","v41000246","2.12.1","9807","","","","0"
"2024-11","Ormdale","2021A000037090","Building permits issued","Fuel","Number","223","units","0","v41000252","2.13.1","7189","","","","0"
"2024-11","Ormdale","2021A000037090","Building permits issued","Home goods","Number","223","units","0","v41000261","2.14.1","26824","","","","0"
"2024-11","Ormdale","2021A000037090","Building permits issued","Auto parts","Number","223","units","0","v41000269","2.15.1","4412","","","","0"
"2024-11","Ormdale","2021A000037090","Building permits issued","Jewellery","Number","223","units","0","v41000277","2.16.1","6912","","","","0"
"2024-11","Ormdale","2021A000037090","Building permits issued","Tools","Number","223","units","0","v41000281","2.17.1","3329","","","","0"
"2024-11","Ormdale","2021A000037090","Building permits issued","Medical supplies","Number","223","units","0","v41000291","2.18.1","2823","","","","0"
"2024-11","Ormdale","2021A000037090","Building permits issued","Garden supplies","Number","223","units","0","v41000294","2.19.1","5528","","","","0"
"2024-11","Ormdale","2021A000037090","Building permits issued","Office supplies","Number","223","units","0","v41000304","2.20.1","2122","","","","0"
"2024-11","Ormdale","2021A000037090","Building permits issued","Craft supplies","Number","223","units","0","v41000312","2.21.1","5473","","","","0"
"2024-11","Ormdale","2021A000037090","Building permits issued","Clothing and shoes","Number","223","units","0","v41000316","2.22.1","16340","","","","0"
"2024-11","Ormdale","2021A000037090","Building permits issued","Farm supplies","Number","223","units","0","v41000324","2.23.1","6477","","","","0"
"2024-11","Ormdale","2021A000037090","Building permits issued","Furniture","Number","223","units","0","v41000330","2.24.1","2228","","","","0"
"2024-12","Jarlgate","2021A000012791","Building permits issued","Full range","Number","223","units","0","v41000001","1.1.1","44216","","","","0"
"2024-12","Jarlgate","2021A000012791","Building permits issued","Vehicles and fuel","Number","223","units","0","v41000008","1.2.1","5477","","","","0"
"2024-12","Jarlgate","2021A000012791","Building permits issued","Gifts and novelties","Number","223","units","0","v41000018","1.3.1","8332","","","","0"
"2024-12","Jarlgate","2021A000012791","Building permits issued","Pharmacies","Number","223","units","0","v41000023","1.4.1","3638","","","","0"
"2024-12","Jarlgate","2021A000012791","Building permits issued","Grocery","Number","223","units","0","v41000030","1.5.1","3565","","","","0"
"2024-12","Jarlgate","2021A000012791","Building permits issued","Leisure","Number","223","units","0","v41000037","1.6.1","10738","","","","0"
"2024-12","Jarlgate","2021A000012791","Building permits issued","Tyres","Number","223","units","0","v41000046","1.7.1","4767","","","","0"
"2024-12","Jarlgate","2021A000012791","Building permits issued","Health and beauty","Number","223","units","0","v41000051","1.8.1","16216","","","","0"
"2024-12","Jarlgate","2021A000012791","Building permits issued","Lighting","Number","223","units","0","v41000056","1.9.1","949","","","","0"
"2024-12","Jarlgate","2021A000012791","Building permits issued","Cameras","Number","223","units","0","v41000063","1.10.1","2378","","","","0"
"2024-12","Jarlgate","2021A000012791","Building permits issued","Personal items","Number","223","units","0","v41000073","1.11.1","8303","","","","0"
"2024-12","Jarlgate","2021A000012791","Building permits issued","Food and drink","Number","223","units","0","v41000078","1.12.1","6202","","","","0"
"2024-12","Jarlgate","2021A000012791","Building permits issued","Fuel","Number","223","units","0","v41000086","1.13.1","4282","","","","0"
"2024-12","Jarlgate","2021A000012791","Building permits issued","Home goods","Number","223","units","0","v41000095","1.14.1","16635","","","","0"
"2024-12","Jarlgate","2021A000012791","Building permits issued","Auto parts","Number","223","units","0","v41000101","1.15.1","2796","","","","0"
"2024-12","Jarlgate","2021A000012791","Building permits issued","Jewellery","Number","223","units","0","v41000107","1.16.1","4078","","","","0"
"2024-12","Jarlgate","2021A000012791","Building permits issued","Tools","Number","223","units","0","v41000114","1.17.1","2124","","","","0"
"2024-12","Jarlgate","2021A000012791","Building permits issued","Medical supplies","Number","223","units","0","v41000122","1.18.1","1840","","","","0"
"2024-12","Jarlgate","2021A000012791","Building permits issued","Garden supplies","Number","223","units","0","v41000129","1.19.1","3399","","","","0"
"2024-12","Jarlgate","2021A000012791","Building permits issued","Office supplies","Number","223","units","0","v41000137","1.20.1","1418","","","","0"
"2024-12","Jarlgate","2021A000012791","Building permits issued","Craft supplies","Number","223","units","0","v41000141","1.21.1","3519","","","","0"
"2024-12","Jarlgate","2021A000012791","Building permits issued","Clothing and shoes","Number","223","units","0","v41000148","1.22.1","10416","","","","0"
"2024-12","Jarlgate","2021A000012791","Building permits issued","Farm supplies","Number","223","units","0","v41000157","1.23.1","4078","","","","0"
"2024-12","Jarlgate","2021A000012791","Building permits issued","Furniture","Number","223","units","0","v41000165","1.24.1","1385","","","","0"
"2024-12","Ormdale","2021A000037090","Building permits issued","Full range","Number","223","units","0","v41000168","2.1.1","73805","","","","0"
"2024-12","Ormdale","2021A000037090","Building permits issued","Vehicles and fuel","Number","223","units","0","v41000179","2.2.1","9328","","","","0"
"2024-12","Ormdale","2021A000037090","Building permits issued","Gifts and novelties","Number","223","units","0","v41000183","2.3.1","13733","","","","0"
"2024-12","Ormdale","2021A000037090","Building permits issued","Pharmacies","Number","223","units","0","v41000192","2.4.1","6398","","","","0"
"2024-12","Ormdale","2021A000037090","Building permits issued","Grocery","Number","223","units","0","v41000200","2.5.1","6073","","","","0"
"2024-12","Ormdale","2021A000037090","Building permits issued","Leisure","Number","223","units","0","v41000203","2.6.1","18301","","","","0"
"2024-12","Ormdale","2021A000037090","Building permits issued","Tyres","Number","223","units","0","v41000210","2.7.1","7660","","","","0"
"2024-12","Ormdale","2021A000037090","Building permits issued","Health and beauty","Number","223","units","0","v41000219","2.8.1","27629","","","","0"
"2024-12","Ormdale","2021A000037090","Building permits issued","Lighting","Number","223","units","0","v41000225","2.9.1","1644","","","","0"
"2024-12","Ormdale","2021A000037090","Building permits issued","Cameras","Number","223","units","0","v41000234","2.10.1","4061","","","","0"
"2024-12","Ormdale","2021A000037090","Building permits issued","Personal items","Number","223","units","0","v41000242","2.11.1","13778","","","","0"
"2024-12","Ormdale","2021A000037090","Building permits issued","Food and drink","Number","223","units","0","v41000246","2.12.1","10179","","","","0"
"2024-12","Ormdale","2021A000037090","Building permits issued","Fuel","Number","223","units","0","v41000252","2.13.1","6991","","","","0"
"2024-12","Ormdale","2021A000037090","Building permits issued","Home goods","Number","223","units","0","v41000261","2.14.1","27511","","","","0"
"2024-12","Ormdale","2021A000037090","Building permits issued","Auto parts","Number","223","units","0","v41000269","2.15.1","4442","","","","0"
"2024-12","Ormdale","2021A000037090","Building permits issued","Jewellery","Number","223","units","0","v41000277","2.16.1","7250","","","","0"
"2024-12","Ormdale","2021A000037090","Building permits issued","Tools","Number","223","units","0","v41000281","2.17.1","3613","","","","0"
"2024-12","Ormdale","2021A000037090","Building permits issued","Medical supplies","Number","223","units","0","v41000291","2.18.1","2930","","","","0"
"2024-12","Ormdale","2021A000037090","Building permits issued","Garden supplies","Number","223","units","0","v41000294","2.19.1","5538","","","","0"
"2024-12","Ormdale","2021A000037090","Building permits issued","Office supplies","Number","223","units","0","v41000304","2.20.1","2401","","","","0"
"2024-12","Ormdale","2021A000037090","Building permits issued","Craft supplies","Number","223","units","0","v41000312","2.21.1","5938","","","","0"
"2024-12","Ormdale","2021A000037090","Building permits issued","Clothing and shoes","Number","223","units","0","v41000316","2.22.1","17021","","","","0"
"2024-12","Ormdale","2021A000037090","Building permits issued","Farm supplies","Number","223","units","0","v41000324","2.23.1","","x","","","0"
"2024-12","Ormdale","2021A000037090","Building permits issued","Furniture","Number","223","units","0","v41000330","2.24.1","2302","","","","0"
"2025-01","Jarlgate","2021A000012791","Building permits issued","Full range","Number","223","units","0","v41000001","1.1.1","47642","","","","0"
"2025-01","Jarlgate","2021A000012791","Building permits issued","Vehicles and fuel","Number","223","units","0","v41000008","1.2.1","5777","","","","0"
"2025-01","Jarlgate","2021A000012791","Building permits issued","Gifts and novelties","Number","223","units","0","v41000018","1.3.1","9158","","","","0"
"2025-01","Jarlgate","2021A000012791","Building permits issued","Pharmacies","Number","223","units","0","v41000023","1.4.1","3829","","","","0"
"2025-01","Jarlgate","2021A000012791","Building permits issued","Grocery","Number","223","units","0","v41000030","1.5.1","3953","","","","0"
"2025-01","Jarlgate","2021A000012791","Building permits issued","Leisure","Number","223","units","0","v41000037","1.6.1","11858","","","","0"
"2025-01","Jarlgate","2021A000012791","Building permits issued","Tyres","Number","223","units","0","v41000046","1.7.1","5206","","","","0"
"2025-01","Jarlgate","2021A000012791","Building permits issued","Health and beauty","Number","223","units","0","v41000051","1.8.1","17635","","","","0"
"2025-01","Jarlgate","2021A000012791","Building permits issued","Lighting","Number","223","units","0","v41000056","1.9.1","1000","","","","0"
"2025-01","Jarlgate","2021A000012791","Building permits issued","Cameras","Number","223","units","0","v41000063","1.10.1","2490","","","","0"
"2025-01","Jarlgate","2021A000012791","Building permits issued","Personal items","Number","223","units","0","v41000073","1.11.1","9032","","","","0"
"2025-01","Jarlgate","2021A000012791","Building permits issued","Food and drink","Number","223","units","0","v41000078","1.12.1","6485","","","","0"
"2025-01","Jarlgate","2021A000012791","Building permits issued","Fuel","Number","223","units","0","v41000086","1.13.1","4617","","","","0"
"2025-01","Jarlgate","2021A000012791","Building permits issued","Home goods","Number","223","units","0","v41000095","1.14.1","18190","","","","0"
"2025-01","Jarlgate","2021A000012791","Building permits issued","Auto parts","Number","223","units","0","v41000101","1.15.1","2844","","","","0"
"2025-01","Jarlgate","2021A000012791","Building permits issued","Jewellery","Number","223","units","0","v41000107","1.16.1","4751","","","","0"
"2025-01","Jarlgate","2021A000012791","Building permits issued","Tools","Number","223","units","0","v41000114","1.17.1","2074","","","","0"
"2025-01","Jarlgate","2021A000012791","Building permits issued","Medical supplies","Number","223","units","0","v41000122","1.18.1","1948","","","","0"
"2025-01","Jarlgate","2021A000012791","Building permits issued","Garden supplies","Number","223","units","0","v41000129","1.19.1","3640","","","","0"
"2025-01","Jarlgate","2021A000012791","Building permits issued","Office supplies","Number","223","units","0","v41000137","1.20.1","1487","","","","0"
"2025-01","Jarlgate","2021A000012791","Building permits issued","Craft supplies","Number","223","units","0","v41000141","1.21.1","3869","","","","0"
"2025-01","Jarlgate","2021A000012791","Building permits issued","Clothing and shoes","Number","223","units","0","v41000148","1.22.1","10817","","","","0"
"2025-01","Jarlgate","2021A000012791","Building permits issued","Farm supplies","Number","223","units","0","v41000157","1.23.1","4411","","","","0"
"2025-01","Jarlgate","2021A000012791","Building permits issued","Furniture","Number","223","units","0","v41000165","1.24.1","1523","","","","0"
"2025-01","Ormdale","2021A000037090","Building permits issued","Full range","Number","223","units","0","v41000168","2.1.1","81241","","","","0"
"2025-01","Ormdale","2021A000037090","Building permits issued","Vehicles and fuel","Number","223","units","0","v41000179","2.2.1","9776","","","","0"
"2025-01","Ormdale","2021A000037090","Building permits issued","Gifts and novelties","Number","223","units","0","v41000183","2.3.1","15369","","","","0"
"2025-01","Ormdale","2021A000037090","Building permits issued","Pharmacies","Number","223","units","0","v41000192","2.4.1","6477","","","","0"
"2025-01","Ormdale","2021A000037090","Building permits issued","Grocery","Number","223","units","0","v41000200","2.5.1","6663","","","","0"
"2025-01","Ormdale","2021A000037090","Building permits issued","Leisure","Number","223","units","0","v41000203","2.6.1","20166","","","","0"
"2025-01","Ormdale","2021A000037090","Building permits issued","Tyres","Number","223","units","0","v41000210","2.7.1","8706","","","","0"
"2025-01","Ormdale","2021A000037090","Building permits issued","Health and beauty","Number","223","units","0","v41000219","2.8.1","29943","","","","0"
"2025-01","Ormdale","2021A000037090","Building permits issued","Lighting","Number","223","units","0","v41000225","2.9.1","1721","","","","0"
"2025-01","Ormdale","2021A000037090","Building permits issued","Cameras","Number","223","units","0","v41000234","2.10.1","4527","","","","0"
"2025-01","Ormdale","2021A000037090","Building permits issued","Personal items","Number","223","units","0","v41000242","2.11.1","15333","","","","0"
"2025-01","Ormdale","2021A000037090","Building permits issued","Food and drink","Number","223","units","0","v41000246","2.12.1","11236","","","","0"
"2025-01","Ormdale","2021A000037090","Building permits issued","Fuel","Number","223","units","0","v41000252","2.13.1","7907","","","","0"
"2025-01","Ormdale","2021A000037090","Building permits issued","Home goods","Number","223","units","0","v41000261","2.14.1","30701","","","","0"
"2025-01","Ormdale","2021A000037090","Building permits issued","Auto parts","Number","223","units","0","v41000269","2.15.1","5013","","","","0"
"2025-01","Ormdale","2021A000037090","Building permits issued","Jewellery","Number","223","units","0","v41000277","2.16.1","7732","","","","0"
"2025-01","Ormdale","2021A000037090","Building permits issued","Tools","Number","223","units","0","v41000281","2.17.1","3723","","","","0"
"2025-01","Ormdale","2021A000037090","Building permits issued","Medical supplies","Number","223","units","0","v41000291","2.18.1","3300","","","","0"
"2025-01","Ormdale","2021A000037090","Building permits issued","Garden supplies","Number","223","units","0","v41000294","2.19.1","6063","","","","0"
"2025-01","Ormdale","2021A000037090","Building permits issued","Office supplies","Number","223","units","0","v41000304","2.20.1","2626","","","","0"
"2025-01","Ormdale","2021A000037090","Building permits issued","Craft supplies","Number","223","units","0","v41000312","2.21.1","6791","","","","0"
"2025-01","Ormdale","2021A000037090","Building permits issued","Clothing and shoes","Number","223","units","0","v41000316","2.22.1","18876","","","","0"
"2025-01","Ormdale","2021A000037090","Building permits issued","Farm supplies","Number","223","units","0","v41000324","2.23.1","7514","","","","0"
"2025-01","Ormdale","2021A000037090","Building permits issued","Furniture","Number","223","units","0","v41000330","2.24.1","2478","","","","0"
"2025-02","Jarlgate","2021A000012791","Building permits issued","Full range","Number","223","units","0","v41000001","1.1.1","50836","","","","0"
"2025-02","Jarlgate","2021A000012791","Building permits issued","Vehicles and fuel","Number","223","units","0","v41000008","1.2.1","6197","","","","0"
"2025-02","Jarlgate","2021A000012791","Building permits issued","Gifts and novelties","Number","223","units","0","v41000018","1.3.1","9546","","","","0"
"2025-02","Jarlgate","2021A000012791","Building permits issued","Pharmacies","Number","223","units","0","v41000023","1.4.1","4158","","","","0"
"2025-02","Jarlgate","2021A000012791","Building permits issued","Grocery","Number","223","units","0","v41000030","1.5.1","4183","","","","0"
"2025-02","Jarlgate","2021A000012791","Building permits issued","Leisure","Number","223","units","0","v41000037","1.6.1","12557","","","","0"
"2025-02","Jarlgate","2021A000012791","Building permits issued","Tyres","Number","223","units","0","v41000046","1.7.1","5363","","","","0"
"2025-02","Jarlgate","2021A000012791","Building permits issued","Health and beauty","Number","223","units","0","v41000051","1.8.1","18754","","","","0"
"2025-02","Jarlgate","2021A000012791","Building permits issued","Lighting","Number","223","units","0","v41000056","1.9.1","1122","","","","0"
"2025-02","Jarlgate","2021A000012791","Building permits issued","Cameras","Number","223","units","0","v41000063","1.10.1","2686","","","","0"
"2025-02","Jarlgate","2021A000012791","Building permits issued","Personal items","Number","223","units","0","v41000073","1.11.1","9703","","","","0"
"2025-02","Jarlgate","2021A000012791","Building permits issued","Food and drink","Number","223","units","0","v41000078","1.12.1","6876","","","","0"
"2025-02","Jarlgate","2021A000012791","Building permits issued","Fuel","Number","223","units","0","v41000086","1.13.1","4900","","","","0"
"2025-02","Jarlgate","2021A000012791","Building permits issued","Home goods","Number","223","units","0","v41000095","1.14.1","19249","","","","0"
"2025-02","Jarlgate","2021A000012791","Building permits issued","Auto parts","Number","223","units","0","v41000101","1.15.1","3231","","","","0"
"2025-02","Jarlgate","2021A000012791","Building permits issued","Jewellery","Number","223","units","0","v41000107","1.16.1","4972","","","","0"
"2025-02","Jarlgate","2021A000012791","Building permits issued","Tools","Number","223","units","0","v41000114","1.17.1","2334","","","","0"
"2025-02","Jarlgate","2021A000012791","Building permits issued","Medical supplies","Number","223","units","0","v41000122","1.18.1","2038","","","","0"
"2025-02","Jarlgate","2021A000012791","Building permits issued","Garden supplies","Number","223","units","0","v41000129","1.19.1","3841","","","","0"
"2025-02","Jarlgate","2021A000012791","Building permits issued","Office supplies","Number","223","units","0","v41000137","1.20.1","1603","","","","0"
"2025-02","Jarlgate","2021A000012791","Building permits issued","Craft supplies","Number","223","units","0","v41000141","1.21.1","4248","","","","0"
"2025-02","Jarlgate","2021A000012791","Building permits issued","Clothing and shoes","Number","223","units","0","v41000148","1.22.1","11710","","","","0"
"2025-02","Jarlgate","2021A000012791","Building permits issued","Farm supplies","Number","223","units","0","v41000157","1.23.1","4542","","","","0"
"2025-02","Jarlgate","2021A000012791","Building permits issued","Furniture","Number","223","units","0","v41000165","1.24.1","","..","","","0"
"2025-02","Ormdale","2021A000037090","Building permits issued","Full range","Number","223","units","0","v41000168","2.1.1","86528","","","","0"
"2025-02","Ormdale","2021A000037090","Building permits issued","Vehicles and fuel","Number","223","units","0","v41000179","2.2.1","10845","","","","0"
"2025-02","Ormdale","2021A000037090","Building permits issued","Gifts and novelties","Number","223","units","0","v41000183","2.3.1","16250","","","","0"
"2025-02","Ormdale","2021A000037090","Building permits issued","Pharmacies","Number","223","units","0","v41000192","2.4.1","7368","","","","0"
"2025-02","Ormdale","2021A000037090","Building permits issued","Grocery","Number","223","units","0","v41000200","2.5.1","7110","","","","0"
"2025-02","Ormdale","2021A000037090","Building permits issued","Leisure","Number","223","units","0","v41000203","2.6.1","21334","","","","0"
"2025-02","Ormdale","2021A000037090","Building permits issued","Tyres","Number","223","units","0","v41000210","2.7.1","9140","","","","0"
"2025-02","Ormdale","2021A000037090","Building permits issued","Health and beauty","Number","223","units","0","v41000219","2.8.1","32179","","","","0"
"2025-02","Ormdale","2021A000037090","Building permits issued","Lighting","Number","223","units","0","v41000225","2.9.1","1879","","","","0"
"2025-02","Ormdale","2021A000037090","Building permits issued","Cameras","Number","223","units","0","v41000234","2.10.1","4573","","","","0"
"2025-02","Ormdale","2021A000037090","Building permits issued","Personal items","Number","223","units","0","v41000242","2.11.1","16219","","","","0"
"2025-02","Ormdale","2021A000037090","Building permits issued","Food and drink","Number","223","units","0","v41000246","2.12.1","11753","","","","0"
"2025-02","Ormdale","2021A000037090","Building permits issued","Fuel","Number","223","units","0","v41000252","2.13.1","8478","","","","0"
"2025-02","Ormdale","2021A000037090","Building permits issued","Home goods","Number","223","units","0","v41000261","2.14.1","32469","","","","0"
"2025-02","Ormdale","2021A000037090","Building permits issued","Auto parts","Number","223","units","0","v41000269","2.15.1","5585","","","","0"
"2025-02","Ormdale","2021A000037090","Building permits issued","Jewellery","Number","223","units","0","v41000277","2.16.1","8283","","","","0"
"2025-02","Ormdale","2021A000037090","Building permits issued","Tools","Number","223","units","0","v41000281","2.17.1","4168","","","","0"
"2025-02","Ormdale","2021A000037090","Building permits issued","Medical supplies","Number","223","units","0","v41000291","2.18.1","3477","","","","0"
"2025-02","Ormdale","2021A000037090","Building permits issued","Garden supplies","Number","223","units","0","v41000294","2.19.1","6736","","","","0"
"2025-02","Ormdale","2021A000037090","Building permits issued","Office supplies","Number","223","units","0","v41000304","2.20.1","2663","","","","0"
"2025-02","Ormdale","2021A000037090","Building permits issued","Craft supplies","Number","223","units","0","v41000312","2.21.1","6753","","","","0"
"2025-02","Ormdale","2021A000037090","Building permits issued","Clothing and shoes","Number","223","units","0","v41000316","2.22.1","20001","","","","0"
"2025-02","Ormdale","2021A000037090","Building permits issued","Farm supplies","Number","223","units","0","v41000324","2.23.1","7585","","","","0"
"2025-02","Ormdale","2021A000037090","Building permits issued","Furniture","Number","223","units","0","v41000330","2.24.1","2731","","","","0"
"2025-03","Jarlgate","2021A000012791","Building permits issued","Full range","Number","223","units","0","v41000001","1.1.1","51814","","","","0"
"2025-03","Jarlgate","2021A000012791","Building permits issued","Vehicles and fuel","Number","223","units","0","v41000008","1.2.1","6399","","","","0"
"2025-03","Jarlgate","2021A000012791","Building permits issued","Gifts and novelties","Number","223","units","0","v41000018","1.3.1","9927","","","","0"
"2025-03","Jarlgate","2021A000012791","Building permits issued","Pharmacies","Number","223","units","0","v41000023","1.4.1","4239","","","","0"
"2025-03","Jarlgate","2021A000012791","Building permits issued","Grocery","Number","223","units","0","v41000030","1.5.1","4266","","","","0"
"2025-03","Jarlgate","2021A000012791","Building permits issued","Leisure","Number","223","units","0","v41000037","1.6.1","12712","","","","0"
"2025-03","Jarlgate","2021A000012791","Building permits issued","Tyres","Number","223","units","0","v41000046","1.7.1","5662","","","","0"
"2025-03","Jarlgate","2021A000012791","Building permits issued","Health and beauty","Number","223","units","0","v41000051","1.8.1","19111","","","","0"
"2025-03","Jarlgate","2021A000012791","Building permits issued","Lighting","Number","223","units","0","v41000056","1.9.1","1151","","","","0"
"2025-03","Jarlgate","2021A000012791","Building permits issued","Cameras","Number","223","units","0","v41000063","1.10.1","2727","","","","0"
"2025-03","Jarlgate","2021A000012791","Building permits issued","Personal items","Number","223","units","0","v41000073","1.11.1","9614","","","","0"
"2025-03","Jarlgate","2021A000012791","Building permits issued","Food and drink","Number","223","units","0","v41000078","1.12.1","7085","","","","0"
"2025-03","Jarlgate","2021A000012791","Building permits issued","Fuel","Number","223","units","0","v41000086","1.13.1","5088","","","","0"
"2025-03","Jarlgate","2021A000012791","Building permits issued","Home goods","Number","223","units","0","v41000095","1.14.1","19541","","","","0"
"2025-03","Jarlgate","2021A000012791","Building permits issued","Auto parts","Number","223","units","0","v41000101","1.15.1","3294","","","","0"
"2025-03","Jarlgate","2021A000012791","Building permits issued","Jewellery","Number","223","units","0","v41000107","1.16.1","4897","","","","0"
"2025-03","Jarlgate","2021A000012791","Building permits issued","Tools","Number","223","units","0","v41000114","1.17.1","2449","","","","0"
"2025-03","Jarlgate","2021A000012791","Building permits issued","Medical supplies","Number","223","units","0","v41000122","1.18.1","2160","","","","0"
"2025-03","Jarlgate","2021A000012791","Building permits issued","Garden supplies","Number","223","units","0","v41000129","1.19.1","3884","","","","0"
"2025-03","Jarlgate","2021A000012791","Building permits issued","Office supplies","Number","223","units","0","v41000137","1.20.1","1632","","","","0"
"2025-03","Jarlgate","2021A000012791","Building permits issued","Craft supplies","Number","223","units","0","v41000141","1.21.1","4174","","","","0"
"2025-03","Jarlgate","2021A000012791","Building permits issued","Clothing and shoes","Number","223","units","0","v41000148","1.22.1","12011","","","","0"
"2025-03","Jarlgate","2021A000012791","Building permits issued","Farm supplies","Number","223","units","0","v41000157","1.23.1","4636","","","","0"
"2025-03","Jarlgate","2021A000012791","Building permits issued","Furniture","Number","223","units","0","v41000165","1.24.1","1556","","","","0"
"2025-03","Ormdale","2021A000037090","Building permits issued","Full range","Number","223","units","0","v41000168","2.1.1","","..","","","0"
"2025-03","Ormdale","2021A000037090","Building permits issued","Vehicles and fuel","Number","223","units","0","v41000179","2.2.1","11066","","","","0"
"2025-03","Ormdale","2021A000037090","Building permits issued","Gifts and novelties","Number","223","units","0","v41000183","2.3.1","16406","","","","0"
"2025-03","Ormdale","2021A000037090","Building permits issued","Pharmacies","Number","223","units","0","v41000192","2.4.1","7417","","","","0"
"2025-03","Ormdale","2021A000037090","Building permits issued","Grocery","Number","223","units","0","v41000200","2.5.1","7129","","","","0"
"2025-03","Ormdale","2021A000037090","Building permits issued","Leisure","Number","223","units","0","v41000203","2.6.1","21726","","","","0"
"2025-03","Ormdale","2021A000037090","Building permits issued","Tyres","Number","223","units","0","v41000210","2.7.1","9277","","","","0"
"2025-03","Ormdale","2021A000037090","Building permits issued","Health and beauty","Number","223","units","0","v41000219","2.8.1","32793","","","","0"
"2025-03","Ormdale","2021A000037090","Building permits issued","Lighting","Number","223","units","0","v41000225","2.9.1","1865","","","","0"
"2025-03","Ormdale","2021A000037090","Building permits issued","Cameras","Number","223","units","0","v41000234","2.10.1","4806","","","","0"
"2025-03","Ormdale","2021A000037090","Building permits issued","Personal items","Number","223","units","0","v41000242","2.11.1","16793","","","","0"
"2025-03","Ormdale","2021A000037090","Building permits issued","Food and drink","Number","223","units","0","v41000246","2.12.1","12109","","","","0"
"2025-03","Ormdale","2021A000037090","Building permits issued","Fuel","Number","223","units","0","v41000252","2.13.1","8241","","","","0"
"2025-03","Ormdale","2021A000037090","Building permits issued","Home goods","Number","223","units","0","v41000261","2.14.1","33199","","","","0"
"2025-03","Ormdale","2021A000037090","Building permits issued","Auto parts","Number","223","units","0","v41000269","2.15.1","5599","","","","0"
"2025-03","Ormdale","2021A000037090","Building permits issued","Jewellery","Number","223","units","0","v41000277","2.16.1","8680","","","","0"
"2025-03","Ormdale","2021A000037090","Building permits issued","Tools","Number","223","units","0","v41000281","2.17.1","4014","","","","0"
"2025-03","Ormdale","2021A000037090","Building permits issued","Medical supplies","Number","223","units","0","v41000291","2.18.1","3649","","","","0"
"2025-03","Ormdale","2021A000037090","Building permits issued","Garden supplies","Number","223","units","0","v41000294","2.19.1","6762","","","","0"
"2025-03","Ormdale","2021A000037090","Building permits issued","Office supplies","Number","223","units","0","v41000304","2.20.1","2858","","","","0"
"2025-03","Ormdale","2021A000037090","Building permits issued","Craft supplies","Number","223","units","0","v41000312","2.21.1","7180","","","","0"
"2025-03","Ormdale","2021A000037090","Building permits issued","Clothing and shoes","Number","223","units","0","v41000316","2.22.1","20566","","","","0"
"2025-03","Ormdale","2021A000037090","Building permits issued","Farm supplies","Number","223","units","0","v41000324","2.23.1","8094","","","","0"
"2025-03","Ormdale","2021A000037090","Building permits issued","Furniture","Number","223","units","0","v41000330","2.24.1","2850","","","","0"
"2025-04","Jarlgate","2021A000012791","Building permits issued","Full range","Number","223","units","0","v41000001","1.1.1","50887","","","","0"
"2025-04","Jarlgate","2021A000012791","Building permits issued","Vehicles and fuel","Number","223","units","0","v41000008","1.2.1","6229","","","","0"
"2025-04","Jarlgate","2021A000012791","Building permits issued","Gifts and novelties","Number","223","units","0","v41000018","1.3.1","9633","","","","0"
"2025-04","Jarlgate","2021A000012791","Building permits issued","Pharmacies","Number","223","units","0","v41000023","1.4.1","4079","","","","0"
"2025-04","Jarlgate","2021A000012791","Building permits issued","Grocery","Number","223","units","0","v41000030","1.5.1","4274","","","","0"
"2025-04","Jarlgate","2021A000012791","Building permits issued","Leisure","Number","223","units","0","v41000037","1.6.1","12518","","","","0"
"2025-04","Jarlgate","2021A000012791","Building permits issued","Tyres","Number","223","units","0","v41000046","1.7.1","5360","","","","0"
"2025-04","Jarlgate","2021A000012791","Building permits issued","Health and beauty","Number","223","units","0","v41000051","1.8.1","18747","","","","0"
"2025-04","Jarlgate","2021A000012791","Building permits issued","Lighting","Number","223","units","0","v41000056","1.9.1","1127","","","","0"
"2025-04","Jarlgate","2021A000012791","Building permits issued","Cameras","Number","223","units","0","v41000063","1.10.1","2607","","","","0"
"2025-04","Jarlgate","2021A000012791","Building permits issued","Personal items","Number","223","units","0","v41000073","1.11.1","9814","","","","0"
"2025-04","Jarlgate","2021A000012791","Building permits issued","Food and drink","Number","223","units","0","v41000078","1.12.1","6856","","","","0"
"2025-04","Jarlgate","2021A000012791","Building permits issued","Fuel","Number","223","units","0","v41000086","1.13.1","4931","","","","0"
"2025-04","Jarlgate","2021A000012791","Building permits issued","Home goods","Number","223","units","0","v41000095","1.14.1","19448","","","","0"
"2025-04","Jarlgate","2021A000012791","Building permits issued","Auto parts","Number","223","units","0","v41000101","1.15.1","3108","","","","0"
"2025-04","Jarlgate","2021A000012791","Building permits issued","Jewellery","Number","223","units","0","v41000107","1.16.1","4981","","","","0"
"2025-04","Jarlgate","2021A000012791","Building permits issued","Tools","Number","223","units","0","v41000114","1.17.1","2345","","","","0"
"2025-04","Jarlgate","2021A000012791","Building permits issued","Medical supplies","Number","223","units","0","v41000122","1.18.1","2150","","","","0"
"2025-04","Jarlgate","2021A000012791","Building permits issued","Garden supplies","Number","223","units","0","v41000129","1.19.1","3947","","","","0"
"2025-04","Jarlgate","2021A000012791","Building permits issued","Office supplies","Number","223","units","0","v41000137","1.20.1","1602","","","","0"
"2025-04","Jarlgate","2021A000012791","Building permits issued","Craft supplies","Number","223","units","0","v41000141","1.21.1","4325","","","","0"
"2025-04","Jarlgate","2021A000012791","Building permits issued","Clothing and shoes","Number","223","units","0","v41000148","1.22.1","11566","","","","0"
"2025-04","Jarlgate","2021A000012791","Building permits issued","Farm supplies","Number","223","units","0","v41000157","1.23.1","4510","","","","0"
"2025-04","Jarlgate","2021A000012791","Building permits issued","Furniture","Number","223","units","0","v41000165","1.24.1","1542","","","","0"
"2025-04","Ormdale","2021A000037090","Building permits issued","Full range","Number","223","units","0","v41000168","2.1.1","86944","","","","0"
"2025-04","Ormdale","2021A000037090","Building permits issued","Vehicles and fuel","Number","223","units","0","v41000179","2.2.1","10996","","","","0"
"2025-04","Ormdale","2021A000037090","Building permits issued","Gifts and novelties","Number","223","units","0","v41000183","2.3.1","15940","","","","0"
"2025-04","Ormdale","2021A000037090","Building permits issued","Pharmacies","Number","223","units","0","v41000192","2.4.1","7447","","","","0"
"2025-04","Ormdale","2021A000037090","Building permits issued","Grocery","Number","223","units","0","v41000200","2.5.1","7143","","","","0"
"2025-04","Ormdale","2021A000037090","Building permits issued","Leisure","Number","223","units","0","v41000203","2.6.1","21477","","","","0"
"2025-04","Ormdale","2021A000037090","Building permits issued","Tyres","Number","223","units","0","v41000210","2.7.1","8797","","","","0"
"2025-04","Ormdale","2021A000037090","Building permits issued","Health and beauty","Number","223","units","0","v41000219","2.8.1","32472","","","","0"
"2025-04","Ormdale","2021A000037090","Building permits issued","Lighting","Number","223","units","0","v41000225","2.9.1","1842","","","","0"
"2025-04","Ormdale","2021A000037090","Building permits issued","Cameras","Number","223","units","0","v41000234","2.10.1","4819","","","","0"
"2025-04","Ormdale","2021A000037090","Building permits issued","Personal items","Number","223","units","0","v41000242","2.11.1","16901","","","","0"
"2025-04","Ormdale","2021A000037090","Building permits issued","Food and drink","Number","223","units","0","v41000246","2.12.1","11904","","","","0"
"2025-04","Ormdale","2021A000037090","Building permits issued","Fuel","Number","223","units","0","v41000252","2.13.1","8456","","","","0"
"2025-04","Ormdale","2021A000037090","Building permits issued","Home goods","Number","223","units","0","v41000261","2.14.1","32842","","","","0"
"2025-04","Ormdale","2021A000037090","Building permits issued","Auto parts","Number","223","units","0","v41000269","2.15.1","5132","","","","0"
"2025-04","Ormdale","2021A000037090","Building permits issued","Jewellery","Number","223","units","0","v41000277","2.16.1","8202","","","","0"
"2025-04","Ormdale","2021A000037090","Building permits issued","Tools","Number","223","units","0","v41000281","2.17.1","3997","","","","0"
"2025-04","Ormdale","2021A000037090","Building permits issued","Medical supplies","Number","223","units","0","v41000291","2.18.1","3548","","","","0"
"2025-04","Ormdale","2021A000037090","Building permits issued","Garden supplies","Number","223","units","0","v41000294","2.19.1","6928","","","","0"
"2025-04","Ormdale","2021A000037090","Building permits issued","Office supplies","Number","223","units","0","v41000304","2.20.1","2752","","","","0"
"2025-04","Ormdale","2021A000037090","Building permits issued","Craft supplies","Number","223","units","0","v41000312","2.21.1","7172","","","","0"
"2025-04","Ormdale","2021A000037090","Building permits issued","Clothing and shoes","Number","223","units","0","v41000316","2.22.1","19788","","","","0"
"2025-04","Ormdale","2021A000037090","Building permits issued","Farm supplies","Number","223","units","0","v41000324","2.23.1","7907","","","","0"
"2025-04","Ormdale","2021A000037090","Building permits issued","Furniture","Number","223","units","0","v41000330","2.24.1","","x","","","0"
"2025-05","Jarlgate","2021A000012791","Building permits issued","Full range","Number","223","units","0","v41000001","1.1.1","49023","","","","0"
"2025-05","Jarlgate","2021A000012791","Building permits issued","Vehicles and fuel","Number","223","units","0","v41000008","1.2.1","5759","","","","0"
"2025-05","Jarlgate","2021A000012791","Building permits issued","Gifts and novelties","Number","223","units","0","v41000018","1.3.1","9613","","","","0"
"2025-05","Jarlgate","2021A000012791","Building permits issued","Pharmacies","Number","223","units","0","v41000023","1.4.1","3803","","","","0"
"2025-05","Jarlgate","2021A000012791","Building permits issued","Grocery","Number","223","units","0","v41000030","1.5.1","4097","","","","0"
"2025-05","Jarlgate","2021A000012791","Building permits issued","Leisure","Number","223","units","0","v41000037","1.6.1","12123","","","","0"
"2025-05","Jarlgate","2021A000012791","Building permits issued","Tyres","Number","223","units","0","v41000046","1.7.1","5516","","","","0"
"2025-05","Jarlgate","2021A000012791","Building permits issued","Health and beauty","Number","223","units","0","v41000051","1.8.1","17882","","","","0"
"2025-05","Jarlgate","2021A000012791","Building permits issued","Lighting","Number","223","units","0","v41000056","1.9.1","1053","","","","0"
"2025-05","Jarlgate","2021A000012791","Building permits issued","Cameras","Number","223","units","0","v41000063","1.10.1","2540","","","","0"
"2025-05","Jarlgate","2021A000012791","Building permits issued","Personal items","Number","223","units","0","v41000073","1.11.1","9253","","","","0"
"2025-05","Jarlgate","2021A000012791","Building permits issued","Food and drink","Number","223","units","0","v41000078","1.12.1","6691","","","","0"
"2025-05","Jarlgate","2021A000012791","Building permits issued","Fuel","Number","223","units","0","v41000086","1.13.1","4900","","","","0"
"2025-05","Jarlgate","2021A000012791","Building permits issued","Home goods","Number","223","units","0","v41000095","1.14.1","18866","","","","0"
"2025-05","Jarlgate","2021A000012791","Building permits issued","Auto parts","Number","223","units","0","v41000101","1.15.1","3032","","","","0"
"2025-05","Jarlgate","2021A000012791","Building permits issued","Jewellery","Number","223","units","0","v41000107","1.16.1","4683","","","","0"
"2025-05","Jarlgate","2021A000012791","Building permits issued","Tools","Number","223","units","0","v41000114","1.17.1","2237","","","","0"
"2025-05","Jarlgate","2021A000012791","Building permits issued","Medical supplies","Number","223","units","0","v41000122","1.18.1","1956","","","","0"
"2025-05","Jarlgate","2021A000012791","Building permits issued","Garden supplies","Number","223","units","0","v41000129","1.19.1","3700","","","","0"
"2025-05","Jarlgate","2021A000012791","Building permits issued","Office supplies","Number","223","units","0","v41000137","1.20.1","1499","","","","0"
"2025-05","Jarlgate","2021A000012791","Building permits issued","Craft supplies","Number","223","units","0","v41000141","1.21.1","3986","","","","0"
"2025-05","Jarlgate","2021A000012791","Building permits issued","Clothing and shoes","Number","223","units","0","v41000148","1.22.1","11222","","","","0"
"2025-05","Jarlgate","2021A000012791","Building permits issued","Farm supplies","Number","223","units","0","v41000157","1.23.1","4453","","","","0"
"2025-05","Jarlgate","2021A000012791","Building permits issued","Furniture","Number","223","units","0","v41000165","1.24.1","1567","","","","0"
"2025-05","Ormdale","2021A000037090","Building permits issued","Full range","Number","223","units","0","v41000168","2.1.1","84004","","","","0"
"2025-05","Ormdale","2021A000037090","Building permits issued","Vehicles and fuel","Number","223","units","0","v41000179","2.2.1","10189","","","","0"
"2025-05","Ormdale","2021A000037090","Building permits issued","Gifts and novelties","Number","223","units","0","v41000183","2.3.1","15845","","","","0"
"2025-05","Ormdale","2021A000037090","Building permits issued","Pharmacies","Number","223","units","0","v41000192","2.4.1","6759","","","","0"
"2025-05","Ormdale","2021A000037090","Building permits issued","Grocery","Number","223","units","0","v41000200","2.5.1","6769","","","","0"
"2025-05","Ormdale","2021A000037090","Building permits issued","Leisure","Number","223","units","0","v41000203","2.6.1","20675","","","","0"
"2025-05","Ormdale","2021A000037090","Building permits issued","Tyres","Number","223","units","0","v41000210","2.7.1","9076","","","","0"
"2025-05","Ormdale","2021A000037090","Building permits issued","Health and beauty","Number","223","units","0","v41000219","2.8.1","30864","","","","0"
"2025-05","Ormdale","2021A000037090","Building permits issued","Lighting","Number","223","units","0","v41000225","2.9.1","1809","","","","0"
"2025-05","Ormdale","2021A000037090","Building permits issued","Cameras","Number","223","units","0","v41000234","2.10.1","4511","","","","0"
"2025-05","Ormdale","2021A000037090","Building permits issued","Personal items","Number","223","units","0","v41000242","2.11.1","16524","","","","0"
"2025-05","Ormdale","2021A000037090","Building permits issued","Food and drink","Number","223","units","0","v41000246","2.12.1","11160","","","","0"
"2025-05","Ormdale","2021A000037090","Building permits issued","Fuel","Number","223","units","0","v41000252","2.13.1","7875","","","","0"
"2025-05","Ormdale","2021A000037090","Building permits issued","Home goods","Number","223","units","0","v41000261","2.14.1","32369","","","","0"
"2025-05","Ormdale","2021A000037090","Building permits issued","Auto parts","Number","223","units","0","v41000269","2.15.1","5152","","","","0"
"2025-05","Ormdale","2021A000037090","Building permits issued","Jewellery","Number","223","units","0","v41000277","2.16.1","8289","","","","0"
"2025-05","Ormdale","2021A000037090","Building permits issued","Tools","Number","223","units","0","v41000281","2.17.1","3673","","","","0"
"2025-05","Ormdale","2021A000037090","Building permits issued","Medical supplies","Number","223","units","0","v41000291","2.18.1","3430","","","","0"
"2025-05","Ormdale","2021A000037090","Building permits issued","Garden supplies","Number","223","units","0","v41000294","2.19.1","6684","","","","0"
"2025-05","Ormdale","2021A000037090","Building permits issued","Office supplies","Number","223","units","0","v41000304","2.20.1","2651","","","","0"
"2025-05","Ormdale","2021A000037090","Building permits issued","Craft supplies","Number","223","units","0","v41000312","2.21.1","7088","","","","0"
"2025-05","Ormdale","2021A000037090","Building permits issued","Clothing and shoes","Number","223","units","0","v41000316","2.22.1","18962","","","","0"
"2025-05","Ormdale","2021A000037090","Building permits issued","Farm supplies","Number","223","units","0","v41000324","2.23.1","7486","","","","0"
"2025-05","Ormdale","2021A000037090","Building permits issued","Furniture","Number","223","units","0","v41000330","2.24.1","2752","","","","0"
"2025-06","Jarlgate","2021A000012791","Building permits issued","Full range","Number","223","units","0","v41000001","1.1.1","47534","","","","0"
"2025-06","Jarlgate","2021A000012791","Building permits issued","Vehicles and fuel","Number","223","units","0","v41000008","1.2.1","5983","","","","0"
"2025-06","Jarlgate","2021A000012791","Building permits issued","Gifts and novelties","Number","223","units","0","v41000018","1.3.1","8639","","","","0"
"2025-06","Jarlgate","2021A000012791","Building permits issued","Pharmacies","Number","223","units","0","v41000023","1.4.1","3980","","","","0"
"2025-06","Jarlgate","2021A000012791","Building permits issued","Grocery","Number","223","units","0","v41000030","1.5.1","3842","","","","0"
"2025-06","Jarlgate","2021A000012791","Building permits issued","Leisure","Number","223","units","0","v41000037","1.6.1","12035","","","","0"
"2025-06","Jarlgate","2021A000012791","Building permits issued","Tyres","Number","223","units","0","v41000046","1.7.1","4797","","","","0"
"2025-06","Jarlgate","2021A000012791","Building permits issued","Health and beauty","Number","223","units","0","v41000051","1.8.1","18018","","","","0"
"2025-06","Jarlgate","2021A000012791","Building permits issued","Lighting","Number","223","units","0","v41000056","1.9.1","","x","","","0"
"2025-06","Jarlgate","2021A000012791","Building permits issued","Cameras","Number","223","units","0","v41000063","1.10.1","2555","","","","0"
"2025-06","Jarlgate","2021A000012791","Building permits issued","Personal items","Number","223","units","0","v41000073","1.11.1","9089","","","","0"
"2025-06","Jarlgate","2021A000012791","Building permits issued","Food and drink","Number","223","units","0","v41000078","1.12.1","6423","","","","0"
"2025-06","Jarlgate","2021A000012791","Building permits issued","Fuel","Number","223","units","0","v41000086","1.13.1","4633","","","","0"
"2025-06","Jarlgate","2021A000012791","Building permits issued","Home goods","Number","223","units","0","v41000095","1.14.1","17728","","","","0"
"2025-06","Jarlgate","2021A000012791","Building permits issued","Auto parts","Number","223","units","0","v41000101","1.15.1","2913","","","","0"
"2025-06","Jarlgate","2021A000012791","Building permits issued","Jewellery","Number","223","units","0","v41000107","1.16.1","4846","","","","0"
"2025-06","Jarlgate","2021A000012791","Building permits issued","Tools","Number","223","units","0","v41000114","1.17.1","2237","","","","0"
"2025-06","Jarlgate","2021A000012791","Building permits issued","Medical supplies","Number","223","units","0","v41000122","1.18.1","2003","","","","0"
"2025-06","Jarlgate","2021A000012791","Building permits issued","Garden supplies","Number","223","units","0","v41000129","1.19.1","3864","","","","0"
"2025-06","Jarlgate","2021A000012791","Building permits issued","Office supplies","Number","223","units","0","v41000137","1.20.1","1454","","","","0"
"2025-06","Jarlgate","2021A000012791","Building permits issued","Craft supplies","Number","223","units","0","v41000141","1.21.1","3712","","","","0"
"2025-06","Jarlgate","2021A000012791","Building permits issued","Clothing and shoes","Number","223","units","0","v41000148","1.22.1","10791","","","","0"
"2025-06","Jarlgate","2021A000012791","Building permits issued","Farm supplies","Number","223","units","0","v41000157","1.23.1","4186","","","","0"
"2025-06","Jarlgate","2021A000012791","Building permits issued","Furniture","Number","223","units","0","v41000165","1.24.1","1513","","","","0"
"2025-06","Ormdale","2021A000037090","Building permits issued","Full range","Number","223","units","0","v41000168","2.1.1","80776","","","","0"
"2025-06","Ormdale","2021A000037090","Building permits issued","Vehicles and fuel","Number","223","units","0","v41000179","2.2.1","9859","","","","0"
"2025-06","Ormdale","2021A000037090","Building permits issued","Gifts and novelties","Number","223","units","0","v41000183","2.3.1","14982","","","","0"
"2025-06","Ormdale","2021A000037090","Building permits issued","Pharmacies","Number","223","units","0","v41000192","2.4.1","6452","","","","0"
"2025-06","Ormdale","2021A000037090","Building permits issued","Grocery","Number","223","units","0","v41000200","2.5.1","6691","","","","0"
"2025-06","Ormdale","2021A000037090","Building permits issued","Leisure","Number","223","units","0","v41000203","2.6.1","19607","","","","0"
"2025-06","Ormdale","2021A000037090","Building permits issued","Tyres","Number","223","units","0","v41000210","2.7.1","8291","","","","0"
"2025-06","Ormdale","2021A000037090","Building permits issued","Health and beauty","Number","223","units","0","v41000219","2.8.1","29466","","","","0"
"2025-06","Ormdale","2021A000037090","Building permits issued","Lighting","Number","223","units","0","v41000225","2.9.1","1721","","","","0"
"2025-06","Ormdale","2021A000037090","Building permits issued","Cameras","Number","223","units","0","v41000234","2.10.1","4317","","","","0"
"2025-06","Ormdale","2021A000037090","Building permits issued","Personal items","Number","223","units","0","v41000242","2.11.1","15694","","","","0"
"2025-06","Ormdale","2021A000037090","Building permits issued","Food and drink","Number","223","units","0","v41000246","2.12.1","11583","","","","0"
"2025-06","Ormdale","2021A000037090","Building permits issued","Fuel","Number","223","units","0","v41000252","2.13.1","7506","","","","0"
"2025-06","Ormdale","2021A000037090","Building permits issued","Home goods","Number","223","units","0","v41000261","2.14.1","30676","","","","0"
"2025-06","Ormdale","2021A000037090","Building permits issued","Auto parts","Number","223","units","0","v41000269","2.15.1","4839","","","","0"
"2025-06","Ormdale","2021A000037090","Building permits issued","Jewellery","Number","223","units","0","v41000277","2.16.1","7784","","","","0"
"2025-06","Ormdale","2021A000037090","Building permits issued","Tools","Number","223","units","0","v41000281","2.17.1","3634","","","","0"
"2025-06","Ormdale","2021A000037090","Building permits issued","Medical supplies","Number","223","units","0","v41000291","2.18.1","3407","","","","0"
"2025-06","Ormdale","2021A000037090","Building permits issued","Garden supplies","Number","223","units","0","v41000294","2.19.1","6401","","","","0"
"2025-06","Ormdale","2021A000037090","Building permits issued","Office supplies","Number","223","units","0","v41000304","2.20.1","2491","","","","0"
"2025-06","Ormdale","2021A000037090","Building permits issued","Craft supplies","Number","223","units","0","v41000312","2.21.1","6615","","","","0"
"2025-06","Ormdale","2021A000037090","Building permits issued","Clothing and shoes","Number","223","units","0","v41000316","2.22.1","18914","","","","0"
"2025-06","Ormdale","2021A000037090","Building permits issued","Farm supplies","Number","223","units","0","v41000324","2.23.1","7949","","","","0"
"2025-06","Ormdale","2021A000037090","Building permits issued","Furniture","Number","223","units","0","v41000330","2.24.1","2677","","","","0"
"2025-07","Jarlgate","2021A000012791","Building permits issued","Full range","Number","223","units","0","v41000001","1.1.1","","x","","","0"
"2025-07","Jarlgate","2021A000012791","Building permits issued","Vehicles and fuel","Number","223","units","0","v41000008","1.2.1","5671","","","","0"
"2025-07","Jarlgate","2021A000012791","Building permits issued","Gifts and novelties","Number","223","units","0","v41000018","1.3.1","8678","","","","0"
"2025-07","Jarlgate","2021A000012791","Building permits issued","Pharmacies","Number","223","units","0","v41000023","1.4.1","3694","","","","0"
"2025-07","Jarlgate","2021A000012791","Building permits issued","Grocery","Number","223","units","0","v41000030","1.5.1","3956","","","","0"
"2025-07","Jarlgate","2021A000012791","Building permits issued","Leisure","Number","223","units","0","v41000037","1.6.1","11566","","","","0"
"2025-07","Jarlgate","2021A000012791","Building permits issued","Tyres","Number","223","units","0","v41000046","1.7.1","4722","","","","0"
"2025-07","Jarlgate","2021A000012791","Building permits issued","Health and beauty","Number","223","units","0","v41000051","1.8.1","17237","","","","0"
"2025-07","Jarlgate","2021A000012791","Building permits issued","Lighting","Number","223","units","0","v41000056","1.9.1","988","","","","0"
"2025-07","Jarlgate","2021A000012791","Building permits issued","Cameras","Number","223","units","0","v41000063","1.10.1","2491","","","","0"
"2025-07","Jarlgate","2021A000012791","Building permits issued","Personal items","Number","223","units","0","v41000073","1.11.1","9107","","","","0"
"2025-07","Jarlgate","2021A000012791","Building permits issued","Food and drink","Number","223","units","0","v41000078","1.12.1","6503","","","","0"
"2025-07","Jarlgate","2021A000012791","Building permits issued","Fuel","Number","223","units","0","v41000086","1.13.1","4481","","","","0"
"2025-07","Jarlgate","2021A000012791","Building permits issued","Home goods","Number","223","units","0","v41000095","1.14.1","17785","","","","0"
"2025-07","Jarlgate","2021A000012791","Building permits issued","Auto parts","Number","223","units","0","v41000101","1.15.1","2977","","","","0"
"2025-07","Jarlgate","2021A000012791","Building permits issued","Jewellery","Number","223","units","0","v41000107","1.16.1","4595","","","","0"
"2025-07","Jarlgate","2021A000012791","Building permits issued","Tools","Number","223","units","0","v41000114","1.17.1","2196","","","","0"
"2025-07","Jarlgate","2021A000012791","Building permits issued","Medical supplies","Number","223","units","0","v41000122","1.18.1","1977","","","","0"
"2025-07","Jarlgate","2021A000012791","Building permits issued","Garden supplies","Number","223","units","0","v41000129","1.19.1","3563","","","","0"
"2025-07","Jarlgate","2021A000012791","Building permits issued","Office supplies","Number","223","units","0","v41000137","1.20.1","","x","","","0"
"2025-07","Jarlgate","2021A000012791","Building permits issued","Craft supplies","Number","223","units","0","v41000141","1.21.1","4081","","","","0"
"2025-07","Jarlgate","2021A000012791","Building permits issued","Clothing and shoes","Number","223","units","0","v41000148","1.22.1","10961","","","","0"
"2025-07","Jarlgate","2021A000012791","Building permits issued","Farm supplies","Number","223","units","0","v41000157","1.23.1","4307","","","","0"
"2025-07","Jarlgate","2021A000012791","Building permits issued","Furniture","Number","223","units","0","v41000165","1.24.1","","F","","","0"
"2025-07","Ormdale","2021A000037090","Building permits issued","Full range","Number","223","units","0","v41000168","2.1.1","81130","","","","0"
"2025-07","Ormdale","2021A000037090","Building permits issued","Vehicles and fuel","Number","223","units","0","v41000179","2.2.1","9907","","","","0"
"2025-07","Ormdale","2021A000037090","Building permits issued","Gifts and novelties","Number","223","units","0","v41000183","2.3.1","15172","","","","0"
"2025-07","Ormdale","2021A000037090","Building permits issued","Pharmacies","Number","223","units","0","v41000192","2.4.1","6517","","","","0"
"2025-07","Ormdale","2021A000037090","Building permits issued","Grocery","Number","223","units","0","v41000200","2.5.1","6500","","","","0"
"2025-07","Ormdale","2021A000037090","Building permits issued","Leisure","Number","223","units","0","v41000203","2.6.1","19783","","","","0"
"2025-07","Ormdale","2021A000037090","Building permits issued","Tyres","Number","223","units","0","v41000210","2.7.1","8672","","","","0"
"2025-07","Ormdale","2021A000037090","Building permits issued","Health and beauty","Number","223","units","0","v41000219","2.8.1","29690","","","","0"
"2025-07","Ormdale","2021A000037090","Building permits issued","Lighting","Number","223","units","0","v41000225","2.9.1","1698","","","","0"
"2025-07","Ormdale","2021A000037090","Building permits issued","Cameras","Number","223","units","0","v41000234","2.10.1","4244","","","","0"
"2025-07","Ormdale","2021A000037090","Building permits issued","Personal items","Number","223","units","0","v41000242","2.11.1","15726","","","","0"
"2025-07","Ormdale","2021A000037090","Building permits issued","Food and drink","Number","223","units","0","v41000246","2.12.1","10953","","","","0"
"2025-07","Ormdale","2021A000037090","Building permits issued","Fuel","Number","223","units","0","v41000252","2.13.1","7946","","","","0"
"2025-07","Ormdale","2021A000037090","Building permits issued","Home goods","Number","223","units","0","v41000261","2.14.1","30898","","","","0"
"2025-07","Ormdale","2021A000037090","Building permits issued","Auto parts","Number","223","units","0","v41000269","2.15.1","5200","","","","0"
"2025-07","Ormdale","2021A000037090","Building permits issued","Jewellery","Number","223","units","0","v41000277","2.16.1","7593","","","","0"
"2025-07","Ormdale","2021A000037090","Building permits issued","Tools","Number","223","units","0","v41000281","2.17.1","3755","","","","0"
"2025-07","Ormdale","2021A000037090","Building permits issued","Medical supplies","Number","223","units","0","v41000291","2.18.1","3390","","","","0"
"2025-07","Ormdale","2021A000037090","Building permits issued","Garden supplies","Number","223","units","0","v41000294","2.19.1","6259","","","","0"
"2025-07","Ormdale","2021A000037090","Building permits issued","Office supplies","Number","223","units","0","v41000304","2.20.1","2692","","","","0"
"2025-07","Ormdale","2021A000037090","Building permits issued","Craft supplies","Number","223","units","0","v41000312","2.21.1","6914","","","","0"
"2025-07","Ormdale","2021A000037090","Building permits issued","Clothing and shoes","Number","223","units","0","v41000316","2.22.1","18845","","","","0"
"2025-07","Ormdale","2021A000037090","Building permits issued","Farm supplies","Number","223","units","0","v41000324","2.23.1","7197","","","","0"
"2025-07","Ormdale","2021A000037090","Building permits issued","Furniture","Number","223","units","0","v41000330","2.24.1","2553","","","","0"
"2025-08","Jarlgate","2021A000012791","Building permits issued","Full range","Number","223","units","0","v41000001","1.1.1","46107","","","","0"
"2025-08","Jarlgate","2021A000012791","Building permits issued","Vehicles and fuel","Number","223","units","0","v41000008","1.2.1","5662","","","","0"
"2025-08","Jarlgate","2021A000012791","Building permits issued","Gifts and novelties","Number","223","units","0","v41000018","1.3.1","8711","","","","0"
"2025-08","Jarlgate","2021A000012791","Building permits issued","Pharmacies","Number","223","units","0","v41000023","1.4.1","3822","","","","0"
"2025-08","Jarlgate","2021A000012791","Building permits issued","Grocery","Number","223","units","0","v41000030","1.5.1","3725","","","","0"
"2025-08","Jarlgate","2021A000012791","Building permits issued","Leisure","Number","223","units","0","v41000037","1.6.1","11158","","","","0"
"2025-08","Jarlgate","2021A000012791","Building permits issued","Tyres","Number","223","units","0","v41000046","1.7.1","4987","","","","0"
"2025-08","Jarlgate","2021A000012791","Building permits issued","Health and beauty","Number","223","units","0","v41000051","1.8.1","16821","","","","0"
"2025-08","Jarlgate","2021A000012791","Building permits issued","Lighting","Number","223","units","0","v41000056","1.9.1","973","","","","0"
"2025-08","Jarlgate","2021A000012791","Building permits issued","Cameras","Number","223","units","0","v41000063","1.10.1","2525","","","","0"
"2025-08","Jarlgate","2021A000012791","Building permits issued","Personal items","Number","223","units","0","v41000073","1.11.1","8794","","","","0"
"2025-08","Jarlgate","2021A000012791","Building permits issued","Food and drink","Number","223","units","0","v41000078","1.12.1","6440","","","","0"
"2025-08","Jarlgate","2021A000012791","Building permits issued","Fuel","Number","223","units","0","v41000086","1.13.1","4363","","","","0"
"2025-08","Jarlgate","2021A000012791","Building permits issued","Home goods","Number","223","units","0","v41000095","1.14.1","17505","","","","0"
"2025-08","Jarlgate","2021A000012791","Building permits issued","Auto parts","Number","223","units","0","v41000101","1.15.1","2953","","","","0"
"2025-08","Jarlgate","2021A000012791","Building permits issued","Jewellery","Number","223","units","0","v41000107","1.16.1","4271","","","","0"
"2025-08","Jarlgate","2021A000012791","Building permits issued","Tools","Number","223","units","0","v41000114","1.17.1","2117","","","","0"
"2025-08","Jarlgate","2021A000012791","Building permits issued","Medical supplies","Number","223","units","0","v41000122","1.18.1","1841","","","","0"
"2025-08","Jarlgate","2021A000012791","Building permits issued","Garden supplies","Number","223","units","0","v41000129","1.19.1","3437","","","","0"
"2025-08","Jarlgate","2021A000012791","Building permits issued","Office supplies","Number","223","units","0","v41000137","1.20.1","1415","","","","0"
"2025-08","Jarlgate","2021A000012791","Building permits issued","Craft supplies","Number","223","units","0","v41000141","1.21.1","3877","","","","0"
"2025-08","Jarlgate","2021A000012791","Building permits issued","Clothing and shoes","Number","223","units","0","v41000148","1.22.1","10809","","","","0"
"2025-08","Jarlgate","2021A000012791","Building permits issued","Farm supplies","Number","223","units","0","v41000157","1.23.1","4323","","","","0"
"2025-08","Jarlgate","2021A000012791","Building permits issued","Furniture","Number","223","units","0","v41000165","1.24.1","1481","","","","0"
"2025-08","Ormdale","2021A000037090","Building permits issued","Full range","Number","223","units","0","v41000168","2.1.1","80639","","","","0"
"2025-08","Ormdale","2021A000037090","Building permits issued","Vehicles and fuel","Number","223","units","0","v41000179","2.2.1","9513","","","","0"
"2025-08","Ormdale","2021A000037090","Building permits issued","Gifts and novelties","Number","223","units","0","v41000183","2.3.1","15299","","","","0"
"2025-08","Ormdale","2021A000037090","Building permits issued","Pharmacies","Number","223","units","0","v41000192","2.4.1","6277","","","","0"
"2025-08","Ormdale","2021A000037090","Building permits issued","Grocery","Number","223","units","0","v41000200","2.5.1","6675","","","","0"
"2025-08","Ormdale","2021A000037090","Building permits issued","Leisure","Number","223","units","0","v41000203","2.6.1","19712","","","","0"
"2025-08","Ormdale","2021A000037090","Building permits issued","Tyres","Number","223","units","0","v41000210","2.7.1","8624","","","","0"
"2025-08","Ormdale","2021A000037090","Building permits issued","Health and beauty","Number","223","units","0","v41000219","2.8.1","29225","","","","0"
"2025-08","Ormdale","2021A000037090","Building permits issued","Lighting","Number","223","units","0","v41000225","2.9.1","1622","","","","0"
"2025-08","Ormdale","2021A000037090","Building permits issued","Cameras","Number","223","units","0","v41000234","2.10.1","4344","","","","0"
"2025-08","Ormdale","2021A000037090","Building permits issued","Personal items","Number","223","units","0","v41000242","2.11.1","15861","","","","0"
"2025-08","Ormdale","2021A000037090","Building permits issued","Food and drink","Number","223","units","0","v41000246","2.12.1","11010","","","","0"
"2025-08","Ormdale","2021A000037090","Building permits issued","Fuel","Number","223","units","0","v41000252","2.13.1","7483","","","","0"
"2025-08","Ormdale","2021A000037090","Building permits issued","Home goods","Number","223","units","0","v41000261","2.14.1","31159","","","","0"
"2025-08","Ormdale","2021A000037090","Building permits issued","Auto parts","Number","223","units","0","v41000269","2.15.1","5166","","","","0"
"2025-08","Ormdale","2021A000037090","Building permits issued","Jewellery","Number","223","units","0","v41000277","2.16.1","7886","","","","0"
"2025-08","Ormdale","2021A000037090","Building permits issued","Tools","Number","223","units","0","v41000281","2.17.1","3627","","","","0"
"2025-08","Ormdale","2021A000037090","Building permits issued","Medical supplies","Number","223","units","0","v41000291","2.18.1","3236","","","","0"
"2025-08","Ormdale","2021A000037090","Building permits issued","Garden supplies","Number","223","units","0","v41000294","2.19.1","6445","","","","0"
"2025-08","Ormdale","2021A000037090","Building permits issued","Office supplies","Number","223","units","0","v41000304","2.20.1","2457","","","","0"
"2025-08","Ormdale","2021A000037090","Building permits issued","Craft supplies","Number","223","units","0","v41000312","2.21.1","6845","","","","0"
"2025-08","Ormdale","2021A000037090","Building permits issued","Clothing and shoes","Number","223","units","0","v41000316","2.22.1","18633","","","","0"
"2025-08","Ormdale","2021A000037090","Building permits issued","Farm supplies","Number","223","units","0","v41000324","2.23.1","7383","","","","0"
"2025-08","Ormdale","2021A000037090","Building permits issued","Furniture","Number","223","units","0","v41000330","2.24.1","2571","","","","0"
"2025-09","Jarlgate","2021A000012791","Building permits issued","Full range","Number","223","units","0","v41000001","1.1.1","44891","","","","0"
"2025-09","Jarlgate","2021A000012791","Building permits issued","Vehicles and fuel","Number","223","units","0","v41000008","1.2.1","5302","","","","0"
"2025-09","Jarlgate","2021A000012791","Building permits issued","Gifts and novelties","Number","223","units","0","v41000018","1.3.1","8542","","","","0"
"2025-09","Jarlgate","2021A000012791","Building permits issued","Pharmacies","Number","223","units","0","v41000023","1.4.1","3509","","","","0"
"2025-09","Jarlgate","2021A000012791","Building permits issued","Grocery","Number","223","units","0","v41000030","1.5.1","3620","","","","0"
"2025-09","Jarlgate","2021A000012791","Building permits issued","Leisure","Number","223","units","0","v41000037","1.6.1","11195","","","","0"
"2025-09","Jarlgate","2021A000012791","Building permits issued","Tyres","Number","223","units","0","v41000046","1.7.1","4922","","","","0"
"2025-09","Jarlgate","2021A000012791","Building permits issued","Health and beauty","Number","223","units","0","v41000051","1.8.1","16497","","","","0"
"2025-09","Jarlgate","2021A000012791","Building permits issued","Lighting","Number","223","units","0","v41000056","1.9.1","967","","","","0"
"2025-09","Jarlgate","2021A000012791","Building permits issued","Cameras","Number","223","units","0","v41000063","1.10.1","2376","","","","0"
"2025-09","Jarlgate","2021A000012791","Building permits issued","Personal items","Number","223","units","0","v41000073","1.11.1","8608","","","","0"
"2025-09","Jarlgate","2021A000012791","Building permits issued","Food and drink","Number","223","units","0","v41000078","1.12.1","6148","","","","0"
"2025-09","Jarlgate","2021A000012791","Building permits issued","Fuel","Number","223","units","0","v41000086","1.13.1","4429","","","","0"
"2025-09","Jarlgate","2021A000012791","Building permits issued","Home goods","Number","223","units","0","v41000095","1.14.1","17150","","","","0"
"2025-09","Jarlgate","2021A000012791","Building permits issued","Auto parts","Number","223","units","0","v41000101","1.15.1","2760","","","","0"
"2025-09","Jarlgate","2021A000012791","Building permits issued","Jewellery","Number","223","units","0","v41000107","1.16.1","4391","","","","0"
"2025-09","Jarlgate","2021A000012791","Building permits issued","Tools","Number","223","units","0","v41000114","1.17.1","2065","","","","0"
"2025-09","Jarlgate","2021A000012791","Building permits issued","Medical supplies","Number","223","units","0","v41000122","1.18.1","1792","","","","0"
"2025-09","Jarlgate","2021A000012791","Building permits issued","Garden supplies","Number","223","units","0","v41000129","1.19.1","3459","","","","0"
"2025-09","Jarlgate","2021A000012791","Building permits issued","Office supplies","Number","223","units","0","v41000137","1.20.1","1369","","","","0"
"2025-09","Jarlgate","2021A000012791","Building permits issued","Craft supplies","Number","223","units","0","v41000141","1.21.1","3663","","","","0"
"2025-09","Jarlgate","2021A000012791","Building permits issued","Clothing and shoes","Number","223","units","0","v41000148","1.22.1","10277","","","","0"
"2025-09","Jarlgate","2021A000012791","Building permits issued","Farm supplies","Number","223","units","0","v41000157","1.23.1","4083","","","","0"
"2025-09","Jarlgate","2021A000012791","Building permits issued","Furniture","Number","223","units","0","v41000165","1.24.1","1486","","","","0"
"2025-09","Ormdale","2021A000037090","Building permits issued","Full range","Number","223","units","0","v41000168","2.1.1","78261","","","","0"
"2025-09","Ormdale","2021A000037090","Building permits issued","Vehicles and fuel","Number","223","units","0","v41000179","2.2.1","9117","","","","0"
"2025-09","Ormdale","2021A000037090","Building permits issued","Gifts and novelties","Number","223","units","0","v41000183","2.3.1","14742","","","","0"
"2025-09","Ormdale","2021A000037090","Building permits issued","Pharmacies","Number","223","units","0","v41000192","2.4.1","5998","","","","0"
"2025-09","Ormdale","2021A000037090","Building permits issued","Grocery","Number","223","units","0","v41000200","2.5.1","6504","","","","0"
"2025-09","Ormdale","2021A000037090","Building permits issued","Leisure","Number","223","units","0","v41000203","2.6.1","19276","","","","0"
"2025-09","Ormdale","2021A000037090","Building permits issued","Tyres","Number","223","units","0","v41000210","2.7.1","8238","","","","0"
"2025-09","Ormdale","2021A000037090","Building permits issued","Health and beauty","Number","223","units","0","v41000219","2.8.1","28393","","","","0"
"2025-09","Ormdale","2021A000037090","Building permits issued","Lighting","Number","223","units","0","v41000225","2.9.1","","x","","","0"
"2025-09","Ormdale","2021A000037090","Building permits issued","Cameras","Number","223","units","0","v41000234","2.10.1","3997","","","","0"
"2025-09","Ormdale","2021A000037090","Building permits issued","Personal items","Number","223","units","0","v41000242","2.11.1","15153","","","","0"
"2025-09","Ormdale","2021A000037090","Building permits issued","Food and drink","Number","223","units","0","v41000246","2.12.1","10883","","","","0"
"2025-09","Ormdale","2021A000037090","Building permits issued","Fuel","Number","223","units","0","v41000252","2.13.1","7451","","","","0"
"2025-09","Ormdale","2021A000037090","Building permits issued","Home goods","Number","223","units","0","v41000261","2.14.1","29895","","","","0"
"2025-09","Ormdale","2021A000037090","Building permits issued","Auto parts","Number","223","units","0","v41000269","2.15.1","5005","","","","0"
"2025-09","Ormdale","2021A000037090","Building permits issued","Jewellery","Number","223","units","0","v41000277","2.16.1","7827","","","","0"
"2025-09","Ormdale","2021A000037090","Building permits issued","Tools","Number","223","units","0","v41000281","2.17.1","3791","","","","0"
"2025-09","Ormdale","2021A000037090","Building permits issued","Medical supplies","Number","223","units","0","v41000291","2.18.1","3119","","","","0"
"2025-09","Ormdale","2021A000037090","Building permits issued","Garden supplies","Number","223","units","0","v41000294","2.19.1","6018","","","","0"
"2025-09","Ormdale","2021A000037090","Building permits issued","Office supplies","Number","223","units","0","v41000304","2.20.1","2426","","","","0"
"2025-09","Ormdale","2021A000037090","Building permits issued","Craft supplies","Number","223","units","0","v41000312","2.21.1","6592","","","","0"
"2025-09","Ormdale","2021A000037090","Building permits issued","Clothing and shoes","Number","223","units","0","v41000316","2.22.1","18314","","","","0"
"2025-09","Ormdale","2021A000037090","Building permits issued","Farm supplies","Number","223","units","0","v41000324","2.23.1","7092","","","","0"
"2025-09","Ormdale","2021A000037090","Building permits issued","Furniture","Number","223","units","0","v41000330","2.24.1","2542","","","","0"
"2025-10","Jarlgate","2021A000012791","Building permits issued","Full range","Number","223","units","0","v41000001","1.1.1","42664","","","","0"
"2025-10","Jarlgate","2021A000012791","Building permits issued","Vehicles and fuel","Number","223","units","0","v41000008","1.2.1","5038","","","","0"
"2025-10","Jarlgate","2021A000012791","Building permits issued","Gifts and novelties","Number","223","units","0","v41000018","1.3.1","8153","","","","0"
"2025-10","Jarlgate","2021A000012791","Building permits issued","Pharmacies","Number","223","units","0","v41000023","1.4.1","3300","","","","0"
"2025-10","Jarlgate","2021A000012791","Building permits issued","Grocery","Number","223","units","0","v41000030","1.5.1","3600","","","","0"
"2025-10","Jarlgate","2021A000012791","Building permits issued","Leisure","Number","223","units","0","v41000037","1.6.1","10584","","","","0"
"2025-10","Jarlgate","2021A000012791","Building permits issued","Tyres","Number","223","units","0","v41000046","1.7.1","4552","","","","0"
"2025-10","Jarlgate","2021A000012791","Building permits issued","Health and beauty","Number","223","units","0","v41000051","1.8.1","15622","","","","0"
"2025-10","Jarlgate","2021A000012791","Building permits issued","Lighting","Number","223","units","0","v41000056","1.9.1","914","","","","0"
"2025-10","Jarlgate","2021A000012791","Building permits issued","Cameras","Number","223","units","0","v41000063","1.10.1","2272","","","","0"
"2025-10","Jarlgate","2021A000012791","Building permits issued","Personal items","Number","223","units","0","v41000073","1.11.1","8245","","","","0"
"2025-10","Jarlgate","2021A000012791","Building permits issued","Food and drink","Number","223","units","0","v41000078","1.12.1","5848","","","","0"
"2025-10","Jarlgate","2021A000012791","Building permits issued","Fuel","Number","223","units","0","v41000086","1.13.1","4221","","","","0"
"2025-10","Jarlgate","2021A000012791","Building permits issued","Home goods","Number","223","units","0","v41000095","1.14.1","16398","","","","0"
"2025-10","Jarlgate","2021A000012791","Building permits issued","Auto parts","Number","223","units","0","v41000101","1.15.1","2576","","","","0"
"2025-10","Jarlgate","2021A000012791","Building permits issued","Jewellery","Number","223","units","0","v41000107","1.16.1","4091","","","","0"
"2025-10","Jarlgate","2021A000012791","Building permits issued","Tools","Number","223","units","0","v41000114","1.17.1","1918","","","","0"
"2025-10","Jarlgate","2021A000012791","Building permits issued","Medical supplies","Number","223","units","0","v41000122","1.18.1","1738","","","","0"
"2025-10","Jarlgate","2021A000012791","Building permits issued","Garden supplies","Number","223","units","0","v41000129","1.19.1","3370","","","","0"
"2025-10","Jarlgate","2021A000012791","Building permits issued","Office supplies","Number","223","units","0","v41000137","1.20.1","1305","","","","0"
"2025-10","Jarlgate","2021A000012791","Building permits issued","Craft supplies","Number","223","units","0","v41000141","1.21.1","3489","","","","0"
"2025-10","Jarlgate","2021A000012791","Building permits issued","Clothing and shoes","Number","223","units","0","v41000148","1.22.1","9730","","","","0"
"2025-10","Jarlgate","2021A000012791","Building permits issued","Farm supplies","Number","223","units","0","v41000157","1.23.1","3930","","","","0"
"2025-10","Jarlgate","2021A000012791","Building permits issued","Furniture","Number","223","units","0","v41000165","1.24.1","1386","","","","0"
"2025-10","Ormdale","2021A000037090","Building permits issued","Full range","Number","223","units","0","v41000168","2.1.1","74006","","","","0"
"2025-10","Ormdale","2021A000037090","Building permits issued","Vehicles and fuel","Number","223","units","0","v41000179","2.2.1","8889","","","","0"
"2025-10","Ormdale","2021A000037090","Building permits issued","Gifts and novelties","Number","223","units","0","v41000183","2.3.1","13581","","","","0"
"2025-10","Ormdale","2021A000037090","Building permits issued","Pharmacies","Number","223","units","0","v41000192","2.4.1","5672","","","","0"
"2025-10","Ormdale","2021A000037090","Building permits issued","Grocery","Number","223","units","0","v41000200","2.5.1","5975","","","","0"
"2025-10","Ormdale","2021A000037090","Building permits issued","Leisure","Number","223","units","0","v41000203","2.6.1","18676","","","","0"
"2025-10","Ormdale","2021A000037090","Building permits issued","Tyres","Number","223","units","0","v41000210","2.7.1","7606","","","","0"
"2025-10","Ormdale","2021A000037090","Building permits issued","Health and beauty","Number","223","units","0","v41000219","2.8.1","27564","","","","0"
"2025-10","Ormdale","2021A000037090","Building permits issued","Lighting","Number","223","units","0","v41000225","2.9.1","1509","","","","0"
"2025-10","Ormdale","2021A000037090","Building permits issued","Cameras","Number","223","units","0","v41000234","2.10.1","3868","","","","0"
"2025-10","Ormdale","2021A000037090","Building permits issued","Personal items","Number","223","units","0","v41000242","2.11.1","14087","","","","0"
"2025-10","Ormdale","2021A000037090","Building permits issued","Food and drink","Number","223","units","0","v41000246","2.12.1","10332","","","","0"
"2025-10","Ormdale","2021A000037090","Building permits issued","Fuel","Number","223","units","0","v41000252","2.13.1","7518","","","","0"
"2025-10","Ormdale","2021A000037090","Building permits issued","Home goods","Number","223","units","0","v41000261","2.14.1","27668","","","","0"
"2025-10","Ormdale","2021A000037090","Building permits issued","Auto parts","Number","223","units","0","v41000269","2.15.1","4647","","","","0"
"2025-10","Ormdale","2021A000037090","Building permits issued","Jewellery","Number","223","units","0","v41000277","2.16.1","7290","","","","0"
"2025-10","Ormdale","2021A000037090","Building permits issued","Tools","Number","223","units","0","v41000281","2.17.1","","x","","","0"
"2025-10","Ormdale","2021A000037090","Building permits issued","Medical supplies","Number","223","units","0","v41000291","2.18.1","","x","","","0"
"2025-10","Ormdale","2021A000037090","Building permits issued","Garden supplies","Number","223","units","0","v41000294","2.19.1","5777","","","","0"
"2025-10","Ormdale","2021A000037090","Building permits issued","Office supplies","Number","223","units","0","v41000304","2.20.1","2285","","","","0"
"2025-10","Ormdale","2021A000037090","Building permits issued","Craft supplies","Number","223","units","0","v41000312","2.21.1","5962","","","","0"
"2025-10","Ormdale","2021A000037090","Building permits issued","Clothing and shoes","Number","223","units","0","v41000316","2.22.1","17264","","","","0"
"2025-10","Ormdale","2021A000037090","Building permits issued","Farm supplies","Number","223","units","0","v41000324","2.23.1","6827","","","","0"
"2025-10","Ormdale","2021A000037090","Building permits issued","Furniture","Number","223","units","0","v41000330","2.24.1","2348","","","","0"
"2025-11","Jarlgate","2021A000012791","Building permits issued","Full range","Number","223","units","0","v41000001","1.1.1","42179","","","","0"
"2025-11","Jarlgate","2021A000012791","Building permits issued","Vehicles and fuel","Number","223","units","0","v41000008","1.2.1","5152","","","","0"
"2025-11","Jarlgate","2021A000012791","Building permits issued","Gifts and novelties","Number","223","units","0","v41000018","1.3.1","7770","","","","0"
"2025-11","Jarlgate","2021A000012791","Building permits issued","Pharmacies","Number","223","units","0","v41000023","1.4.1","3389","","","","0"
"2025-11","Jarlgate","2021A000012791","Building permits issued","Grocery","Number","223","units","0","v41000030","1.5.1","3379","","","","0"
"2025-11","Jarlgate","2021A000012791","Building permits issued","Leisure","Number","223","units","0","v41000037","1.6.1","10437","","","","0"
"2025-11","Jarlgate","2021A000012791","Building permits issued","Tyres","Number","223","units","0","v41000046","1.7.1","4391","","","","0"
"2025-11","Jarlgate","2021A000012791","Building permits issued","Health and beauty","Number","223","units","0","v41000051","1.8.1","15589","","","","0"
"2025-11","Jarlgate","2021A000012791","Building permits issued","Lighting","Number","223","units","0","v41000056","1.9.1","865","","","","0"
"2025-11","Jarlgate","2021A000012791","Building permits issued","Cameras","Number","223","units","0","v41000063","1.10.1","2241","","","","0"
"2025-11","Jarlgate","2021A000012791","Building permits issued","Personal items","Number","223","units","0","v41000073","1.11.1","8172","","","","0"
"2025-11","Jarlgate","2021A000012791","Building permits issued","Food and drink","Number","223","units","0","v41000078","1.12.1","5825","","","","0"
"2025-11","Jarlgate","2021A000012791","Building permits issued","Fuel","Number","223","units","0","v41000086","1.13.1","4060","","","","0"
"2025-11","Jarlgate","2021A000012791","Building permits issued","Home goods","Number","223","units","0","v41000095","1.14.1","15943","","","","0"
"2025-11","Jarlgate","2021A000012791","Building permits issued","Auto parts","Number","223","units","0","v41000101","1.15.1","2661","","","","0"
"2025-11","Jarlgate","2021A000012791","Building permits issued","Jewellery","Number","223","units","0","v41000107","1.16.1","4135","","","","0"
"2025-11","Jarlgate","2021A000012791","Building permits issued","Tools","Number","223","units","0","v41000114","1.17.1","1914","","","","0"
"2025-11","Jarlgate","2021A000012791","Building permits issued","Medical supplies","Number","223","units","0","v41000122","1.18.1","1763","","","","0"
"2025-11","Jarlgate","2021A000012791","Building permits issued","Garden supplies","Number","223","units","0","v41000129","1.19.1","3242","","","","0"
"2025-11","Jarlgate","2021A000012791","Building permits issued","Office supplies","Number","223","units","0","v41000137","1.20.1","1298","","","","0"
"2025-11","Jarlgate","2021A000012791","Building permits issued","Craft supplies","Number","223","units","0","v41000141","1.21.1","3611","","","","0"
"2025-11","Jarlgate","2021A000012791","Building permits issued","Clothing and shoes","Number","223","units","0","v41000148","1.22.1","9783","","","","0"
"2025-11","Jarlgate","2021A000012791","Building permits issued","Farm supplies","Number","223","units","0","v41000157","1.23.1","3911","","","","0"
"2025-11","Jarlgate","2021A000012791","Building permits issued","Furniture","Number","223","units","0","v41000165","1.24.1","1320","","","","0"
"2025-11","Ormdale","2021A000037090","Building permits issued","Full range","Number","223","units","0","v41000168","2.1.1","73756","","","","0"
"2025-11","Ormdale","2021A000037090","Building permits issued","Vehicles and fuel","Number","223","units","0","v41000179","2.2.1","9059","","","","0"
"2025-11","Ormdale","2021A000037090","Building permits issued","Gifts and novelties","Number","223","units","0","v41000183","2.3.1","14288","","","","0"
"2025-11","Ormdale","2021A000037090","Building permits issued","Pharmacies","Number","223","units","0","v41000192","2.4.1","6052","","","","0"
"2025-11","Ormdale","2021A000037090","Building permits issued","Grocery","Number","223","units","0","v41000200","2.5.1","6285","","","","0"
"2025-11","Ormdale","2021A000037090","Building permits issued","Leisure","Number","223","units","0","v41000203","2.6.1","17640","","","","0"
"2025-11","Ormdale","2021A000037090","Building permits issued","Tyres","Number","223","units","0","v41000210","2.7.1","8003","","","","0"
"2025-11","Ormdale","2021A000037090","Building permits issued","Health and beauty","Number","223","units","0","v41000219","2.8.1","26699","","","","0"
"2025-11","Ormdale","2021A000037090","Building permits issued","Lighting","Number","223","units","0","v41000225","2.9.1","1521","","","","0"
"2025-11","Ormdale","2021A000037090","Building permits issued","Cameras","Number","223","units","0","v41000234","2.10.1","3849","","","","0"
"2025-11","Ormdale","2021A000037090","Building permits issued","Personal items","Number","223","units","0","v41000242","2.11.1","14304","","","","0"
"2025-11","Ormdale","2021A000037090","Building permits issued","Food and drink","Number","223","units","0","v41000246","2.12.1","10105","","","","0"
"2025-11","Ormdale","2021A000037090","Building permits issued","Fuel","Number","223","units","0","v41000252","2.13.1","6676","","","","0"
"2025-11","Ormdale","2021A000037090","Building permits issued","Home goods","Number","223","units","0","v41000261","2.14.1","28592","","","","0"
"2025-11","Ormdale","2021A000037090","Building permits issued","Auto parts","Number","223","units","0","v41000269","2.15.1","4538","","","","0"
"2025-11","Ormdale","2021A000037090","Building permits issued","Jewellery","Number","223","units","0","v41000277","2.16.1","7115","","","","0"
"2025-11","Ormdale","2021A000037090","Building permits issued","Tools","Number","223","units","0","v41000281","2.17.1","3308","","","","0"
"2025-11","Ormdale","2021A000037090","Building permits issued","Medical supplies","Number","223","units","0","v41000291","2.18.1","3007","","","","0"
"2025-11","Ormdale","2021A000037090","Building permits issued","Garden supplies","Number","223","units","0","v41000294","2.19.1","5736","","","","0"
"2025-11","Ormdale","2021A000037090","Building permits issued","Office supplies","Number","223","units","0","v41000304","2.20.1","2302","","","","0"
"2025-11","Ormdale","2021A000037090","Building permits issued","Craft supplies","Number","223","units","0","v41000312","2.21.1","6199","","","","0"
"2025-11","Ormdale","2021A000037090","Building permits issued","Clothing and shoes","Number","223","units","0","v41000316","2.22.1","16944","","","","0"
"2025-11","Ormdale","2021A000037090","Building permits issued","Farm supplies","Number","223","units","0","v41000324","2.23.1","6796","","","","0"
"2025-11","Ormdale","2021A000037090","Building permits issued","Furniture","Number","223","units","0","v41000330","2.24.1","2368","","","","0"
"2025-12","Jarlgate","2021A000012791","Building permits issued","Full range","Number","223","units","0","v41000001","1.1.1","44581","","","","0"
"2025-12","Jarlgate","2021A000012791","Building permits issued","Vehicles and fuel","Number","223","units","0","v41000008","1.2.1","5428","","","","0"
"2025-12","Jarlgate","2021A000012791","Building permits issued","Gifts and novelties","Number","223","units","0","v41000018","1.3.1","8598","","","","0"
"2025-12","Jarlgate","2021A000012791","Building permits issued","Pharmacies","Number","223","units","0","v41000023","1.4.1","3595","","","","0"
"2025-12","Jarlgate","2021A000012791","Building permits issued","Grocery","Number","223","units","0","v41000030","1.5.1","3844","","","","0"
"2025-12","Jarlgate","2021A000012791","Building permits issued","Leisure","Number","223","units","0","v41000037","1.6.1","10685","","","","0"
"2025-12","Jarlgate","2021A000012791","Building permits issued","Tyres","Number","223","units","0","v41000046","1.7.1","4754","","","","0"
"2025-12","Jarlgate","2021A000012791","Building permits issued","Health and beauty","Number","223","units","0","v41000051","1.8.1","16114","","","","0"
"2025-12","Jarlgate","2021A000012791","Building permits issued","Lighting","Number","223","units","0","v41000056","1.9.1","969","","","","0"
"2025-12","Jarlgate","2021A000012791","Building permits issued","Cameras","Number","223","units","0","v41000063","1.10.1","2245","","","","0"
"2025-12","Jarlgate","2021A000012791","Building permits issued","Personal items","Number","223","units","0","v41000073","1.11.1","8526","","","","0"
"2025-12","Jarlgate","2021A000012791","Building permits issued","Food and drink","Number","223","units","0","v41000078","1.12.1","6218","","","","0"
"2025-12","Jarlgate","2021A000012791","Building permits issued","Fuel","Number","223","units","0","v41000086","1.13.1","4146","","","","0"
"2025-12","Jarlgate","2021A000012791","Building permits issued","Home goods","Number","223","units","0","v41000095","1.14.1","17124","","","","0"
"2025-12","Jarlgate","2021A000012791","Building permits issued","Auto parts","Number","223","units","0","v41000101","1.15.1","2810","","","","0"
"2025-12","Jarlgate","2021A000012791","Building permits issued","Jewellery","Number","223","units","0","v41000107","1.16.1","4294","","","","0"
"2025-12","Jarlgate","2021A000012791","Building permits issued","Tools","Number","223","units","0","v41000114","1.17.1","2056","","","","0"
"2025-12","Jarlgate","2021A000012791","Building permits issued","Medical supplies","Number","223","units","0","v41000122","1.18.1","1834","","","","0"
"2025-12","Jarlgate","2021A000012791","Building permits issued","Garden supplies","Number","223","units","0","v41000129","1.19.1","3395","","","","0"
"2025-12","Jarlgate","2021A000012791","Building permits issued","Office supplies","Number","223","units","0","v41000137","1.20.1","1346","","","","0"
"2025-12","Jarlgate","2021A000012791","Building permits issued","Craft supplies","Number","223","units","0","v41000141","1.21.1","3653","","","","0"
"2025-12","Jarlgate","2021A000012791","Building permits issued","Clothing and shoes","Number","223","units","0","v41000148","1.22.1","10374","","","","0"
"2025-12","Jarlgate","2021A000012791","Building permits issued","Farm supplies","Number","223","units","0","v41000157","1.23.1","4162","","","","0"
"2025-12","Jarlgate","2021A000012791","Building permits issued","Furniture","Number","223","units","0","v41000165","1.24.1","","..","","","0"
"2025-12","Ormdale","2021A000037090","Building permits issued","Full range","Number","223","units","0","v41000168","2.1.1","78474","","","","0"
"2025-12","Ormdale","2021A000037090","Building permits issued","Vehicles and fuel","Number","223","units","0","v41000179","2.2.1","9135","","","","0"
"2025-12","Ormdale","2021A000037090","Building permits issued","Gifts and novelties","Number","223","units","0","v41000183","2.3.1","15140","","","","0"
"2025-12","Ormdale","2021A000037090","Building permits issued","Pharmacies","Number","223","units","0","v41000192","2.4.1","5860","","","","0"
"2025-12","Ormdale","2021A000037090","Building permits issued","Grocery","Number","223","units","0","v41000200","2.5.1","6680","","","","0"
"2025-12","Ormdale","2021A000037090","Building permits issued","Leisure","Number","223","units","0","v41000203","2.6.1","19371","","","","0"
"2025-12","Ormdale","2021A000037090","Building permits issued","Tyres","Number","223","units","0","v41000210","2.7.1","","x","","","0"
"2025-12","Ormdale","2021A000037090","Building permits issued","Health and beauty","Number","223","units","0","v41000219","2.8.1","28507","","","","0"
"2025-12","Ormdale","2021A000037090","Building permits issued","Lighting","Number","223","units","0","v41000225","2.9.1","1619","","","","0"
"2025-12","Ormdale","2021A000037090","Building permits issued","Cameras","Number","223","units","0","v41000234","2.10.1","4082","","","","0"
"2025-12","Ormdale","2021A000037090","Building permits issued","Personal items","Number","223","units","0","v41000242","2.11.1","15429","","","","0"
"2025-12","Ormdale","2021A000037090","Building permits issued","Food and drink","Number","223","units","0","v41000246","2.12.1","10440","","","","0"
"2025-12","Ormdale","2021A000037090","Building permits issued","Fuel","Number","223","units","0","v41000252","2.13.1","7710","","","","0"
"2025-12","Ormdale","2021A000037090","Building permits issued","Home goods","Number","223","units","0","v41000261","2.14.1","30569","","","","0"
"2025-12","Ormdale","2021A000037090","Building permits issued","Auto parts","Number","223","units","0","v41000269","2.15.1","5035","","","","0"
"2025-12","Ormdale","2021A000037090","Building permits issued","Jewellery","Number","223","units","0","v41000277","2.16.1","7579","","","","0"
"2025-12","Ormdale","2021A000037090","Building permits issued","Tools","Number","223","units","0","v41000281","2.17.1","3520","","","","0"
"2025-12","Ormdale","2021A000037090","Building permits issued","Medical supplies","Number","223","units","0","v41000291","2.18.1","3276","","","","0"
"2025-12","Ormdale","2021A000037090","Building permits issued","Garden supplies","Number","223","units","0","v41000294","2.19.1","6314","","","","0"
"2025-12","Ormdale","2021A000037090","Building permits issued","Office supplies","Number","223","units","0","v41000304","2.20.1","2305","","","","0"
"2025-12","Ormdale","2021A000037090","Building permits issued","Craft supplies","Number","223","units","0","v41000312","2.21.1","6621","","","","0"
"2025-12","Ormdale","2021A000037090","Building permits issued","Clothing and shoes","Number","223","units","0","v41000316","2.22.1","17779","","","","0"
"2025-12","Ormdale","2021A000037090","Building permits issued","Farm supplies","Number","223","units","0","v41000324","2.23.1","6920","","","","0"
"2025-12","Ormdale","2021A000037090","Building permits issued","Furniture","Number","223","units","0","v41000330","2.24.1","2494","","","","0"
"2026-01","Jarlgate","2021A000012791","Building permits issued","Full range","Number","223","units","0","v41000001","1.1.1","48095","","","","0"
"2026-01","Jarlgate","2021A000012791","Building permits issued","Vehicles and fuel","Number","223","units","0","v41000008","1.2.1","5840","","","","0"
"2026-01","Jarlgate","2021A000012791","Building permits issued","Gifts and novelties","Number","223","units","0","v41000018","1.3.1","9107","","","","0"
"2026-01","Jarlgate","2021A000012791","Building permits issued","Pharmacies","Number","223","units","0","v41000023","1.4.1","3801","","","","0"
"2026-01","Jarlgate","2021A000012791","Building permits issued","Grocery","Number","223","units","0","v41000030","1.5.1","3997","","","","0"
"2026-01","Jarlgate","2021A000012791","Building permits issued","Leisure","Number","223","units","0","v41000037","1.6.1","11860","","","","0"
"2026-01","Jarlgate","2021A000012791","Building permits issued","Tyres","Number","223","units","0","v41000046","1.7.1","5110","","","","0"
"2026-01","Jarlgate","2021A000012791","Building permits issued","Health and beauty","Number","223","units","0","v41000051","1.8.1","17700","","","","0"
"2026-01","Jarlgate","2021A000012791","Building permits issued","Lighting","Number","223","units","0","v41000056","1.9.1","968","","","","0"
"2026-01","Jarlgate","2021A000012791","Building permits issued","Cameras","Number","223","units","0","v41000063","1.10.1","2477","","","","0"
"2026-01","Jarlgate","2021A000012791","Building permits issued","Personal items","Number","223","units","0","v41000073","1.11.1","9360","","","","0"
"2026-01","Jarlgate","2021A000012791","Building permits issued","Food and drink","Number","223","units","0","v41000078","1.12.1","6518","","","","0"
"2026-01","Jarlgate","2021A000012791","Building permits issued","Fuel","Number","223","units","0","v41000086","1.13.1","4513","","","","0"
"2026-01","Jarlgate","2021A000012791","Building permits issued","Home goods","Number","223","units","0","v41000095","1.14.1","18467","","","","0"
"2026-01","Jarlgate","2021A000012791","Building permits issued","Auto parts","Number","223","units","0","v41000101","1.15.1","3029","","","","0"
"2026-01","Jarlgate","2021A000012791","Building permits issued","Jewellery","Number","223","units","0","v41000107","1.16.1","4870","","","","0"
"2026-01","Jarlgate","2021A000012791","Building permits issued","Tools","Number","223","units","0","v41000114","1.17.1","2161","","","","0"
"2026-01","Jarlgate","2021A000012791","Building permits issued","Medical supplies","Number","223","units","0","v41000122","1.18.1","2038","","","","0"
"2026-01","Jarlgate","2021A000012791","Building permits issued","Garden supplies","Number","223","units","0","v41000129","1.19.1","3744","","","","0"
"2026-01","Jarlgate","2021A000012791","Building permits issued","Office supplies","Number","223","units","0","v41000137","1.20.1","1412","","","","0"
"2026-01","Jarlgate","2021A000012791","Building permits issued","Craft supplies","Number","223","units","0","v41000141","1.21.1","4002","","","","0"
"2026-01","Jarlgate","2021A000012791","Building permits issued","Clothing and shoes","Number","223","units","0","v41000148","1.22.1","10960","","","","0"
"2026-01","Jarlgate","2021A000012791","Building permits issued","Farm supplies","Number","223","units","0","v41000157","1.23.1","4357","","","","0"
"2026-01","Jarlgate","2021A000012791","Building permits issued","Furniture","Number","223","units","0","v41000165","1.24.1","1614","","","","0"
"2026-01","Ormdale","2021A000037090","Building permits issued","Full range","Number","223","units","0","v41000168","2.1.1","84772","","","","0"
"2026-01","Ormdale","2021A000037090","Building permits issued","Vehicles and fuel","Number","223","units","0","v41000179","2.2.1","10267","","","","0"
"2026-01","Ormdale","2021A000037090","Building permits issued","Gifts and novelties","Number","223","units","0","v41000183","2.3.1","15835","","","","0"
"2026-01","Ormdale","2021A000037090","Building permits issued","Pharmacies","Number","223","units","0","v41000192","2.4.1","6710","","","","0"
"2026-01","Ormdale","2021A000037090","Building permits issued","Grocery","Number","223","units","0","v41000200","2.5.1","7014","","","","0"
"2026-01","Ormdale","2021A000037090","Building permits issued","Leisure","Number","223","units","0","v41000203","2.6.1","20982","","","","0"
"2026-01","Ormdale","2021A000037090","Building permits issued","Tyres","Number","223","units","0","v41000210","2.7.1","8821","","","","0"
"2026-01","Ormdale","2021A000037090","Building permits issued","Health and beauty","Number","223","units","0","v41000219","2.8.1","31249","","","","0"
"2026-01","Ormdale","2021A000037090","Building permits issued","Lighting","Number","223","units","0","v41000225","2.9.1","1745","","","","0"
"2026-01","Ormdale","2021A000037090","Building permits issued","Cameras","Number","223","units","0","v41000234","2.10.1","4343","","","","0"
"2026-01","Ormdale","2021A000037090","Building permits issued","Personal items","Number","223","units","0","v41000242","2.11.1","16774","","","","0"
"2026-01","Ormdale","2021A000037090","Building permits issued","Food and drink","Number","223","units","0","v41000246","2.12.1","11368","","","","0"
"2026-01","Ormdale","2021A000037090","Building permits issued","Fuel","Number","223","units","0","v41000252","2.13.1","8234","","","","0"
"2026-01","Ormdale","2021A000037090","Building permits issued","Home goods","Number","223","units","0","v41000261","2.14.1","32609","","","","0"
"2026-01","Ormdale","2021A000037090","Building permits issued","Auto parts","Number","223","units","0","v41000269","2.15.1","5257","","","","0"
"2026-01","Ormdale","2021A000037090","Building permits issued","Jewellery","Number","223","units","0","v41000277","2.16.1","8404","","","","0"
"2026-01","Ormdale","2021A000037090","Building permits issued","Tools","Number","223","units","0","v41000281","2.17.1","3766","","","","0"
"2026-01","Ormdale","2021A000037090","Building permits issued","Medical supplies","Number","223","units","0","v41000291","2.18.1","3558","","","","0"
"2026-01","Ormdale","2021A000037090","Building permits issued","Garden supplies","Number","223","units","0","v41000294","2.19.1","6711","","","","0"
"2026-01","Ormdale","2021A000037090","Building permits issued","Office supplies","Number","223","units","0","v41000304","2.20.1","2544","","","","0"
"2026-01","Ormdale","2021A000037090","Building permits issued","Craft supplies","Number","223","units","0","v41000312","2.21.1","7339","","","","0"
"2026-01","Ormdale","2021A000037090","Building permits issued","Clothing and shoes","Number","223","units","0","v41000316","2.22.1","19169","","","","0"
"2026-01","Ormdale","2021A000037090","Building permits issued","Farm supplies","Number","223","units","0","v41000324","2.23.1","7602","","","","0"
"2026-01","Ormdale","2021A000037090","Building permits issued","Furniture","Number","223","units","0","v41000330","2.24.1","2723","","","","0"
"2026-02","Jarlgate","2021A000012791","Building permits issued","Full range","Number","223","units","0","v41000001","1.1.1","51655","","","","0"
"2026-02","Jarlgate","2021A000012791","Building permits issued","Vehicles and fuel","Number","223","units","0","v41000008","1.2.1","6159","","","","0"
"2026-02","Jarlgate","2021A000012791","Building permits issued","Gifts and novelties","Number","223","units","0","v41000018","1.3.1","9495","","","","0"
"2026-02","Jarlgate","2021A000012791","Building permits issued","Pharmacies","Number","223","units","0","v41000023","1.4.1","","F","","","0"
"2026-02","Jarlgate","2021A000012791","Building permits issued","Grocery","Number","223","units","0","v41000030","1.5.1","4177","","","","0"
"2026-02","Jarlgate","2021A000012791","Building permits issued","Leisure","Number","223","units","0","v41000037","1.6.1","12637","","","","0"
"2026-02","Jarlgate","2021A000012791","Building permits issued","Tyres","Number","223","units","0","v41000046","1.7.1","5318","","","","0"
"2026-02","Jarlgate","2021A000012791","Building permits issued","Health and beauty","Number","223","units","0","v41000051","1.8.1","18795","","","","0"
"2026-02","Jarlgate","2021A000012791","Building permits issued","Lighting","Number","223","units","0","v41000056","1.9.1","1063","","","","0"
"2026-02","Jarlgate","2021A000012791","Building permits issued","Cameras","Number","223","units","0","v41000063","1.10.1","2725","","","","0"
"2026-02","Jarlgate","2021A000012791","Building permits issued","Personal items","Number","223","units","0","v41000073","1.11.1","10338","","","","0"
"2026-02","Jarlgate","2021A000012791","Building permits issued","Food and drink","Number","223","units","0","v41000078","1.12.1","7197","","","","0"
"2026-02","Jarlgate","2021A000012791","Building permits issued","Fuel","Number","223","units","0","v41000086","1.13.1","4956","","","","0"
"2026-02","Jarlgate","2021A000012791","Building permits issued","Home goods","Number","223","units","0","v41000095","1.14.1","19833","","","","0"
"2026-02","Jarlgate","2021A000012791","Building permits issued","Auto parts","Number","223","units","0","v41000101","1.15.1","3184","","","","0"
"2026-02","Jarlgate","2021A000012791","Building permits issued","Jewellery","Number","223","units","0","v41000107","1.16.1","4956","","","","0"
"2026-02","Jarlgate","2021A000012791","Building permits issued","Tools","Number","223","units","0","v41000114","1.17.1","2364","","","","0"
"2026-02","Jarlgate","2021A000012791","Building permits issued","Medical supplies","Number","223","units","0","v41000122","1.18.1","2093","","","","0"
"2026-02","Jarlgate","2021A000012791","Building permits issued","Garden supplies","Number","223","units","0","v41000129","1.19.1","4105","","","","0"
"2026-02","Jarlgate","2021A000012791","Building permits issued","Office supplies","Number","223","units","0","v41000137","1.20.1","1582","","","","0"
"2026-02","Jarlgate","2021A000012791","Building permits issued","Craft supplies","Number","223","units","0","v41000141","1.21.1","4434","","","","0"
"2026-02","Jarlgate","2021A000012791","Building permits issued","Clothing and shoes","Number","223","units","0","v41000148","1.22.1","11964","","","","0"
"2026-02","Jarlgate","2021A000012791","Building permits issued","Farm supplies","Number","223","units","0","v41000157","1.23.1","4834","","","","0"
"2026-02","Jarlgate","2021A000012791","Building permits issued","Furniture","Number","223","units","0","v41000165","1.24.1","1798","","","","0"
"2026-02","Ormdale","2021A000037090","Building permits issued","Full range","Number","223","units","0","v41000168","2.1.1","91163","","","","0"
"2026-02","Ormdale","2021A000037090","Building permits issued","Vehicles and fuel","Number","223","units","0","v41000179","2.2.1","10905","","","","0"
"2026-02","Ormdale","2021A000037090","Building permits issued","Gifts and novelties","Number","223","units","0","v41000183","2.3.1","17198","","","","0"
"2026-02","Ormdale","2021A000037090","Building permits issued","Pharmacies","Number","223","units","0","v41000192","2.4.1","7264","","","","0"
"2026-02","Ormdale","2021A000037090","Building permits issued","Grocery","Number","223","units","0","v41000200","2.5.1","7473","","","","0"
"2026-02","Ormdale","2021A000037090","Building permits issued","Leisure","Number","223","units","0","v41000203","2.6.1","22856","","","","0"
"2026-02","Ormdale","2021A000037090","Building permits issued","Tyres","Number","223","units","0","v41000210","2.7.1","9725","","","","0"
"2026-02","Ormdale","2021A000037090","Building permits issued","Health and beauty","Number","223","units","0","v41000219","2.8.1","33761","","","","0"
"2026-02","Ormdale","2021A000037090","Building permits issued","Lighting","Number","223","units","0","v41000225","2.9.1","1851","","","","0"
"2026-02","Ormdale","2021A000037090","Building permits issued","Cameras","Number","223","units","0","v41000234","2.10.1","4933","","","","0"
"2026-02","Ormdale","2021A000037090","Building permits issued","Personal items","Number","223","units","0","v41000242","2.11.1","17831","","","","0"
"2026-02","Ormdale","2021A000037090","Building permits issued","Food and drink","Number","223","units","0","v41000246","2.12.1","12528","","","","0"
"2026-02","Ormdale","2021A000037090","Building permits issued","Fuel","Number","223","units","0","v41000252","2.13.1","8904","","","","0"
"2026-02","Ormdale","2021A000037090","Building permits issued","Home goods","Number","223","units","0","v41000261","2.14.1","35028","","","","0"
"2026-02","Ormdale","2021A000037090","Building permits issued","Auto parts","Number","223","units","0","v41000269","2.15.1","5310","","","","0"
"2026-02","Ormdale","2021A000037090","Building permits issued","Jewellery","Number","223","units","0","v41000277","2.16.1","9019","","","","0"
"2026-02","Ormdale","2021A000037090","Building permits issued","Tools","Number","223","units","0","v41000281","2.17.1","4221","","","","0"
"2026-02","Ormdale","2021A000037090","Building permits issued","Medical supplies","Number","223","units","0","v41000291","2.18.1","3641","","","","0"
"2026-02","Ormdale","2021A000037090","Building permits issued","Garden supplies","Number","223","units","0","v41000294","2.19.1","7174","","","","0"
"2026-02","Ormdale","2021A000037090","Building permits issued","Office supplies","Number","223","units","0","v41000304","2.20.1","2685","","","","0"
"2026-02","Ormdale","2021A000037090","Building permits issued","Craft supplies","Number","223","units","0","v41000312","2.21.1","7726","","","","0"
"2026-02","Ormdale","2021A000037090","Building permits issued","Clothing and shoes","Number","223","units","0","v41000316","2.22.1","20523","","","","0"
"2026-02","Ormdale","2021A000037090","Building permits issued","Farm supplies","Number","223","units","0","v41000324","2.23.1","8307","","","","0"
"2026-02","Ormdale","2021A000037090","Building permits issued","Furniture","Number","223","units","0","v41000330","2.24.1","","x","","","0"
"2026-03","Jarlgate","2021A000012791","Building permits issued","Full range","Number","223","units","0","v41000001","1.1.1","52328","","","","0"
"2026-03","Jarlgate","2021A000012791","Building permits issued","Vehicles and fuel","Number","223","units","0","v41000008","1.2.1","6310","","","","0"
"2026-03","Jarlgate","2021A000012791","Building permits issued","Gifts and novelties","Number","223","units","0","v41000018","1.3.1","9892","","","","0"
"2026-03","Jarlgate","2021A000012791","Building permits issued","Pharmacies","Number","223","units","0","v41000023","1.4.1","4115","","","","0"
"2026-03","Jarlgate","2021A000012791","Building permits issued","Grocery","Number","223","units","0","v41000030","1.5.1","","x","","","0"
"2026-03","Jarlgate","2021A000012791","Building permits issued","Leisure","Number","223","units","0","v41000037","1.6.1","12700","","","","0"
"2026-03","Jarlgate","2021A000012791","Building permits issued","Tyres","Number","223","units","0","v41000046","1.7.1","5408","","","","0"
"2026-03","Jarlgate","2021A000012791","Building permits issued","Health and beauty","Number","223","units","0","v41000051","1.8.1","19010","","","","0"
"2026-03","Jarlgate","2021A000012791","Building permits issued","Lighting","Number","223","units","0","v41000056","1.9.1","1098","","","","0"
"2026-03","Jarlgate","2021A000012791","Building permits issued","Cameras","Number","223","units","0","v41000063","1.10.1","2709","","","","0"
"2026-03","Jarlgate","2021A000012791","Building permits issued","Personal items","Number","223","units","0","v41000073","1.11.1","10465","","","","0"
"2026-03","Jarlgate","2021A000012791","Building permits issued","Food and drink","Number","223","units","0","v41000078","1.12.1","7099","","","","0"
"2026-03","Jarlgate","2021A000012791","Building permits issued","Fuel","Number","223","units","0","v41000086","1.13.1","5012","","","","0"
"2026-03","Jarlgate","2021A000012791","Building permits issued","Home goods","Number","223","units","0","v41000095","1.14.1","20358","","","","0"
"2026-03","Jarlgate","2021A000012791","Building permits issued","Auto parts","Number","223","units","0","v41000101","1.15.1","3302","","","","0"
"2026-03","Jarlgate","2021A000012791","Building permits issued","Jewellery","Number","223","units","0","v41000107","1.16.1","4979","","","","0"
"2026-03","Jarlgate","2021A000012791","Building permits issued","Tools","Number","223","units","0","v41000114","1.17.1","2314","","","","0"
"2026-03","Jarlgate","2021A000012791","Building permits issued","Medical supplies","Number","223","units","0","v41000122","1.18.1","2195","","","","0"
"2026-03","Jarlgate","2021A000012791","Building permits issued","Garden supplies","Number","223","units","0","v41000129","1.19.1","4026","","","","0"
"2026-03","Jarlgate","2021A000012791","Building permits issued","Office supplies","Number","223","units","0","v41000137","1.20.1","1462","","","","0"
"2026-03","Jarlgate","2021A000012791","Building permits issued","Craft supplies","Number","223","units","0","v41000141","1.21.1","4684","","","","0"
"2026-03","Jarlgate","2021A000012791","Building permits issued","Clothing and shoes","Number","223","units","0","v41000148","1.22.1","11863","","","","0"
"2026-03","Jarlgate","2021A000012791","Building permits issued","Farm supplies","Number","223","units","0","v41000157","1.23.1","4785","","","","0"
"2026-03","Jarlgate","2021A000012791","Building permits issued","Furniture","Number","223","units","0","v41000165","1.24.1","1756","","","","0"
"2026-03","Ormdale","2021A000037090","Building permits issued","Full range","Number","223","units","0","v41000168","2.1.1","92856","","","","0"
"2026-03","Ormdale","2021A000037090","Building permits issued","Vehicles and fuel","Number","223","units","0","v41000179","2.2.1","10838","","","","0"
"2026-03","Ormdale","2021A000037090","Building permits issued","Gifts and novelties","Number","223","units","0","v41000183","2.3.1","18235","","","","0"
"2026-03","Ormdale","2021A000037090","Building permits issued","Pharmacies","Number","223","units","0","v41000192","2.4.1","7147","","","","0"
"2026-03","Ormdale","2021A000037090","Building permits issued","Grocery","Number","223","units","0","v41000200","2.5.1","8156","","","","0"
"2026-03","Ormdale","2021A000037090","Building permits issued","Leisure","Number","223","units","0","v41000203","2.6.1","22315","","","","0"
"2026-03","Ormdale","2021A000037090","Building permits issued","Tyres","Number","223","units","0","v41000210","2.7.1","10079","","","","0"
"2026-03","Ormdale","2021A000037090","Building permits issued","Health and beauty","Number","223","units","0","v41000219","2.8.1","33153","","","","0"
"2026-03","Ormdale","2021A000037090","Building permits issued","Lighting","Number","223","units","0","v41000225","2.9.1","1951","","","","0"
"2026-03","Ormdale","2021A000037090","Building permits issued","Cameras","Number","223","units","0","v41000234","2.10.1","4817","","","","0"
"2026-03","Ormdale","2021A000037090","Building permits issued","Personal items","Number","223","units","0","v41000242","2.11.1","18010","","","","0"
"2026-03","Ormdale","2021A000037090","Building permits issued","Food and drink","Number","223","units","0","v41000246","2.12.1","12968","","","","0"
"2026-03","Ormdale","2021A000037090","Building permits issued","Fuel","Number","223","units","0","v41000252","2.13.1","8928","","","","0"
"2026-03","Ormdale","2021A000037090","Building permits issued","Home goods","Number","223","units","0","v41000261","2.14.1","36245","","","","0"
"2026-03","Ormdale","2021A000037090","Building permits issued","Auto parts","Number","223","units","0","v41000269","2.15.1","5746","","","","0"
"2026-03","Ormdale","2021A000037090","Building permits issued","Jewellery","Number","223","units","0","v41000277","2.16.1","8570","","","","0"
"2026-03","Ormdale","2021A000037090","Building permits issued","Tools","Number","223","units","0","v41000281","2.17.1","4348","","","","0"
"2026-03","Ormdale","2021A000037090","Building permits issued","Medical supplies","Number","223","units","0","v41000291","2.18.1","3691","","","","0"
"2026-03","Ormdale","2021A000037090","Building permits issued","Garden supplies","Number","223","units","0","v41000294","2.19.1","7091","","","","0"
"2026-03","Ormdale","2021A000037090","Building permits issued","Office supplies","Number","223","units","0","v41000304","2.20.1","2793","","","","0"
"2026-03","Ormdale","2021A000037090","Building permits issued","Craft supplies","Number","223","units","0","v41000312","2.21.1","7925","","","","0"
"2026-03","Ormdale","2021A000037090","Building permits issued","Clothing and shoes","Number","223","units","0","v41000316","2.22.1","21506","","","","0"
"2026-03","Ormdale","2021A000037090","Building permits issued","Farm supplies","Number","223","units","0","v41000324","2.23.1","8620","","","","0"
"2026-03","Ormdale","2021A000037090","Building permits issued","Furniture","Number","223","units","0","v41000330","2.24.1","2994","","","","0"
"2026-04","Jarlgate","2021A000012791","Building permits issued","Full range","Number","223","units","0","v41000001","1.1.1","51307","","","","0"
"2026-04","Jarlgate","2021A000012791","Building permits issued","Vehicles and fuel","Number","223","units","0","v41000008","1.2.1","6087","","","","0"
"2026-04","Jarlgate","2021A000012791","Building permits issued","Gifts and novelties","Number","223","units","0","v41000018","1.3.1","9754","","","","0"
"2026-04","Jarlgate","2021A000012791","Building permits issued","Pharmacies","Number","223","units","0","v41000023","1.4.1","3973","","","","0"
"2026-04","Jarlgate","2021A000012791","Building permits issued","Grocery","Number","223","units","0","v41000030","1.5.1","4232","","","","0"
"2026-04","Jarlgate","2021A000012791","Building permits issued","Leisure","Number","223","units","0","v41000037","1.6.1","12230","","","","0"
"2026-04","Jarlgate","2021A000012791","Building permits issued","Tyres","Number","223","units","0","v41000046","1.7.1","5522","","","","0"
"2026-04","Jarlgate","2021A000012791","Building permits issued","Health and beauty","Number","223","units","0","v41000051","1.8.1","18316","","","","0"
"2026-04","Jarlgate","2021A000012791","Building permits issued","Lighting","Number","223","units","0","v41000056","1.9.1","1052","","","","0"
"2026-04","Jarlgate","2021A000012791","Building permits issued","Cameras","Number","223","units","0","v41000063","1.10.1","2692","","","","0"
"2026-04","Jarlgate","2021A000012791","Building permits issued","Personal items","Number","223","units","0","v41000073","1.11.1","10465","","","","0"
"2026-04","Jarlgate","2021A000012791","Building permits issued","Food and drink","Number","223","units","0","v41000078","1.12.1","6964","","","","0"
"2026-04","Jarlgate","2021A000012791","Building permits issued","Fuel","Number","223","units","0","v41000086","1.13.1","4847","","","","0"
"2026-04","Jarlgate","2021A000012791","Building permits issued","Home goods","Number","223","units","0","v41000095","1.14.1","20219","","","","0"
"2026-04","Jarlgate","2021A000012791","Building permits issued","Auto parts","Number","223","units","0","v41000101","1.15.1","","x","","","0"
"2026-04","Jarlgate","2021A000012791","Building permits issued","Jewellery","Number","223","units","0","v41000107","1.16.1","4690","","","","0"
"2026-04","Jarlgate","2021A000012791","Building permits issued","Tools","Number","223","units","0","v41000114","1.17.1","2309","","","","0"
"2026-04","Jarlgate","2021A000012791","Building permits issued","Medical supplies","Number","223","units","0","v41000122","1.18.1","2114","","","","0"
"2026-04","Jarlgate","2021A000012791","Building permits issued","Garden supplies","Number","223","units","0","v41000129","1.19.1","4253","","","","0"
"2026-04","Jarlgate","2021A000012791","Building permits issued","Office supplies","Number","223","units","0","v41000137","1.20.1","1539","","","","0"
"2026-04","Jarlgate","2021A000012791","Building permits issued","Craft supplies","Number","223","units","0","v41000141","1.21.1","4496","","","","0"
"2026-04","Jarlgate","2021A000012791","Building permits issued","Clothing and shoes","Number","223","units","0","v41000148","1.22.1","11720","","","","0"
"2026-04","Jarlgate","2021A000012791","Building permits issued","Farm supplies","Number","223","units","0","v41000157","1.23.1","4655","","","","0"
"2026-04","Jarlgate","2021A000012791","Building permits issued","Furniture","Number","223","units","0","v41000165","1.24.1","1716","","","","0"
"2026-04","Ormdale","2021A000037090","Building permits issued","Full range","Number","223","units","0","v41000168","2.1.1","91261","","","","0"
"2026-04","Ormdale","2021A000037090","Building permits issued","Vehicles and fuel","Number","223","units","0","v41000179","2.2.1","10825","","","","0"
"2026-04","Ormdale","2021A000037090","Building permits issued","Gifts and novelties","Number","223","units","0","v41000183","2.3.1","17686","","","","0"
"2026-04","Ormdale","2021A000037090","Building permits issued","Pharmacies","Number","223","units","0","v41000192","2.4.1","7118","","","","0"
"2026-04","Ormdale","2021A000037090","Building permits issued","Grocery","Number","223","units","0","v41000200","2.5.1","7803","","","","0"
"2026-04","Ormdale","2021A000037090","Building permits issued","Leisure","Number","223","units","0","v41000203","2.6.1","22024","","","","0"
"2026-04","Ormdale","2021A000037090","Building permits issued","Tyres","Number","223","units","0","v41000210","2.7.1","9882","","","","0"
"2026-04","Ormdale","2021A000037090","Building permits issued","Health and beauty","Number","223","units","0","v41000219","2.8.1","32849","","","","0"
"2026-04","Ormdale","2021A000037090","Building permits issued","Lighting","Number","223","units","0","v41000225","2.9.1","1890","","","","0"
"2026-04","Ormdale","2021A000037090","Building permits issued","Cameras","Number","223","units","0","v41000234","2.10.1","4704","","","","0"
"2026-04","Ormdale","2021A000037090","Building permits issued","Personal items","Number","223","units","0","v41000242","2.11.1","18238","","","","0"
"2026-04","Ormdale","2021A000037090","Building permits issued","Food and drink","Number","223","units","0","v41000246","2.12.1","12087","","","","0"
"2026-04","Ormdale","2021A000037090","Building permits issued","Fuel","Number","223","units","0","v41000252","2.13.1","8457","","","","0"
"2026-04","Ormdale","2021A000037090","Building permits issued","Home goods","Number","223","units","0","v41000261","2.14.1","35924","","","","0"
"2026-04","Ormdale","2021A000037090","Building permits issued","Auto parts","Number","223","units","0","v41000269","2.15.1","5701","","","","0"
"2026-04","Ormdale","2021A000037090","Building permits issued","Jewellery","Number","223","units","0","v41000277","2.16.1","8862","","","","0"
"2026-04","Ormdale","2021A000037090","Building permits issued","Tools","Number","223","units","0","v41000281","2.17.1","4177","","","","0"
"2026-04","Ormdale","2021A000037090","Building permits issued","Medical supplies","Number","223","units","0","v41000291","2.18.1","3707","","","","0"
"2026-04","Ormdale","2021A000037090","Building permits issued","Garden supplies","Number","223","units","0","v41000294","2.19.1","7119","","","","0"
"2026-04","Ormdale","2021A000037090","Building permits issued","Office supplies","Number","223","units","0","v41000304","2.20.1","2809","","","","0"
"2026-04","Ormdale","2021A000037090","Building permits issued","Craft supplies","Number","223","units","0","v41000312","2.21.1","8094","","","","0"
"2026-04","Ormdale","2021A000037090","Building permits issued","Clothing and shoes","Number","223","units","0","v41000316","2.22.1","20597","","","","0"
"2026-04","Ormdale","2021A000037090","Building permits issued","Farm supplies","Number","223","units","0","v41000324","2.23.1","7910","","","","0"
"2026-04","Ormdale","2021A000037090","Building permits issued","Furniture","Number","223","units","0","v41000330","2.24.1","3025","","","","0"
