Date,Property,Unit,Category,Amount,Paid?,Vendor,Notes
2022/01/01,Danforth Triplex,Main,Rent,"$2,150.00",yes,,
2022-01-03, Danforth Triplex ,Upper,Rent,2400,no,,
2022-01-05,Danforth Triplex,Lower,Rent,1650,Yes,,
2022-01-01,Leslieville Fourplex,Unit 1,Rent,"$1,900.00",Y,,
2022-01-01,Leslieville Fourplex,Unit 2,Rent,1950,Y,,
2022-01-02,Leslieville Fourplex,Unit 3,Rent,2050,Y,,
03/01/2022,Leslieville Fourplex,Unit 4,Rent,2250.00,Yes,,
2022-01-03,Parkdale Walk-Up,Unit 1,Rent,"$1,550.00",Y,,
2022-01-01,Parkdale Walk-Up,Unit 2,Rent,1595.00,N,,
2022-01-03,Parkdale Walk-Up,Unit 3,Rent,1640.00,no,,
2022-01-02,parkdale walk-up,Unit 4,Rent,1685,yes,,
2022-01-02,Parkdale Walk-Up,Unit 5,Rent,1730.00,Yes,,
"Jan 1, 2022",Parkdale Walk-Up,Unit 6,Rent,1775,Y,,
2022-01-05,Parkdale Walk-Up,Unit 7,Rent,1820,Y,,
03/01/2022,Parkdale Walk-Up,Unit 8,RENT,1865.00,N,,
2022-01-01,PARKDALE WALK-UP,Unit 9,Rent,1910.00,Y,,
2022/01/03,Parkdale Walk-Up,Unit 10,Rent,1955,Y,,
2022-01-01,Parkdale Walk-Up,Unit 11,Rent,"$2,000.00",Yes,,
01/01/2022,Parkdale Walk-Up,Unit 12,Rent,2045.00,Y,,
11/01/2022,Parkdale Walk-Up,Unit 5,Plumbing,276.96,Yes,Beaches Plumbing Co.,Cleared bathroom drain
2022-01-27,danforth triplex,Upper,Plumbing,218.10,Y,Beaches Plumbing Co.,Fixed running toilet
2022-01-27,danforth triplex,Upper,Plumbing,218.10,Y,Beaches Plumbing Co.,Fixed running toilet
2022-01-17,Danforth Triplex,Lower,Plumbing,299.38,Y,Beaches Plumbing Co.,Replaced kitchen faucet cartridge
2022-01-17,Danforth Triplex,Common area,Pest Control,149.59,Y,Queen West Pest Control,"Mice treatment, basement"
2022-01-04,Leslieville Fourplex,Common area,Cooling,427.92,TRUE,Don Valley HVAC,"AC not cooling, recharged"
2022-01-26,Parkdale Walk-Up,Unit 7,Plumbing,277.12,Y,Beaches Plumbing Co.,Replaced kitchen faucet cartridge
03/01/2022,LESLIEVILLE FOURPLEX,Unit 1,Heating,585.54,Y,Don Valley HVAC,Replaced furnace igniter
2022-01-23,Parkdale Walk-Up,Unit 1,Appliance,160.23,Yes,Riverdale Appliance Repair,Dryer belt replaced
2022-01-20,Leslieville Fourplex,Unit 4,Heating,511.01,Yes,Don Valley HVAC,Furnace service
2022-01-11,Leslieville Fourplex,Unit 3,Pest Control,310.17,Y,Queen West Pest Control,Follow-up treatment
2022-01-17,Danforth Triplex,Lower,Cleaning,178.42,N,Greenwood Cleaning,Turnover clean
27/01/2022,Parkdale Walk-Up,Unit 12,Cleaning,196.06,Y,Greenwood Cleaning,Common area clean
2022-01-13,Leslieville Fourplex,Unit 3,Heating,612.88,Y,Don Valley HVAC,Bled radiators
2022-01-11,Danforth Triplex,Lower,Cleaning,164.82,Y,Greenwood Cleaning,Common area clean
"Jan 28, 2022",Leslieville Fourplex,Unit 3, Plumbing ,175.95,Y,Beaches Plumbing Co.,Replaced shut-off valve
28/01/2022,Parkdale Walk-Up,Unit 6,Plumbing,307.77,Y,Beaches Plumbing Co.,Cleared bathroom drain
2022/01/31  ,Danforth Triplex,Common area,Electrical,419.68,Yes,Leslieville Electric Ltd,"Breaker tripping, traced to dryer"
"Jan 24, 2022",Leslieville Fourplex,Common area,Plumbing,331.85,Yes,Beaches Plumbing Co.,Replaced shut-off valve
"Jan 17, 2022",Leslieville Fourplex,Common area,Appliance,187.50,yes,Riverdale Appliance Repair,Fridge not cooling
2022-01-06,Danforth Triplex,Main,Cleaning,111.21,Yes,Greenwood Cleaning,Turnover clean
2022-01-06,Leslieville Fourplex,Unit 3, Electrical ,578.67,Y,Leslieville Electric Ltd,Swapped hallway light fixture
2022-01-28,Leslieville Fourplex,Common area,Plumbing,236.80,Y,Beaches Plumbing Co., Replaced kitchen faucet cartridge
2022-01-17,Leslieville Fourplex,Common area,Pest Control,314.32,Y,Queen West Pest Control,Follow-up treatment
2022-02-02,Danforth Triplex,Main,Rent,"$2,150.00",Y,,
2022-02-03,Danforth Triplex,Upper,Rent,2400,Yes,,
05/02/2022,Danforth Triplex,Lower,Rent,n/a,Y,,
2022-02-03,Leslieville Fourplex,Unit 1,Rent,1900,Y,,
2022/02/01,Leslieville Fourplex,Unit 3,Rent,2050,Yes,,
2022-02-01,Leslieville Fourplex,Unit 4,Rent,2250,Y,,
2022-02-01,Parkdale Walk-Up,Unit 1,Rent,1550,No,,
05/02/2022,Parkdale Walk-Up,Unit 2,Rent,1595.00,Y,,
2022-02-02,Parkdale Walk-Up,Unit 3,Rent,1640.00,Y,,
2022-02-05,Parkdale Walk-Up,Unit 4,Rent,1685.00,N,,
"Feb 2, 2022",Parkdale Walk-Up,Unit 5,Rent,1730.00,Y,,
2022-02-03,Parkdale Walk-Up,Unit 6, Rent ,1775,Y,,
2022-02-01,Parkdale Walk-Up,Unit 7,Rent,1820,N,,
2022-02-01,Parkdale Walk-Up,Unit 8,Rent,1865.00,Yes,,
01/02/2022,Parkdale Walk-Up,Unit 9,Rent,1910.00,Y,,
2022-02-01,Parkdale Walk-Up,Unit 10,Rent,1955.00,TRUE,,
2022-02-02,Parkdale Walk-Up,Unit 11,Rent,2000,Y,,
2022-02-01,Parkdale Walk-Up,Unit 12,Rent,"$2,045.00",Y,,
2022-02-05,Parkdale Walk-Up,Unit 7,Cooling,484.28,Y,Don Valley HVAC,Window unit replaced
"Feb 17, 2022",Danforth Triplex,Upper,Heating,603,Y,Don Valley HVAC,Replaced furnace igniter
2022/02/20,Parkdale Walk-Up,Unit 4,Cleaning,131.35,Y,Greenwood Cleaning,Common area clean
2022-02-06,Leslieville Fourplex,Unit 3,Electrical,504.72,Yes,Leslieville Electric Ltd,"Breaker tripping, traced to dryer"
2022-02-08,Parkdale Walk-Up,Unit 8,Plumbing,377.23,Y,Beaches Plumbing Co.,Replaced shut-off valve
"Feb 22, 2022",Leslieville Fourplex,Unit 1,Electrical,505.32,Y,Leslieville Electric Ltd,Replaced GFCI outlet
2022-02-08,Parkdale Walk-Up,Unit 2,Pest Control,224.38,Y,Queen West Pest Control,"Mice treatment, basement"
2022-02-05,Parkdale Walk-Up,Unit 8,Plumbing,308.89,TRUE,Beaches Plumbing Co., Replaced shut-off valve
2022-02-23,Leslieville Fourplex,Unit 4,Heating,504.71,Y,Don Valley HVAC,Bled radiators
2022-02-21,Leslieville Fourplex,Common area,Landscaping,$99.95,Y,Greenwood Cleaning,Leaf cleanup
2022-02-22,Parkdale Walk-Up,Unit 12,SNOW REMOVAL,222.09,Y,Snowline Property Services,Salted front steps
2022-02-13,Leslieville Fourplex,Unit 2,Plumbing,351.18,No, Beaches Plumbing Co.,Cleared bathroom drain
2022-02-09,Danforth Triplex,Common area,Pest Control,360.20,Yes,Queen West Pest Control  ,"Mice treatment, basement"
2022-02-05,Leslieville Fourplex,Common area,Appliance,356.28,yes,Riverdale Appliance Repair,Dryer belt replaced
2022/02/16, Parkdale Walk-Up ,Unit 9,Appliance,436.28,Y,Riverdale Appliance Repair,Fridge not cooling
2022-02-07,Leslieville Fourplex,Unit 4,Plumbing,185.50,Yes,Beaches Plumbing Co.,Replaced shut-off valve
2022-02-22,Parkdale Walk-Up,Unit 6,Electrical,,Yes,Leslieville Electric Ltd  ,"Breaker tripping, traced to dryer"
2022-02-26,Parkdale Walk-Up,Common area,Heating,646.23,Y,Don Valley HVAC,Replaced furnace igniter
2022-02-20,Leslieville Fourplex,Unit 3,Electrical,484.97,Y,Leslieville Electric Ltd,"Breaker tripping, traced to dryer"
2022-02-05, Danforth Triplex ,Common area,Cleaning,$158.38,Y,Greenwood Cleaning  ,Common area clean
2022-03-02,Danforth Triplex,Main,Rent,2150,yes,,
2022-03-05,Danforth Triplex,Upper,Rent,2400,Y,,
2022-03-01,Leslieville Fourplex,Unit 1,Rent,1900,Yes,,
2022-03-01,Leslieville Fourplex,Unit 2,Rent,"$1,950.00",Y,,
2022/03/05,Leslieville Fourplex,Unit 3,Rent,"$2,050.00",Y,,
 2022-03-01,Leslieville Fourplex,Unit 4,Rent,2250.00,Yes,,
 2022-03-01,Parkdale Walk-Up,Unit 1,Rent,1550,Y,,
2022-03-01,Parkdale Walk-Up,Unit 2,Rent,1595,N,,
2022-03-01,Parkdale Walk-Up,Unit 3,Rent,1640.00,Y,,
2022-03-05,Parkdale Walk-Up,Unit 4,Rent,1685.00,Yes,,
2022-03-05,Parkdale Walk-Up,Unit 5,Rent,1730,yes,,
2022-03-01,Parkdale Walk-Up,Unit 6,Rent,,yes,,
2022-03-01,Parkdale Walk-Up,Unit 7,Rent,1820,Y,,
2022-03-01,Parkdale Walk-Up,Unit 9,rent,1910.00,Y,,
05/03/2022,Parkdale Walk-Up,Unit 10,Rent,1955.00,Yes,,
2022-03-01,Parkdale Walk-Up,Unit 11,Rent,2000,Y,,
2022-03-01,Parkdale Walk-Up,Unit 12,Rent,2045,Y,,
2022/03/23,Danforth Triplex,Main,Electrical,519.02,TRUE,Leslieville Electric Ltd,Replaced GFCI outlet
2022-03-03,Parkdale Walk-Up,Unit 5,Heating,460.97,Y,Don Valley HVAC,Furnace service
22/03/2022,Parkdale Walk-Up,Unit 2,Appliance,$251.40,Y,Riverdale Appliance Repair,Stove element replaced
2022-03-15,Parkdale Walk-Up,Unit 11,Heating,876.71,Y,Don Valley HVAC,Boiler pressure reset
07/03/2022,PARKDALE WALK-UP,Unit 6,Appliance,478.65,Y,Riverdale Appliance Repair,Dryer belt replaced
2022-03-11,Danforth Triplex,Lower, Pest Control ,299.71,Y,Queen West Pest Control,"Mice treatment, basement"
2022-03-27,Danforth Triplex,Lower, Electrical ,317.53,FALSE,Leslieville Electric Ltd,Swapped hallway light fixture
2022-03-18,Leslieville Fourplex,Unit 2,Electrical,213.97,Y,Leslieville Electric Ltd,Swapped hallway light fixture
13/03/2022,Parkdale Walk-Up,Unit 11,Appliance,241.46,Y,Riverdale Appliance Repair,Fridge not cooling
"Mar 13, 2022",Leslieville Fourplex,Unit 2,Electrical,214.86,Yes,Leslieville Electric Ltd,"Breaker tripping, traced to dryer"
2022-03-12,Danforth Triplex,Common area,Appliance,218.78,Y, Riverdale Appliance Repair,Stove element replaced
2022-03-08,Danforth Triplex,Upper,Cleaning,91.71,Yes,Greenwood Cleaning,Turnover clean
2022-03-25,Leslieville Fourplex,Common area,Appliance,295.38,Y,Riverdale Appliance Repair,Fridge not cooling
2022-03-20,Leslieville Fourplex,Unit 4,Plumbing,523.47,yes,Beaches Plumbing Co.,Fixed running toilet
2022-03-14, Leslieville Fourplex ,Unit 3,Electrical,164.75,no,Leslieville Electric Ltd,Swapped hallway light fixture
2022-03-09,Parkdale Walk-Up,Unit 2,Plumbing,339.62,Y,Beaches Plumbing Co.,Replaced shut-off valve
"Mar 16, 2022",Leslieville Fourplex,Common area,Appliance,212.52,N,Riverdale Appliance Repair,Fridge not cooling
2022-03-22,LESLIEVILLE FOURPLEX,Unit 4,Appliance,242.59,Y,Riverdale Appliance Repair,Fridge not cooling
2022-04-01,Danforth Triplex,Main,Rent,2150.00,Y,,
01/04/2022,Danforth Triplex,Upper,Rent,2400.00,Y,,
01/04/2022,Danforth Triplex,Lower,Rent,"$1,650.00",yes,,
2022-04-02,Leslieville Fourplex,Unit 1,Rent,1900,N,,
2022-04-02,Leslieville Fourplex,Unit 1,Rent,1900,N,,
2022-04-03,Leslieville Fourplex,Unit 2,Rent,1950.00,Y,,
2022-04-01,Leslieville Fourplex,Unit 3,Rent,2050.00,Yes,,
2022-04-02,Leslieville Fourplex,Unit 4,Rent,2250.00,yes,,
2022-04-02,Leslieville Fourplex,Unit 4,Rent,2250.00,yes,,
2022-04-05,Parkdale Walk-Up,Unit 1,Rent,1550,Y,,
2022-04-02,Parkdale Walk-Up,Unit 2,Rent,1595.00,Yes,,
2022-04-01,parkdale walk-up,Unit 3,Rent,1640.00,TRUE,,
2022/04/03,Parkdale Walk-Up,Unit 4,Rent,1685,Y,,
2022-04-03,Parkdale Walk-Up,Unit 5,Rent,1730,Yes,,
2022-04-01,Parkdale Walk-Up,Unit 6,Rent,1775,Y,,
2022-04-02,Parkdale Walk-Up,Unit 7,Rent,1820.00,Y,,
02/04/2022,Parkdale Walk-Up,Unit 8,Rent,1865,Yes,,
2022/04/01, Parkdale Walk-Up ,Unit 9,Rent,1910.00,Y,,
2022-04-01,Parkdale Walk-Up,Unit 10,Rent,1955.00,Y,,
2022-04-01,Parkdale Walk-Up,Unit 11,Rent,2000.00,Yes,,
2022-04-01,Parkdale Walk-Up,Unit 12,Rent,2045.00,Yes,,
2022-04-23,Parkdale Walk-Up,Unit 10,Cleaning,201.00,Y,Greenwood Cleaning,Common area clean
2022-04-08,Parkdale Walk-Up,Unit 10,Pest Control,294.23,Yes,Queen West Pest Control,Follow-up treatment
14/04/2022,Parkdale Walk-Up,Unit 7,Cleaning,205.25,Y,Greenwood Cleaning,Common area clean
2022-04-13,Leslieville Fourplex,Unit 4,Electrical,117.78,Y,Leslieville Electric Ltd,"Breaker tripping, traced to dryer"
2022-04-20,Parkdale Walk-Up,Unit 1,Pest Control,112.14,Y,Queen West Pest Control, Follow-up treatment
2022-04-20,Leslieville Fourplex,Unit 1,Plumbing,545.80,Y,Beaches Plumbing Co.,Cleared bathroom drain
2022-04-08,Danforth Triplex,Lower,Cleaning,181.02,Yes,Greenwood Cleaning,Turnover clean
2022-04-11,Danforth Triplex,Common area,Plumbing,343.56,Y,Beaches Plumbing Co.,Replaced shut-off valve
2022-04-10,LESLIEVILLE FOURPLEX,Unit 4,snow removal,230.44,Y,Snowline Property Services,Salted front steps
"Apr 19, 2022",Danforth Triplex,Lower,Plumbing,376.62,Yes,Beaches Plumbing Co.  ,Fixed running toilet
2022/04/03,Leslieville Fourplex,Common area,Appliance,289.94,Y,Riverdale Appliance Repair,Dryer belt replaced
2022/04/24,Leslieville Fourplex,Unit 4,Electrical,225.08,Y,Leslieville Electric Ltd,Swapped hallway light fixture
2022-04-04,Leslieville Fourplex,Unit 2,Plumbing,290.93,Y,Beaches Plumbing Co.,Cleared bathroom drain
"Apr 19, 2022",Leslieville Fourplex,Unit 1,Appliance,334.89,Y,Riverdale Appliance Repair,Dryer belt replaced
01/05/2022,Danforth Triplex,Main,Rent,2150.00,Y,,
2022-05-01,Danforth Triplex,Upper,Rent,2400.00,Y,,
2022-05-02,Danforth Triplex,Lower,Rent,1650,Y,,
2022-05-02,Leslieville Fourplex,Unit 1,Rent,1900,Y,,
2022-05-02,Leslieville Fourplex,Unit 1,Rent,1900,Y,,
2022-05-03,Leslieville Fourplex,Unit 2,Rent,1950,Y,,
05/05/2022, Leslieville Fourplex ,Unit 3,Rent,2050.00,Y,,
2022-05-02,Leslieville Fourplex,Unit 4,Rent,2250.00,Yes,,
2022-05-03,Parkdale Walk-Up,Unit 1,Rent,1550.00,Y,,
2022-05-03,PARKDALE WALK-UP,Unit 2,Rent,1595.00,Y,,
"May 5, 2022",Parkdale Walk-Up,Unit 3,rent,1640.00,Y,,
2022-05-01,Parkdale Walk-Up,Unit 4,Rent,1685,Y,,
2022-05-01,Parkdale Walk-Up,Unit 5,Rent,1730.00,Yes,,
02/05/2022,Parkdale Walk-Up,Unit 6,Rent,1775.00,Y,,
2022-05-01,Parkdale Walk-Up,Unit 7,Rent,1820,Y,,
2022/05/01,Parkdale Walk-Up,Unit 8,Rent,1865.00,Yes,,
2022-05-01,Parkdale Walk-Up,Unit 9,Rent,1910.00,Y,,
"May 3, 2022",Parkdale Walk-Up,Unit 10,Rent,1955,Y,,
2022-05-01,Parkdale Walk-Up,Unit 11,Rent,2000,Y,,
2022-05-01,Parkdale Walk-Up,Unit 12,Rent,2045.00,Y,,
2022-05-23,Parkdale Walk-Up,Unit 5,Electrical,430.16,N,Leslieville Electric Ltd,Replaced GFCI outlet
2022-05-04, Danforth Triplex ,Lower,Plumbing,359.11,FALSE,Beaches Plumbing Co.,Fixed running toilet
15/05/2022,Danforth Triplex,Lower,Cleaning,$104.88,Y,Greenwood Cleaning,Common area clean
2022/05/07,Danforth Triplex,Main,Pest Control,219.94,Y,Queen West Pest Control,Follow-up treatment
2022-05-27,Danforth Triplex,Common area,Snow Removal,128.97,N,Snowline Property Services,Walkway and steps cleared
2022-05-18,Danforth Triplex,Lower,Plumbing,$293.16,Y,Beaches Plumbing Co.,Replaced kitchen faucet cartridge
17/05/2022,LESLIEVILLE FOURPLEX,Unit 4,Pest Control,356.38,Y,Queen West Pest Control,Follow-up treatment
2022-05-31, Leslieville Fourplex ,Unit 2,Appliance,250.23,Yes,Riverdale Appliance Repair,Fridge not cooling
2022-05-10,Parkdale Walk-Up,Unit 5,Plumbing,230.38,Yes,Beaches Plumbing Co.,Replaced shut-off valve
2022-05-17,Leslieville Fourplex,Unit 4,Landscaping,177.66,no,Greenwood Cleaning,Leaf cleanup
2022-05-11,Parkdale Walk-Up,Unit 9,Pest Control,40.00,Yes,Queen West Pest Control,"Mice treatment, basement"
2022-05-10,Leslieville Fourplex,Unit 2,Pest Control,234.72,Y,Queen West Pest Control,"Mice treatment, basement"
"May 18, 2022",Danforth Triplex,Lower,Plumbing,432.63,Y,Beaches Plumbing Co.,Replaced kitchen faucet cartridge
2022/05/13,Parkdale Walk-Up,Unit 7,Pest Control,182.31,yes,Queen West Pest Control,Follow-up treatment
2022-05-31,Danforth Triplex,Common area,Cleaning,210.05,Y,Greenwood Cleaning,Turnover clean
2022-05-18,Danforth Triplex,Common area,Electrical,367.46,Y,Leslieville Electric Ltd,Swapped hallway light fixture
2022-05-13,Danforth Triplex,Common area,Appliance,305.52,Y,Riverdale Appliance Repair,Dryer belt replaced
2022-05-23,Leslieville Fourplex,Common area,Appliance,348.89,Y,Riverdale Appliance Repair,Stove element replaced
2022-05-04,Leslieville Fourplex,Unit 4,Plumbing,462.26,Y,Beaches Plumbing Co.,Replaced kitchen faucet cartridge
2022-06-01,Danforth Triplex,Main,Rent,"$2,150.00",Y,,
2022-06-01,Danforth Triplex,Upper,Rent,2400,Y,,
"Jun 3, 2022",Danforth Triplex,Lower,Rent,1650.00,yes,,
"Jun 2, 2022",Leslieville Fourplex,Unit 1,Rent,1900.00,Y,,
2022-06-02,Leslieville Fourplex,Unit 2,Rent,1950.00,Y,,
"Jun 5, 2022",Leslieville Fourplex,Unit 3,Rent,2050.00,Y,,
2022-06-01,Leslieville Fourplex,Unit 4,Rent,2250.00,Y,,
01/06/2022,Parkdale Walk-Up,Unit 1,RENT,1550.00,Y,,
2022-06-01,Parkdale Walk-Up,Unit 2,Rent,"$1,595.00",TRUE,,
01/06/2022,parkdale walk-up,Unit 3,Rent,1640,Y,,
2022-06-01, Parkdale Walk-Up ,Unit 4,Rent,1685.00,Yes,,
2022-06-01,Parkdale Walk-Up,Unit 5,Rent,1730,Y,,
2022-06-03,Parkdale Walk-Up,Unit 6,Rent,1775.00,Y,,
2022-06-01,Parkdale Walk-Up,Unit 7,Rent,"$1,820.00",Y,,
2022-06-03,Parkdale Walk-Up,Unit 8,Rent,1865,Yes,,
2022-06-01,Parkdale Walk-Up,Unit 9,Rent,1910.00,yes,,
2022-06-02,Parkdale Walk-Up,Unit 10,Rent,1955,Y,,
2022-06-03,Parkdale Walk-Up,Unit 11,Rent,2000.00,N,,
"Jun 5, 2022",Parkdale Walk-Up,Unit 12,Rent,"$2,045.00",Y,,
2022-06-12,Leslieville Fourplex,Unit 2,Pest Control,354.84,Y,Queen West Pest Control,Follow-up treatment
2022-06-18,Parkdale Walk-Up,Common area,pest control,101.31,Y,Queen West Pest Control,"Mice treatment, basement"
2022-06-23,Leslieville Fourplex,Unit 1,Plumbing,305.43,Y,Beaches Plumbing Co.  ,Replaced kitchen faucet cartridge
05/06/2022,danforth triplex,Upper,Plumbing,448.06,TRUE,Beaches Plumbing Co.,Fixed running toilet
05/06/2022,danforth triplex,Upper,Plumbing,448.06,TRUE,Beaches Plumbing Co.,Fixed running toilet
2022-06-24,Danforth Triplex,Upper,Cooling,472.29,N,Don Valley HVAC,"AC not cooling, recharged"
2022/06/06,Danforth Triplex,Upper,PLUMBING,311.17,Y,Beaches Plumbing Co.,Fixed running toilet
19/06/2022,leslieville fourplex,Unit 2,cleaning,223.23,Y,Greenwood Cleaning,Common area clean
 2022-06-13,Parkdale Walk-Up,Unit 7,Electrical,262.82,TRUE,Leslieville Electric Ltd,Replaced GFCI outlet
2022-06-25,Parkdale Walk-Up,Unit 2,Appliance,267.31,Y,Riverdale Appliance Repair,Dryer belt replaced
20/06/2022,Danforth Triplex,Main,Cooling,470.74,Y,Don Valley HVAC,Window unit replaced
26/06/2022,Parkdale Walk-Up,Unit 7,Pest Control,$219.31,Y,Queen West Pest Control,"Mice treatment, basement"
2022-06-05  ,Parkdale Walk-Up,Unit 2,Cooling,447.19,Y,Don Valley HVAC,"AC not cooling, recharged"
"Jun 6, 2022",Danforth Triplex,Upper,Appliance,$208.62,Yes,Riverdale Appliance Repair,Stove element replaced
30/06/2022,Parkdale Walk-Up,Unit 3,Landscaping,263.84,Y,Greenwood Cleaning,Lawn cut and edging
"Jun 8, 2022",Danforth Triplex,Lower,pest control,448.81,N,Queen West Pest Control,"Mice treatment, basement"
2022/06/12  ,Parkdale Walk-Up,Unit 7,Pest Control,270.94,Y,Queen West Pest Control,Follow-up treatment
2022-06-09,Leslieville Fourplex,Common area,Cooling,366.19,N,Don Valley HVAC,Window unit replaced
2022-06-26,Leslieville Fourplex,Unit 2,Electrical,404.98,Y,Leslieville Electric Ltd,"Breaker tripping, traced to dryer"
21/06/2022,Parkdale Walk-Up,Unit 11,Plumbing,378.92,Y,Beaches Plumbing Co.,Fixed running toilet
2022-06-24,Leslieville Fourplex,Unit 3,Cleaning,$173.14,Y,Greenwood Cleaning,Turnover clean
2022-06-11,Parkdale Walk-Up,Unit 2,Cooling,306.01,Y,Don Valley HVAC,Window unit replaced
2022/07/03,Danforth Triplex,Main,Rent,2150.00,Y,,
2022-07-01,Danforth Triplex,Upper,Rent,2400,Y,,
2022-07-01,Danforth Triplex,Lower,Rent,"$1,650.00",Y,,
2022-07-05,Leslieville Fourplex,Unit 1,Rent,1900,Y,,
2022-07-02,Leslieville Fourplex,Unit 2,Rent,1950,Y,,
2022-07-01,Leslieville Fourplex,Unit 3,Rent,"$2,050.00",No,,
05/07/2022,Leslieville Fourplex,Unit 4,Rent,N/A,No,,
2022-07-01,Parkdale Walk-Up,Unit 1,Rent,1550,No,,
2022-07-02,Parkdale Walk-Up,Unit 2,Rent,1595,Y,,
"Jul 5, 2022",Parkdale Walk-Up,Unit 3,Rent,1640,Y,,
2022-07-03,Parkdale Walk-Up,Unit 4,rent,1685,Y,,
2022-07-02,Parkdale Walk-Up,Unit 5,Rent,1730.00,yes,,
2022-07-05,Parkdale Walk-Up,Unit 6,Rent,"$1,775.00",Y,,
 2022-07-01,Parkdale Walk-Up,Unit 7,Rent,1820.00,Y,,
2022-07-01,Parkdale Walk-Up,Unit 8,Rent,1865,TRUE,,
2022-07-01, Parkdale Walk-Up ,Unit 9,Rent,1910.00,Y,,
2022-07-01, Parkdale Walk-Up ,Unit 10,Rent,1955.00,Y,,
2022-07-02,Parkdale Walk-Up,Unit 11,Rent,2000.00,Y,,
2022-07-01,Parkdale Walk-Up,Unit 12,Rent,2045.00,Y,,
2022-07-12,Parkdale Walk-Up,Unit 3,Landscaping,202.59,yes,Greenwood Cleaning,Lawn cut and edging
2022-07-31,Parkdale Walk-Up,Unit 9,Snow Removal,183.22,Y,Snowline Property Services,Salted front steps
2022-07-18  ,Danforth Triplex,Lower,Pest Control,109.80,Yes,Queen West Pest Control,"Mice treatment, basement"
2022/07/25,Danforth Triplex,Lower,Landscaping,248.66,yes, Greenwood Cleaning,Lawn cut and edging
2022-07-18,Leslieville Fourplex,Unit 2,Pest Control,349.46,Yes,Queen West Pest Control,"Mice treatment, basement"
2022-07-31,Parkdale Walk-Up,Unit 3,Cooling,173.14,Y,Don Valley HVAC,"AC not cooling, recharged"
2022-07-29,DANFORTH TRIPLEX,Common area,Plumbing,278.91,Y,Beaches Plumbing Co.,Replaced kitchen faucet cartridge
2022-07-12,Leslieville Fourplex,Unit 1,Cleaning,106.15,Yes,Greenwood Cleaning,Common area clean
2022-07-18,Leslieville Fourplex,Unit 3,Appliance,$424.44,Y,Riverdale Appliance Repair,Stove element replaced
2022-07-15,Parkdale Walk-Up,Unit 10,Cleaning,217.39,Y,Greenwood Cleaning,Common area clean
04/07/2022,Danforth Triplex,Common area,Cooling,470.09,Y,Don Valley HVAC,"AC not cooling, recharged"
2022/07/11,Parkdale Walk-Up,Unit 12,Electrical,423.12,No,Leslieville Electric Ltd,Swapped hallway light fixture
2022/07/12,Leslieville Fourplex,Unit 2,Electrical,795.85,Y, Leslieville Electric Ltd,Swapped hallway light fixture
2022-07-09, Leslieville Fourplex ,Unit 1,Pest Control,240.42,Y,Queen West Pest Control,"Mice treatment, basement"
23/07/2022,Leslieville Fourplex,Common area,Landscaping,$225.67,Yes,Greenwood Cleaning,Leaf cleanup
2022-07-07,Danforth Triplex,Lower,Pest Control,148.68,Y,Queen West Pest Control,"Mice treatment, basement"
2022-07-03,Parkdale Walk-Up,Unit 9,Cooling,431.77,Y,Don Valley HVAC,Window unit replaced
2022-07-15,Leslieville Fourplex,Unit 1,Plumbing,364.26,Y,Beaches Plumbing Co.,Cleared bathroom drain
2022-07-18,Parkdale Walk-Up,Unit 10,Electrical,312.00,Y,Leslieville Electric Ltd,Swapped hallway light fixture
2022-07-15,Parkdale Walk-Up,Unit 5,Heating,489.89,yes,Don Valley HVAC,Furnace service
2022-07-25,Leslieville Fourplex,Unit 2,Cooling,312.03,Y,Don Valley HVAC,Window unit replaced
01/08/2022,Danforth Triplex,Main,Rent,2150.00,Y,,
2022-08-02, Danforth Triplex ,Upper,Rent,2400,Y,,
2022/08/02,Danforth Triplex,Lower,Rent,1650,Y,,
2022-08-01,Leslieville Fourplex,Unit 1,Rent,1900,Yes,,
03/08/2022,Leslieville Fourplex,Unit 2,Rent,1950,Yes,,
"Aug 3, 2022",Leslieville Fourplex,Unit 3, Rent ,2050,Y,,
2022-08-02,Leslieville Fourplex,Unit 4,Rent,2250.00,Y,,
03/08/2022,Parkdale Walk-Up,Unit 1,Rent,1550.00,Y,,
2022-08-01,Parkdale Walk-Up,Unit 2,Rent,1595.00,Y,,
2022-08-02,Parkdale Walk-Up,Unit 3,Rent,1640.00,Y,,
2022/08/03,Parkdale Walk-Up,Unit 4,Rent,1685,Y,,
2022-08-03,Parkdale Walk-Up,Unit 5,Rent,1730.00,Y,,
2022-08-01,Parkdale Walk-Up,Unit 6,Rent,1775.00,Yes,,
2022-08-01,Parkdale Walk-Up,Unit 7,Rent,1820,Y,,
2022-08-01,PARKDALE WALK-UP,Unit 8,Rent,1865,Y,,
2022-08-03, Parkdale Walk-Up ,Unit 9,Rent,"$1,910.00",TRUE,,
2022-08-05,Parkdale Walk-Up,Unit 10,Rent,1955.00,yes,,
2022-08-01,Parkdale Walk-Up,Unit 11,Rent,2000,Y,,
2022-08-01,Parkdale Walk-Up,Unit 12,Rent,2045,Y,,
2022-08-12,Parkdale Walk-Up,Unit 2,Cleaning,179.79,Yes,Greenwood Cleaning  ,Common area clean
2022-08-24,Parkdale Walk-Up,Unit 12,Cooling,301.83,Y,Don Valley HVAC,Window unit replaced
2022-08-29,Danforth Triplex,Upper,Appliance,$216.36,Y,Riverdale Appliance Repair,Dryer belt replaced
2022-08-06,Leslieville Fourplex,Common area,Cooling,247.27,TRUE,Don Valley HVAC,Window unit replaced
2022-08-11, Parkdale Walk-Up ,Unit 4,Pest Control,222.51,Y,Queen West Pest Control,"Mice treatment, basement"
"Aug 4, 2022",Leslieville Fourplex,Unit 4,Electrical,$649.05,TRUE,Leslieville Electric Ltd,Swapped hallway light fixture
25/08/2022,Danforth Triplex,Common area, Cleaning ,147.92,Y,Greenwood Cleaning,Common area clean
21/08/2022,Danforth Triplex,Common area,Landscaping,376.51,Y,Greenwood Cleaning,Lawn cut and edging
2022-08-31,Parkdale Walk-Up,Unit 11,Electrical,$285.71,Y,Leslieville Electric Ltd,Replaced GFCI outlet  
2022-08-21,Danforth Triplex,Common area,Cooling,474.76,yes,Don Valley HVAC,"AC not cooling, recharged"
2022-08-22,Parkdale Walk-Up,Common area,Electrical,372.66,N,Leslieville Electric Ltd,"Breaker tripping, traced to dryer"
2022-08-12,Danforth Triplex,Main, Electrical ,599.77,Y,Leslieville Electric Ltd,Swapped hallway light fixture
2022-08-09,Danforth Triplex,Upper,Cleaning,169.45,Yes,Greenwood Cleaning,Common area clean
2022-08-24,Parkdale Walk-Up,Unit 2,Cooling,500.96,N,Don Valley HVAC,"AC not cooling, recharged"
04/08/2022,Danforth Triplex,Main,Landscaping,137.39,yes,Greenwood Cleaning,Leaf cleanup
2022-08-24,Danforth Triplex,Main,Plumbing,567.13,yes,Beaches Plumbing Co.,Replaced kitchen faucet cartridge
2022-09-01,Danforth Triplex,Main,Rent,2150.00,Y,,
2022-09-05,Danforth Triplex,Upper,Rent,2400,Y,,
2022-09-01,Danforth Triplex,Lower,Rent,"$1,650.00",Y,,
01/09/2022,Leslieville Fourplex,Unit 1,Rent,1900.00,Y,,
2022-09-03,Leslieville Fourplex,Unit 2,Rent,1950.00,Yes,,
2022-09-05,Leslieville Fourplex,Unit 3,Rent,"$2,050.00",yes,,
"Sep 2, 2022",Leslieville Fourplex,Unit 4,Rent,2250.00,Yes,,
2022-09-03,Parkdale Walk-Up,Unit 1,Rent,1550.00,N,,
2022-09-03,Parkdale Walk-Up,Unit 1,Rent,1550.00,N,,
2022-09-05,Parkdale Walk-Up,Unit 2,Rent,1595,Y,,
2022-09-01,Parkdale Walk-Up,Unit 3,Rent,1640,yes,,
2022-09-01,Parkdale Walk-Up,Unit 4,Rent,1685,Yes,,
"Sep 1, 2022",Parkdale Walk-Up,Unit 5,Rent,1730.00,No,,
"Sep 1, 2022",Parkdale Walk-Up,Unit 6,Rent,1775.00,Y,,
2022-09-01,Parkdale Walk-Up,Unit 8,Rent,1865.00,Y,,
2022-09-01,PARKDALE WALK-UP,Unit 9,Rent,1910.00,Y,,
2022-09-01,Parkdale Walk-Up,Unit 10,Rent,1955.00,Y,,
2022-09-05,Parkdale Walk-Up,Unit 11,Rent,2000.00,Y,,
2022-09-01,Parkdale Walk-Up,Unit 12,Rent,2045.00,Y,,
"Sep 16, 2022",Danforth Triplex,Lower,Cleaning,129.04,Y,Greenwood Cleaning,Common area clean
2022-09-24,Leslieville Fourplex,Common area,Cleaning,208.29,Y,Greenwood Cleaning,Turnover clean
03/09/2022,Parkdale Walk-Up,Common area,Electrical,527.29,Yes,Leslieville Electric Ltd,Replaced GFCI outlet
 2022-09-14,Parkdale Walk-Up,Unit 10,Plumbing,248.69,Yes,Beaches Plumbing Co.,Fixed running toilet
2022-09-01,Leslieville Fourplex,Unit 3,Cleaning,140.02,Y,Greenwood Cleaning,Common area clean
2022-09-16,Parkdale Walk-Up,Unit 3,plumbing,356.86,Y,Beaches Plumbing Co.,Cleared bathroom drain
2022-09-25, Leslieville Fourplex ,Unit 4,Cleaning,145.16,yes,Greenwood Cleaning,Common area clean
2022-09-06,parkdale walk-up,Common area,Appliance,164.82,Y,Riverdale Appliance Repair,Dryer belt replaced
2022-09-23,Parkdale Walk-Up,Unit 3,plumbing,315.61,Y,Beaches Plumbing Co.,Cleared bathroom drain
2022-09-07,Parkdale Walk-Up,Unit 9, Electrical ,334.12,Yes,Leslieville Electric Ltd,Replaced GFCI outlet
"Sep 20, 2022",Parkdale Walk-Up,Common area,Cooling,419.14,Y,Don Valley HVAC,Window unit replaced
2022-09-15,Parkdale Walk-Up,Unit 6,Pest Control,194.72,Y,Queen West Pest Control,"Mice treatment, basement"
"Sep 8, 2022",Parkdale Walk-Up,Unit 3,Appliance,,Y,Riverdale Appliance Repair,Fridge not cooling
"Sep 22, 2022",Danforth Triplex,Main,Appliance,216.90,yes,Riverdale Appliance Repair,Stove element replaced
17/09/2022,Parkdale Walk-Up,Unit 9,Landscaping,173.63,Yes,Greenwood Cleaning,Leaf cleanup
2022-09-29,Danforth Triplex,Upper,Appliance,360.93,Yes,Riverdale Appliance Repair,Dryer belt replaced
2022-10-02,Danforth Triplex,Main,rent,2150.00,Y,,
2022-10-01,Danforth Triplex,Upper,Rent,2400,Yes,,
01/10/2022,Danforth Triplex,Lower,RENT,"$1,650.00",Y,,
"Oct 1, 2022",Leslieville Fourplex,Unit 1,Rent,1900.00,yes,,
2022/10/01,Leslieville Fourplex,Unit 2,Rent,1950.00,no,,
2022-10-01,Leslieville Fourplex,Unit 3,Rent,2050,Y,,
2022-10-01,Leslieville Fourplex,Unit 4,Rent,2250.00,N,,
 2022-10-03,Parkdale Walk-Up,Unit 1, Rent ,1550.00,yes,,
2022-10-01,Parkdale Walk-Up,Unit 2,Rent,1595.00,Y,,
2022-10-01,Parkdale Walk-Up,Unit 3,Rent,1640.00,Y,,
2022-10-01,Parkdale Walk-Up,Unit 4,Rent,1685,Y,,
2022-10-02,Parkdale Walk-Up,Unit 5,Rent,1730.00,Y,,
2022-10-02,Parkdale Walk-Up,Unit 6,Rent,1775.00,Yes,,
 2022-10-03,Parkdale Walk-Up,Unit 7,RENT,1820.00,TRUE,,
2022/10/01,Parkdale Walk-Up,Unit 8,Rent,1865,Y,,
02/10/2022,Parkdale Walk-Up,Unit 9,Rent,1910.00,no,,
"Oct 3, 2022",Parkdale Walk-Up,Unit 10,Rent,1955.00,Y,,
"Oct 1, 2022",Parkdale Walk-Up,Unit 11,Rent,2000,Yes,,
2022-10-01,Parkdale Walk-Up,Unit 12,Rent,2045.00,Y,,
2022-10-31,Leslieville Fourplex,Unit 4,Plumbing,331.01,yes,Beaches Plumbing Co.,Replaced kitchen faucet cartridge
2022-10-25,Leslieville Fourplex,Unit 3,Electrical,$506.11,Y,Leslieville Electric Ltd,"Breaker tripping, traced to dryer"
2022-10-31,danforth triplex,Upper,appliance,380.26,Y,Riverdale Appliance Repair,Fridge not cooling
2022-10-04,Danforth Triplex,Upper,Landscaping,325.23,yes,Greenwood Cleaning,Leaf cleanup
2022-10-24,Parkdale Walk-Up,Unit 8,Electrical,$288.15,Y,Leslieville Electric Ltd,"Breaker tripping, traced to dryer"
2022-10-23,Danforth Triplex,Lower,Plumbing,300.41,N,Beaches Plumbing Co.,Replaced shut-off valve
2022-10-31,Danforth Triplex,Lower,Cooling,474.52,Y,Don Valley HVAC,"AC not cooling, recharged"
2022-10-19,Leslieville Fourplex,Common area,Appliance,309.30,Y,Riverdale Appliance Repair,Fridge not cooling
2022-10-10,Danforth Triplex,Lower,Electrical,TBD,N,Leslieville Electric Ltd,Swapped hallway light fixture
01/10/2022,Leslieville Fourplex,Unit 1,snow removal,239.82,Y,Snowline Property Services,Salted front steps
"Oct 30, 2022",Leslieville Fourplex,Unit 1,Heating,549.94,Yes,Don Valley HVAC,Replaced furnace igniter
10/10/2022,Leslieville Fourplex,Common area,Appliance,164.15,N,Riverdale Appliance Repair,Stove element replaced
2022-10-21,Parkdale Walk-Up,Unit 8,Appliance,422.89,Y,Riverdale Appliance Repair,Stove element replaced
23/10/2022,Danforth Triplex,Upper,Plumbing,364.86,Y,Beaches Plumbing Co.,Replaced kitchen faucet cartridge
2022-10-11,Danforth Triplex,Main,Pest Control,276.29,no,Queen West Pest Control,"Mice treatment, basement"
2022-10-25,Leslieville Fourplex,Unit 4,Appliance,228.90,Y,Riverdale Appliance Repair,Dryer belt replaced
2022-10-05,Leslieville Fourplex,Unit 3,Appliance,176.96,yes,Riverdale Appliance Repair,Stove element replaced
12/10/2022,Parkdale Walk-Up,Unit 7,Landscaping,n/a,Y,Greenwood Cleaning,Lawn cut and edging
2022-10-28,Parkdale Walk-Up,Unit 3,Pest Control,163.48,Y,Queen West Pest Control,Follow-up treatment
2022-11-01,Danforth Triplex,Main,Rent,2150.00,Y,,
2022-11-01,Danforth Triplex,Upper,Rent,2400.00,Y,,
"Nov 3, 2022",Leslieville Fourplex,Unit 1,Rent,1900,Y,,
2022-11-02, Leslieville Fourplex ,Unit 2,Rent,1950,Y,,
2022-11-03,Leslieville Fourplex,Unit 3,Rent,2050.00,Yes,,
2022-11-01,Leslieville Fourplex,Unit 4,Rent,2250.00,Y,,
"Nov 3, 2022",Parkdale Walk-Up,Unit 1,Rent,1550.00,Yes,,
2022-11-01,Parkdale Walk-Up,Unit 2,Rent,1595,Y,,
2022-11-02,Parkdale Walk-Up,Unit 3,Rent,"$1,640.00",Y,,
2022-11-05,Parkdale Walk-Up,Unit 4,Rent,1685,Y,,
"Nov 1, 2022",Parkdale Walk-Up,Unit 5,Rent,1730.00,Y,,
2022-11-01,Parkdale Walk-Up,Unit 6,Rent,1775.00,Y,,
2022-11-01,Parkdale Walk-Up,Unit 8,Rent,1865,TRUE,,
2022-11-01,Parkdale Walk-Up,Unit 9,Rent,1910.00,Y,,
2022-11-01,Parkdale Walk-Up,Unit 10, Rent ,1955.00,yes,,
2022-11-05  ,Parkdale Walk-Up,Unit 11,Rent,2000.00,Y,,
2022-11-05,Parkdale Walk-Up,Unit 12,Rent,2045.00,Y,,
20/11/2022,Leslieville Fourplex,Common area,Plumbing,$433.11,Y,Beaches Plumbing Co.,Replaced shut-off valve
07/11/2022,Leslieville Fourplex,Unit 1,Plumbing,304.87,Y,Beaches Plumbing Co.,Replaced kitchen faucet cartridge
2022-11-28, Danforth Triplex ,Lower,Plumbing,255.60,Y,Beaches Plumbing Co.,Replaced shut-off valve
2022-11-12,Parkdale Walk-Up,Common area,Electrical,437.86,Y,Leslieville Electric Ltd,"Breaker tripping, traced to dryer"
12/11/2022,Leslieville Fourplex,Unit 1,Landscaping,153.16,Y,Greenwood Cleaning  ,Lawn cut and edging
27/11/2022,Leslieville Fourplex,Unit 3,Heating,639.31,Y,Don Valley HVAC,Replaced furnace igniter
2022-11-29,Danforth Triplex,Main,Pest Control,266.07,Y,Queen West Pest Control,"Mice treatment, basement"
2022/11/17,Danforth Triplex,Upper,Electrical,161.25,Y,Leslieville Electric Ltd,Swapped hallway light fixture
2022-11-26,Parkdale Walk-Up,Unit 10,Plumbing,204.39,Y,Beaches Plumbing Co.,Fixed running toilet
02/11/2022,Danforth Triplex,Common area,Pest Control,332.45,Y,Queen West Pest Control,Follow-up treatment
2022-11-01,LESLIEVILLE FOURPLEX,Unit 1,Cooling,341.01,yes,Don Valley HVAC,Window unit replaced
2022-11-21,Parkdale Walk-Up,Unit 4,Appliance,346.33,Y,Riverdale Appliance Repair,Fridge not cooling
2022-11-04,Parkdale Walk-Up,Unit 3,Cleaning,186.54,Y,Greenwood Cleaning,Common area clean
2022-11-03,Parkdale Walk-Up,Unit 8,Electrical,260.75,Y,Leslieville Electric Ltd,"Breaker tripping, traced to dryer"
2022/11/23  ,Danforth Triplex,Main,Plumbing,228.43,Y,Beaches Plumbing Co.,Replaced kitchen faucet cartridge
2022-11-12,Leslieville Fourplex,Common area,Snow Removal,180.12,Y,Snowline Property Services,Salted front steps
"Nov 6, 2022",Leslieville Fourplex,Unit 1,Heating,726.48,N,Don Valley HVAC  ,Replaced furnace igniter
2022-12-01,Danforth Triplex,Main,Rent,2150.00,Y,,
2022-12-03,Danforth Triplex,Upper,Rent,2400,Y,,
2022-12-01,Danforth Triplex,Lower,Rent,"$1,650.00",yes,,
2022-12-02,Leslieville Fourplex,Unit 1,Rent,1900,N,,
2022-12-01,leslieville fourplex,Unit 2,Rent,"$1,950.00",Y,,
02/12/2022,Leslieville Fourplex,Unit 3,Rent,2050.00,Y,,
2022-12-05,leslieville fourplex,Unit 4,Rent,2250.00,Yes,,
2022-12-01,Parkdale Walk-Up,Unit 1,Rent,"$1,550.00",Y,,
2022-12-03,parkdale walk-up,Unit 2,Rent,"$1,595.00",Y,,
2022/12/01,Parkdale Walk-Up,Unit 3, Rent ,1640,Yes,,
01/12/2022,Parkdale Walk-Up,Unit 4,Rent,1685,Y,,
2022-12-01,Parkdale Walk-Up,Unit 5,Rent,1730.00,Y,,
2022-12-01,Parkdale Walk-Up,Unit 6,Rent,1775.00,Y,,
2022-12-01  ,Parkdale Walk-Up,Unit 7,Rent,1820,Y,,
2022-12-02,Parkdale Walk-Up,Unit 8,Rent,1865,TRUE,,
2022-12-01,Parkdale Walk-Up,Unit 9,Rent,1910,N,,
2022-12-03,Parkdale Walk-Up,Unit 10,Rent,"$1,955.00",Y,,
"Dec 3, 2022",Parkdale Walk-Up,Unit 11,Rent,2000.00,Yes,,
2022-12-01,Parkdale Walk-Up,Unit 12,Rent,2045,Y,,
2022-12-01,Parkdale Walk-Up,Unit 1, Heating ,231.54,No,Don Valley HVAC,Boiler pressure reset
2022-12-24,Parkdale Walk-Up,Unit 6,Electrical,N/A,Y,Leslieville Electric Ltd,"Breaker tripping, traced to dryer"
"Dec 20, 2022",Danforth Triplex,Lower,Pest Control,252.30,Y,Queen West Pest Control,Follow-up treatment
30/12/2022,Danforth Triplex,Lower,Appliance,277.70,Y,Riverdale Appliance Repair,Fridge not cooling
2022-12-13  ,Danforth Triplex,Upper,Plumbing,352.18,Y,Beaches Plumbing Co.  ,Replaced shut-off valve
2022-12-16,Leslieville Fourplex,Unit 3,Plumbing,40.00,Y,Beaches Plumbing Co.,Cleared bathroom drain
2022-12-08,Parkdale Walk-Up,Unit 3,Landscaping,156.81,Yes,Greenwood Cleaning,Leaf cleanup
01/12/2022,Parkdale Walk-Up,Unit 1, Snow Removal ,253.42,Y,Snowline Property Services,Walkway and steps cleared  
2022-12-16,Leslieville Fourplex,Unit 3,pest control,$353.69,N,Queen West Pest Control,Follow-up treatment
2022-12-12,Danforth Triplex,Lower,Appliance,300.66,Yes,Riverdale Appliance Repair,Stove element replaced
2022-12-18,Leslieville Fourplex,Unit 2,Pest Control,310.00,Y,Queen West Pest Control,"Mice treatment, basement"
2022-12-18,Leslieville Fourplex,Unit 2,Pest Control,310.00,Y,Queen West Pest Control,"Mice treatment, basement"
03/12/2022,Danforth Triplex,Lower,Snow Removal,$196.64,Y,Snowline Property Services,Walkway and steps cleared
2022-12-26,Parkdale Walk-Up,Unit 2,Appliance,464.66,Y,Riverdale Appliance Repair,Fridge not cooling
2022-12-09, Danforth Triplex ,Main,Pest Control,345.24,yes, Queen West Pest Control,"Mice treatment, basement"
2022-12-30,Danforth Triplex,Upper,Plumbing,294.80,Y,Beaches Plumbing Co.,Fixed running toilet
2022-12-14,LESLIEVILLE FOURPLEX,Unit 2,Pest Control,457.61,yes,Queen West Pest Control,Follow-up treatment
02/12/2022,Parkdale Walk-Up,Common area,Appliance,359.54,N,Riverdale Appliance Repair,Stove element replaced
2022-12-10,Danforth Triplex,Main,Plumbing,323.46,N,Beaches Plumbing Co.,Fixed running toilet
2022-12-28,Parkdale Walk-Up,Unit 11,Landscaping,335.07,Y,Greenwood Cleaning,Lawn cut and edging
2022-12-04,Parkdale Walk-Up,Unit 10,Pest Control,75.52,Y,Queen West Pest Control,Follow-up treatment
2022/12/17,Leslieville Fourplex,Unit 1,Plumbing,$320.07,N,Beaches Plumbing Co.,Cleared bathroom drain
 2023-01-01,Danforth Triplex,Main,Rent,2150,TRUE,,
2023-01-01,Danforth Triplex,Upper, Rent ,2400.00,Y,,
 2023-01-02,Danforth Triplex,Lower,Rent,"$1,650.00",Y,,
2023-01-05,Leslieville Fourplex,Unit 1,Rent,1900,Y,,
2023-01-03,Leslieville Fourplex,Unit 2,Rent,1950,yes,,
2023-01-03,Leslieville Fourplex,Unit 3,Rent,2050.00,N,,
01/01/2023,Leslieville Fourplex,Unit 4,Rent,2250.00,Y,,
01/01/2023,Leslieville Fourplex,Unit 4,Rent,2250.00,Y,,
"Jan 2, 2023", Parkdale Walk-Up ,Unit 1,Rent,1550.00,TRUE,,
2023-01-03, Parkdale Walk-Up ,Unit 2,Rent,1595.00,Y,,
2023-01-03,Parkdale Walk-Up,Unit 3,Rent,1640,Y,,
05/01/2023,Parkdale Walk-Up,Unit 4,Rent,1685.00,Y,,
2023-01-05,Parkdale Walk-Up,Unit 5,Rent,1730,Yes,,
2023/01/01,Parkdale Walk-Up,Unit 6,Rent,1775.00,Y,,
2023-01-01,Parkdale Walk-Up,Unit 7,Rent,1820,TRUE,,
2023/01/02,Parkdale Walk-Up,Unit 8,Rent,1865.00,TRUE,,
"Jan 1, 2023",Parkdale Walk-Up,Unit 9,Rent,1910,Y,,
2023-01-01,PARKDALE WALK-UP,Unit 10,Rent,1955.00,TRUE,,
2023-01-02,Parkdale Walk-Up,Unit 11,Rent,2000,Y,,
2023-01-03,Parkdale Walk-Up,Unit 12,Rent,2045.00,TRUE,,
2023-01-14  ,Parkdale Walk-Up,Unit 7,Electrical,176.24,Y,Leslieville Electric Ltd,Replaced GFCI outlet
2023-01-11,Parkdale Walk-Up,Unit 8,Snow Removal,209.14,N,Snowline Property Services,Salted front steps
2023-01-16,Danforth Triplex,Lower,Pest Control,259.75,N, Queen West Pest Control,Follow-up treatment
2023-01-02,Danforth Triplex,Main,Pest Control,202.23,Y,Queen West Pest Control,Follow-up treatment
2023-01-09,Danforth Triplex,Main,Heating,793.85,yes,Don Valley HVAC,Bled radiators
2023-01-22,Danforth Triplex,Upper,Snow Removal,174.89,Y,Snowline Property Services,Salted front steps
2023-01-26,Leslieville Fourplex,Unit 3,Appliance,165.19,Y,Riverdale Appliance Repair,Fridge not cooling
2023-01-07,Parkdale Walk-Up,Unit 8,Plumbing,305.52,Y,Beaches Plumbing Co.,Cleared bathroom drain
2023-01-10, Parkdale Walk-Up ,Unit 3,Snow Removal,84.80,Y,Snowline Property Services,Walkway and steps cleared
2023-01-10, Parkdale Walk-Up ,Unit 3,Snow Removal,84.80,Y,Snowline Property Services,Walkway and steps cleared
2023-01-27,Parkdale Walk-Up,Unit 2,Landscaping,193.09,Y,Greenwood Cleaning,Leaf cleanup
2023-01-27,Danforth Triplex,Common area,Pest Control,411.59,Yes,Queen West Pest Control,Follow-up treatment
2023-01-12,Leslieville Fourplex,Unit 1,Cleaning,189.30,No,Greenwood Cleaning,Turnover clean
2023-01-03,Parkdale Walk-Up,Unit 7,Plumbing,263.56,Yes,Beaches Plumbing Co.,Cleared bathroom drain
"Jan 22, 2023",Danforth Triplex,Common area,Electrical,358.00,Y,Leslieville Electric Ltd,Swapped hallway light fixture
12/01/2023,Danforth Triplex,Upper,PEST CONTROL,$166.80,Y,Queen West Pest Control,Follow-up treatment
2023/01/19,Danforth Triplex,Lower,Plumbing,206.66,Y,Beaches Plumbing Co.,Fixed running toilet
2023/01/24,Leslieville Fourplex,Unit 4,Appliance,$463.74,Y,Riverdale Appliance Repair,Stove element replaced
2023-02-05,Danforth Triplex,Main,Rent,2204.00,yes,,
01/02/2023,Danforth Triplex,Upper,Rent,2460,Y,,
"Feb 5, 2023",Danforth Triplex,Lower,Rent,"$1,691.00",Y,,
2023-02-02,Leslieville Fourplex,Unit 1,Rent,1947.00,yes,,
2023-02-05,Leslieville Fourplex,Unit 2,Rent,1999,Y,,
2023-02-01,Leslieville Fourplex,Unit 3,Rent,2101.00,TRUE,,
2023-02-01,Leslieville Fourplex,Unit 4,rent,2306.00,Y,,
2023-02-01,parkdale walk-up,Unit 1,Rent,1589.00,Y,,
2023-02-01,parkdale walk-up,Unit 1,Rent,1589.00,Y,,
2023-02-01,Parkdale Walk-Up,Unit 2,Rent,1635.00,Yes,,
2023-02-02,Parkdale Walk-Up,Unit 3,Rent,1681,Y,,
2023-02-01,Parkdale Walk-Up,Unit 4,Rent,1727,Yes,,
2023/02/05,Parkdale Walk-Up,Unit 5,Rent,1773,Y,,
2023-02-03,Parkdale Walk-Up,Unit 6,Rent,1819,yes,,
2023-02-01,Parkdale Walk-Up,Unit 7,Rent,1865,Y,,
2023-02-01,Parkdale Walk-Up,Unit 8,Rent,1912.00,Y,,
2023-02-05, Parkdale Walk-Up ,Unit 9,Rent,1958,Y,,
2023-02-03,Parkdale Walk-Up,Unit 10,Rent,2004,yes,,
01/02/2023,Parkdale Walk-Up,Unit 11,Rent,2050,Y,,
2023-02-01,Parkdale Walk-Up,Unit 12,Rent,2096.00,yes,,
2023-02-01,Danforth Triplex,Main,Heating,605.37,Y,Don Valley HVAC,Boiler pressure reset
24/02/2023,Parkdale Walk-Up,Unit 10, Heating ,687.83,yes,Don Valley HVAC,Bled radiators
"Feb 13, 2023",Parkdale Walk-Up,Unit 1,Cleaning,88.13,Y,Greenwood Cleaning,Turnover clean
07/02/2023,Danforth Triplex,Main,Snow Removal,121.02,Y,Snowline Property Services,Walkway and steps cleared
2023-02-16,Danforth Triplex,Lower,Pest Control,274.40,Y,Queen West Pest Control,"Mice treatment, basement"
2023-02-28,Danforth Triplex,Upper,pest control,263.13,Y,Queen West Pest Control,"Mice treatment, basement"
"Feb 15, 2023",PARKDALE WALK-UP,Unit 3,Heating,649.17,N,Don Valley HVAC,Replaced furnace igniter
"Feb 21, 2023",Parkdale Walk-Up,Unit 3,Heating,670.93,Yes,Don Valley HVAC,Furnace service
2023-02-11,Danforth Triplex,Upper,Appliance,356.38,Y,Riverdale Appliance Repair,Dryer belt replaced
"Feb 24, 2023",Danforth Triplex,Lower,Heating,737.11,Yes,Don Valley HVAC,Replaced furnace igniter
2023-02-03,Parkdale Walk-Up,Unit 2,Electrical,261.26,Yes,Leslieville Electric Ltd,Replaced GFCI outlet
25/02/2023,Parkdale Walk-Up,Unit 4,Cleaning,$223.78,yes,Greenwood Cleaning,Common area clean
2023-02-20,Leslieville Fourplex,Unit 2,Electrical,363.96,Y,Leslieville Electric Ltd,Replaced GFCI outlet
2023-02-06,Danforth Triplex,Upper,Cleaning,192.03,Yes,Greenwood Cleaning,Turnover clean  
2023-02-03,Danforth Triplex,Upper,Heating,406.79,Yes,Don Valley HVAC,Furnace service
2023-02-21,Leslieville Fourplex,Unit 1,Appliance,313.66,Y,Riverdale Appliance Repair,Dryer belt replaced
13/02/2023,Leslieville Fourplex,Unit 2,Plumbing,$506.52,N,Beaches Plumbing Co.,Fixed running toilet
2023-02-04,Danforth Triplex,Common area,Electrical,622.21,Y,Leslieville Electric Ltd,Swapped hallway light fixture
"Feb 23, 2023",Parkdale Walk-Up,Unit 1,Appliance,204.27,Y, Riverdale Appliance Repair,Fridge not cooling
2023-02-15,Danforth Triplex,Lower,Heating,560.18,N,Don Valley HVAC,Furnace service
2023-02-10,Leslieville Fourplex,Unit 3,Plumbing,209.12,yes,Beaches Plumbing Co.,Cleared bathroom drain
2023-02-10,Danforth Triplex,Main,Cleaning,$111.43,no,Greenwood Cleaning,Common area clean
07/02/2023  ,leslieville fourplex,Unit 3,Heating,$693.76,yes,Don Valley HVAC,Bled radiators  
2023-02-04,Parkdale Walk-Up,Unit 7,Cleaning,153.10,No,Greenwood Cleaning,Turnover clean
2023-03-05,Danforth Triplex,Main,Rent,2204.00,Yes,,
01/03/2023,Danforth Triplex,Upper,Rent,2460.00,Y,,
2023-03-02,Danforth Triplex,Lower,Rent,"$1,691.00",Y,,
2023-03-05,Leslieville Fourplex,Unit 1,Rent,1947,Y,,
2023-03-03,Leslieville Fourplex,Unit 4,Rent,2306,Y,,
01/03/2023,Parkdale Walk-Up,Unit 1,Rent,1589.00,N,,
2023-03-05,Parkdale Walk-Up,Unit 2,Rent,1635.00,yes,,
2023-03-02,Parkdale Walk-Up,Unit 3,Rent,1681.00,Yes,,
2023-03-02,Parkdale Walk-Up,Unit 3,Rent,1681.00,Yes,,
03/03/2023,Parkdale Walk-Up,Unit 4,Rent,1727,yes,,
2023-03-01,Parkdale Walk-Up,Unit 5,Rent,1773.00,Y,,
2023-03-03,Parkdale Walk-Up,Unit 6,Rent,1819,Yes,,
2023-03-03,Parkdale Walk-Up,Unit 7,Rent,1865.00,N,,
2023-03-01,Parkdale Walk-Up,Unit 8,rent,1912.00,Y,,
2023-03-01,Parkdale Walk-Up,Unit 9,Rent,1958.00,Y,,
"Mar 1, 2023",Parkdale Walk-Up,Unit 10,Rent,2004.00,Y,,
2023-03-01,Parkdale Walk-Up,Unit 11,Rent,2050.00,Y,,
2023-03-01,Parkdale Walk-Up,Unit 12,Rent,2096.00,Y,,
23/03/2023, Parkdale Walk-Up ,Unit 12,Cleaning,172.66,Y,Greenwood Cleaning,Common area clean
2023-03-15,Leslieville Fourplex,Unit 3,Heating,182.76,Y,Don Valley HVAC,Replaced furnace igniter
2023-03-04,Leslieville Fourplex,Unit 2,plumbing,200.98,Y,Beaches Plumbing Co.,Replaced kitchen faucet cartridge
2023-03-05, Parkdale Walk-Up ,Unit 7,pest control,360.71,Y, Queen West Pest Control,"Mice treatment, basement"
2023-03-25,Parkdale Walk-Up,Unit 12,Electrical,365.26,Y,Leslieville Electric Ltd,Swapped hallway light fixture
2023-03-13,Leslieville Fourplex,Unit 4,Electrical,544.40,yes,Leslieville Electric Ltd,Swapped hallway light fixture
"Mar 28, 2023",Leslieville Fourplex,Unit 3,Electrical,491.88,Y,Leslieville Electric Ltd,Swapped hallway light fixture
2023-03-14,Leslieville Fourplex,Unit 4,Plumbing,200.56,Y,Beaches Plumbing Co.,Replaced kitchen faucet cartridge
2023-03-14,Leslieville Fourplex,Unit 4,Plumbing,200.56,Y,Beaches Plumbing Co.,Replaced kitchen faucet cartridge
25/03/2023,Danforth Triplex,Common area,Landscaping,140.43,TRUE,Greenwood Cleaning,Leaf cleanup
2023-03-13,Leslieville Fourplex,Common area,Snow Removal,248.97,Y,Snowline Property Services,Salted front steps
2023-03-10,Parkdale Walk-Up,Unit 7,appliance,92.92,yes,Riverdale Appliance Repair,Stove element replaced
2023-03-23,Leslieville Fourplex,Unit 1,Electrical,344.52,No,Leslieville Electric Ltd,"Breaker tripping, traced to dryer"
2023-03-09,Danforth Triplex,Upper,Cleaning,223.74,Yes,Greenwood Cleaning  ,Common area clean
2023-03-19,Leslieville Fourplex,Unit 3,Electrical,575.67,FALSE,Leslieville Electric Ltd,Swapped hallway light fixture
2023-03-31,Leslieville Fourplex,Unit 1,Heating,$257.78,Y,Don Valley HVAC,Replaced furnace igniter
2023-03-27,Danforth Triplex,Main,Heating,178.23,Y,Don Valley HVAC,Bled radiators
2023-03-31,danforth triplex,Lower,Snow Removal,91.23,Y,Snowline Property Services,Walkway and steps cleared
2023-03-28,Leslieville Fourplex,Common area,HEATING,545.89,no,Don Valley HVAC,Bled radiators
"Mar 30, 2023",Danforth Triplex,Common area, Heating ,$614.47,Y,Don Valley HVAC,Replaced furnace igniter
12/03/2023,Parkdale Walk-Up,Unit 3,Snow Removal,169.43,Y,Snowline Property Services,Salted front steps
2023-03-16,DANFORTH TRIPLEX,Lower,Landscaping,275.11,Y,Greenwood Cleaning,Leaf cleanup
2023-03-06,Parkdale Walk-Up,Unit 12,Plumbing,-,No,Beaches Plumbing Co.,Cleared bathroom drain
"Mar 16, 2023",Danforth Triplex,Main,snow removal,$142.68,Y,Snowline Property Services,Salted front steps
2023-03-31,Danforth Triplex,Common area,Cleaning,143.06,Y,Greenwood Cleaning,Common area clean
2023-03-31,Danforth Triplex,Common area,Cleaning,143.06,Y,Greenwood Cleaning,Common area clean
2023-03-30,Danforth Triplex,Lower,Snow Removal,226.11,Y,Snowline Property Services,Walkway and steps cleared
2023-04-01,Danforth Triplex,Main,Rent,2204.00,Y,,
2023-04-02,Danforth Triplex,Upper,Rent,2460,Y,,
2023-04-03,Danforth Triplex,Lower,Rent,1691,Y,,
"Apr 1, 2023",Leslieville Fourplex,Unit 1,Rent,1947.00,Y,,
2023-04-05, Leslieville Fourplex ,Unit 2,Rent,1999.00,Y,,
2023-04-03,Leslieville Fourplex,Unit 3,Rent,2101.00,yes,,
2023-04-01,Leslieville Fourplex,Unit 4,Rent,2306,Y,,
"Apr 1, 2023",Parkdale Walk-Up,Unit 1,Rent,1589.00,Y,,
2023-04-05,Parkdale Walk-Up,Unit 2,Rent,1635,Y,,
2023-04-01,Parkdale Walk-Up,Unit 3,Rent,1681,Y,,
2023-04-01,Parkdale Walk-Up,Unit 4,Rent,1727,Y,,
01/04/2023,Parkdale Walk-Up,Unit 5,Rent,1773.00,Y,,
"Apr 1, 2023",Parkdale Walk-Up,Unit 6,Rent,1819,Yes,,
2023-04-01,Parkdale Walk-Up,Unit 7,Rent,1865,Y,,
2023-04-01,Parkdale Walk-Up,Unit 8,Rent,1912.00,Y,,
01/04/2023,Parkdale Walk-Up,Unit 9,Rent,1958,Y,,
2023-04-01,Parkdale Walk-Up,Unit 10,Rent,2004.00,Y,,
01/04/2023,Parkdale Walk-Up,Unit 11,Rent,2050.00,Y,,
2023-04-05, Parkdale Walk-Up ,Unit 12,Rent,2096.00,Y,,
2023-04-18,Leslieville Fourplex,Unit 3,Electrical,577.59,Yes,Leslieville Electric Ltd,Swapped hallway light fixture
"Apr 14, 2023",Parkdale Walk-Up,Unit 7,Heating,1023.36,No,Don Valley HVAC,Furnace service
03/04/2023,Parkdale Walk-Up,Unit 8,Plumbing,556.12,Y,Beaches Plumbing Co.,Replaced kitchen faucet cartridge
2023-04-26,Leslieville Fourplex,Unit 1,Pest Control,256.15,Y,Queen West Pest Control,Follow-up treatment
2023-04-25,Danforth Triplex,Main,Appliance,242.40,Yes,Riverdale Appliance Repair,Stove element replaced
"Apr 23, 2023",Parkdale Walk-Up,Unit 4,Pest Control,257.09,N,Queen West Pest Control,"Mice treatment, basement"
2023-04-16,Danforth Triplex,Upper,Cleaning,n/a,Y,Greenwood Cleaning, Turnover clean
06/04/2023,Danforth Triplex,Upper,Electrical,200.06,Y,Leslieville Electric Ltd,"Breaker tripping, traced to dryer"
"Apr 16, 2023",Parkdale Walk-Up,Unit 11,Cleaning,81.79,Y,Greenwood Cleaning,Common area clean
2023-04-20,Danforth Triplex,Lower,Pest Control,289.01,Y,Queen West Pest Control,Follow-up treatment
2023-04-16,parkdale walk-up,Unit 7,Cleaning,43.69,Y,Greenwood Cleaning,Turnover clean
2023-04-05,Leslieville Fourplex,Unit 4,Pest Control,294.21,Y,Queen West Pest Control,Follow-up treatment
"Apr 20, 2023",Danforth Triplex,Common area,Appliance,281.09,Y,Riverdale Appliance Repair,Dryer belt replaced
10/04/2023,Danforth Triplex,Lower,Cooling,523.76,Y,Don Valley HVAC,Window unit replaced
2023-05-03,Danforth Triplex,Main,Rent,2204.00,Y,,
2023-05-01  ,Danforth Triplex,Upper,Rent,2460.00,Y,,
2023-05-02,danforth triplex,Lower,Rent,1691.00,Y,,
2023-05-02,Leslieville Fourplex,Unit 1,Rent,"$1,947.00",Yes,,
2023-05-01,Leslieville Fourplex,Unit 2,Rent,1999.00,Y,,
"May 5, 2023",Leslieville Fourplex,Unit 3,Rent,2101,Y,,
2023/05/03,Leslieville Fourplex,Unit 4,Rent,2306,Y,,
2023-05-01,Parkdale Walk-Up,Unit 1,Rent,1589,Yes,,
"May 5, 2023",Parkdale Walk-Up,Unit 2,Rent,"$1,635.00",yes,,
2023-05-01,Parkdale Walk-Up,Unit 3,Rent,1681,yes,,
05/05/2023,Parkdale Walk-Up,Unit 4,Rent,1727,Yes,,
"May 2, 2023",Parkdale Walk-Up,Unit 5,Rent,1773.00,Y,,
2023-05-01,Parkdale Walk-Up,Unit 6,Rent,1819,Y,,
"May 5, 2023",Parkdale Walk-Up,Unit 7,Rent,1865,Y,,
01/05/2023,parkdale walk-up,Unit 8,Rent,1912,Y,,
2023-05-01,Parkdale Walk-Up,Unit 9,Rent,1958.00,Y,,
2023-05-01,Parkdale Walk-Up,Unit 10,Rent,2004.00,Y,,
2023-05-01,Parkdale Walk-Up,Unit 10,Rent,2004.00,Y,,
"May 2, 2023",Parkdale Walk-Up,Unit 11,Rent,2050.00,Y,,
2023-05-01,Parkdale Walk-Up,Unit 12,Rent,2096.00,Y,,
2023-05-11,Leslieville Fourplex,Unit 3,Heating,$212.99,N,Don Valley HVAC,Replaced furnace igniter
2023-05-16,Leslieville Fourplex,Unit 2,Plumbing,234.96,TRUE,Beaches Plumbing Co.,Cleared bathroom drain
2023-05-16,Leslieville Fourplex,Unit 2,Plumbing,234.96,TRUE,Beaches Plumbing Co.,Cleared bathroom drain
2023-05-25,Leslieville Fourplex,Unit 3,Electrical,348.71,Y,Leslieville Electric Ltd,Replaced GFCI outlet
2023-05-10,Leslieville Fourplex,Unit 3,Landscaping,171.22,N,Greenwood Cleaning,Lawn cut and edging
2023-05-24,Danforth Triplex,Lower,Cleaning,90.29,TRUE,Greenwood Cleaning,Turnover clean
2023-05-03,Leslieville Fourplex,Unit 1, Pest Control ,286.75,Y,Queen West Pest Control,"Mice treatment, basement"
2023-05-02,Danforth Triplex,Lower,Landscaping,270.65,yes,Greenwood Cleaning,Leaf cleanup
2023-05-25,Parkdale Walk-Up,Unit 11,Cleaning,162.07,Y,Greenwood Cleaning,Turnover clean
2023-05-20,Danforth Triplex,Lower,Landscaping,102.41,Y,Greenwood Cleaning,Leaf cleanup
2023/05/31,Leslieville Fourplex,Common area,Appliance,112.94,TRUE,Riverdale Appliance Repair,Fridge not cooling
07/05/2023,Parkdale Walk-Up,Unit 3,Heating,748.17,Y,Don Valley HVAC,Bled radiators
2023-05-26,Parkdale Walk-Up,Unit 2,plumbing,367.66,Yes,Beaches Plumbing Co.,Replaced shut-off valve
2023-05-03,Danforth Triplex,Upper,Cleaning,$134.75,Yes,Greenwood Cleaning,Turnover clean
2023-05-15,Parkdale Walk-Up,Unit 6,Appliance,377.60,TRUE,Riverdale Appliance Repair,Dryer belt replaced
2023-05-16,Leslieville Fourplex,Unit 1,Pest Control,235.73,N,Queen West Pest Control,Follow-up treatment
2023-06-01,Danforth Triplex,Main,Rent,2204,yes,,
2023-06-01,Danforth Triplex,Main,Rent,2204,yes,,
2023-06-02,danforth triplex,Upper,Rent,2460.00,TRUE,,
2023-06-01,Danforth Triplex,Lower,Rent,1691,Y,,
2023-06-05,Leslieville Fourplex,Unit 1,Rent,1947.00,Y,,
2023-06-01,Leslieville Fourplex,Unit 2,Rent,1999,Y,,
02/06/2023,Leslieville Fourplex,Unit 3,Rent,2101,Y,,
2023-06-01,Leslieville Fourplex,Unit 4,Rent,2306.00,Y,,
01/06/2023,Parkdale Walk-Up,Unit 1,Rent,1589,Yes,,
2023/06/05,Parkdale Walk-Up,Unit 2,Rent,1635,Y,,
2023-06-02, Parkdale Walk-Up ,Unit 3,Rent,1681,Y,,
2023-06-03,Parkdale Walk-Up,Unit 4, Rent ,1727.00,N,,
2023-06-01,Parkdale Walk-Up,Unit 5,Rent,1773,Y,,
2023-06-01,Parkdale Walk-Up,Unit 6,Rent,1819.00,Y,,
03/06/2023,Parkdale Walk-Up,Unit 7,Rent,1865.00,Y,,
2023-06-01,Parkdale Walk-Up,Unit 8,Rent,1912.00,Yes,,
2023-06-02,Parkdale Walk-Up,Unit 9,Rent,1958,Y,,
2023-06-05,Parkdale Walk-Up,Unit 10,Rent,2004,Yes,,
2023-06-01,Parkdale Walk-Up,Unit 11,Rent,2050,Y,,
2023-06-05,Parkdale Walk-Up,Unit 12,Rent,2096.00,Y,,
2023-06-26,Parkdale Walk-Up,Unit 4,Appliance,568.65,Y,Riverdale Appliance Repair,Dryer belt replaced
2023-06-24,Leslieville Fourplex,Common area,Electrical,383.64,Y, Leslieville Electric Ltd,Swapped hallway light fixture
2023-06-29,Parkdale Walk-Up,Unit 7,Plumbing,344.83,yes,Beaches Plumbing Co.,Fixed running toilet
2023-06-08,Leslieville Fourplex,Unit 1,Cooling,$350.85,yes,Don Valley HVAC,"AC not cooling, recharged"
2023-06-25,Danforth Triplex,Main,Pest Control,365.93,Yes,Queen West Pest Control,"Mice treatment, basement"
2023-06-12,Danforth Triplex,Main,Appliance,168.88,yes,Riverdale Appliance Repair,Stove element replaced
2023-06-24,Parkdale Walk-Up,Unit 11,Plumbing,355.92,N,Beaches Plumbing Co.,Replaced kitchen faucet cartridge
28/06/2023,Danforth Triplex,Upper,Cleaning,154.07,Yes,Greenwood Cleaning,Common area clean
2023-06-14,Leslieville Fourplex,Unit 4,Cleaning,244.97,Y,Greenwood Cleaning,Turnover clean
2023-06-01,Danforth Triplex,Upper,Cleaning,$160.89,Yes,Greenwood Cleaning,Turnover clean
2023-06-05,Leslieville Fourplex,Unit 2,Landscaping,287.32,N,Greenwood Cleaning,Lawn cut and edging
2023-06-20,Leslieville Fourplex,Unit 4,Heating,612.28,Y,Don Valley HVAC,Furnace service
2023-06-22,Danforth Triplex,Main,Appliance,312.87,Y, Riverdale Appliance Repair,Stove element replaced
2023-06-18,Parkdale Walk-Up,Unit 4, Plumbing ,183.39,N,Beaches Plumbing Co.,Replaced kitchen faucet cartridge
2023-06-14,Parkdale Walk-Up,Unit 8,Cleaning,259.28,Y,Greenwood Cleaning,Common area clean
2023-06-21,Danforth Triplex,Lower,Landscaping,171.61,Y,Greenwood Cleaning,Lawn cut and edging
2023-06-06,Parkdale Walk-Up,Unit 4,Pest Control,351.77,Y,Queen West Pest Control,Follow-up treatment
"Jun 8, 2023",PARKDALE WALK-UP,Unit 8,Cleaning,$74.24,Y,Greenwood Cleaning,Turnover clean
2023-06-12,Leslieville Fourplex,Unit 1,Cooling,364.76,Y,Don Valley HVAC,Window unit replaced
2023-06-19,DANFORTH TRIPLEX,Lower,Cleaning,132.69,Y,Greenwood Cleaning,Turnover clean
2023-06-23,Parkdale Walk-Up,Unit 5,Cooling,290.49,Y,Don Valley HVAC,"AC not cooling, recharged"
2023-06-19,Parkdale Walk-Up,Unit 4,plumbing,281.66,TRUE,Beaches Plumbing Co.,Fixed running toilet
2023-06-04,Leslieville Fourplex,Unit 1,Cleaning,228.31,Y,Greenwood Cleaning,Turnover clean
01/07/2023,Danforth Triplex,Main,Rent,2204,Y,,
2023/07/01,Leslieville Fourplex,Unit 1,Rent,1947.00,Y,,
2023-07-01,Leslieville Fourplex,Unit 3,Rent,2101.00,Y,,
2023-07-01,Leslieville Fourplex,Unit 4,Rent,2306,Yes,,
2023-07-01,Parkdale Walk-Up,Unit 1,Rent,1589,Y,,
2023-07-01,Parkdale Walk-Up,Unit 2,Rent,1635,Yes,,
2023-07-01,PARKDALE WALK-UP,Unit 3,Rent,1681.00,Y,,
2023-07-02,Parkdale Walk-Up,Unit 4,Rent,1727.00,TRUE,,
2023-07-01,Parkdale Walk-Up,Unit 5,Rent,1773.00,TRUE,,
02/07/2023,Parkdale Walk-Up,Unit 6,Rent,1819.00,TRUE,,
"Jul 5, 2023",Parkdale Walk-Up,Unit 7,Rent,1865,yes,,
2023-07-03,Parkdale Walk-Up,Unit 8,Rent,1912,N,,
2023-07-02,Parkdale Walk-Up,Unit 9,Rent,1958,yes,,
2023-07-01,Parkdale Walk-Up,Unit 10,Rent,2004.00,Y,,
2023-07-01,Parkdale Walk-Up,Unit 11,Rent,2050,Y,,
2023-07-05,Parkdale Walk-Up,Unit 12,Rent,2096.00,Y,,
"Jul 9, 2023", Danforth Triplex ,Lower,Cooling,243.89,yes,Don Valley HVAC,Window unit replaced
2023-07-08,Danforth Triplex,Lower,Plumbing,330.63,Y,Beaches Plumbing Co.,Replaced kitchen faucet cartridge
2023-07-14,Parkdale Walk-Up,Common area,Cooling,460.89,Y,Don Valley HVAC,"AC not cooling, recharged"
16/07/2023,LESLIEVILLE FOURPLEX,Unit 4,Cooling,347.66,Yes,Don Valley HVAC,"AC not cooling, recharged  "
2023-07-30,Danforth Triplex,Main,Electrical,541.66,Y,Leslieville Electric Ltd  ,Replaced GFCI outlet
2023-07-27,Parkdale Walk-Up,Unit 8,Landscaping,205.61,N, Greenwood Cleaning, Leaf cleanup
2023-07-28,DANFORTH TRIPLEX,Common area,Plumbing,358.03,TRUE,Beaches Plumbing Co.,Cleared bathroom drain
2023-07-12,Parkdale Walk-Up,Unit 6,Appliance,304.44,TRUE,Riverdale Appliance Repair,Dryer belt replaced
2023-07-08,Danforth Triplex,Upper, Pest Control ,218,Y,Queen West Pest Control,Follow-up treatment
2023/07/20,Danforth Triplex,Upper,appliance,251.42,Y,Riverdale Appliance Repair,Stove element replaced
2023-07-19,Danforth Triplex,Main, Electrical ,$358.51,Y,Leslieville Electric Ltd,Replaced GFCI outlet
2023-07-30,Parkdale Walk-Up,Unit 9,Cooling,617.84,Y,Don Valley HVAC,"AC not cooling, recharged"
2023-07-05,Leslieville Fourplex,Common area,LANDSCAPING,144.99,Y,Greenwood Cleaning,Leaf cleanup
2023/07/11, Parkdale Walk-Up ,Unit 8,electrical,595.88,Y,Leslieville Electric Ltd,"Breaker tripping, traced to dryer"
2023-07-01,Danforth Triplex,Lower,Plumbing,$403.51,Y,Beaches Plumbing Co.,Fixed running toilet
2023-07-24,Leslieville Fourplex,Common area,Appliance,$359.47,Y,Riverdale Appliance Repair,Dryer belt replaced
2023-07-20,Parkdale Walk-Up,Unit 2,Plumbing,TBD,Y,Beaches Plumbing Co.,Replaced kitchen faucet cartridge
2023-07-19,Parkdale Walk-Up,Unit 3,Electrical,477.90,Y,Leslieville Electric Ltd,Replaced GFCI outlet
2023-07-02,Parkdale Walk-Up,Common area,Plumbing,40.00,Y,Beaches Plumbing Co.  ,Replaced kitchen faucet cartridge
01/07/2023,Danforth Triplex,Lower,Plumbing,260.24,Y,Beaches Plumbing Co.,Fixed running toilet
2023-07-14,Danforth Triplex,Lower,Electrical,451.37,TRUE,Leslieville Electric Ltd,"Breaker tripping, traced to dryer"
2023-08-02,Danforth Triplex,Main,Rent,2204,Y,,
2023/08/03,Danforth Triplex,Upper,Rent,2460,N,,
2023/08/01,Danforth Triplex,Lower,Rent,1691,Yes,,
2023-08-03,Leslieville Fourplex,Unit 1,Rent,1947,Yes,,
2023-08-01,Leslieville Fourplex,Unit 2,Rent,1999.00,Y,,
2023-08-05,Leslieville Fourplex,Unit 4,Rent,2306,yes,,
2023-08-02,Parkdale Walk-Up,Unit 1,Rent,1589,TRUE,,
03/08/2023,Parkdale Walk-Up,Unit 2,Rent,1635.00,TRUE,,
2023-08-02,Parkdale Walk-Up,Unit 3,Rent,1681.00,Yes,,
2023-08-05,Parkdale Walk-Up,Unit 4,Rent,"$1,727.00",Y,,
2023-08-01,Parkdale Walk-Up,Unit 5,Rent,1773,Yes,,
2023-08-01,Parkdale Walk-Up,Unit 6,Rent,1819,Y,,
2023-08-01,Parkdale Walk-Up,Unit 7,Rent,1865.00,Y,,
2023-08-05,Parkdale Walk-Up,Unit 8,Rent,"$1,912.00",Yes,,
2023-08-01,Parkdale Walk-Up,Unit 9,Rent,1958.00,Y,,
2023-08-05,Parkdale Walk-Up,Unit 10,Rent,2004.00,Y,,
2023-08-01,Parkdale Walk-Up,Unit 11,Rent,2050,Y,,
2023-08-05,Parkdale Walk-Up,Unit 12,Rent,"$2,096.00",Y,,
2023-08-22,Leslieville Fourplex,Common area,Plumbing,357.91,Y,Beaches Plumbing Co.,Fixed running toilet
2023-08-17,Parkdale Walk-Up,Unit 12,Landscaping,164.42,Y,Greenwood Cleaning,Leaf cleanup
2023-08-02,Parkdale Walk-Up,Common area,Cleaning,138.23,FALSE, Greenwood Cleaning,Common area clean
2023/08/09,Parkdale Walk-Up,Unit 3,Plumbing,256.89,Y,Beaches Plumbing Co.,Fixed running toilet
2023-08-04,Leslieville Fourplex,Unit 2, Cooling ,615.64,Y,Don Valley HVAC,"AC not cooling, recharged"
2023-08-28,Leslieville Fourplex,Unit 4,Cleaning,58.93,Y,Greenwood Cleaning,Common area clean
28/08/2023,Parkdale Walk-Up,Unit 5,Appliance,238.08,Y,Riverdale Appliance Repair,Dryer belt replaced
2023-08-18,Danforth Triplex,Lower,Pest Control,259.23,Y,Queen West Pest Control,Follow-up treatment
2023-08-03,Parkdale Walk-Up,Unit 8,Plumbing,298.98,Y,Beaches Plumbing Co.,Replaced kitchen faucet cartridge
15/08/2023,Parkdale Walk-Up,Unit 3,Appliance,369.48,TRUE,Riverdale Appliance Repair  ,Stove element replaced
2023-08-10,Parkdale Walk-Up,Unit 3,Appliance,295.85,TRUE,Riverdale Appliance Repair,Fridge not cooling
2023-08-10,Parkdale Walk-Up,Unit 3,Appliance,295.85,TRUE,Riverdale Appliance Repair,Fridge not cooling
2023-08-18,Leslieville Fourplex,Unit 1,Plumbing,410.76,yes,Beaches Plumbing Co.,Cleared bathroom drain
2023-08-26, Danforth Triplex ,Common area,Appliance,199.76,Y,Riverdale Appliance Repair,Fridge not cooling
2023-08-11,Parkdale Walk-Up,Unit 7,Snow Removal,191.81,Y,Snowline Property Services,Walkway and steps cleared
2023-08-05,Danforth Triplex,Lower,Cooling,250.99,yes,Don Valley HVAC,Window unit replaced
2023-08-23,Leslieville Fourplex,Unit 3,Appliance,217.70,Y,Riverdale Appliance Repair,Fridge not cooling
 2023-08-23,Leslieville Fourplex,Unit 1,Cleaning,154.22,Y,Greenwood Cleaning,Common area clean
2023-08-27,Parkdale Walk-Up,Unit 6,Cooling,268.55,Y,Don Valley HVAC,Window unit replaced
08/08/2023,Danforth Triplex,Upper,Cleaning,188.90,Y,Greenwood Cleaning,Turnover clean
2023-08-28,Danforth Triplex,Lower,cooling,576.22,Y,Don Valley HVAC,"AC not cooling, recharged"
2023-09-03,Danforth Triplex,Main,Rent,2204,Y,,
 2023-09-03,Danforth Triplex,Upper,Rent,2460,No,,
2023-09-02,Danforth Triplex,Lower,Rent,"$1,691.00",Y,,
2023/09/05,Leslieville Fourplex,Unit 1,Rent,1947,TRUE,,
2023-09-01, Leslieville Fourplex ,Unit 2,Rent,1999.00,TRUE,,
2023-09-01,Leslieville Fourplex,Unit 3,Rent,2101,Y,,
"Sep 2, 2023",Leslieville Fourplex,Unit 4,Rent,2306.00,Yes,,
2023/09/01,Parkdale Walk-Up,Unit 1,Rent,"$1,589.00",Y,,
2023-09-03,Parkdale Walk-Up,Unit 2,Rent,1635,Y,,
2023-09-05,Parkdale Walk-Up,Unit 3,Rent,1681,Y,,
2023-09-01,Parkdale Walk-Up,Unit 4,Rent,1727.00,Y,,
2023-09-01,Parkdale Walk-Up,Unit 5,Rent,1773,Y,,
2023-09-01,Parkdale Walk-Up,Unit 6,Rent,1819,TRUE,,
03/09/2023,Parkdale Walk-Up,Unit 7,Rent,1865.00,Yes,,
01/09/2023,Parkdale Walk-Up,Unit 8,Rent,1912.00,Y,,
2023/09/05,Parkdale Walk-Up,Unit 9,Rent,1958,Yes,,
2023-09-03,Parkdale Walk-Up,Unit 10,Rent,2004,Yes,,
2023-09-02,Parkdale Walk-Up,Unit 11,Rent,2050,Y,,
2023-09-25,Parkdale Walk-Up,Unit 12,Pest Control,$253.98,Y,Queen West Pest Control,Follow-up treatment
"Sep 5, 2023",Danforth Triplex,Upper,Electrical,224.62,Y,Leslieville Electric Ltd,Replaced GFCI outlet
"Sep 14, 2023",Leslieville Fourplex,Unit 2,Appliance,312.01,N,Riverdale Appliance Repair  ,Fridge not cooling
20/09/2023,Danforth Triplex,Main,Plumbing,300.49,Y,Beaches Plumbing Co.,Fixed running toilet
2023-09-29,Parkdale Walk-Up,Unit 4,Pest Control,334.95,Y,Queen West Pest Control,Follow-up treatment
2023-09-08,Parkdale Walk-Up,Unit 6,CLEANING,132.92,TRUE,Greenwood Cleaning,Common area clean
18/09/2023,Danforth Triplex,Main,Landscaping,223.13,Yes,Greenwood Cleaning,Leaf cleanup
2023-09-06,Danforth Triplex,Lower,Appliance,$419.93,Y,Riverdale Appliance Repair,Stove element replaced  
2023-09-06,Danforth Triplex,Lower,Appliance,$419.93,Y,Riverdale Appliance Repair,Stove element replaced  
2023-09-20,Danforth Triplex,Main,Landscaping,277.15,Y,Greenwood Cleaning,Leaf cleanup
2023-09-28,Danforth Triplex,Main,plumbing,N/A,Y,Beaches Plumbing Co.,Replaced shut-off valve
2023-09-08,Leslieville Fourplex,Common area,Landscaping,262.51,Yes,Greenwood Cleaning,Lawn cut and edging
2023-09-12,Leslieville Fourplex,Unit 3,Landscaping,372.28,Yes,Greenwood Cleaning,Lawn cut and edging
2023-09-15,Leslieville Fourplex,Unit 3,Cleaning,131.08,Y,Greenwood Cleaning,Common area clean
2023-09-01,DANFORTH TRIPLEX,Common area,Appliance,482.21,yes,Riverdale Appliance Repair,Stove element replaced
2023-09-27,Danforth Triplex,Main,Plumbing,$78.09,N,Beaches Plumbing Co.,Fixed running toilet
2023-09-05,Parkdale Walk-Up,Unit 5,Appliance,190.11,Yes,Riverdale Appliance Repair,Dryer belt replaced
2023-09-28,Parkdale Walk-Up,Unit 4,PEST CONTROL,40,Y,Queen West Pest Control,"Mice treatment, basement"
2023-09-06,Leslieville Fourplex,Unit 4,Landscaping,174.05,Y, Greenwood Cleaning,Leaf cleanup
01/09/2023,Danforth Triplex,Lower,Electrical,277.60,N,Leslieville Electric Ltd,"Breaker tripping, traced to dryer"
2023-09-30,Leslieville Fourplex,Unit 4,Cleaning,210.99,Yes,Greenwood Cleaning,Turnover clean
2023-09-12,Parkdale Walk-Up,Unit 4,Pest Control,295.06,Yes,Queen West Pest Control,"Mice treatment, basement"
2023-10-01,Danforth Triplex,Main,Rent,2204.00,Y,,
2023-10-01,Danforth Triplex,Upper,Rent,"$2,460.00",Y,,
2023-10-05,danforth triplex,Lower,Rent,1691,Y,,
2023-10-03,Leslieville Fourplex,Unit 1,Rent,1947.00,yes,,
2023/10/01,Leslieville Fourplex,Unit 2,Rent,1999.00,Yes,,
"Oct 1, 2023",Leslieville Fourplex,Unit 3,Rent,2101.00,Y,,
02/10/2023,Leslieville Fourplex,Unit 4,Rent,2306.00,Y,,
2023-10-02,Parkdale Walk-Up,Unit 1,Rent,1589,Y,,
2023-10-01,Parkdale Walk-Up,Unit 2,Rent,1635.00,TRUE,,
2023-10-02,parkdale walk-up,Unit 3,Rent,1681.00,yes,,
01/10/2023,Parkdale Walk-Up,Unit 4,Rent,1727.00,Y,,
2023-10-05,Parkdale Walk-Up,Unit 5,Rent,1773.00,Yes,,
2023/10/03,Parkdale Walk-Up,Unit 6,Rent,1819,Y,,
2023-10-05, Parkdale Walk-Up ,Unit 7,Rent,1865,yes,,
2023-10-01,Parkdale Walk-Up,Unit 8,Rent,1912,yes,,
01/10/2023,parkdale walk-up,Unit 9, Rent ,1958.00,N,,
"Oct 3, 2023",Parkdale Walk-Up,Unit 10,Rent,2004,Y,,
2023-10-05,Parkdale Walk-Up,Unit 11,Rent,2050.00,Yes,,
"Oct 5, 2023",Parkdale Walk-Up,Unit 12,Rent,2096,Y,,
2023-10-15,Leslieville Fourplex,Unit 4,Cooling,366.38,TRUE,Don Valley HVAC,"AC not cooling, recharged"
12/10/2023,Leslieville Fourplex,Unit 4, Plumbing ,310.97,TRUE,Beaches Plumbing Co.,Cleared bathroom drain
2023/10/06,Parkdale Walk-Up,Unit 7,Landscaping,227.59,yes,Greenwood Cleaning,Leaf cleanup
24/10/2023,Leslieville Fourplex,Unit 2,Plumbing,287.91,Y,Beaches Plumbing Co.,Fixed running toilet
2023-10-21,Leslieville Fourplex,Unit 1,Appliance,192.16,Y,Riverdale Appliance Repair,Stove element replaced
2023-10-01,Parkdale Walk-Up,Unit 3,Plumbing,357.79,Y,Beaches Plumbing Co.,Cleared bathroom drain
2023-10-10,Danforth Triplex,Lower,Cleaning,167.20,Y,Greenwood Cleaning,Common area clean
2023/10/07,Leslieville Fourplex,Unit 4,Plumbing,461.84,Y,Beaches Plumbing Co.,Replaced kitchen faucet cartridge
2023-10-26,Parkdale Walk-Up,Unit 9,Appliance,165.86,Yes,Riverdale Appliance Repair,Stove element replaced
2023-10-16,Parkdale Walk-Up,Unit 7,Snow Removal,139.25,FALSE,Snowline Property Services,Walkway and steps cleared
30/10/2023,Parkdale Walk-Up,Unit 1,Cooling,191.54,TRUE,Don Valley HVAC,Window unit replaced
2023-10-05,Danforth Triplex,Lower,Appliance,$146.11,Y,Riverdale Appliance Repair,Dryer belt replaced
2023-10-25,Parkdale Walk-Up,Unit 7,Cooling,385.93,Y,Don Valley HVAC,Window unit replaced
2023-10-29,Leslieville Fourplex,Unit 2,Pest Control,334.29,Y,Queen West Pest Control,Follow-up treatment
2023-10-25,Leslieville Fourplex,Unit 3,Cleaning,93.56,Y,Greenwood Cleaning,Turnover clean
2023-10-03,Danforth Triplex,Main,Landscaping,176.22,Y,Greenwood Cleaning,Lawn cut and edging
2023-10-10,Leslieville Fourplex,Common area,Electrical,$266.69,Y,Leslieville Electric Ltd,Replaced GFCI outlet
2023-10-10,Danforth Triplex,Common area,Snow Removal,72.24,Y,Snowline Property Services,Salted front steps
2023-10-19,Danforth Triplex,Common area,Plumbing,405.11,Yes,Beaches Plumbing Co.,Replaced shut-off valve
2023-10-30,Parkdale Walk-Up,Common area,Cleaning,96.62,Y,Greenwood Cleaning,Turnover clean
11/10/2023,Leslieville Fourplex,Unit 4,Plumbing,395.10,FALSE,Beaches Plumbing Co.,Cleared bathroom drain
09/10/2023,Danforth Triplex,Lower,Cleaning,158.94,Yes,Greenwood Cleaning,Turnover clean
2023-10-07,Leslieville Fourplex,Unit 2,Cooling,406.55,Y,Don Valley HVAC,"AC not cooling, recharged"
2023-11-01,Danforth Triplex,Main,Rent,2204,no,,
2023-11-02  ,Danforth Triplex,Upper,Rent,"$2,460.00",Y,,
2023-11-03,Danforth Triplex,Lower,Rent,1691,Y,,
2023-11-01,Leslieville Fourplex,Unit 3,Rent,2101,No,,
2023-11-02,Leslieville Fourplex,Unit 4,RENT,2306.00,Y,,
2023-11-01,Parkdale Walk-Up,Unit 1,Rent,1589.00,Yes,,
2023/11/01,Parkdale Walk-Up,Unit 3,Rent,TBD,Y,,
"Nov 5, 2023",Parkdale Walk-Up,Unit 4,Rent,1727,Y,,
2023-11-02,Parkdale Walk-Up,Unit 5,Rent,1773,yes,,
2023-11-01,Parkdale Walk-Up,Unit 6,Rent,1819.00,Y,,
2023-11-01,Parkdale Walk-Up,Unit 7,Rent,1865,N,,
2023-11-01,Parkdale Walk-Up,Unit 8,Rent,1912,Y,,
"Nov 1, 2023",Parkdale Walk-Up,Unit 9,Rent,1958.00,Y,,
2023-11-03,Parkdale Walk-Up,Unit 10,RENT,2004.00,Y,,
2023-11-01,Parkdale Walk-Up,Unit 11, Rent ,2050.00,yes,,
01/11/2023,Parkdale Walk-Up,Unit 12,Rent,2096.00,Y,,
2023-11-17,Danforth Triplex,Lower,Pest Control,286.04,Y,Queen West Pest Control,"Mice treatment, basement"
2023-11-06,Danforth Triplex,Common area,Heating,347.48,Y,Don Valley HVAC,Bled radiators
2023-11-19,danforth triplex,Common area,pest control,123.24,Y, Queen West Pest Control,"Mice treatment, basement"
2023-11-03,Parkdale Walk-Up,Unit 8,APPLIANCE,474.14,yes,Riverdale Appliance Repair,Stove element replaced
2023-11-13,Parkdale Walk-Up,Unit 9,Plumbing,385.50,Y,Beaches Plumbing Co.,Replaced shut-off valve
2023-11-27,Parkdale Walk-Up,Unit 11,Electrical,301.10,Y,Leslieville Electric Ltd,Replaced GFCI outlet
2023-11-12,Parkdale Walk-Up,Unit 3,Appliance,449.83,yes,Riverdale Appliance Repair,Stove element replaced
2023-11-21,Leslieville Fourplex,Unit 1,plumbing,359.45,Y,Beaches Plumbing Co.,Cleared bathroom drain
17/11/2023,Danforth Triplex,Lower,Appliance,256.76,Yes,Riverdale Appliance Repair,Stove element replaced
2023-11-14,Parkdale Walk-Up,Unit 6,Plumbing,$262.92,yes,Beaches Plumbing Co.,Replaced shut-off valve
2023-11-19,Leslieville Fourplex,Unit 1,Plumbing,499.27,Y,Beaches Plumbing Co.,Replaced shut-off valve
2023-11-25,Danforth Triplex,Common area,Cleaning,68.50,Y,Greenwood Cleaning,Turnover clean
21/11/2023,Leslieville Fourplex,Unit 1,Snow Removal,320.36,Y,Snowline Property Services,Walkway and steps cleared
2023-11-10,Danforth Triplex,Upper,Electrical,707.81,Y, Leslieville Electric Ltd,Replaced GFCI outlet
2023-11-06,Danforth Triplex,Upper,Pest Control,265.30,Y,Queen West Pest Control,"Mice treatment, basement"
2023-11-16,Leslieville Fourplex,Unit 4,Cooling,461.11,TRUE,Don Valley HVAC,Window unit replaced
2023-11-01,Leslieville Fourplex,Common area,cooling,492.56,Y,Don Valley HVAC,Window unit replaced
2023-11-22,Danforth Triplex,Upper,Pest Control,346.61,Y,Queen West Pest Control,"Mice treatment, basement  "
2023-11-19,Leslieville Fourplex,Unit 1,Plumbing,242.22,Y,Beaches Plumbing Co.,Fixed running toilet
2023/12/05,danforth triplex,Main,Rent,"$2,204.00",Y,,
2023-12-02,Danforth Triplex,Lower,Rent,"$1,691.00",Y,,
2023-12-01,Leslieville Fourplex,Unit 2,Rent,1999,Y,,
2023/12/01  ,Leslieville Fourplex,Unit 3,Rent,2101.00,Y,,
03/12/2023,Leslieville Fourplex,Unit 4,Rent,2306.00,Yes,,
2023-12-03, Parkdale Walk-Up ,Unit 1,Rent,1589.00,Y,,
2023-12-01,Parkdale Walk-Up,Unit 2,Rent,1635.00,Y,,
2023-12-02,Parkdale Walk-Up,Unit 3,Rent,1681,yes,,
2023-12-02,Parkdale Walk-Up,Unit 4,Rent,1727.00,Y,,
2023-12-05,Parkdale Walk-Up,Unit 5,Rent,1773.00,N,,
2023-12-01,Parkdale Walk-Up,Unit 6,Rent,1819,Y,,
2023-12-01,Parkdale Walk-Up,Unit 7,Rent,1865.00,N,,
03/12/2023,Parkdale Walk-Up,Unit 8,Rent,1912.00,yes,,
"Dec 5, 2023",Parkdale Walk-Up,Unit 9,Rent,1958.00,Y,,
2023-12-01,Parkdale Walk-Up,Unit 10,Rent,2004,Yes,,
2023-12-01,Parkdale Walk-Up,Unit 11,Rent,2050.00,Yes,,
2023-12-05,Parkdale Walk-Up,Unit 12,Rent,2096,Y,,
2023/12/14,Leslieville Fourplex,Unit 1,Snow Removal,300.83,Y,Snowline Property Services,Salted front steps
2023-12-19,Danforth Triplex,Upper,Heating,524.24,Y,Don Valley HVAC,Replaced furnace igniter
2023/12/16,Leslieville Fourplex,Unit 4,LANDSCAPING,248.94,Y,Greenwood Cleaning,Lawn cut and edging
2023-12-04,Parkdale Walk-Up,Unit 8,Plumbing,156.61,Y,Beaches Plumbing Co.,Replaced shut-off valve
2023-12-10,Parkdale Walk-Up,Unit 3,Snow Removal,119.50,No,Snowline Property Services,Salted front steps
2023-12-24,Leslieville Fourplex,Common area,Heating,603.42,Y,Don Valley HVAC,Replaced furnace igniter
2023-12-24,Leslieville Fourplex,Common area,Heating,603.42,Y,Don Valley HVAC,Replaced furnace igniter
2023-12-01,Parkdale Walk-Up,Unit 3,Landscaping,240.97,Y,Greenwood Cleaning,Leaf cleanup
2023-12-18,Parkdale Walk-Up,Unit 1,Snow Removal,208.66,Yes,Snowline Property Services,Walkway and steps cleared  
2023-12-11,Danforth Triplex,Common area,Landscaping,238.08,Y,Greenwood Cleaning,Leaf cleanup
2023-12-06,Leslieville Fourplex,Common area,Appliance,204.67,Y,Riverdale Appliance Repair,Fridge not cooling
2023-12-24,Leslieville Fourplex,Unit 3,Appliance,372.40,N,Riverdale Appliance Repair,Dryer belt replaced
20/12/2023,Danforth Triplex,Lower,Pest Control,247.55,Yes,Queen West Pest Control,"Mice treatment, basement"
2023-12-28,Parkdale Walk-Up,Unit 3,Cleaning,102.04,Y,Greenwood Cleaning,Common area clean
2023-12-07,Leslieville Fourplex,Unit 2,CLEANING,190.81,yes,Greenwood Cleaning,Common area clean
2023-12-18, Danforth Triplex ,Main,Heating,661.97,Y,Don Valley HVAC,Furnace service
"Dec 18, 2023",Leslieville Fourplex,Common area,Snow Removal,122.45,Yes,Snowline Property Services,Salted front steps
2023-12-16,Parkdale Walk-Up,Unit 3,Cooling,283.08,Y,Don Valley HVAC,Window unit replaced
2023/12/22,Danforth Triplex,Common area,Plumbing,152.68,Y,Beaches Plumbing Co.,Replaced shut-off valve
2023-12-12,Leslieville Fourplex,Unit 2, Pest Control ,319.40,N,Queen West Pest Control,Follow-up treatment
2023-12-10,Danforth Triplex,Main,Appliance,251.51,N,Riverdale Appliance Repair,Stove element replaced
2023-12-02,Danforth Triplex,Lower,electrical,350.58,Y,Leslieville Electric Ltd,Replaced GFCI outlet
01/12/2023,Leslieville Fourplex,Unit 4,Electrical,168.24,Y,Leslieville Electric Ltd,Swapped hallway light fixture
"Jan 1, 2024",Danforth Triplex,Main,Rent,N/A,Y,,
"Jan 1, 2024",Danforth Triplex,Upper,Rent,2460,FALSE,,
"Jan 1, 2024",Danforth Triplex,Upper,Rent,2460,FALSE,,
"Jan 1, 2024",Danforth Triplex,Upper,Rent,2460,FALSE,,
"Jan 1, 2024",danforth triplex,Lower,Rent,1691,Y,,
02/01/2024,Leslieville Fourplex,Unit 1,Rent,1947.00,N,,
"Jan 3, 2024", Leslieville Fourplex ,Unit 2,Rent,N/A,Y,,
2024-01-01,Leslieville Fourplex,Unit 3,Rent,2101,Y,,
2024-01-01, Leslieville Fourplex ,Unit 4,Rent,2306.00,Y,,
"Jan 1, 2024",Parkdale Walk-Up,Unit 1,Rent,1589.00,Y,,
2024-01-01,Parkdale Walk-Up,Unit 2, Rent ,1635.00,Y,,
02/01/2024,parkdale walk-up,Unit 3,Rent,1681.00,Y,,
2024-01-01,Parkdale Walk-Up,Unit 4,Rent,1727,no,,
2024-01-02,Parkdale Walk-Up,Unit 5,Rent,1773.00,Y,,
2024-01-01,Parkdale Walk-Up,Unit 6, Rent ,1819.00,Y,,
2024-01-05,Parkdale Walk-Up,Unit 7,Rent,1865,N,,
2024-01-01,Parkdale Walk-Up,Unit 8,Rent,1912,Y,,
"Jan 5, 2024",Parkdale Walk-Up,Unit 9,Rent,1958,Y,,
2024-01-05,Parkdale Walk-Up,Unit 10,Rent,,Y,,
"Jan 1, 2024",Parkdale Walk-Up,Unit 11,Rent,2050.00,Y,,
"Jan 1, 2024",Parkdale Walk-Up,Unit 12,Rent,2096.00,Y,,
2024-01-21,Parkdale Walk-Up,Unit 7,Appliance,$251.71,TRUE,Riverdale Appliance Repair,Stove element replaced
2024-01-16,Leslieville Fourplex,Unit 4,Pest Control,223.25,Y,Queen West Pest Control  ,Follow-up treatment  
2024/01/10,Danforth Triplex,Lower,Plumbing,327.92,Y,Beaches Plumbing Co.,Replaced shut-off valve
23/01/2024,Parkdale Walk-Up,Unit 11,Cooling,432.24,Y,Don Valley HVAC,"AC not cooling, recharged"
2024-01-30,Leslieville Fourplex,Unit 4,Cleaning,150.62,Y,Greenwood Cleaning,Common area clean
09/01/2024,Parkdale Walk-Up,Unit 4,Plumbing,553.82,TRUE,Beaches Plumbing Co.,Cleared bathroom drain
19/01/2024,Danforth Triplex,Upper,Snow Removal,$234.55,Y,Snowline Property Services,Walkway and steps cleared
2024-01-05,Danforth Triplex,Upper, Electrical ,235.43,Y,Leslieville Electric Ltd,Swapped hallway light fixture
2024-01-11,Parkdale Walk-Up,Common area,Heating,592.94,Yes,Don Valley HVAC,Furnace service
2024-01-31,Danforth Triplex,Common area,Electrical,$311.28,Y,Leslieville Electric Ltd,Replaced GFCI outlet
2024-01-09,Parkdale Walk-Up,Common area,Snow Removal,192.40,Y,Snowline Property Services,Walkway and steps cleared
2024-01-13,Danforth Triplex,Upper,Pest Control,85.24,Y,Queen West Pest Control,Follow-up treatment
2024-01-25,Leslieville Fourplex,Unit 2,Pest Control,278.98,Yes,Queen West Pest Control,Follow-up treatment
2024-01-17,DANFORTH TRIPLEX,Lower,Appliance,335.75,Yes,Riverdale Appliance Repair,Stove element replaced
2024-01-08,Danforth Triplex,Lower,Plumbing,302.92,FALSE, Beaches Plumbing Co.,Cleared bathroom drain
2024-01-08,Danforth Triplex,Lower,Plumbing,302.92,FALSE, Beaches Plumbing Co.,Cleared bathroom drain
2024-01-14,Danforth Triplex,Upper,Snow Removal,119.82,Y,Snowline Property Services,Salted front steps
2024-01-30,Danforth Triplex,Common area,cleaning,48.03,Yes,Greenwood Cleaning,Turnover clean
2024-01-15,Danforth Triplex,Upper,Electrical,234.39,Y,Leslieville Electric Ltd,Swapped hallway light fixture
2024-01-21,Danforth Triplex,Main,Electrical,123.12,Y,Leslieville Electric Ltd,"Breaker tripping, traced to dryer"
2024-01-02,Parkdale Walk-Up,Unit 2,Electrical,491.36,Y,Leslieville Electric Ltd,Replaced GFCI outlet
2024-01-30,Parkdale Walk-Up,Unit 7,appliance,370.79,Yes,Riverdale Appliance Repair,Dryer belt replaced
27/01/2024,Leslieville Fourplex,Unit 2,Heating,40,TRUE,Don Valley HVAC,Boiler pressure reset  
2024-02-01, Danforth Triplex ,Main,Rent,2259,Y,,
"Feb 2, 2024",Danforth Triplex,Upper,Rent,2522.00,TRUE,,
2024-02-01,Danforth Triplex,Lower,Rent,1734.00,Yes,,
03/02/2024,Leslieville Fourplex,Unit 1,Rent,1996.00,Y,,
"Feb 2, 2024",Leslieville Fourplex,Unit 2,Rent,2049.00,Yes,,
01/02/2024,Leslieville Fourplex,Unit 3,Rent,2154.00,Y,,
2024-02-02,Leslieville Fourplex,Unit 4,Rent,2364,Y,,
2024-02-02  ,Parkdale Walk-Up,Unit 1,Rent,1628,Yes,,
2024/02/02,Parkdale Walk-Up,Unit 2,Rent,1676.00,Y,,
2024-02-01,Parkdale Walk-Up,Unit 3,Rent,1723.00,Y,,
"Feb 1, 2024",PARKDALE WALK-UP,Unit 4,Rent,1770,Y,,
02/02/2024,Parkdale Walk-Up,Unit 5,Rent,1818,Y,,
2024-02-01,Parkdale Walk-Up,Unit 6,Rent,1865,Y,,
2024-02-02, Parkdale Walk-Up ,Unit 7,Rent,1912,Y,,
2024-02-03,Parkdale Walk-Up,Unit 8,Rent,"$1,959.00",Y,,
"Feb 5, 2024",Parkdale Walk-Up,Unit 9,Rent,2007,Y,,
2024-02-02,Parkdale Walk-Up,Unit 10,Rent,"$2,054.00",Yes,,
2024-02-01,Parkdale Walk-Up,Unit 11,Rent,2101.00,Y,,
2024-02-03,Parkdale Walk-Up,Unit 12,Rent,2149.00,Yes,,
2024-02-20,Danforth Triplex,Upper,Snow Removal,191.65,Yes,Snowline Property Services,Walkway and steps cleared
2024-02-03,Leslieville Fourplex,Unit 4,Cleaning,206.64,Y,Greenwood Cleaning,Common area clean
2024-02-01,Leslieville Fourplex,Common area,Landscaping,171.57,Yes,Greenwood Cleaning,Lawn cut and edging
2024/02/02,leslieville fourplex,Common area,Cleaning,165.39,Y,Greenwood Cleaning,Common area clean
2024-02-24,Danforth Triplex,Upper,Plumbing,-335.05,Y,Beaches Plumbing Co.,Replaced kitchen faucet cartridge
2024-02-10,Danforth Triplex,Upper,Cleaning,185.50,Y,Greenwood Cleaning,Common area clean
14/02/2024,Danforth Triplex,Main,Cleaning,174.44,Y,Greenwood Cleaning,Common area clean
2024-02-28,Leslieville Fourplex,Unit 3,Appliance,301.38,Y,Riverdale Appliance Repair,Fridge not cooling
2024-02-28,Leslieville Fourplex,Unit 3,Appliance,301.38,Y,Riverdale Appliance Repair,Fridge not cooling
2024-02-11,PARKDALE WALK-UP,Unit 1,Snow Removal,48.97,Yes,Snowline Property Services,Walkway and steps cleared
05/02/2024,Leslieville Fourplex,Unit 1,Appliance,273.10,Y,Riverdale Appliance Repair,Fridge not cooling
2024-02-18,Leslieville Fourplex,Unit 2,Heating,776.35,TRUE,Don Valley HVAC,Boiler pressure reset
2024-02-10,Danforth Triplex,Upper,Pest Control,284.63,Y,Queen West Pest Control,Follow-up treatment
2024-02-05,Danforth Triplex,Lower,Cleaning,216.10,Y,Greenwood Cleaning,Turnover clean
2024-02-08,Danforth Triplex,Upper,Electrical,253.06,No,Leslieville Electric Ltd, Replaced GFCI outlet
2024-02-02,Leslieville Fourplex,Common area,PLUMBING,439.38,Y,Beaches Plumbing Co.,Replaced shut-off valve
2024-02-23,Leslieville Fourplex,Unit 4,Cleaning,193.94,Y,Greenwood Cleaning,Common area clean
28/02/2024,Leslieville Fourplex,Unit 1,Pest Control,263.42,Y,Queen West Pest Control,Follow-up treatment
2024-02-02,Danforth Triplex,Main,Snow Removal,159.89,Y,Snowline Property Services,Salted front steps
 2024-02-13,Danforth Triplex,Common area,Electrical,$450.24,Y,Leslieville Electric Ltd,Swapped hallway light fixture
03/02/2024,Leslieville Fourplex,Unit 3,Plumbing,$168.31,Y,Beaches Plumbing Co.,Replaced kitchen faucet cartridge
 2024/02/22,Parkdale Walk-Up,Unit 8,Pest Control,341.23,yes,Queen West Pest Control,"Mice treatment, basement"
2024-02-17,Leslieville Fourplex,Unit 2,Cleaning,140.25,N,Greenwood Cleaning,Turnover clean
"Mar 1, 2024",danforth triplex,Main,Rent,2259,yes,,
2024-03-01,Danforth Triplex,Upper,Rent,2522.00,Y,,
2024-03-01,Danforth Triplex,Lower,Rent,1734,Yes,,
2024-03-01,leslieville fourplex,Unit 1,Rent,1996.00,Yes,,
2024-03-01,Leslieville Fourplex,Unit 2,Rent,2049.00,Yes,,
2024-03-05,Leslieville Fourplex,Unit 3,Rent,2154.00,N,,
2024-03-03,Leslieville Fourplex,Unit 4,Rent,2364.00,Y,,
2024-03-01,Parkdale Walk-Up,Unit 1,Rent,"$1,628.00",Y,,
2024-03-02,Parkdale Walk-Up,Unit 2,Rent,1676,Y,,
01/03/2024,Parkdale Walk-Up,Unit 3,Rent,1723,Y,,
2024-03-01,Parkdale Walk-Up,Unit 4,Rent,1770,TRUE,,
"Mar 5, 2024",Parkdale Walk-Up,Unit 5,Rent,1818.00,Y,,
2024-03-02,Parkdale Walk-Up,Unit 6,Rent,1865,Y,,
2024-03-02,Parkdale Walk-Up,Unit 7,Rent,1912.00,TRUE,,
2024-03-03  ,Parkdale Walk-Up,Unit 8,Rent,1959.00,Y,,
2024/03/01,Parkdale Walk-Up,Unit 9,Rent,"$2,007.00",Yes,,
2024-03-05,Parkdale Walk-Up,Unit 10,Rent,2054.00,Y,,
2024-03-02,Parkdale Walk-Up,Unit 11,Rent,2101,Y,,
2024-03-01,Parkdale Walk-Up,Unit 12,Rent,2149.00,Y,,
2024-03-06,Leslieville Fourplex,Common area,Plumbing,235.02,Y,Beaches Plumbing Co.,Replaced shut-off valve
2024-03-08,Danforth Triplex,Lower,Electrical,519.58,N,Leslieville Electric Ltd,"Breaker tripping, traced to dryer"
2024-03-24,Danforth Triplex,Upper, Electrical ,583.44,Y, Leslieville Electric Ltd,"Breaker tripping, traced to dryer"
2024-03-02,Parkdale Walk-Up,Unit 11,Electrical,334.47,TRUE,Leslieville Electric Ltd,Replaced GFCI outlet
"Mar 28, 2024",Danforth Triplex,Main,Cleaning,N/A,yes,Greenwood Cleaning,Common area clean
2024-03-16,Leslieville Fourplex,Unit 4,Pest Control,146.60,N,Queen West Pest Control,"Mice treatment, basement"
2024-03-17,Leslieville Fourplex,Unit 3,Heating,42.06,Yes,Don Valley HVAC,Replaced furnace igniter
2024-03-16,Parkdale Walk-Up,Unit 10,Plumbing,335.84,Y,Beaches Plumbing Co.,Replaced kitchen faucet cartridge
2024-03-16,Leslieville Fourplex,Unit 4,Appliance,210.44,Y,Riverdale Appliance Repair,Dryer belt replaced
2024-03-14,Leslieville Fourplex,Common area,Heating,220,Y,Don Valley HVAC,Bled radiators
12/03/2024,Parkdale Walk-Up,Unit 2,Appliance,177.41,Y,Riverdale Appliance Repair,Dryer belt replaced
"Mar 1, 2024",Parkdale Walk-Up,Unit 2,Electrical,362.21,Y,Leslieville Electric Ltd,Replaced GFCI outlet
2024-03-19, Danforth Triplex ,Main,Appliance,347,Y,Riverdale Appliance Repair,Fridge not cooling
2024-03-26,Parkdale Walk-Up,Unit 4,ELECTRICAL,466.45,Y,Leslieville Electric Ltd,"Breaker tripping, traced to dryer"
2024-03-15,Parkdale Walk-Up,Unit 5,Pest Control,345.65,N,Queen West Pest Control,Follow-up treatment
2024-03-05,Danforth Triplex,Lower,Plumbing,314.83,yes,Beaches Plumbing Co.,Cleared bathroom drain
 2024-03-19,Leslieville Fourplex,Unit 3,Electrical,295.53,no,Leslieville Electric Ltd,Replaced GFCI outlet
2024-03-23,Parkdale Walk-Up,Unit 7,Cleaning,128.81,Y,Greenwood Cleaning,Common area clean
2024-03-18,Danforth Triplex,Upper,Snow Removal,177.61,Y,Snowline Property Services,Walkway and steps cleared
06/03/2024,Parkdale Walk-Up,Unit 2, Snow Removal ,256.22,Yes,Snowline Property Services,Walkway and steps cleared
2024-03-30,Danforth Triplex,Main,Plumbing,$288.75,Y,Beaches Plumbing Co.,Fixed running toilet
2024-03-24,Parkdale Walk-Up,Unit 6,SNOW REMOVAL,125.17,TRUE,Snowline Property Services,Walkway and steps cleared
09/03/2024,Leslieville Fourplex,Unit 3,Snow Removal,189.31,Yes,Snowline Property Services,Salted front steps
18/03/2024,Parkdale Walk-Up,Unit 12,Plumbing,304.29,N,Beaches Plumbing Co.,Cleared bathroom drain
2024-04-01,Danforth Triplex,Main,Rent,2259.00,Y,,
2024-04-01,Danforth Triplex,Upper,Rent,2522,Y,,
03/04/2024,Danforth Triplex,Lower,Rent,1734,Y,,
2024-04-01,Leslieville Fourplex,Unit 1,Rent,1996,yes,,
2024/04/05,Leslieville Fourplex,Unit 2,Rent,2049.00,Y,,
2024-04-01,Leslieville Fourplex,Unit 3,Rent,2154,N,,
2024-04-01,leslieville fourplex,Unit 4,Rent,2364.00,Y,,
01/04/2024,PARKDALE WALK-UP,Unit 1,Rent,1628.00,Y,,
2024-04-01,Parkdale Walk-Up,Unit 2,Rent,1676.00,Yes,,
2024-04-01,parkdale walk-up,Unit 3,Rent,1723.00,Y,,
"Apr 3, 2024",Parkdale Walk-Up,Unit 4,Rent,1770,N,,
2024-04-03,Parkdale Walk-Up,Unit 5,Rent,1818.00,Y,,
"Apr 1, 2024",Parkdale Walk-Up,Unit 6,Rent,1865.00,Y,,
03/04/2024,Parkdale Walk-Up,Unit 7,Rent,1912.00,Y,,
"Apr 3, 2024", Parkdale Walk-Up ,Unit 8,Rent,1959,TRUE,,
2024-04-03,Parkdale Walk-Up,Unit 9,Rent,2007,Y,,
"Apr 1, 2024", Parkdale Walk-Up ,Unit 10,Rent,2054,Yes,,
2024-04-05,parkdale walk-up,Unit 12,Rent,2149.00,Y,,
2024-04-25,Danforth Triplex,Upper,Pest Control,194.45,Y,Queen West Pest Control,"Mice treatment, basement"
"Apr 21, 2024", Parkdale Walk-Up ,Unit 7,Plumbing,301.67,Y,Beaches Plumbing Co.,Replaced kitchen faucet cartridge
05/04/2024,Leslieville Fourplex,Unit 3,Pest Control,180.86,yes,Queen West Pest Control,Follow-up treatment
2024/04/21,Danforth Triplex,Lower,Cleaning,147.68,TRUE,Greenwood Cleaning,Common area clean
 2024/04/11,Danforth Triplex,Main,Pest Control,181.52,No,Queen West Pest Control,Follow-up treatment
2024-04-06,Leslieville Fourplex,Unit 1,Electrical,290.36,Y,Leslieville Electric Ltd,Replaced GFCI outlet
2024-04-30,Leslieville Fourplex,Unit 3,Electrical,660.67,N,Leslieville Electric Ltd,Swapped hallway light fixture
2024-04-28,Danforth Triplex,Lower,Appliance,TBD,Y,Riverdale Appliance Repair,Fridge not cooling
2024-04-12,Danforth Triplex,Main, Cleaning ,130.48,Y, Greenwood Cleaning,Turnover clean
2024-04-15,Parkdale Walk-Up,Unit 12,Plumbing,484.32,Y,Beaches Plumbing Co.,Cleared bathroom drain
2024-04-14,Parkdale Walk-Up,Unit 11,Pest Control,50.21,Y,Queen West Pest Control,"Mice treatment, basement"
"Apr 19, 2024",Parkdale Walk-Up,Unit 6,Electrical,355.76,N,Leslieville Electric Ltd,"Breaker tripping, traced to dryer"
2024-04-14,Danforth Triplex,Lower,Cleaning,172.96,Y,Greenwood Cleaning, Common area clean
2024-04-09,Parkdale Walk-Up,Unit 12,Electrical,630.97,Y,Leslieville Electric Ltd,Replaced GFCI outlet
22/04/2024,Danforth Triplex,Lower,Cleaning,182.11,no,Greenwood Cleaning,Turnover clean
2024-04-20,Danforth Triplex,Lower,Snow Removal,284.61,Y,Snowline Property Services,Walkway and steps cleared
2024-04-10,Danforth Triplex,Upper, Pest Control ,291.81,No,Queen West Pest Control,Follow-up treatment
2024-05-01,Danforth Triplex,Main,Rent,"$2,259.00",Y,,
03/05/2024,Danforth Triplex,Upper,Rent,2522.00,Y,,
2024-05-05,Danforth Triplex,Lower,Rent,1734.00,Y,,
01/05/2024,Leslieville Fourplex,Unit 1,Rent,"$1,996.00",Y,,
2024-05-01,Leslieville Fourplex,Unit 2,Rent,2049,Y,,
03/05/2024,Leslieville Fourplex,Unit 3,Rent,"$2,154.00",Y,,
2024-05-01,Leslieville Fourplex,Unit 4,Rent,2364.00,Y,,
2024-05-01,Parkdale Walk-Up,Unit 1,Rent,1628.00,Y,,
2024-05-05,PARKDALE WALK-UP,Unit 2,Rent,1676,Yes,,
2024-05-05,Parkdale Walk-Up,Unit 3,Rent,"$1,723.00",yes,,
2024-05-01,Parkdale Walk-Up,Unit 4,Rent,1770,Yes,,
2024-05-05,Parkdale Walk-Up,Unit 5,Rent,1818.00,Yes,,
2024-05-01  ,Parkdale Walk-Up,Unit 6,Rent,1865.00,Y,,
2024-05-05,Parkdale Walk-Up,Unit 7,Rent,1912,Yes,,
01/05/2024,Parkdale Walk-Up,Unit 8,Rent,1959,Y,,
01/05/2024,Parkdale Walk-Up,Unit 9,Rent,2007.00,Y,,
01/05/2024,Parkdale Walk-Up,Unit 10,Rent,2054,Y,,
2024-05-01,Parkdale Walk-Up,Unit 11,Rent,2101,Y,,
2024-05-01,Parkdale Walk-Up,Unit 12,Rent,2149,TRUE,,
"May 4, 2024",Leslieville Fourplex,Unit 1,Cleaning,187.20,Yes,Greenwood Cleaning,Common area clean
2024-05-24,Danforth Triplex,Common area,Cleaning,174.06,Y,Greenwood Cleaning,Turnover clean
"May 14, 2024",Leslieville Fourplex,Unit 1,Snow Removal,105.19,yes,Snowline Property Services,Walkway and steps cleared
2024-05-09,Leslieville Fourplex,Unit 2,Heating,768.46,TRUE,Don Valley HVAC,Bled radiators
2024-05-30,danforth triplex,Upper,Plumbing,209.41,Y,Beaches Plumbing Co.,Cleared bathroom drain
12/05/2024,Leslieville Fourplex,Unit 1,Appliance,318.63,yes,Riverdale Appliance Repair,Stove element replaced
2024-05-09,Leslieville Fourplex,Unit 3,Landscaping,292.98,Y,Greenwood Cleaning,Leaf cleanup
"May 29, 2024",Danforth Triplex,Common area,Appliance,40.00,Yes,Riverdale Appliance Repair,Fridge not cooling
2024-05-16,Parkdale Walk-Up,Unit 3,Landscaping,221.47,Yes,Greenwood Cleaning,Leaf cleanup
2024-05-08,Parkdale Walk-Up,Unit 4,Electrical,471.48,Y,Leslieville Electric Ltd,Swapped hallway light fixture
2024-05-09,Leslieville Fourplex,Common area,Electrical,496.35,Y,Leslieville Electric Ltd,Replaced GFCI outlet
2024-05-07,Parkdale Walk-Up,Unit 3,Landscaping,139.34,Y,Greenwood Cleaning,Lawn cut and edging
29/05/2024,Danforth Triplex,Lower,Electrical,580.09,Y,Leslieville Electric Ltd,Swapped hallway light fixture
2024/05/29,parkdale walk-up,Unit 4,Plumbing,$330.15,Yes,Beaches Plumbing Co.,Fixed running toilet
2024-05-25, Danforth Triplex ,Main,Pest Control,390.54,N,Queen West Pest Control,Follow-up treatment
2024-05-29,Parkdale Walk-Up,Unit 8,Appliance,247.35,Y,Riverdale Appliance Repair,Fridge not cooling
09/05/2024,Danforth Triplex,Upper,Landscaping,214.94,TRUE,Greenwood Cleaning,Lawn cut and edging
2024-05-29,Danforth Triplex,Common area,Appliance,145.62,Yes,Riverdale Appliance Repair  ,Fridge not cooling
2024-05-26,Danforth Triplex,Upper,Plumbing,277.46,yes,Beaches Plumbing Co., Fixed running toilet
2024-05-17,Parkdale Walk-Up,Unit 11,Pest Control,356.32,Yes,Queen West Pest Control,Follow-up treatment
2024/05/03, Leslieville Fourplex ,Unit 1,Plumbing,210.79,Y,Beaches Plumbing Co.,Replaced kitchen faucet cartridge
"May 20, 2024",Leslieville Fourplex,Unit 3,Pest Control,220.48,Yes,Queen West Pest Control,Follow-up treatment
"Jun 1, 2024",Danforth Triplex,Main,Rent,2259,Y,,
01/06/2024,Danforth Triplex,Upper,Rent,N/A,TRUE,,
2024-06-05,Danforth Triplex,Lower,Rent,1734,yes,,
2024-06-05,LESLIEVILLE FOURPLEX,Unit 1,Rent,1996.00,Yes,,
2024-06-02,LESLIEVILLE FOURPLEX,Unit 2,Rent,2049,no,,
2024/06/01,Leslieville Fourplex,Unit 3,Rent,2154.00,Y,,
2024-06-01,Leslieville Fourplex,Unit 4,Rent,2364,Y,,
2024-06-05,Parkdale Walk-Up,Unit 1,Rent,1628,Y,,
2024/06/05,Parkdale Walk-Up,Unit 2,Rent,1676.00,Y,,
"Jun 1, 2024",Parkdale Walk-Up,Unit 3,Rent,1723,Yes,,
"Jun 2, 2024",Parkdale Walk-Up,Unit 4,Rent,1770.00,FALSE,,
2024-06-03,Parkdale Walk-Up,Unit 5,Rent,1818,Yes,,
2024-06-03,Parkdale Walk-Up,Unit 6,Rent,"$1,865.00",N,,
2024-06-01,Parkdale Walk-Up,Unit 7,Rent,"$1,912.00",Yes,,
"Jun 1, 2024",Parkdale Walk-Up,Unit 8,Rent,1959.00,yes,,
2024-06-05,Parkdale Walk-Up,Unit 10,Rent,2054,Y,,
2024-06-03,Parkdale Walk-Up,Unit 11,Rent,2101.00,Y,,
2024-06-02,Parkdale Walk-Up,Unit 12,Rent,2149.00,Y,,
2024-06-07,Parkdale Walk-Up,Unit 10,Electrical,TBD,Y,Leslieville Electric Ltd,Swapped hallway light fixture
2024-06-26,Leslieville Fourplex,Unit 4,Appliance,214.89,Y,Riverdale Appliance Repair,Stove element replaced
2024/06/10,Leslieville Fourplex,Common area,Cooling,$539.69,Y,Don Valley HVAC,Window unit replaced
02/06/2024,Danforth Triplex,Upper,Cooling,395.86,Y,Don Valley HVAC,"AC not cooling, recharged"
2024-06-29,Parkdale Walk-Up,Unit 1,Plumbing,$512.60,N,Beaches Plumbing Co.,Replaced shut-off valve
2024-06-14,Danforth Triplex,Common area,Pest Control,256.46,N,Queen West Pest Control,Follow-up treatment
2024-06-10,DANFORTH TRIPLEX,Upper,Plumbing,360.13,Y,Beaches Plumbing Co.,Cleared bathroom drain
2024-06-03,Leslieville Fourplex,Unit 4,Cleaning,$87.70,Y,Greenwood Cleaning,Turnover clean
16/06/2024,Parkdale Walk-Up,Unit 9,Plumbing,425.18,Y,Beaches Plumbing Co.,Cleared bathroom drain
2024-06-11,Parkdale Walk-Up,Unit 2,Appliance,472.88,Y,Riverdale Appliance Repair,Dryer belt replaced
2024-06-08,Danforth Triplex,Main,Pest Control,235.95,Y,Queen West Pest Control,"Mice treatment, basement"
2024-06-08,Danforth Triplex,Lower,Cooling,350.17,Y,Don Valley HVAC,Window unit replaced
2024-06-30,Leslieville Fourplex,Common area,Cleaning,95.58,Y,Greenwood Cleaning,Turnover clean
"Jun 14, 2024",Parkdale Walk-Up,Unit 6,Landscaping,357.29,Y,Greenwood Cleaning,Lawn cut and edging
2024-06-16,Danforth Triplex,Lower,Appliance,196.96,no,Riverdale Appliance Repair,Fridge not cooling
2024-06-12,Leslieville Fourplex,Unit 1,Cleaning,121.98,Y,Greenwood Cleaning,Turnover clean
2024-06-09,Parkdale Walk-Up,Common area,Landscaping,58.55,TRUE,Greenwood Cleaning,Leaf cleanup
2024-06-14,Danforth Triplex,Lower,Plumbing,380.15,Y,Beaches Plumbing Co.,Fixed running toilet
2024-06-01,Parkdale Walk-Up,Unit 10,Plumbing,438.09,Y,Beaches Plumbing Co.,Fixed running toilet
2024-06-15,Parkdale Walk-Up,Unit 10,Electrical,251.26,Y,Leslieville Electric Ltd,"Breaker tripping, traced to dryer"
2024-06-11,Danforth Triplex,Common area,Pest Control,195.62,N,Queen West Pest Control,"Mice treatment, basement"
2024/06/29,Parkdale Walk-Up,Unit 10,Appliance,252.71,Yes,Riverdale Appliance Repair,Dryer belt replaced
2024-07-01,Danforth Triplex,Main,Rent,2259,Y,,
2024-07-01,Danforth Triplex,Upper,Rent,2522.00,Y,,
2024-07-01,Danforth Triplex,Lower, Rent ,1734.00,yes,,
2024-07-01,Leslieville Fourplex,Unit 1,Rent,1996.00,yes,,
2024-07-01,Leslieville Fourplex,Unit 2,Rent,2049,Y,,
2024-07-05,Leslieville Fourplex,Unit 3,Rent,2154,Y,,
2024-07-02,Leslieville Fourplex,Unit 4,Rent,2364.00,TRUE,,
2024-07-01,Parkdale Walk-Up,Unit 2,Rent,1676.00,yes,,
2024-07-02,Parkdale Walk-Up,Unit 3,Rent,1723.00,Yes,,
2024-07-03,Parkdale Walk-Up,Unit 4,Rent,1770.00,yes,,
2024-07-01,Parkdale Walk-Up,Unit 5,Rent,1818.00,Y,,
2024-07-02,Parkdale Walk-Up,Unit 6,Rent,1865,Y,,
"Jul 1, 2024", Parkdale Walk-Up ,Unit 7,Rent,1912.00,Yes,,
01/07/2024,Parkdale Walk-Up,Unit 8,Rent,1959,Y,,
2024-07-05,Parkdale Walk-Up,Unit 9,rent,2007.00,Y,,
"Jul 1, 2024",Parkdale Walk-Up,Unit 10,Rent,"$2,054.00",Y,,
01/07/2024, Parkdale Walk-Up ,Unit 11,Rent,2101.00,Y,,
2024-07-01,Parkdale Walk-Up,Unit 12,Rent,-,FALSE,,
2024-07-02,Junction Six-Plex,Unit 1,Rent,1839,Y,,
2024-07-05,Junction Six-Plex,Unit 2,Rent,1891,Y,,
2024-07-02,Junction Six-Plex,Unit 3,Rent,1944,Y,,
"Jul 1, 2024",Junction Six-Plex,Unit 4,Rent,1996.00,Y,,
"Jul 3, 2024",Junction Six-Plex,Unit 5,Rent,2101,TRUE,,
2024-07-03,Junction Six-Plex,Unit 6,Rent,2206,Y,,
2024-07-13,Junction Six-Plex,Unit 5,Electrical,234.01,TRUE,Leslieville Electric Ltd,Swapped hallway light fixture
2024-07-05,PARKDALE WALK-UP,Unit 10,Appliance,499.21,Yes,Riverdale Appliance Repair,Dryer belt replaced  
2024-07-10,Parkdale Walk-Up,Unit 7,Cleaning,165.99,Y,Greenwood Cleaning,Turnover clean
2024-07-26,Junction Six-Plex,Unit 6,Landscaping,40.00,Y,Greenwood Cleaning,Leaf cleanup
2024-07-31,Danforth Triplex,Lower,Plumbing,368.16,Y,Beaches Plumbing Co.,Fixed running toilet
2024-07-11,Parkdale Walk-Up,Unit 9,Electrical,284.49,Y,Leslieville Electric Ltd,"Breaker tripping, traced to dryer"
2024-07-22,Leslieville Fourplex,Unit 4,Plumbing,258.73,Y,Beaches Plumbing Co.,Fixed running toilet
2024-07-17,Parkdale Walk-Up,Unit 8,Cooling,157.70,Yes,Don Valley HVAC,"AC not cooling, recharged"
2024-07-04,Parkdale Walk-Up,Unit 1,Appliance,299.09,N,Riverdale Appliance Repair,Fridge not cooling
09/07/2024,Junction Six-Plex,Unit 3,Pest Control,271.43,Y,Queen West Pest Control,Follow-up treatment
2024-07-24,LESLIEVILLE FOURPLEX,Common area,cooling,$358.00,yes,Don Valley HVAC,"AC not cooling, recharged"
2024-07-23,Junction Six-Plex,Unit 3,cleaning,114.31,Yes,Greenwood Cleaning,Turnover clean
2024-07-14,Danforth Triplex,Upper,Heating,801.76,Y,Don Valley HVAC,Furnace service
2024-07-29,Parkdale Walk-Up,Unit 3,Electrical,387.25,Y,Leslieville Electric Ltd,"Breaker tripping, traced to dryer"
2024-07-12,Leslieville Fourplex,Unit 3,Pest Control,210.77,Y,Queen West Pest Control,"Mice treatment, basement"
2024-07-28,Junction Six-Plex,Unit 1,Cooling,449.21,no,Don Valley HVAC,Window unit replaced
07/07/2024,Junction Six-Plex,Common area,Appliance,99.66,Y,Riverdale Appliance Repair,Stove element replaced
2024-07-07,Parkdale Walk-Up,Unit 2,Pest Control,265.09,Y,Queen West Pest Control,Follow-up treatment
2024-07-10,Leslieville Fourplex,Unit 3,Cleaning,40.00,Y, Greenwood Cleaning,Turnover clean
2024-07-04,Danforth Triplex,Upper,Pest Control,321.82,Y,Queen West Pest Control,Follow-up treatment
"Jul 4, 2024",Parkdale Walk-Up,Unit 7,Pest Control,n/a,Y,Queen West Pest Control,Follow-up treatment
22/07/2024,Junction Six-Plex,Unit 2,Appliance,369.99,TRUE,Riverdale Appliance Repair,Dryer belt replaced
2024-07-24,Parkdale Walk-Up,Unit 6,Appliance,364.21,yes,Riverdale Appliance Repair,Stove element replaced
"Jul 16, 2024",Parkdale Walk-Up,Unit 6,Appliance,246.34,Y,Riverdale Appliance Repair,Stove element replaced
2024-07-15,Leslieville Fourplex,Unit 1,Cooling,328.71,Y,Don Valley HVAC,Window unit replaced
2024-07-15,Leslieville Fourplex,Unit 1,Cooling,328.71,Y,Don Valley HVAC,Window unit replaced
2024-07-25,Junction Six-Plex,Unit 5,Appliance,272.76,Y,Riverdale Appliance Repair,Fridge not cooling
2024/07/06,Leslieville Fourplex,Common area,Cleaning,106.15,Y,Greenwood Cleaning,Common area clean
03/08/2024,Danforth Triplex,Upper,Rent,"$2,522.00",Y,,
2024-08-01,Danforth Triplex,Lower,Rent,1734.00,Y,,
2024-08-05,Leslieville Fourplex,Unit 1,Rent,1996.00,Y,,
2024-08-01,Leslieville Fourplex,Unit 3,Rent,2154,Y,,
2024-08-01,Leslieville Fourplex,Unit 4,Rent,2364,Y,,
2024-08-01,Parkdale Walk-Up,Unit 1,Rent,1628,Y,,
2024-08-02,Parkdale Walk-Up,Unit 2,Rent,1676,Yes,,
2024-08-01,Parkdale Walk-Up,Unit 3,Rent,1723.00,Yes,,
2024-08-01,Parkdale Walk-Up,Unit 4,Rent,1770,yes,,
2024-08-05,Parkdale Walk-Up,Unit 5,RENT,1818.00,Y,,
2024-08-01,Parkdale Walk-Up,Unit 6,Rent,1865,yes,,
"Aug 1, 2024",Parkdale Walk-Up,Unit 7,Rent,1912.00,yes,,
2024-08-03,Parkdale Walk-Up,Unit 8,Rent,1959,Y,,
2024-08-02,Parkdale Walk-Up,Unit 10,Rent,"$2,054.00",Y,,
2024-08-03,Parkdale Walk-Up,Unit 11,Rent,2101,Y,,
2024-08-02,Parkdale Walk-Up,Unit 12,Rent,2149.00,Y,,
2024-08-01,Junction Six-Plex,Unit 1,Rent,1839.00,Y,,
03/08/2024,Junction Six-Plex,Unit 2,Rent,1891.00,Y,,
03/08/2024,Junction Six-Plex,Unit 3,Rent,-,yes,,
2024-08-01,Junction Six-Plex,Unit 4,Rent,1996,yes,,
05/08/2024,junction six-plex,Unit 5,Rent,2101,Y,,
2024-08-02,Junction Six-Plex,Unit 6,Rent,2206.00,Y,,
2024-08-10,Junction Six-Plex,Common area,Plumbing,267.07,yes,Beaches Plumbing Co.,Replaced shut-off valve
2024-08-27,Leslieville Fourplex,Unit 3,Cleaning,131.74,Yes,Greenwood Cleaning,Turnover clean
2024-08-08,Danforth Triplex,Main,Pest Control,249.42,Y,Queen West Pest Control,Follow-up treatment
"Aug 30, 2024",Junction Six-Plex,Unit 5,Cooling,211.10,Y,Don Valley HVAC,"AC not cooling, recharged"
"Aug 30, 2024",Junction Six-Plex,Unit 5,Cooling,211.10,Y,Don Valley HVAC,"AC not cooling, recharged"
2024-08-06,Danforth Triplex,Main,Electrical,418.57,Y,Leslieville Electric Ltd,Replaced GFCI outlet
2024-08-14,Danforth Triplex,Common area,Electrical,737.82,N,Leslieville Electric Ltd,Replaced GFCI outlet
2024-08-11,Danforth Triplex,Main,Heating,539.23,Y,Don Valley HVAC,Furnace service
2024-08-20,Junction Six-Plex,Unit 4,Landscaping,248.99,TRUE,Greenwood Cleaning,Leaf cleanup
2024-08-09,Danforth Triplex,Main,Appliance,175.53,Y,Riverdale Appliance Repair,Stove element replaced
"Aug 10, 2024",Leslieville Fourplex,Common area,cleaning,211.86,N,Greenwood Cleaning,Common area clean
2024/08/19,Danforth Triplex,Common area,Cleaning,165.60,N,Greenwood Cleaning,Common area clean
"Aug 19, 2024",Junction Six-Plex,Unit 2,Landscaping,$190.36,Y,Greenwood Cleaning,Leaf cleanup
2024-08-29,Danforth Triplex,Upper,Plumbing,157.63,Y,Beaches Plumbing Co.,Fixed running toilet
2024-08-17,Leslieville Fourplex,Common area,Heating,543.77,N,Don Valley HVAC,Furnace service
14/08/2024,danforth triplex,Lower,Electrical,621.37,Y,Leslieville Electric Ltd,Replaced GFCI outlet
2024-08-03,Leslieville Fourplex,Unit 1,Electrical,406.52,Y,Leslieville Electric Ltd,"Breaker tripping, traced to dryer"
2024-08-30,Junction Six-Plex,Unit 3, Pest Control ,418.79,Y,Queen West Pest Control,"Mice treatment, basement"
2024-08-28,Junction Six-Plex,Unit 5,Electrical,538.60,FALSE,Leslieville Electric Ltd,"Breaker tripping, traced to dryer"
2024-08-13,Parkdale Walk-Up,Unit 4,Plumbing,299.88,Y,Beaches Plumbing Co.,Fixed running toilet
2024-08-23,Parkdale Walk-Up,Unit 10,Cleaning,168.27,FALSE,Greenwood Cleaning,Turnover clean
2024-08-05,Parkdale Walk-Up,Unit 10,Landscaping,236.46,Y,Greenwood Cleaning,Lawn cut and edging
2024-08-09,Junction Six-Plex,Unit 5,Snow Removal,157.27,Y,Snowline Property Services,Walkway and steps cleared
"Aug 7, 2024",Danforth Triplex,Lower,Electrical,500.71,N,Leslieville Electric Ltd,Swapped hallway light fixture
2024-08-23,Parkdale Walk-Up,Unit 3,Pest Control,150.52,yes,Queen West Pest Control,"Mice treatment, basement"
2024-08-20,Danforth Triplex,Common area,Cooling,357.77,No,Don Valley HVAC,Window unit replaced
2024-08-23,Leslieville Fourplex,Unit 1,Plumbing,494.12,yes,Beaches Plumbing Co.,Fixed running toilet
14/08/2024,Danforth Triplex,Common area, Plumbing ,353.85,yes,Beaches Plumbing Co.,Replaced shut-off valve
2024-08-05,Leslieville Fourplex,Unit 1,Cooling,$339.79,No,Don Valley HVAC,Window unit replaced
2024-09-01,Danforth Triplex,Main,Rent,2259,Y,,
2024-09-01,Danforth Triplex,Upper,Rent,2522,yes,,
"Sep 3, 2024",Danforth Triplex,Lower,Rent,1734.00,Y,,
2024-09-01,Leslieville Fourplex,Unit 1,Rent,1996.00,Y,,
 2024-09-01,Leslieville Fourplex,Unit 2,Rent,2049.00,TRUE,,
"Sep 1, 2024",Leslieville Fourplex,Unit 3,Rent,2154,Yes,,
2024-09-05,Leslieville Fourplex,Unit 4,Rent,2364,Y,,
"Sep 1, 2024",Parkdale Walk-Up,Unit 1,rent,1628,Y,,
2024-09-05,Parkdale Walk-Up,Unit 2,Rent,1676.00,Y,,
"Sep 1, 2024",Parkdale Walk-Up,Unit 4,Rent,1770,Y,,
"Sep 1, 2024",Parkdale Walk-Up,Unit 4,Rent,1770,Y,,
2024-09-05,Parkdale Walk-Up,Unit 5,Rent,1818.00,Y,,
"Sep 1, 2024",Parkdale Walk-Up,Unit 6,Rent,1865,Y,,
2024-09-01,Parkdale Walk-Up,Unit 7,Rent,1912,yes,,
2024-09-01,Parkdale Walk-Up,Unit 8,Rent,1959,Y,,
2024-09-02,Parkdale Walk-Up,Unit 9,Rent,"$2,007.00",Y,,
2024-09-03,Parkdale Walk-Up,Unit 10,Rent,2054,Y,,
"Sep 2, 2024",Parkdale Walk-Up,Unit 11,Rent,"$2,101.00",Y,,
2024-09-01,PARKDALE WALK-UP,Unit 12,Rent,2149.00,Y,,
2024-09-05,Junction Six-Plex,Unit 1,Rent,n/a,Y,,
2024-09-01  ,JUNCTION SIX-PLEX,Unit 2,Rent,"$1,891.00",Y,,
2024-09-03,Junction Six-Plex,Unit 3,Rent,1944.00,TRUE,,
"Sep 1, 2024",Junction Six-Plex,Unit 4,Rent,n/a,Y,,
2024-09-01,Junction Six-Plex,Unit 5,Rent,"$2,101.00",Y,,
"Sep 1, 2024",Junction Six-Plex,Unit 6,Rent,2206,Y,,
2024-09-03,Parkdale Walk-Up,Unit 7,Landscaping,$83.02,Yes,Greenwood Cleaning,Lawn cut and edging
2024-09-30,Danforth Triplex,Lower,landscaping,$253.31,Y,Greenwood Cleaning,Leaf cleanup
2024-09-27,Junction Six-Plex,Unit 6,Appliance,224.18,Y,Riverdale Appliance Repair,Dryer belt replaced
"Sep 29, 2024",Junction Six-Plex,Unit 5,APPLIANCE,180.42,Y,Riverdale Appliance Repair,Dryer belt replaced
2024-09-11,Parkdale Walk-Up,Unit 6,ELECTRICAL,374.68,Y,Leslieville Electric Ltd,"Breaker tripping, traced to dryer"
30/09/2024,Junction Six-Plex,Unit 3,Plumbing,264.56,Y,Beaches Plumbing Co.,Fixed running toilet
30/09/2024,Junction Six-Plex,Unit 3,Plumbing,264.56,Y,Beaches Plumbing Co.,Fixed running toilet
2024-09-04,Parkdale Walk-Up,Unit 11,Landscaping,183.67,Y,Greenwood Cleaning,Leaf cleanup
2024-09-30,Danforth Triplex,Upper,Snow Removal,$249.39,N,Snowline Property Services,Walkway and steps cleared
2024-09-10,Leslieville Fourplex,Unit 3,Pest Control,209.23,Y,Queen West Pest Control,"Mice treatment, basement"
2024-09-04,Junction Six-Plex,Unit 5, Electrical ,578.84,N,Leslieville Electric Ltd  ,Replaced GFCI outlet
17/09/2024,Danforth Triplex,Lower,Appliance,n/a,Y,Riverdale Appliance Repair,Dryer belt replaced
2024-09-26,Junction Six-Plex,Common area,Pest Control,358.71,Y,Queen West Pest Control,"Mice treatment, basement"
2024-09-23,Danforth Triplex,Common area,pest control,237.26,Yes,Queen West Pest Control,"Mice treatment, basement"
2024-09-22,Danforth Triplex,Lower,Landscaping,$102.67,Y,Greenwood Cleaning,Lawn cut and edging
2024-09-08,Danforth Triplex,Lower,Landscaping,281.39,Y,Greenwood Cleaning,Leaf cleanup
2024-09-30,Junction Six-Plex,Unit 1,Electrical,211.82,Y,Leslieville Electric Ltd,"Breaker tripping, traced to dryer"
2024-09-09,danforth triplex,Lower,Appliance,195.12,Y,Riverdale Appliance Repair  ,Dryer belt replaced
2024/09/28,Junction Six-Plex,Unit 6,Cleaning,122.79,Y,Greenwood Cleaning, Turnover clean
08/09/2024,Leslieville Fourplex,Unit 3,Plumbing,458.83,Y,Beaches Plumbing Co.,Fixed running toilet
"Sep 13, 2024",Leslieville Fourplex,Common area,Appliance,221.14,Yes,Riverdale Appliance Repair,Stove element replaced
 28/09/2024,Danforth Triplex,Upper,Landscaping,401.35,Y,Greenwood Cleaning,Leaf cleanup
2024-09-03,Parkdale Walk-Up,Unit 2,Electrical,415.34,N,Leslieville Electric Ltd,Swapped hallway light fixture
2024/09/04,Danforth Triplex,Lower,Plumbing,TBD,N,Beaches Plumbing Co.,Replaced shut-off valve
"Sep 5, 2024",Leslieville Fourplex,Unit 3,Landscaping,$135.33,Y,Greenwood Cleaning,Leaf cleanup
2024-09-05,Parkdale Walk-Up,Unit 6,Landscaping,157.38,TRUE,Greenwood Cleaning,Lawn cut and edging
2024-09-17,Parkdale Walk-Up,Common area,Pest Control,121.41,Y,Queen West Pest Control,Follow-up treatment
05/09/2024,Parkdale Walk-Up,Unit 8,Pest Control,127.88,TRUE,Queen West Pest Control,Follow-up treatment
2024-09-05,Leslieville Fourplex,Common area,Appliance,281.80,Y,Riverdale Appliance Repair,Fridge not cooling
2024-10-05,Danforth Triplex,Main,Rent,2259,Yes,,
2024-10-01,Danforth Triplex,Upper,Rent,2522,Y,,
"Oct 1, 2024",Danforth Triplex,Lower,Rent,1734,Y,,
"Oct 5, 2024",Leslieville Fourplex,Unit 1,Rent,1996,Y,,
2024-10-02,Leslieville Fourplex,Unit 2,Rent,"$2,049.00",Y,,
2024-10-02, Leslieville Fourplex ,Unit 4,Rent,"$2,364.00",Y,,
"Oct 1, 2024",Parkdale Walk-Up,Unit 1,rent,1628,Y,,
2024-10-01,PARKDALE WALK-UP,Unit 2,Rent,1676,Y,,
"Oct 3, 2024",Parkdale Walk-Up,Unit 3,Rent,1723.00,Yes,,
"Oct 3, 2024",Parkdale Walk-Up,Unit 4,Rent,1770.00,yes,,
01/10/2024,Parkdale Walk-Up,Unit 5,Rent,1818,TRUE,,
01/10/2024,Parkdale Walk-Up,Unit 6,Rent,1865,No,,
2024-10-01,Parkdale Walk-Up,Unit 7,Rent,N/A,Y,,
2024-10-01,Parkdale Walk-Up,Unit 8,Rent,1959.00,Yes,,
2024-10-03,Parkdale Walk-Up,Unit 9,Rent,2007,Y,,
"Oct 3, 2024",Parkdale Walk-Up,Unit 10,Rent,2054.00,Y,,
2024-10-01,Parkdale Walk-Up,Unit 12,Rent,2149,Y,,
"Oct 3, 2024",Junction Six-Plex,Unit 1,Rent,1839,Y,,
01/10/2024,Junction Six-Plex,Unit 2,Rent,1891,N,,
2024-10-05,Junction Six-Plex,Unit 3,Rent,"$1,944.00",TRUE,,
"Oct 1, 2024",Junction Six-Plex,Unit 4,Rent,"$1,996.00",Yes,,
2024-10-03,Junction Six-Plex,Unit 5,Rent,2101.00,TRUE,,
2024-10-03,Junction Six-Plex,Unit 6,Rent,2206,Yes,,
2024-10-28,Leslieville Fourplex,Unit 4,Cleaning,155.66,Y,Greenwood Cleaning,Common area clean
2024-10-10,Parkdale Walk-Up,Unit 12,Appliance,225.74,Yes,Riverdale Appliance Repair,Stove element replaced
2024-10-24,Junction Six-Plex,Unit 1,Cleaning,$142.84,Y,Greenwood Cleaning,Common area clean
2024-10-16,Parkdale Walk-Up,Unit 2,Pest Control,364.11,Y,Queen West Pest Control,Follow-up treatment
2024-10-07,Junction Six-Plex,Unit 5,Heating,433.54,Y,Don Valley HVAC,Furnace service
2024-10-10,Leslieville Fourplex,Unit 2,Snow Removal,233.77,Y,Snowline Property Services,Walkway and steps cleared
2024-10-25,Danforth Triplex,Main,Plumbing,288.66,Y,Beaches Plumbing Co.,Replaced kitchen faucet cartridge
2024-10-18,Junction Six-Plex,Unit 1,Heating,564.25,Y,Don Valley HVAC,Replaced furnace igniter
2024-10-12,Leslieville Fourplex,Unit 1,Landscaping,143.98,Yes,Greenwood Cleaning,Lawn cut and edging
 2024-10-25,Leslieville Fourplex,Unit 4,Cleaning,86.78,Y,Greenwood Cleaning,Turnover clean
2024-10-10,Leslieville Fourplex,Unit 4,Pest Control,132.79,Y,Queen West Pest Control,"Mice treatment, basement"
2024-10-20,Danforth Triplex,Lower,Snow Removal,186.96,Y,Snowline Property Services,Salted front steps
2024-10-07,Parkdale Walk-Up,Unit 5,Appliance,173.49,N,Riverdale Appliance Repair,Stove element replaced
2024-10-01,Parkdale Walk-Up,Unit 4,Pest Control,$153.72,TRUE,Queen West Pest Control,Follow-up treatment
2024-10-01,Danforth Triplex,Common area,Pest Control,375.56,Y,Queen West Pest Control,Follow-up treatment
2024-10-28,Junction Six-Plex,Unit 1,Snow Removal,176.10,Y,Snowline Property Services,Walkway and steps cleared  
2024-10-22,JUNCTION SIX-PLEX,Unit 5,landscaping,182.60,Yes,Greenwood Cleaning,Lawn cut and edging
2024-10-20,Danforth Triplex,Main,Landscaping,216.02,Yes,Greenwood Cleaning,Leaf cleanup
2024-10-07,Leslieville Fourplex,Unit 1,Landscaping,197.42,Y,Greenwood Cleaning,Lawn cut and edging
"Oct 25, 2024",Junction Six-Plex,Unit 5,Cleaning,174.97,Yes,Greenwood Cleaning,Common area clean
2024-10-05,Leslieville Fourplex,Unit 3,Plumbing,375.51,Y,Beaches Plumbing Co.,Replaced kitchen faucet cartridge
2024-10-04,Parkdale Walk-Up,Unit 5,Plumbing,395.32,Y,Beaches Plumbing Co.,Replaced kitchen faucet cartridge
2024-10-22,Danforth Triplex,Lower,Plumbing,98.09,Y,Beaches Plumbing Co., Fixed running toilet
2024/10/23,Parkdale Walk-Up,Unit 12,Electrical,277.07,Y,Leslieville Electric Ltd,Replaced GFCI outlet
2024-10-05,Junction Six-Plex,Unit 4,Appliance,$226.28,Y,Riverdale Appliance Repair,Stove element replaced
2024-10-28,Junction Six-Plex,Unit 3,Appliance,281.84,Y,Riverdale Appliance Repair,Fridge not cooling
2024-10-16,Danforth Triplex,Common area,Heating,636.70,Y,Don Valley HVAC,Bled radiators
2024-10-10,Danforth Triplex,Common area,Heating,591.30,Y,Don Valley HVAC,Replaced furnace igniter
2024-10-30,Junction Six-Plex,Unit 3,Appliance,282.92,yes,Riverdale Appliance Repair,Stove element replaced
2024-10-22,Parkdale Walk-Up,Unit 7,Pest Control,191.70,Y,Queen West Pest Control,"Mice treatment, basement"
"Oct 17, 2024",Parkdale Walk-Up,Unit 2,Cleaning,$158.83,N,Greenwood Cleaning,Common area clean
12/10/2024,Junction Six-Plex,Common area,Plumbing,$144.55,yes,Beaches Plumbing Co.,Replaced shut-off valve
2024-10-31  ,Danforth Triplex,Lower, Cleaning ,84.22,Y,Greenwood Cleaning,Turnover clean
"Nov 1, 2024",Danforth Triplex,Main,Rent,2259,Y,,
2024-11-01,Danforth Triplex,Upper,RENT,2522,TRUE,,
2024-11-03,Danforth Triplex,Lower,Rent,1734.00,Y,,
2024-11-01,Leslieville Fourplex,Unit 1,Rent,"$1,996.00",Y,,
2024-11-05,Leslieville Fourplex,Unit 2,Rent,2049,Y,,
2024-11-01,Leslieville Fourplex,Unit 3,Rent,2154.00,Y,,
2024-11-03,Leslieville Fourplex,Unit 4,RENT,2364.00,Y,,
"Nov 3, 2024",Parkdale Walk-Up,Unit 1,Rent,1628.00,N,,
01/11/2024,Parkdale Walk-Up,Unit 2,Rent,1676.00,Y,,
2024-11-01,Parkdale Walk-Up,Unit 4,Rent,1770,Y,,
2024-11-01,Parkdale Walk-Up,Unit 5,Rent,1818.00,TRUE,,
01/11/2024,Parkdale Walk-Up,Unit 6,Rent,1865,Y,,
2024/11/01,Parkdale Walk-Up,Unit 8,Rent,1959,Y,,
2024-11-05,Parkdale Walk-Up,Unit 9,Rent,2007.00,Y,,
"Nov 1, 2024",Parkdale Walk-Up,Unit 10,Rent,2054.00,Y,,
2024-11-02,Parkdale Walk-Up,Unit 11,Rent,2101,TRUE,,
2024-11-01,Parkdale Walk-Up,Unit 12,Rent,2149.00,Yes,,
2024-11-05,Junction Six-Plex,Unit 1,Rent,,N,,
03/11/2024,Junction Six-Plex,Unit 2,Rent,1891,Yes,,
2024-11-03,Junction Six-Plex,Unit 3,Rent,1944.00,yes,,
"Nov 1, 2024",Junction Six-Plex,Unit 4,Rent,"$1,996.00",Yes,,
"Nov 3, 2024",JUNCTION SIX-PLEX,Unit 5,Rent,2101,no,,
2024-11-02,Junction Six-Plex,Unit 6,Rent,2206,TRUE,,
"Nov 28, 2024",Junction Six-Plex,Unit 6,Appliance,321.55,Yes,Riverdale Appliance Repair  ,Dryer belt replaced
2024-11-14,Leslieville Fourplex,Unit 4,Pest Control,213.03,Y, Queen West Pest Control,Follow-up treatment
2024-11-03,Parkdale Walk-Up,Unit 10,Appliance,237.67,Yes,Riverdale Appliance Repair,Dryer belt replaced
2024-11-20,Parkdale Walk-Up,Unit 2,Appliance,218.05,Y,Riverdale Appliance Repair,Stove element replaced
2024-11-20,Leslieville Fourplex,Unit 4,Pest Control,226.58,Y,Queen West Pest Control,"Mice treatment, basement"
2024-11-21,Junction Six-Plex,Unit 6,Snow Removal,196.69,Y,Snowline Property Services,Salted front steps
16/11/2024,Leslieville Fourplex,Unit 1,Electrical,601.37,TRUE,Leslieville Electric Ltd,Replaced GFCI outlet
2024-11-12,Junction Six-Plex,Common area,PLUMBING,561.91,Y,Beaches Plumbing Co.,Fixed running toilet
30/11/2024,Danforth Triplex,Upper,Appliance,386.13,No,Riverdale Appliance Repair,Fridge not cooling
09/11/2024,Parkdale Walk-Up,Unit 9,Heating,463.16,yes,Don Valley HVAC,Furnace service
2024-11-17  ,Parkdale Walk-Up,Unit 3,Plumbing,459.73,TRUE, Beaches Plumbing Co.,Replaced shut-off valve
2024-11-15,Leslieville Fourplex,Common area,Heating,514.41,Y,Don Valley HVAC,Boiler pressure reset
2024-11-24,Parkdale Walk-Up,Unit 2,Appliance,461.29,Y,Riverdale Appliance Repair,Stove element replaced
2024-11-17,Parkdale Walk-Up,Unit 4,cleaning,122.97,Y,Greenwood Cleaning,Common area clean
2024-11-09,Leslieville Fourplex,Common area,Heating,770.05,no,Don Valley HVAC,Boiler pressure reset
2024-11-03,Leslieville Fourplex,Unit 3, Electrical ,285.44,N,Leslieville Electric Ltd,Swapped hallway light fixture
" Nov 11, 2024",Parkdale Walk-Up,Unit 9,PEST CONTROL,115.85,Y,Queen West Pest Control,Follow-up treatment
2024-11-26,Parkdale Walk-Up,Unit 9,Plumbing,315,Yes,Beaches Plumbing Co.,Replaced kitchen faucet cartridge
16/11/2024,Leslieville Fourplex,Unit 4,Plumbing,254.49,Yes,Beaches Plumbing Co.,Fixed running toilet
16/11/2024,Danforth Triplex,Lower,Heating,689.69,No,Don Valley HVAC,Bled radiators
2024-11-09,Leslieville Fourplex,Unit 3,pest control,155.36,N,Queen West Pest Control,Follow-up treatment
2024-11-29,Junction Six-Plex,Common area,Heating,691.77,Y,Don Valley HVAC,Boiler pressure reset
14/11/2024,Leslieville Fourplex,Unit 3,Pest Control,462.35,Y,Queen West Pest Control,Follow-up treatment
2024-11-17,Parkdale Walk-Up,Unit 4,Appliance,302.57,Y,Riverdale Appliance Repair,Fridge not cooling
2024-11-06,Junction Six-Plex,Unit 3,Heating,430,Yes,Don Valley HVAC,Furnace service
2024-11-15,Leslieville Fourplex,Unit 2,Pest Control,221.37,Yes,Queen West Pest Control,"Mice treatment, basement"
2024-11-30,Parkdale Walk-Up,Unit 2,Cooling,854.95,N,Don Valley HVAC,Window unit replaced  
2024-11-03,Junction Six-Plex,Unit 4,Plumbing,317.30,Y,Beaches Plumbing Co.,Replaced shut-off valve
2024-11-18,Leslieville Fourplex,Common area,Landscaping,288.91,Y,Greenwood Cleaning,Leaf cleanup
2024-12-01,Danforth Triplex,Main,Rent,2259,Y,,
2024/12/01,Danforth Triplex,Upper,Rent,2522.00,yes,,
2024-12-01,danforth triplex,Lower,Rent,1734.00,Y,,
2024-12-01,leslieville fourplex,Unit 1,Rent,1996.00,Yes,,
2024-12-01,Leslieville Fourplex,Unit 2,Rent,2049,Y,,
2024-12-05,Leslieville Fourplex,Unit 3,Rent,2154.00,Y,,
2024/12/01,Leslieville Fourplex,Unit 4,Rent,2364.00,Yes,,
01/12/2024,Parkdale Walk-Up,Unit 1,Rent,1628,Y,,
05/12/2024,Parkdale Walk-Up,Unit 2,Rent,1676,Y,,
2024-12-03,Parkdale Walk-Up,Unit 3,Rent,1723.00,Yes,,
"Dec 2, 2024",Parkdale Walk-Up,Unit 4,Rent,1770,Y,,
2024-12-01,Parkdale Walk-Up,Unit 5,Rent,1818.00,Yes,,
02/12/2024,Parkdale Walk-Up,Unit 6,Rent,1865,TRUE,,
2024-12-01,Parkdale Walk-Up,Unit 7,Rent,1912,TRUE,,
2024-12-01,Parkdale Walk-Up,Unit 8,Rent,1959,yes,,
2024-12-02,Parkdale Walk-Up,Unit 9,Rent,2007,Yes,,
2024-12-03,Parkdale Walk-Up,Unit 10,Rent,2054,Y,,
2024-12-01,Parkdale Walk-Up,Unit 11,Rent,"$2,101.00",Y,,
"Dec 1, 2024",Parkdale Walk-Up,Unit 12,Rent,2149.00,Y,,
2024-12-03,Junction Six-Plex,Unit 1,Rent,1839,Yes,,
2024-12-03,Junction Six-Plex,Unit 2,Rent,1891,Y,,
03/12/2024,Junction Six-Plex,Unit 3,Rent,1944,Yes,,
03/12/2024,Junction Six-Plex,Unit 4,Rent,1996.00,Y,,
2024-12-05,Junction Six-Plex,Unit 5,Rent,2101.00,Y,,
2024-12-02,Junction Six-Plex,Unit 6,Rent,2206,Y,,
2024-12-25,Junction Six-Plex,Unit 1,Electrical,701.76,Y,Leslieville Electric Ltd,Replaced GFCI outlet
31/12/2024,Junction Six-Plex,Unit 4,Plumbing,250.35,Yes,Beaches Plumbing Co.,Replaced kitchen faucet cartridge
2024-12-15,Danforth Triplex,Main,Snow Removal,153.00,Y,Snowline Property Services,Salted front steps
14/12/2024,Junction Six-Plex,Unit 2,Electrical,261.09,Y,Leslieville Electric Ltd,Swapped hallway light fixture
2024-12-30,Junction Six-Plex,Unit 3,Pest Control,199.91,no,Queen West Pest Control,Follow-up treatment
2024-12-05,Danforth Triplex,Common area,heating,401.51,Y,Don Valley HVAC,Bled radiators
2024-12-25,Parkdale Walk-Up,Unit 11,Electrical,364.83,Y,Leslieville Electric Ltd,"Breaker tripping, traced to dryer"
2024-12-18,Danforth Triplex,Upper,Plumbing,490.54,Y,Beaches Plumbing Co.,Cleared bathroom drain
2024/12/02,Leslieville Fourplex,Common area,Pest Control,322.75,yes,Queen West Pest Control,"Mice treatment, basement"
2024-12-07,Parkdale Walk-Up,Unit 10,Electrical,457.82,Y,Leslieville Electric Ltd,Swapped hallway light fixture
2024-12-22,Leslieville Fourplex,Common area,Appliance,387.54,Y,Riverdale Appliance Repair,Dryer belt replaced
2024/12/14, Parkdale Walk-Up ,Unit 3,Appliance,248.54,Y,Riverdale Appliance Repair,Stove element replaced
2024-12-18,Junction Six-Plex,Unit 1,Cleaning,137.40,Y,Greenwood Cleaning,Common area clean
20/12/2024,Junction Six-Plex,Unit 3,plumbing,40,No,Beaches Plumbing Co.,Fixed running toilet
2024-12-16,Junction Six-Plex,Unit 3,Snow Removal,144.01,Y,Snowline Property Services,Salted front steps
2024-12-08,Leslieville Fourplex,Unit 4,Electrical,586.29,Yes,Leslieville Electric Ltd,Swapped hallway light fixture
2024-12-08,Leslieville Fourplex,Unit 4,Electrical,586.29,Yes,Leslieville Electric Ltd,Swapped hallway light fixture
2024-12-28,Parkdale Walk-Up,Common area,Appliance,312.50,Y,Riverdale Appliance Repair,Stove element replaced
2024-12-01,Danforth Triplex,Upper,Appliance,345.37,Y,Riverdale Appliance Repair,Stove element replaced
2024/12/26,Danforth Triplex,Lower,Cleaning,95.21,Y,Greenwood Cleaning  ,Turnover clean
23/12/2024,Junction Six-Plex,Unit 4,CLEANING,138.71,Y,Greenwood Cleaning,Common area clean
2024-12-24,Leslieville Fourplex,Common area,Heating,691.70,Y,Don Valley HVAC  ,Boiler pressure reset
2024-12-05,Danforth Triplex,Common area,Cleaning,197.45,TRUE,Greenwood Cleaning,Common area clean
2024-12-19,Danforth Triplex,Lower,Appliance,249.71,yes,Riverdale Appliance Repair,Dryer belt replaced
11/12/2024,Leslieville Fourplex,Unit 2,Electrical,409.66,Y,Leslieville Electric Ltd,Replaced GFCI outlet
2024/12/23, Leslieville Fourplex ,Unit 2,Heating,371.40,Y,Don Valley HVAC,Replaced furnace igniter
2024/12/23, Leslieville Fourplex ,Unit 2,Heating,371.40,Y,Don Valley HVAC,Replaced furnace igniter
2024-12-05,Danforth Triplex,Upper,Pest Control,$125.69,TRUE,Queen West Pest Control,"Mice treatment, basement  "
2024-12-03,Junction Six-Plex,Unit 5,Snow Removal,226.38,Y,Snowline Property Services, Salted front steps
19/12/2024,Danforth Triplex,Main,Pest Control,104.87,Yes,Queen West Pest Control,"Mice treatment, basement"
"Jan 1, 2025",Danforth Triplex,Main,Rent,2259,Yes,,
2025-01-01,Danforth Triplex,Upper,Rent,2522.00,Y,,
2025-01-01,Danforth Triplex,Upper,Rent,2522.00,Y,,
2025-01-01,Danforth Triplex,Upper,Rent,2522.00,Y,,
"Jan 1, 2025",Danforth Triplex,Lower,Rent,1734.00,Y,,
2025-01-02,Leslieville Fourplex,Unit 1,Rent,1996,Y,,
2025-01-05,Leslieville Fourplex,Unit 2,Rent,2049.00,Y,,
01/01/2025,Leslieville Fourplex,Unit 3,Rent,2154,Y,,
01/01/2025,Leslieville Fourplex,Unit 3,Rent,2154,Y,,
2025-01-05,Leslieville Fourplex,Unit 4,Rent,2364.00,Y,,
2025-01-02,Parkdale Walk-Up,Unit 1,Rent,1628,TRUE,,
2025-01-03,Parkdale Walk-Up,Unit 2,Rent,"$1,676.00",Y,,
"Jan 5, 2025",Parkdale Walk-Up,Unit 3,Rent,1723.00,N,,
2025-01-01,Parkdale Walk-Up,Unit 4,Rent,1770,Y,,
03/01/2025,Parkdale Walk-Up,Unit 5,Rent,1818.00,N,,
2025-01-02,Parkdale Walk-Up,Unit 6,Rent,n/a,Yes,,
2025-01-01, Parkdale Walk-Up ,Unit 7,Rent,1912.00,TRUE,,
2025-01-01,Parkdale Walk-Up,Unit 8,Rent,1959.00,No,,
"Jan 1, 2025  ",PARKDALE WALK-UP,Unit 9,Rent,2007.00,Yes,,
03/01/2025,Parkdale Walk-Up,Unit 10,RENT,"$2,054.00",Y,,
2025-01-01,Parkdale Walk-Up,Unit 11,Rent,"$2,101.00",Y,,
2025-01-02,Parkdale Walk-Up,Unit 12,rent,2149,Y,,
2025/01/01,Junction Six-Plex,Unit 1,Rent,1839,yes,,
2025-01-02,JUNCTION SIX-PLEX,Unit 2,Rent,1891,Y,,
2025-01-02,Junction Six-Plex,Unit 3,Rent,1944.00,yes,,
01/01/2025,Junction Six-Plex,Unit 4,Rent,"$1,996.00",Y,,
2025-01-03,Junction Six-Plex,Unit 5,Rent,2101.00,TRUE,,
2025-01-03,Junction Six-Plex,Unit 6,Rent,2206,Y,,
"Jan 25, 2025",Junction Six-Plex,Unit 6,Snow Removal,157.01,Y,Snowline Property Services,Salted front steps
2025-01-19,Junction Six-Plex,Unit 3,Heating,433.29,Y,Don Valley HVAC,Furnace service
31/01/2025,Danforth Triplex,Main,Plumbing,$283.90,Yes,Beaches Plumbing Co.,Cleared bathroom drain
2025-01-12,Leslieville Fourplex,Unit 4,Cleaning,152.18,Y,Greenwood Cleaning,Common area clean
"Jan 15, 2025",Junction Six-Plex,Unit 4,Cleaning,129.67,Yes, Greenwood Cleaning,Common area clean
2025/01/15,Leslieville Fourplex,Unit 2,Pest Control,$264.92,N,Queen West Pest Control,"Mice treatment, basement"
2025-01-17,Junction Six-Plex,Unit 4,Plumbing,139.22,Y,Beaches Plumbing Co.,Fixed running toilet
 15/01/2025,Danforth Triplex,Lower,Electrical,555.10,Y,Leslieville Electric Ltd,Swapped hallway light fixture
2025-01-19,Leslieville Fourplex,Unit 4,Heating,144.53,Y,Don Valley HVAC,Boiler pressure reset
21/01/2025,Junction Six-Plex,Unit 2,Plumbing,262.60,TRUE,Beaches Plumbing Co.,Replaced shut-off valve
2025-01-17,PARKDALE WALK-UP,Unit 4,Pest Control,410.51,yes,Queen West Pest Control,"Mice treatment, basement"
07/01/2025,Junction Six-Plex,Unit 5,Pest Control,248.53,no,Queen West Pest Control,"Mice treatment, basement"
2025-01-26,Danforth Triplex,Common area,Cleaning,157.91,N,Greenwood Cleaning,Turnover clean
2025-01-30  ,Parkdale Walk-Up,Unit 3,Appliance,279.50,Y,Riverdale Appliance Repair,Stove element replaced
02/01/2025,Parkdale Walk-Up,Unit 7,Pest Control,330.37,N,Queen West Pest Control,Follow-up treatment
2025-01-16,Parkdale Walk-Up,Unit 7,Electrical,415.57,Y,Leslieville Electric Ltd,Swapped hallway light fixture
"Jan 28, 2025",Parkdale Walk-Up,Unit 6,Plumbing,359.28,Y,Beaches Plumbing Co.,Replaced shut-off valve
2025-01-23,Junction Six-Plex,Unit 3,Heating,204.66,Y,Don Valley HVAC,Furnace service
2025-01-04,Danforth Triplex,Lower,Snow Removal,159.35,yes,Snowline Property Services,Walkway and steps cleared
2025-01-23,Danforth Triplex,Upper,pest control,187.34,Y,Queen West Pest Control  ,"Mice treatment, basement"
2025-01-28,Parkdale Walk-Up,Unit 7,Cleaning,157.75,Yes,Greenwood Cleaning,Turnover clean
2025-01-07,Danforth Triplex,Main,Electrical,$548.84,Y,Leslieville Electric Ltd,Replaced GFCI outlet
2025-01-07,Parkdale Walk-Up,Unit 10,Pest Control,485.92,Y,Queen West Pest Control,Follow-up treatment
2025-01-08,Junction Six-Plex,Unit 2,Appliance,352.84,Y,Riverdale Appliance Repair,Fridge not cooling
2025-01-25,Junction Six-Plex,Unit 5,Appliance,204.95,N,Riverdale Appliance Repair,Fridge not cooling
2025/01/06,Junction Six-Plex,Unit 4,Plumbing,529.98,Y,Beaches Plumbing Co.,Fixed running toilet
2025-01-03,Parkdale Walk-Up,Unit 4,Snow Removal,209.25,Y,Snowline Property Services,Walkway and steps cleared
2025-01-03,Parkdale Walk-Up,Unit 4,Snow Removal,209.25,Y,Snowline Property Services,Walkway and steps cleared
2025-01-13,Leslieville Fourplex,Common area,Heating,416.75,Y,Don Valley HVAC, Replaced furnace igniter
19/01/2025,Leslieville Fourplex,Unit 2,Landscaping,203.52,Y,Greenwood Cleaning,Leaf cleanup
2025-01-14, Leslieville Fourplex ,Common area,Cleaning,70.90,N,Greenwood Cleaning,Common area clean
2025-01-16,Parkdale Walk-Up,Unit 3,Electrical,556.69,Y,Leslieville Electric Ltd,Swapped hallway light fixture
2025-01-26,Junction Six-Plex,Unit 2,Snow Removal,95.37,Y,Snowline Property Services,Walkway and steps cleared
2025-02-03,Danforth Triplex,Upper,Rent,2585.00,Y,,
2025-02-05,Danforth Triplex,Lower,Rent,1777.00,Y,,
01/02/2025,Leslieville Fourplex,Unit 1,Rent,2046,Y,,
2025-02-01,Leslieville Fourplex,Unit 2,Rent,2100,Y,,
2025-02-01,Leslieville Fourplex,Unit 3,Rent,"$2,208.00",Y,,
2025-02-03,Leslieville Fourplex,Unit 4,Rent,2423,Y,,
01/02/2025,Parkdale Walk-Up,Unit 1,Rent,1669.00,Y,,
2025-02-05,Parkdale Walk-Up,Unit 2,Rent,1718.00,Y,,
"Feb 1, 2025",Parkdale Walk-Up,Unit 3,Rent,1766.00,Y,,
2025-02-03,Parkdale Walk-Up,Unit 4,Rent,"$1,815.00",yes,,
2025-02-05,parkdale walk-up,Unit 5,Rent,1863,yes,,
2025-02-01,Parkdale Walk-Up,Unit 8,rent,2008.00,Y,,
2025-02-03,Parkdale Walk-Up,Unit 10,rent,,Y,,
03/02/2025,Parkdale Walk-Up,Unit 11,Rent,2154,Y,,
03/02/2025,Parkdale Walk-Up,Unit 11,Rent,2154,Y,,
2025-02-01,Parkdale Walk-Up,Unit 12,Rent,2202,Y,,
2025-02-01,Parkdale Walk-Up,Unit 12,Rent,2202,Y,,
2025-02-05,Junction Six-Plex,Unit 1,Rent,1885,Y,,
01/02/2025,Junction Six-Plex,Unit 2,rent,1938.00,Y,,
2025-02-01,Junction Six-Plex,Unit 3,Rent,1992,Y,,
2025-02-03,Junction Six-Plex,Unit 4,Rent,-,Y,,
2025-02-01,Junction Six-Plex,Unit 5,Rent,2154.00,yes,,
01/02/2025,Junction Six-Plex,Unit 6,rent,2261,Yes,,
2025-02-13,Danforth Triplex,Main,Pest Control,228.27,TRUE,Queen West Pest Control,Follow-up treatment
 2025-02-23,Parkdale Walk-Up,Unit 3,PEST CONTROL,288.56,Y,Queen West Pest Control,"Mice treatment, basement"
2025-02-06,Parkdale Walk-Up,Unit 8,Electrical,640.11,Y,Leslieville Electric Ltd,Replaced GFCI outlet
25/02/2025,Leslieville Fourplex,Common area,Pest Control,211.71,Y,Queen West Pest Control  ,Follow-up treatment
2025-02-17,Parkdale Walk-Up,Unit 4,Pest Control,n/a,Yes, Queen West Pest Control,Follow-up treatment
2025-02-24,Parkdale Walk-Up,Unit 4,Heating,596.51,No,Don Valley HVAC,Boiler pressure reset
2025-02-27,Parkdale Walk-Up,Unit 8,Heating,471.06,Y,Don Valley HVAC,Boiler pressure reset
2025-02-08,Leslieville Fourplex,Unit 4,Heating,603.39,Y,Don Valley HVAC,Boiler pressure reset
01/02/2025,Leslieville Fourplex,Common area,Appliance,341.24,N,Riverdale Appliance Repair,Stove element replaced
2025-02-21,Leslieville Fourplex,Common area,Appliance,227.94,Yes,Riverdale Appliance Repair,Dryer belt replaced
27/02/2025,Danforth Triplex,Common area,Heating,468.81,Y,Don Valley HVAC,Replaced furnace igniter
"Feb 21, 2025",Junction Six-Plex,Unit 2,Appliance,$432.05,Y,Riverdale Appliance Repair,Fridge not cooling
2025-02-11,Junction Six-Plex,Unit 4,Heating,721.81,Y,Don Valley HVAC,Bled radiators
2025/02/05,Danforth Triplex,Upper,Pest Control,333.21,Y,Queen West Pest Control,Follow-up treatment
2025-02-04,Junction Six-Plex,Unit 4,Snow Removal,107.16,Y,Snowline Property Services,Walkway and steps cleared
2025-02-17,Danforth Triplex,Lower,Appliance,398.28,Y,Riverdale Appliance Repair,Fridge not cooling
2025-02-04,Leslieville Fourplex,Unit 4,Plumbing,382.96,Y,Beaches Plumbing Co.,Replaced shut-off valve
2025/02/06,Parkdale Walk-Up,Unit 1,Pest Control,401.95,Y,Queen West Pest Control,"Mice treatment, basement"
2025-02-27,Leslieville Fourplex,Unit 2,Heating,581.33,FALSE,Don Valley HVAC,Boiler pressure reset
"Feb 23, 2025",Leslieville Fourplex,Unit 2,Plumbing,374.30,Y,Beaches Plumbing Co.,Fixed running toilet
2025-02-25,Danforth Triplex,Main,Heating,597.56,no,Don Valley HVAC,Boiler pressure reset
2025-02-11,Parkdale Walk-Up,Unit 5,Cleaning,131.26,Y,Greenwood Cleaning,Turnover clean
2025/02/01,Danforth Triplex,Main,Heating,306.03,Y,Don Valley HVAC  ,Boiler pressure reset
2025-02-24,Leslieville Fourplex,Unit 2,Snow Removal,187.65,TRUE,Snowline Property Services,Salted front steps
2025-02-26,Parkdale Walk-Up,Unit 4,Pest Control,262.85,N,Queen West Pest Control,Follow-up treatment
2025-02-27,Leslieville Fourplex,Unit 1,Snow Removal,106.81,Y,Snowline Property Services,Salted front steps
2025-02-03,Junction Six-Plex,Unit 6,Snow Removal,217.84,Y,Snowline Property Services,Salted front steps
2025-02-23,Junction Six-Plex,Unit 6,Heating,555.36,N,Don Valley HVAC,Bled radiators
2025-02-03,Leslieville Fourplex,Common area,Heating,829.54,Yes,Don Valley HVAC, Replaced furnace igniter
06/02/2025,Parkdale Walk-Up,Unit 2,Appliance,239.87,no,Riverdale Appliance Repair,Fridge not cooling
17/02/2025,Danforth Triplex,Common area,Appliance,208.49,N,Riverdale Appliance Repair,Stove element replaced
2025-02-13,Leslieville Fourplex,Unit 3,APPLIANCE,325.88,Y,Riverdale Appliance Repair,Fridge not cooling
2025-02-12,Danforth Triplex,Upper,Appliance,256.03,Y,Riverdale Appliance Repair,Stove element replaced
2025-02-11,Parkdale Walk-Up,Unit 10,Appliance,$254.95,Y,Riverdale Appliance Repair,Fridge not cooling
2025-03-01,Danforth Triplex,Main,Rent,2315.00,TRUE,,
2025-03-01  ,Danforth Triplex,Upper,Rent,2585,Y,,
2025-03-01,Danforth Triplex,Lower,Rent,1777,yes,,
2025-03-02,Leslieville Fourplex,Unit 1,Rent,2046.00,Y,,
2025-03-05,Leslieville Fourplex,Unit 2,Rent,"$2,100.00",Yes,,
2025-03-03,Leslieville Fourplex,Unit 3,Rent,N/A,Y,,
02/03/2025,Leslieville Fourplex,Unit 4,Rent,"$2,423.00",Y,,
2025-03-01,Parkdale Walk-Up,Unit 1,Rent,1669.00,Y,,
2025-03-01,Parkdale Walk-Up,Unit 2,Rent,1718.00,Yes,,
2025-03-05,Parkdale Walk-Up,Unit 3,Rent,1766.00,No,,
2025-03-01,Parkdale Walk-Up,Unit 4,Rent,1815,TRUE,,
2025-03-01,Parkdale Walk-Up,Unit 5,Rent,1863.00,Y,,
"Mar 3, 2025",Parkdale Walk-Up,Unit 6,Rent,1911.00,Y,,
"Mar 2, 2025",Parkdale Walk-Up,Unit 7,Rent,1960.00,Y,,
2025/03/05,Parkdale Walk-Up,Unit 8,Rent,2008.00,Yes,,
03/03/2025,Parkdale Walk-Up,Unit 9,Rent,2057.00,yes,,
2025-03-01,Parkdale Walk-Up,Unit 10,Rent,2105.00,Yes,,
2025-03-01,Parkdale Walk-Up,Unit 11,Rent,2154,Y,,
2025-03-01,Parkdale Walk-Up,Unit 12,Rent,2202.00,Y,,
"Mar 1, 2025",Junction Six-Plex,Unit 1,Rent,1885,Y,,
2025-03-01,Junction Six-Plex,Unit 2,Rent,1938.00,Y,,
2025-03-02, Junction Six-Plex ,Unit 3,Rent,1992.00,Y,,
2025-03-02,Junction Six-Plex,Unit 4,Rent,2046,Y,,
2025-03-01,Junction Six-Plex,Unit 5, Rent ,2154.00,Y,,
2025-03-02,Junction Six-Plex,Unit 6,Rent,2261.00,Y,,
2025-03-01,East York Low-Rise,Unit 101,Rent,1992,N,,
2025-03-05,East York Low-Rise,Unit 102,Rent,2025,Y,,
2025/03/02,East York Low-Rise,Unit 103,Rent,2057,Y,,
2025-03-01,East York Low-Rise,Unit 104,Rent,2089,TRUE,,
01/03/2025,East York Low-Rise,Unit 105,Rent,2121.00,Y,,
2025-03-03,East York Low-Rise,Unit 106,Rent,2154,Y,,
2025-03-02,East York Low-Rise,Unit 107,Rent,1992,Y,,
03/03/2025,East York Low-Rise,Unit 108,RENT,2025,Y,,
2025-03-01,East York Low-Rise,Unit 110,Rent,2089,Y,,
05/03/2025,East York Low-Rise,Unit 111,Rent,2121,Y,,
2025-03-01,East York Low-Rise,Unit 113,Rent,1992.00,Yes,,
"Mar 1, 2025",East York Low-Rise,Unit 114,Rent,"$2,025.00",Y,,
2025-03-01,East York Low-Rise,Unit 116,Rent,2089.00,TRUE,,
2025-03-01,East York Low-Rise,Unit 117,Rent,2121.00,Y,,
2025-03-01,East York Low-Rise,Unit 118,Rent,2154,Y,,
2025-03-21,East York Low-Rise,Unit 114,Electrical,64.20,Yes,Leslieville Electric Ltd,Replaced GFCI outlet
2025-03-07,East York Low-Rise,Unit 107,Heating,$317.66,N,Don Valley HVAC,Bled radiators
2025-03-19,Leslieville Fourplex,Unit 2,Cooling,199.01,yes,Don Valley HVAC,"AC not cooling, recharged"
2025-03-28,Danforth Triplex,Upper,Cleaning,$231.89,Yes,Greenwood Cleaning,Common area clean
2025-03-10,East York Low-Rise,Unit 104,Plumbing,291.74,Y,Beaches Plumbing Co.,Fixed running toilet
2025-03-25,Junction Six-Plex,Unit 5,Cooling,n/a,TRUE,Don Valley HVAC,"AC not cooling, recharged"
2025-03-27,Junction Six-Plex,Unit 3,Snow Removal,101.45,N,Snowline Property Services,Walkway and steps cleared
2025-03-15,danforth triplex,Lower,CLEANING,137.50,Yes,Greenwood Cleaning,Turnover clean
2025-03-04,Junction Six-Plex,Unit 3,Cleaning,99.95,N,Greenwood Cleaning,Common area clean
11/03/2025,East York Low-Rise,Unit 105,Cleaning,156.06,Y,Greenwood Cleaning,Common area clean
"Mar 24, 2025",Leslieville Fourplex,Unit 3,Plumbing,257.35,Y,Beaches Plumbing Co.,Replaced shut-off valve  
2025-03-03, Junction Six-Plex ,Unit 2,Snow Removal,166.17,Y,Snowline Property Services,Walkway and steps cleared
2025-03-23,Parkdale Walk-Up,Unit 12,Snow Removal,131.06,Y,Snowline Property Services,Salted front steps
"Mar 31, 2025",Leslieville Fourplex,Unit 2,Plumbing,456.02,Y,Beaches Plumbing Co.,Replaced kitchen faucet cartridge
2025-03-11,Parkdale Walk-Up,Unit 3,Snow Removal,108.04,Y,Snowline Property Services,Salted front steps
09/03/2025  ,Leslieville Fourplex,Common area,Plumbing,303.23,Yes,Beaches Plumbing Co.,Cleared bathroom drain
2025-03-10,Leslieville Fourplex,Unit 4,Pest Control,$268.71,Y,Queen West Pest Control,"Mice treatment, basement"
2025-03-03,East York Low-Rise,Unit 101,Appliance,208.46,Y,Riverdale Appliance Repair,Stove element replaced
"Mar 30, 2025",East York Low-Rise,Unit 114,Snow Removal,157.60,Y,Snowline Property Services,Walkway and steps cleared
2025-03-18,Danforth Triplex,Upper,Appliance,356.28,N,Riverdale Appliance Repair,Stove element replaced
2025-03-09,Leslieville Fourplex,Unit 1,Snow Removal,89.49,Y,Snowline Property Services,Walkway and steps cleared
27/03/2025,Leslieville Fourplex,Unit 4,Pest Control,201.40,Yes,Queen West Pest Control,"Mice treatment, basement"
2025-03-09,Parkdale Walk-Up,Unit 8,Pest Control,257.55,N,Queen West Pest Control,"Mice treatment, basement"
2025-03-12,East York Low-Rise,Unit 112,Electrical,599.99,Y,Leslieville Electric Ltd,Swapped hallway light fixture
2025-03-21, Leslieville Fourplex ,Unit 3,Electrical,-520.54,Y,Leslieville Electric Ltd,"Breaker tripping, traced to dryer"
2025-03-30,Leslieville Fourplex,Unit 3,heating,469.27,Y,Don Valley HVAC,Bled radiators
2025-03-24,Danforth Triplex,Lower,CLEANING,200.67,Y,Greenwood Cleaning,Turnover clean
2025-03-17,Parkdale Walk-Up,Unit 2,Landscaping,334.98,Y,Greenwood Cleaning  ,Lawn cut and edging
2025-03-22,Junction Six-Plex,Unit 4,electrical,400.56,Y,Leslieville Electric Ltd,"Breaker tripping, traced to dryer"
2025-03-13,East York Low-Rise,Unit 101,Cleaning,75.11,Y,Greenwood Cleaning,Turnover clean
2025-03-03,East York Low-Rise,Unit 114,Heating,704.59,Y,Don Valley HVAC,Furnace service
06/03/2025,Parkdale Walk-Up,Unit 11,Appliance,278,Yes,Riverdale Appliance Repair,Dryer belt replaced
15/03/2025,Danforth Triplex,Upper,Heating,441.66,Y,Don Valley HVAC,Boiler pressure reset
2025-03-26,Danforth Triplex,Upper,Plumbing,403.51,Yes,Beaches Plumbing Co.,Cleared bathroom drain
2025-03-27,Junction Six-Plex,Unit 3, Electrical ,436.72,Y,Leslieville Electric Ltd,Replaced GFCI outlet
2025-03-25,Junction Six-Plex,Unit 6,Heating,551.21,Y,Don Valley HVAC,Boiler pressure reset
30/03/2025,Danforth Triplex,Common area,Cooling,512.42,N, Don Valley HVAC,Window unit replaced
2025-03-20,Danforth Triplex,Lower,Heating,294.08,Yes,Don Valley HVAC,Boiler pressure reset
2025-03-20,Danforth Triplex,Lower,Heating,294.08,Yes,Don Valley HVAC,Boiler pressure reset
2025-03-14,Leslieville Fourplex,Unit 3,Snow Removal,$270.72,N,Snowline Property Services,Salted front steps  
2025-03-19,Danforth Triplex,Lower,Pest Control,187.68,TRUE,Queen West Pest Control,"Mice treatment, basement"
"Mar 4, 2025",Danforth Triplex,Main,Cleaning,,TRUE,Greenwood Cleaning,Turnover clean
2025-03-14,Leslieville Fourplex,Unit 2,Appliance,308.32,Y,Riverdale Appliance Repair,Stove element replaced
2025-03-28,Leslieville Fourplex,Unit 2,ELECTRICAL,370.82,Y,Leslieville Electric Ltd,Swapped hallway light fixture
2025-03-19,Junction Six-Plex,Unit 6,Landscaping,$293.98,TRUE,Greenwood Cleaning,Lawn cut and edging
2025-03-21,Leslieville Fourplex,Unit 3,Cleaning,168.30,Yes,Greenwood Cleaning,Common area clean
2025-03-24  ,Parkdale Walk-Up,Common area,Electrical,219.67,Y,Leslieville Electric Ltd,Swapped hallway light fixture
11/03/2025,Leslieville Fourplex,Unit 1,Pest Control,204.11,no,Queen West Pest Control,"Mice treatment, basement"
27/03/2025,East York Low-Rise,Unit 107,HEATING,452.90,Y,Don Valley HVAC,Furnace service
2025-03-06,Danforth Triplex,Lower,Cleaning,151.43,Y,Greenwood Cleaning,Common area clean
2025-03-09,Danforth Triplex,Upper,Heating,655.85,yes,Don Valley HVAC,Replaced furnace igniter
2025-03-17,Leslieville Fourplex,Unit 1,ELECTRICAL,$488.39,Y,Leslieville Electric Ltd,Swapped hallway light fixture
"Mar 19, 2025",Leslieville Fourplex,Unit 4,Heating,362.83,Y,Don Valley HVAC,Replaced furnace igniter
2025-03-08,Junction Six-Plex,Unit 5,Heating,645.79,Yes,Don Valley HVAC,Furnace service
2025-03-11,Junction Six-Plex,Unit 6,Appliance,229.30,Y,Riverdale Appliance Repair,Fridge not cooling
2025-04-02,Danforth Triplex,Main,Rent,2315,Y,,
2025-04-01,Danforth Triplex,Upper, Rent ,2585.00,yes,,
2025-04-03,Danforth Triplex,Lower,Rent,"$1,777.00",Yes,,
2025-04-01,Leslieville Fourplex,Unit 1,Rent,2046.00,N,,
2025-04-01,Leslieville Fourplex,Unit 2,Rent,2100.00,Y,,
2025-04-05,Leslieville Fourplex,Unit 3,Rent,2208.00,Y,,
2025/04/01,Leslieville Fourplex,Unit 4,Rent,2423.00,Yes,,
2025-04-05,Parkdale Walk-Up,Unit 1,Rent,1669.00,Y,,
2025-04-05,Parkdale Walk-Up,Unit 2,Rent,1718,Y,,
2025-04-02,Parkdale Walk-Up,Unit 3,Rent,TBD,Yes,,
2025-04-03,Parkdale Walk-Up,Unit 4,Rent,1815,Y,,
2025-04-05,Parkdale Walk-Up,Unit 5,Rent,1863,Yes,,
2025-04-03,Parkdale Walk-Up,Unit 6,Rent,1911,Y,,
01/04/2025, Parkdale Walk-Up ,Unit 7,Rent,1960.00,Y,,
2025-04-01,parkdale walk-up,Unit 8,Rent,"$2,008.00",TRUE,,
01/04/2025,Parkdale Walk-Up,Unit 9,Rent,2057,N,,
2025-04-03,Parkdale Walk-Up,Unit 10,Rent,2105.00,Y,,
2025-04-03,Parkdale Walk-Up,Unit 11,Rent,2154.00,Y,,
2025-04-03,Parkdale Walk-Up,Unit 12,Rent,"$2,202.00",Y,,
 2025-04-02,Junction Six-Plex,Unit 1,Rent,1885.00,Y,,
2025-04-01,Junction Six-Plex,Unit 2,Rent,1938.00,Y,,
2025/04/01,Junction Six-Plex,Unit 3,Rent,"$1,992.00",Y,,
2025-04-05,Junction Six-Plex,Unit 4,Rent,2046,Y,,
2025-04-01,Junction Six-Plex,Unit 5,Rent,"$2,154.00",Y,,
2025-04-01,Junction Six-Plex,Unit 6,Rent,2261,Yes,,
2025-04-01,East York Low-Rise,Unit 101,Rent,1992.00,Yes,,
"Apr 3, 2025",East York Low-Rise,Unit 102,Rent,2025,Y,,
2025-04-02,EAST YORK LOW-RISE,Unit 103,Rent,2057,Y,,
2025-04-05,East York Low-Rise,Unit 104,Rent,2089,N,,
2025-04-01,East York Low-Rise,Unit 105,Rent,2121.00,Y,,
2025-04-01,East York Low-Rise,Unit 106,Rent,2154.00,yes,,
2025-04-01,East York Low-Rise,Unit 107,Rent,1992.00,no,,
2025-04-01,East York Low-Rise,Unit 108,Rent,2025,N,,
2025-04-01,East York Low-Rise,Unit 109,Rent,2057,Y,,
02/04/2025,East York Low-Rise,Unit 110,Rent,2089,Y,,
2025-04-05,East York Low-Rise,Unit 111,Rent,"$2,121.00",Y,,
"Apr 1, 2025",east york low-rise,Unit 112,Rent,2154.00,Y,,
2025-04-01,East York Low-Rise,Unit 113,Rent,1992,Y,,
2025-04-03  ,East York Low-Rise,Unit 114,Rent,2025,Y,,
2025-04-05,East York Low-Rise,Unit 115,Rent,2057.00,Y,,
02/04/2025,East York Low-Rise,Unit 116,Rent,2089.00,Y,,
2025-04-03,East York Low-Rise,Unit 117,Rent,2121,Y,,
01/04/2025,East York Low-Rise,Unit 118,Rent,"$2,154.00",Y,,
2025-04-21,East York Low-Rise,Unit 109,plumbing,273.58,Y,Beaches Plumbing Co.,Cleared bathroom drain
04/04/2025,Danforth Triplex,Lower,Appliance,306.28,yes,Riverdale Appliance Repair,Fridge not cooling
2025-04-13,East York Low-Rise,Common area,Electrical,384.47,Yes,Leslieville Electric Ltd,"Breaker tripping, traced to dryer"
"Apr 19, 2025",East York Low-Rise,Unit 117,Pest Control,295.60,Y,Queen West Pest Control,Follow-up treatment
"Apr 25, 2025",Leslieville Fourplex,Unit 4,Plumbing,459.38,Y,Beaches Plumbing Co.,Fixed running toilet
07/04/2025,Danforth Triplex,Main,Plumbing,461.89,Y,Beaches Plumbing Co.,Replaced shut-off valve
2025/04/09,Leslieville Fourplex,Unit 2,Landscaping,273.14,no,Greenwood Cleaning,Lawn cut and edging
2025-04-30,Parkdale Walk-Up,Unit 12,Electrical,522.04,TRUE,Leslieville Electric Ltd,Replaced GFCI outlet
2025-04-13,Junction Six-Plex,Unit 3,Plumbing,442.02,Yes, Beaches Plumbing Co.,Cleared bathroom drain  
26/04/2025,East York Low-Rise,Unit 112,Snow Removal,139.36,Y,Snowline Property Services,Salted front steps
2025-04-12,Junction Six-Plex,Unit 6,Electrical,497.60,Y,Leslieville Electric Ltd,Replaced GFCI outlet
 2025-04-05,East York Low-Rise,Unit 103,Plumbing,273.30,N,Beaches Plumbing Co.,Replaced shut-off valve
2025-04-20,East York Low-Rise,Unit 115,Cooling,531.76,Y,Don Valley HVAC,Window unit replaced
2025-04-16,Leslieville Fourplex,Common area,Pest Control,292.39,Y,Queen West Pest Control,Follow-up treatment
17/04/2025, Junction Six-Plex ,Unit 4,Pest Control,224.58,Y,Queen West Pest Control,"Mice treatment, basement"
2025-04-24,LESLIEVILLE FOURPLEX,Unit 3, Plumbing ,$354.63,Yes, Beaches Plumbing Co.,Replaced shut-off valve
2025-04-20,Parkdale Walk-Up,Unit 12,Pest Control,321.37,Yes,Queen West Pest Control,"Mice treatment, basement"
2025-04-28,Danforth Triplex,Main,Heating,243.80,N,Don Valley HVAC,Replaced furnace igniter
"Apr 18, 2025",Parkdale Walk-Up,Unit 3,Plumbing,267.26,Y,Beaches Plumbing Co.,Fixed running toilet
12/04/2025,Parkdale Walk-Up,Unit 2,Plumbing,334.78,Y,Beaches Plumbing Co.,Fixed running toilet
2025-04-11,Danforth Triplex,Lower,Cleaning,127.60,Y,Greenwood Cleaning,Common area clean
2025-04-23,East York Low-Rise,Unit 101,Cooling,176.38,Y,Don Valley HVAC,Window unit replaced
2025-04-06,Parkdale Walk-Up,Unit 4,Cleaning,N/A,yes,Greenwood Cleaning,Turnover clean
2025-04-26,Leslieville Fourplex,Unit 3,Electrical,783.94,No,Leslieville Electric Ltd,Replaced GFCI outlet
2025-04-05,East York Low-Rise,Unit 113,Electrical,699.41,Y,Leslieville Electric Ltd," Breaker tripping, traced to dryer"
2025/04/01, East York Low-Rise ,Unit 105,Plumbing,241.04,Y,Beaches Plumbing Co.  ,Fixed running toilet
20/04/2025,Leslieville Fourplex,Unit 4,Electrical,567.79,Y,Leslieville Electric Ltd,Replaced GFCI outlet
20/04/2025,East York Low-Rise,Unit 117, Landscaping ,$166.66,Yes, Greenwood Cleaning,Lawn cut and edging
2025/04/16,Danforth Triplex,Main,Pest Control,282.28,Y,Queen West Pest Control,"Mice treatment, basement"
2025-04-11,Parkdale Walk-Up,Unit 1,Pest Control,216.99,Y,Queen West Pest Control,Follow-up treatment
01/04/2025,Junction Six-Plex,Unit 1,Electrical,534.08,TRUE,Leslieville Electric Ltd,Replaced GFCI outlet
20/04/2025,Junction Six-Plex,Unit 4,Pest Control,365.23,Y,Queen West Pest Control,Follow-up treatment
2025/04/29,Leslieville Fourplex,Common area,plumbing,482.57,Y,Beaches Plumbing Co.,Fixed running toilet
2025/04/29,Leslieville Fourplex,Common area,plumbing,482.57,Y,Beaches Plumbing Co.,Fixed running toilet
26/04/2025,Leslieville Fourplex,Unit 2,Electrical,440.87,Y,Leslieville Electric Ltd,"Breaker tripping, traced to dryer"
2025-04-15,Leslieville Fourplex,Unit 4,Plumbing,389.83,Y,Beaches Plumbing Co.,Cleared bathroom drain
2025/04/08,leslieville fourplex,Unit 2,Electrical,242.32,N,Leslieville Electric Ltd,Replaced GFCI outlet
2025-04-19,PARKDALE WALK-UP,Unit 8,Cleaning,213.73,no,Greenwood Cleaning,Turnover clean
2025-04-19,Parkdale Walk-Up,Unit 3,Appliance,254.73,TRUE,Riverdale Appliance Repair,Dryer belt replaced
2025-05-03,Danforth Triplex,Main,Rent,2315,yes,,
01/05/2025  ,Danforth Triplex,Upper,Rent,2585,Y,,
2025-05-02,Danforth Triplex,Lower,Rent,1777.00,Y,,
2025-05-01,Leslieville Fourplex,Unit 1,Rent,2046.00,Y,,
2025-05-03  ,Leslieville Fourplex,Unit 2,Rent,2100,Y,,
2025-05-02, Leslieville Fourplex ,Unit 3,Rent,2208.00,Y,,
2025-05-03,Leslieville Fourplex,Unit 4,Rent,2423.00,Y,,
2025-05-01,Parkdale Walk-Up,Unit 1,Rent,1669,Y,,
2025-05-03,Parkdale Walk-Up,Unit 2,Rent,1718.00,Y,,
2025/05/01,Parkdale Walk-Up,Unit 3,Rent,"$1,766.00",Y,,
03/05/2025,Parkdale Walk-Up,Unit 4,Rent,1815.00,Yes,,
2025-05-05,Parkdale Walk-Up,Unit 5,Rent,1863.00,Y,,
2025-05-01,Parkdale Walk-Up,Unit 6,Rent,1911.00,Y,,
2025-05-01,Parkdale Walk-Up,Unit 7,Rent,1960.00,TRUE,,
"May 1, 2025",Parkdale Walk-Up,Unit 8,Rent,2008,Y,,
2025-05-01,Parkdale Walk-Up,Unit 9,Rent,2057.00,TRUE,,
2025-05-01,Parkdale Walk-Up,Unit 10,Rent,2105,Y,,
2025-05-03,Parkdale Walk-Up,Unit 11,Rent,2154.00,yes,,
2025-05-01, Parkdale Walk-Up ,Unit 12,Rent,2202,Y,,
2025-05-01, Junction Six-Plex ,Unit 1,Rent,1885.00,Y,,
2025/05/01,Junction Six-Plex,Unit 2,Rent,1938.00,yes,,
2025-05-01,Junction Six-Plex,Unit 3,Rent,1992,Y,,
2025-05-02,Junction Six-Plex,Unit 4,Rent,2046.00,Y,,
2025-05-03,Junction Six-Plex,Unit 5,Rent,2154,Yes,,
2025/05/05,Junction Six-Plex,Unit 6,Rent,2261.00,Yes,,
2025-05-03,East York Low-Rise,Unit 101,Rent,1992,Yes,,
2025-05-02,East York Low-Rise,Unit 102,Rent,2025.00,Y,,
2025-05-01,East York Low-Rise,Unit 103,Rent,2057,Yes,,
01/05/2025,East York Low-Rise,Unit 104,Rent,2089,Y,,
2025-05-03,East York Low-Rise,Unit 105,Rent,2121.00,Yes,,
02/05/2025,East York Low-Rise,Unit 106,Rent,2154,Y,,
2025-05-03,East York Low-Rise,Unit 107,Rent,1992.00,Yes,,
2025-05-02,East York Low-Rise,Unit 108,Rent,2025.00,Y,,
2025-05-01,East York Low-Rise,Unit 109,Rent,2057,Yes,,
2025-05-01,East York Low-Rise,Unit 110,Rent,2089,Y,,
2025-05-03,East York Low-Rise,Unit 111,Rent,2121.00,Y,,
2025-05-02,East York Low-Rise,Unit 112,Rent,2154.00,Y,,
2025-05-01,East York Low-Rise,Unit 113,Rent,1992,Y,,
2025-05-02,East York Low-Rise,Unit 114,Rent,2025.00,Y,,
2025-05-01,East York Low-Rise,Unit 115,Rent,2057.00,Yes,,
2025-05-01,East York Low-Rise,Unit 116,Rent,2089.00,TRUE,,
2025-05-01,East York Low-Rise,Unit 117,Rent,2121,Y,,
2025-05-02,East York Low-Rise,Unit 118,Rent,2154,Yes,,
2025-05-03  ,danforth triplex,Common area,Cleaning,175.53,Y,Greenwood Cleaning,Common area clean
2025-05-14,Leslieville Fourplex,Unit 1,Cleaning,183.50,Y,Greenwood Cleaning,Turnover clean
2025-05-11,Danforth Triplex,Upper,Cleaning,176.05,Yes,Greenwood Cleaning  ,Common area clean
2025-05-22,Parkdale Walk-Up,Unit 3,Snow Removal,121.13,Y,Snowline Property Services,Salted front steps
2025-05-26,East York Low-Rise,Unit 118,Electrical,429.77,Y,Leslieville Electric Ltd,"Breaker tripping, traced to dryer"
2025-05-19,East York Low-Rise,Unit 118,Appliance,181.45,Yes,Riverdale Appliance Repair,Dryer belt replaced
2025-05-12,East York Low-Rise,Unit 109,Appliance,318.33,N,Riverdale Appliance Repair,Fridge not cooling
2025-05-09,Leslieville Fourplex,Unit 4,Plumbing,263.73,No,Beaches Plumbing Co.,Replaced shut-off valve
2025-05-13,Parkdale Walk-Up,Unit 4,Pest Control,287.75,Y,Queen West Pest Control, Follow-up treatment
2025-05-22,East York Low-Rise,Unit 108,Appliance,233.93,yes,Riverdale Appliance Repair,Dryer belt replaced
2025-05-20,Danforth Triplex,Lower,Landscaping,191.54,Y,Greenwood Cleaning,Lawn cut and edging
2025-05-16,Danforth Triplex,Upper,Plumbing,$394.03,Y,Beaches Plumbing Co.,Fixed running toilet
2025-05-17,Junction Six-Plex,Unit 1, Appliance ,333.65,yes,Riverdale Appliance Repair,Fridge not cooling
2025-05-24,Parkdale Walk-Up,Unit 11,Pest Control,368.34,Y,Queen West Pest Control,"Mice treatment, basement"
2025-05-25,Parkdale Walk-Up,Unit 12,Landscaping,113.34,Y,Greenwood Cleaning,Lawn cut and edging
"May 27, 2025",Danforth Triplex,Common area,Pest Control,159.48,Y,Queen West Pest Control,Follow-up treatment
2025-05-17,east york low-rise,Unit 114,appliance,376.85,Y,Riverdale Appliance Repair,Fridge not cooling
2025-05-25,Leslieville Fourplex,Common area,Appliance,$224.09,Y,Riverdale Appliance Repair,Stove element replaced
2025-05-15,Parkdale Walk-Up,Unit 12, Electrical ,550.33,Y,Leslieville Electric Ltd,Swapped hallway light fixture  
2025-05-03,Leslieville Fourplex,Unit 3,Cleaning,125.07,TRUE,Greenwood Cleaning,Common area clean
2025-05-07,East York Low-Rise,Unit 107,Landscaping,370.35,Y,Greenwood Cleaning,Lawn cut and edging
2025-05-03,Junction Six-Plex,Unit 5,Appliance,373.13,Y,Riverdale Appliance Repair,Dryer belt replaced
10/05/2025,Danforth Triplex,Common area,Plumbing,157.68,TRUE,Beaches Plumbing Co.,Fixed running toilet
2025-05-13,Danforth Triplex,Common area,Cleaning,188.19,TRUE, Greenwood Cleaning,Common area clean
25/05/2025,Leslieville Fourplex,Unit 1,Electrical,575.31,Y,Leslieville Electric Ltd,Replaced GFCI outlet
"May 9, 2025",Parkdale Walk-Up,Unit 4,Plumbing,325.52,Y,Beaches Plumbing Co., Replaced kitchen faucet cartridge
2025-05-29,Junction Six-Plex,Unit 4,Plumbing,404.42,Y,Beaches Plumbing Co.,Replaced shut-off valve
2025-05-24,Junction Six-Plex,Unit 3,Electrical,557.40,Y,Leslieville Electric Ltd,Swapped hallway light fixture
2025-05-24,Junction Six-Plex,Unit 3,Electrical,557.40,Y,Leslieville Electric Ltd,Swapped hallway light fixture
2025-05-29,Parkdale Walk-Up,Unit 3,Landscaping,178.89,Y,Greenwood Cleaning,Lawn cut and edging
2025-05-19,Leslieville Fourplex,Unit 2,ELECTRICAL,524.33,Yes,Leslieville Electric Ltd,Swapped hallway light fixture
2025-05-25,Leslieville Fourplex,Unit 2,Cleaning,200.05,Y,Greenwood Cleaning,Turnover clean
2025-05-09,Leslieville Fourplex,Unit 2,PEST CONTROL,211.82,Yes,Queen West Pest Control,"Mice treatment, basement"
2025-05-19,Parkdale Walk-Up,Unit 10,Plumbing,636.54,Yes,Beaches Plumbing Co.,Fixed running toilet  
2025-05-30,Parkdale Walk-Up,Unit 12,Pest Control,151.53,Y,Queen West Pest Control,Follow-up treatment
05/05/2025,Danforth Triplex,Main,Appliance,321.17,TRUE,Riverdale Appliance Repair, Fridge not cooling
2025-05-08,Danforth Triplex,Lower,Appliance,476.30,N,Riverdale Appliance Repair,Dryer belt replaced
2025-05-20,Junction Six-Plex,Unit 6,Landscaping,292.71,Y, Greenwood Cleaning,Leaf cleanup
13/05/2025,Leslieville Fourplex,Unit 4,Appliance,422.72,TRUE,Riverdale Appliance Repair,Stove element replaced
2025-05-30,Leslieville Fourplex,Unit 2,Electrical,358.39,Y, Leslieville Electric Ltd,"Breaker tripping, traced to dryer"
2025-05-08,Danforth Triplex,Upper,Pest Control,275.97,Y,Queen West Pest Control,"Mice treatment, basement"
2025-05-23,East York Low-Rise,Unit 111,Pest Control,70.39,Y,Queen West Pest Control,"Mice treatment, basement"
2025-05-29,Danforth Triplex,Upper,CLEANING,$84.63,Y,Greenwood Cleaning,Common area clean
2025-05-14,Leslieville Fourplex,Unit 2,Plumbing,313.51,Yes,Beaches Plumbing Co.,Fixed running toilet
2025-05-14,Danforth Triplex,Main,Cleaning,129.16,Y,Greenwood Cleaning,Common area clean
2025-06-02,Danforth Triplex,Main,Rent,2315,Y,,
2025-06-05,Danforth Triplex,Upper,Rent,2585,Y,,
"Jun 3, 2025",Danforth Triplex,Lower,Rent,1777,Yes,,
"Jun 1, 2025",Leslieville Fourplex,Unit 1,Rent,TBD,Y,,
2025-06-05,Leslieville Fourplex,Unit 2,Rent,2100.00,Y,,
2025-06-01,Leslieville Fourplex,Unit 3,Rent,2208,yes,,
2025-06-01,Leslieville Fourplex,Unit 4,Rent,2423.00,Y,,
2025-06-02,parkdale walk-up,Unit 1,Rent,1669.00,Y,,
2025-06-05,PARKDALE WALK-UP,Unit 2,Rent,1718,Y,,
2025-06-05,parkdale walk-up,Unit 3,Rent,1766,FALSE,,
2025-06-01  ,Parkdale Walk-Up,Unit 4,Rent,1815.00,yes,,
"Jun 2, 2025",Parkdale Walk-Up,Unit 5,Rent,1863,no,,
2025-06-01,Parkdale Walk-Up,Unit 6,Rent,1911.00,Y,,
2025-06-03,Parkdale Walk-Up,Unit 7,Rent,1960,Y,,
03/06/2025,Parkdale Walk-Up,Unit 8,Rent,2008.00,Yes,,
2025-06-01,Parkdale Walk-Up,Unit 9,Rent,2057.00,Yes,,
2025-06-02,Parkdale Walk-Up,Unit 10,Rent,2105.00,Y,,
2025-06-03,Parkdale Walk-Up,Unit 11,Rent,2154,Yes,,
05/06/2025,Parkdale Walk-Up,Unit 12,Rent,2202.00,Y,,
2025-06-01,Junction Six-Plex,Unit 1,Rent,1885.00,Yes,,
2025-06-05,Junction Six-Plex,Unit 2,Rent,1938,Y,,
"Jun 2, 2025",Junction Six-Plex,Unit 3,Rent,1992.00,Y,,
2025-06-02,Junction Six-Plex,Unit 4,Rent,2046.00,No,,
"Jun 1, 2025",Junction Six-Plex,Unit 5,Rent,2154,Yes,,
2025-06-02,Junction Six-Plex,Unit 6,Rent,2261.00,Yes,,
2025-06-01,East York Low-Rise,Unit 101,Rent,1992,Y,,
2025-06-01,East York Low-Rise,Unit 102,Rent,2025,Y,,
01/06/2025,East York Low-Rise,Unit 103,Rent,2057.00,Y,,
01/06/2025,East York Low-Rise,Unit 104,Rent,2089.00,Y,,
2025-06-05,East York Low-Rise,Unit 105,Rent,2121.00,Y,,
2025-06-01,East York Low-Rise,Unit 106,Rent,2154.00,Y,,
"Jun 2, 2025",East York Low-Rise,Unit 107,Rent,1992.00,Y,,
2025-06-02,East York Low-Rise,Unit 108,Rent,2025,yes,,
2025-06-01,East York Low-Rise,Unit 109,Rent,2057.00,yes,,
2025-06-01,East York Low-Rise,Unit 110,Rent,2089.00,Y,,
05/06/2025,East York Low-Rise,Unit 111,Rent,2121,yes,,
2025-06-01,East York Low-Rise,Unit 112,Rent,2154,No,,
2025-06-05,EAST YORK LOW-RISE,Unit 113,Rent,1992,Y,,
 2025/06/02,East York Low-Rise,Unit 114,Rent,2025,N,,
2025-06-01,East York Low-Rise,Unit 115,Rent,2057.00,Y,,
2025-06-03,EAST YORK LOW-RISE,Unit 116,Rent,2089,yes,,
"Jun 2, 2025",East York Low-Rise,Unit 117,Rent,2121,Y,,
2025-06-03, East York Low-Rise ,Unit 118,Rent,2154,Y,,
2025-06-27,East York Low-Rise,Unit 110,Appliance,468.54,yes,Riverdale Appliance Repair,Fridge not cooling
2025-06-14,Parkdale Walk-Up,Unit 7,Pest Control,191.18,TRUE,Queen West Pest Control,Follow-up treatment
2025-06-06,Leslieville Fourplex,Unit 4,Pest Control,198.50,N,Queen West Pest Control,Follow-up treatment
26/06/2025,PARKDALE WALK-UP,Unit 11,Landscaping,123.25,N,Greenwood Cleaning,Lawn cut and edging
2025-06-17,Junction Six-Plex,Unit 3,Cleaning,149.56,Y,Greenwood Cleaning,Turnover clean
2025-06-28  ,Junction Six-Plex,Unit 4,Appliance,392.30,Y,Riverdale Appliance Repair,Stove element replaced
"Jun 9, 2025",Danforth Triplex,Upper,Landscaping,248.50,Y,Greenwood Cleaning,Leaf cleanup
2025-06-24,Leslieville Fourplex,Unit 3,Heating,632.91,Yes,Don Valley HVAC,Boiler pressure reset
2025-06-27,Danforth Triplex,Lower,Plumbing,417.06,Y, Beaches Plumbing Co.,Fixed running toilet
2025-06-21,Junction Six-Plex,Unit 1,Cleaning,50.56,Y,Greenwood Cleaning,Turnover clean
2025-06-30,Danforth Triplex,Upper,Pest Control,55.98,Y,Queen West Pest Control,"Mice treatment, basement"
2025-06-25,Leslieville Fourplex,Unit 2,Heating,$525.52,Y,Don Valley HVAC,Replaced furnace igniter
2025-06-28,Junction Six-Plex,Unit 2,Appliance,377.48,Yes,Riverdale Appliance Repair,Dryer belt replaced
2025-06-29,Danforth Triplex,Common area,Cooling,591.99,Yes,Don Valley HVAC,"AC not cooling, recharged"
2025/06/29,East York Low-Rise,Unit 117,Plumbing,283.70,TRUE,Beaches Plumbing Co.,Replaced kitchen faucet cartridge
2025-06-25,Danforth Triplex,Upper,Appliance,322.13,Y,Riverdale Appliance Repair,Dryer belt replaced
"Jun 30, 2025",Leslieville Fourplex,Unit 4,Cleaning,242.67,Yes,Greenwood Cleaning,Turnover clean
2025-06-10,Parkdale Walk-Up,Unit 6,Plumbing,340.52,Y,Beaches Plumbing Co.,Replaced kitchen faucet cartridge
2025-06-20,Junction Six-Plex,Unit 5,Pest Control,172.83,yes,Queen West Pest Control,"Mice treatment, basement"
2025-06-28,East York Low-Rise,Unit 117,Plumbing,336.80,no,Beaches Plumbing Co.,Replaced shut-off valve
2025-06-13,Junction Six-Plex,Unit 3,Cleaning,40,Y,Greenwood Cleaning  ,Common area clean
2025-06-12,East York Low-Rise,Unit 111,Electrical,305.65,Y,Leslieville Electric Ltd,Replaced GFCI outlet
19/06/2025,East York Low-Rise,Unit 101,Electrical,325.44,no,Leslieville Electric Ltd,Replaced GFCI outlet
2025-06-25,Danforth Triplex,Common area,Cooling,82.09,Y,Don Valley HVAC,"AC not cooling, recharged"
2025-06-09,Danforth Triplex,Common area,Electrical,468.92,Y,Leslieville Electric Ltd,Replaced GFCI outlet
2025-06-14,Leslieville Fourplex,Unit 3,Plumbing,372.87,Y,Beaches Plumbing Co.,Replaced kitchen faucet cartridge
2025/06/21,Junction Six-Plex,Common area,Cooling,271.87,Yes,Don Valley HVAC,Window unit replaced  
2025/06/07,Junction Six-Plex,Unit 2,Appliance,299.84,Y,Riverdale Appliance Repair,Dryer belt replaced
2025-06-08,Danforth Triplex,Main,Electrical,169.68,N,Leslieville Electric Ltd,Swapped hallway light fixture
2025-06-27,East York Low-Rise,Unit 102, Electrical ,344.86,yes, Leslieville Electric Ltd,Replaced GFCI outlet
17/06/2025,Danforth Triplex,Upper,Cleaning,157.50,Y,Greenwood Cleaning,Turnover clean
2025-06-17,East York Low-Rise,Unit 111,Plumbing,270.55,yes,Beaches Plumbing Co.,Fixed running toilet
08/06/2025,East York Low-Rise,Unit 110,Cleaning,119.46,N,Greenwood Cleaning,Common area clean
28/06/2025,Danforth Triplex,Lower,Appliance,159.88,N,Riverdale Appliance Repair,Stove element replaced
2025-06-14,Parkdale Walk-Up,Unit 3,Electrical,649.69,Yes,Leslieville Electric Ltd,"Breaker tripping, traced to dryer"
2025-06-04,Danforth Triplex,Lower,Appliance,218.80,Y,Riverdale Appliance Repair,Stove element replaced
2025-06-12,Parkdale Walk-Up,Unit 5,Plumbing,344.79,Y,Beaches Plumbing Co.,Replaced kitchen faucet cartridge
2025-06-22,Parkdale Walk-Up,Unit 9,Snow Removal,287.47,Y,Snowline Property Services  ,Walkway and steps cleared
2025-06-22,Parkdale Walk-Up,Unit 5,plumbing,292.13,Y,Beaches Plumbing Co.,Fixed running toilet
20/06/2025,Leslieville Fourplex,Unit 4,Pest Control,172.19,Y,Queen West Pest Control,Follow-up treatment
22/06/2025,East York Low-Rise,Unit 117,Plumbing,207.83,Y,Beaches Plumbing Co.,Cleared bathroom drain
2025-06-22,Junction Six-Plex,Unit 5,Landscaping,280.02,Y,Greenwood Cleaning,Lawn cut and edging
2025-06-17,East York Low-Rise,Unit 108,Electrical,$312.34,Y,Leslieville Electric Ltd,Swapped hallway light fixture
06/06/2025,Parkdale Walk-Up,Unit 9,Appliance,431.39,Y,Riverdale Appliance Repair,Stove element replaced
2025-06-27,Junction Six-Plex,Unit 4,Plumbing,282.60,Y,Beaches Plumbing Co.,Cleared bathroom drain
2025-06-20,East York Low-Rise,Unit 115,PLUMBING,218.84,Y,Beaches Plumbing Co.,Fixed running toilet
2025-06-20,East York Low-Rise,Unit 115,PLUMBING,218.84,Y,Beaches Plumbing Co.,Fixed running toilet
2025-06-13,East York Low-Rise,Unit 104,Electrical,643.33,TRUE,Leslieville Electric Ltd,Swapped hallway light fixture
2025-06-15,Junction Six-Plex,Unit 3,LANDSCAPING,310.17,Yes,Greenwood Cleaning,Lawn cut and edging
2025/06/08,EAST YORK LOW-RISE,Unit 106,Cleaning,183.98,Yes,Greenwood Cleaning,Turnover clean
2025-06-17,Leslieville Fourplex,Unit 2,Electrical,250.18,Y,Leslieville Electric Ltd,Swapped hallway light fixture
2025-06-01,Parkdale Walk-Up,Unit 4,Electrical,362.66,Y,Leslieville Electric Ltd,"Breaker tripping, traced to dryer"
2025-06-27,East York Low-Rise,Unit 112,pest control,155.94,Y,Queen West Pest Control,"Mice treatment, basement"
2025-06-19,Leslieville Fourplex,Unit 3,Appliance,263.48,TRUE,Riverdale Appliance Repair,Stove element replaced
2025-06-27, East York Low-Rise ,Unit 118,appliance,193.31,Y,Riverdale Appliance Repair,Dryer belt replaced
2025-07-03,Danforth Triplex,Main,Rent,2315,yes,,
2025-07-03,Danforth Triplex,Upper,Rent,2585,Y,,
2025/07/05,Danforth Triplex,Lower,Rent,1777.00,Y,,
2025-07-01,Leslieville Fourplex,Unit 1,Rent,2046,TRUE,,
2025-07-05,Leslieville Fourplex,Unit 2,Rent,2100,Y,,
"Jul 2, 2025",Leslieville Fourplex,Unit 3,Rent,2208.00,Yes,,
2025-07-02,Leslieville Fourplex,Unit 4,Rent,2423.00,Y,,
03/07/2025,Parkdale Walk-Up,Unit 1,Rent,1669,TRUE,,
2025-07-01,Parkdale Walk-Up,Unit 2,Rent,1718,Yes,,
2025-07-01,Parkdale Walk-Up,Unit 3,Rent,1766.00,Y,,
2025-07-01,Parkdale Walk-Up,Unit 4,Rent,1815,Y,,
2025-07-05,Parkdale Walk-Up,Unit 5,Rent,"$1,863.00",Y,,
2025-07-03,Parkdale Walk-Up,Unit 6,Rent,1911,Yes,,
2025-07-05,Parkdale Walk-Up,Unit 7,Rent,1960,Y,,
05/07/2025,Parkdale Walk-Up,Unit 8,Rent,2008,N,,
2025-07-05,Parkdale Walk-Up,Unit 9,Rent,2057,Y,,
01/07/2025,Parkdale Walk-Up,Unit 10,Rent,2105,Yes,,
2025-07-05,Parkdale Walk-Up,Unit 11,Rent,2154.00,Y,,
"Jul 1, 2025",Parkdale Walk-Up,Unit 12,Rent,2202.00,Y,,
2025-07-01,Junction Six-Plex,Unit 2,Rent,1938.00,Yes,,
"Jul 1, 2025",Junction Six-Plex,Unit 3,Rent,1992.00,Y,,
"Jul 3, 2025",Junction Six-Plex,Unit 4,rent,"$2,046.00",TRUE,,
2025-07-01,Junction Six-Plex,Unit 5,Rent,2154.00,Y,,
2025-07-01, Junction Six-Plex ,Unit 6,Rent,"$2,261.00",yes,,
2025-07-01,East York Low-Rise,Unit 101,Rent,1992,yes,,
2025-07-01,East York Low-Rise,Unit 102,Rent,"$2,025.00",yes,,
2025-07-03,East York Low-Rise,Unit 103,Rent,2057.00,yes,,
"Jul 3, 2025",East York Low-Rise,Unit 105,Rent,2121,Yes,,
03/07/2025,East York Low-Rise,Unit 106,Rent,2154,yes,,
2025-07-01,East York Low-Rise,Unit 107,Rent,1992.00,Y,,
2025-07-03,East York Low-Rise,Unit 108,Rent,"$2,025.00",Y,,
"Jul 1, 2025",East York Low-Rise,Unit 109,Rent,2057,Y,,
2025-07-02,East York Low-Rise,Unit 110,Rent,2089,Yes,,
2025-07-05,East York Low-Rise,Unit 111,Rent,2121.00,Yes,,
2025-07-02,East York Low-Rise,Unit 112,Rent,2154.00,Y,,
2025-07-05,East York Low-Rise,Unit 113,Rent,n/a,Y,,
2025-07-01,East York Low-Rise,Unit 114,Rent,2025.00,Y,,
2025-07-03,east york low-rise,Unit 115,Rent,2057.00,Y,,
2025-07-01,East York Low-Rise,Unit 116,Rent,2089.00,Yes,,
2025-07-01,East York Low-Rise,Unit 117,Rent,2121.00,Y,,
2025-07-01,East York Low-Rise,Unit 118,Rent,2154,Y,,
2025-07-23,East York Low-Rise,Unit 116,Cleaning,148.73,Y,Greenwood Cleaning,Turnover clean
2025-07-13,Leslieville Fourplex,Unit 3,Electrical,157.65,Y,Leslieville Electric Ltd,Swapped hallway light fixture
2025-07-09,East York Low-Rise,Unit 102,Appliance,141.45,Y,Riverdale Appliance Repair,Dryer belt replaced
"Jul 17, 2025",Junction Six-Plex,Unit 2,Cleaning,213.24,Y,Greenwood Cleaning,Turnover clean
25/07/2025,Leslieville Fourplex,Unit 3,Plumbing,411.31,Y,Beaches Plumbing Co.,Fixed running toilet
2025-07-20,East York Low-Rise,Unit 110,PEST CONTROL,363.30,Y,Queen West Pest Control,Follow-up treatment
2025-07-20,Danforth Triplex,Lower,COOLING,294.15,Y,Don Valley HVAC,Window unit replaced
"Jul 18, 2025",Danforth Triplex,Lower,Landscaping,256.18,Y,Greenwood Cleaning,Lawn cut and edging
2025/07/30,Leslieville Fourplex,Unit 2,Appliance,182.95,Y,Riverdale Appliance Repair,Dryer belt replaced  
2025-07-22,Leslieville Fourplex,Unit 2,Plumbing,299.58,Y,Beaches Plumbing Co.,Fixed running toilet
2025-07-23,Junction Six-Plex,Unit 4,Pest Control,279.30,N,Queen West Pest Control,"Mice treatment, basement"
19/07/2025,Danforth Triplex,Main,Appliance,192.68,Yes,Riverdale Appliance Repair,Fridge not cooling
2025-07-27,East York Low-Rise,Unit 108,ELECTRICAL,$206.82,N,Leslieville Electric Ltd,Replaced GFCI outlet
 15/07/2025,Junction Six-Plex,Unit 6,Appliance,393.10,Y,Riverdale Appliance Repair,Dryer belt replaced
2025-07-15,East York Low-Rise,Unit 107,Heating,599.85,yes,Don Valley HVAC,Bled radiators
2025-07-04,East York Low-Rise,Unit 110,Cooling,$280.89,Y,Don Valley HVAC,Window unit replaced
2025-07-18,Junction Six-Plex,Common area,Appliance,127.43,Y,Riverdale Appliance Repair,Dryer belt replaced
2025-07-17,Junction Six-Plex,Unit 5,Landscaping,354.56,yes,Greenwood Cleaning,Leaf cleanup
2025-07-19,Parkdale Walk-Up,Unit 5,Pest Control,289.03,Y,Queen West Pest Control,"Mice treatment, basement"
2025-07-08,East York Low-Rise,Unit 111,Cleaning,251.01,Yes,Greenwood Cleaning,Turnover clean
"Jul 6, 2025",Junction Six-Plex,Unit 3,electrical,390.79,Y,Leslieville Electric Ltd,Swapped hallway light fixture
2025-07-05,Parkdale Walk-Up,Unit 3,Heating,$592.40,Y,Don Valley HVAC,Boiler pressure reset
25/07/2025,Leslieville Fourplex,Unit 4,Cleaning,$122.40,yes,Greenwood Cleaning,Turnover clean
2025-07-12,Leslieville Fourplex,Common area,Landscaping,$237.15,Y,Greenwood Cleaning,Lawn cut and edging
2025-07-21,Parkdale Walk-Up,Unit 4,Cooling,488.32,Y,Don Valley HVAC,"AC not cooling, recharged"
2025-07-28,Parkdale Walk-Up,Unit 7,Electrical,345.66,Y,Leslieville Electric Ltd,Swapped hallway light fixture
20/07/2025,Parkdale Walk-Up,Unit 1,Electrical,388.60,Y,Leslieville Electric Ltd,"Breaker tripping, traced to dryer"
28/07/2025,Junction Six-Plex,Unit 3,Appliance,463.20,yes,Riverdale Appliance Repair,Dryer belt replaced
23/07/2025,Junction Six-Plex,Unit 1,Plumbing,300.33,Y, Beaches Plumbing Co.,Cleared bathroom drain
 2025-07-26,Parkdale Walk-Up,Unit 9,Landscaping,-,Y,Greenwood Cleaning,Lawn cut and edging
06/07/2025,Parkdale Walk-Up,Unit 12,Landscaping,329.29,no,Greenwood Cleaning,Leaf cleanup
2025/07/23,Leslieville Fourplex,Common area,Heating,446.75,Yes, Don Valley HVAC,Furnace service
2025-07-28,Junction Six-Plex,Unit 5,Snow Removal,229.95,Yes,Snowline Property Services,Walkway and steps cleared
28/07/2025,Junction Six-Plex,Unit 5,Pest Control,277.19,Yes,Queen West Pest Control,"Mice treatment, basement"
02/07/2025,parkdale walk-up,Common area,Cooling,$356.20,Y,Don Valley HVAC," AC not cooling, recharged"
2025-07-10,Junction Six-Plex,Unit 1,Plumbing,540.22,Y,Beaches Plumbing Co.,Fixed running toilet
2025-07-25,Parkdale Walk-Up,Unit 6,Appliance,134.03,Y,Riverdale Appliance Repair,Dryer belt replaced
2025-07-22,Leslieville Fourplex,Unit 4,Pest Control,342.22,Y,Queen West Pest Control,Follow-up treatment
2025-07-10,Junction Six-Plex,Common area,plumbing,339.73,Y,Beaches Plumbing Co.,Replaced shut-off valve
2025-07-29,Leslieville Fourplex,Common area,Pest Control,-316.77,Y,Queen West Pest Control,"Mice treatment, basement"
26/07/2025,Parkdale Walk-Up,Unit 1,APPLIANCE,310.19,TRUE,Riverdale Appliance Repair,Stove element replaced
2025-07-12,Leslieville Fourplex,Unit 4,Cleaning,125.64,no,Greenwood Cleaning,Common area clean
2025-07-02,Parkdale Walk-Up,Unit 1,Cleaning,255.53,yes,Greenwood Cleaning  ,Common area clean
2025/07/17,Parkdale Walk-Up,Unit 8,Plumbing,259.61,Y,Beaches Plumbing Co.,Cleared bathroom drain
2025-07-10,East York Low-Rise,Unit 115,Electrical,356.35,Y,Leslieville Electric Ltd,Swapped hallway light fixture  
"Jul 21, 2025",Leslieville Fourplex,Unit 3,Pest Control,318.97,Y,Queen West Pest Control,"Mice treatment, basement"
2025-07-08,Leslieville Fourplex,Unit 1,ELECTRICAL,286.77,Y,Leslieville Electric Ltd,Swapped hallway light fixture
2025-07-30,East York Low-Rise,Common area,Electrical,442.04,Y,Leslieville Electric Ltd,"Breaker tripping, traced to dryer"
01/07/2025,Junction Six-Plex,Unit 2,Pest Control,236.05,Yes,Queen West Pest Control,Follow-up treatment
2025-07-30,East York Low-Rise,Unit 104,Appliance,228.15,Y,Riverdale Appliance Repair,Fridge not cooling
2025-07-14,East York Low-Rise,Unit 115,Pest Control,262.27,N,Queen West Pest Control,Follow-up treatment
2025-07-02,Junction Six-Plex,Unit 1,Electrical,137.07,N,Leslieville Electric Ltd,"Breaker tripping, traced to dryer"
2025-08-01,Danforth Triplex,Main,Rent,2315.00,Y,,
01/08/2025,Danforth Triplex,Upper,Rent,2585.00,Yes,,
2025-08-01,Danforth Triplex,Lower,Rent,1777.00,Y,,
2025-08-01,Leslieville Fourplex,Unit 1,Rent,2046.00,Y,,
"Aug 1, 2025",Leslieville Fourplex,Unit 2,Rent,2100,Y,,
2025-08-03,Leslieville Fourplex,Unit 3,Rent,2208.00,N,,
2025-08-01,Leslieville Fourplex,Unit 4, Rent ,2423,yes,,
2025-08-01,Parkdale Walk-Up,Unit 1,Rent,1669.00,N,,
2025-08-05,Parkdale Walk-Up,Unit 2,Rent,1718,Yes,,
2025-08-01,parkdale walk-up,Unit 3,Rent,1766,Y,,
2025-08-02,Parkdale Walk-Up,Unit 4,Rent,1815,Y,,
2025-08-01,Parkdale Walk-Up,Unit 5,Rent,1863,Y,,
2025-08-05,Parkdale Walk-Up,Unit 6,Rent,1911.00,N,,
2025-08-05,PARKDALE WALK-UP,Unit 7,Rent,1960,Y,,
2025-08-01, Parkdale Walk-Up ,Unit 8,Rent,2008,Yes,,
2025-08-02,Parkdale Walk-Up,Unit 9,Rent,2057.00,Y,,
"Aug 5, 2025",Parkdale Walk-Up,Unit 10,Rent,2105.00,N,,
01/08/2025,Parkdale Walk-Up,Unit 11,Rent,2154.00,Yes,,
 2025-08-01,Parkdale Walk-Up,Unit 12,Rent,2202.00,Y,,
2025-08-01,junction six-plex,Unit 1,Rent,1885,Yes,,
2025-08-01  ,Junction Six-Plex,Unit 2,Rent,1938.00,Y,,
2025-08-01,Junction Six-Plex,Unit 3,Rent,1992,Y,,
2025-08-01,Junction Six-Plex,Unit 4,Rent,2046.00,Y,,
05/08/2025,junction six-plex,Unit 5,Rent,2154.00,Yes,,
"Aug 1, 2025",Junction Six-Plex,Unit 6,Rent,2261,yes,,
"Aug 1, 2025",East York Low-Rise,Unit 101,Rent,1992,Y,,
2025-08-03,East York Low-Rise,Unit 102,Rent,2025.00,Y,,
2025-08-01,East York Low-Rise,Unit 103,Rent,2057,Y,,
01/08/2025,East York Low-Rise,Unit 104,Rent,2089.00,Y,,
01/08/2025,East York Low-Rise,Unit 105,Rent,2121,Y,,
2025-08-05,East York Low-Rise,Unit 106,Rent,2154,Y,,
2025-08-01,East York Low-Rise,Unit 107,Rent,1992,Y,,
2025-08-01,EAST YORK LOW-RISE,Unit 109,Rent,2057,TRUE,,
2025-08-03,East York Low-Rise,Unit 110,Rent,"$2,089.00",Y,,
2025-08-01,East York Low-Rise,Unit 111,Rent,2121,N,,
2025/08/01,East York Low-Rise,Unit 113,Rent,1992.00,Y,,
01/08/2025,East York Low-Rise,Unit 114,Rent,2025.00,Yes,,
2025/08/02,East York Low-Rise,Unit 115,Rent,2057,Y,,
01/08/2025,East York Low-Rise,Unit 116,Rent,2089,Y,,
2025-08-05,East York Low-Rise,Unit 117,Rent,2121.00,Y,,
2025-08-03, East York Low-Rise ,Unit 118,Rent,2154.00,N,,
2025-08-25,Parkdale Walk-Up,Unit 7,Cleaning,177.62,Y,Greenwood Cleaning,Common area clean
2025-08-26,East York Low-Rise,Unit 116,pest control,274.76,Y,Queen West Pest Control,"Mice treatment, basement"
2025-08-27,Parkdale Walk-Up,Unit 2,Plumbing,292.58,yes,Beaches Plumbing Co.,Fixed running toilet
2025-08-21,East York Low-Rise,Unit 106,Cooling,245.83,Yes,Don Valley HVAC,Window unit replaced
2025-08-05,Danforth Triplex,Main,Plumbing,211.84,FALSE,Beaches Plumbing Co.,Fixed running toilet
2025-08-17,Leslieville Fourplex,Unit 2,Electrical,664.21,yes,Leslieville Electric Ltd  ,Replaced GFCI outlet
2025-08-18,Junction Six-Plex,Unit 6,Cooling,133.38,Y,Don Valley HVAC,Window unit replaced
29/08/2025,Leslieville Fourplex,Common area,Pest Control,184.74,No,Queen West Pest Control,Follow-up treatment
2025-08-16, Danforth Triplex ,Upper,Electrical,288.22,Y,Leslieville Electric Ltd,Replaced GFCI outlet
2025/08/26,East York Low-Rise,Unit 113,Pest Control,305.89,Y,Queen West Pest Control,"Mice treatment, basement"
2025-08-17,Leslieville Fourplex,Common area,electrical,457.04,Y,Leslieville Electric Ltd,Swapped hallway light fixture
01/08/2025,Danforth Triplex,Lower,Plumbing,329.47,Y,Beaches Plumbing Co.,Cleared bathroom drain
2025-08-09,Parkdale Walk-Up,Unit 6,Cooling,$334.91,yes,Don Valley HVAC,Window unit replaced
2025-08-19,Danforth Triplex,Upper,Landscaping,425.03,Y,Greenwood Cleaning,Lawn cut and edging
2025-08-16,Parkdale Walk-Up,Unit 12,Snow Removal,161.78,Y,Snowline Property Services,Walkway and steps cleared
"Aug 27, 2025",East York Low-Rise,Unit 112,Plumbing,308.79,Y,Beaches Plumbing Co.,Cleared bathroom drain
2025-08-08,Parkdale Walk-Up,Unit 2,Plumbing,190.68,Yes,Beaches Plumbing Co.,Cleared bathroom drain
2025-08-11,Leslieville Fourplex,Unit 2,PLUMBING,627.90,Y,Beaches Plumbing Co.,Cleared bathroom drain
2025-08-11,Junction Six-Plex,Unit 5,Plumbing,261.03,Yes,Beaches Plumbing Co.,Replaced kitchen faucet cartridge
05/08/2025,Leslieville Fourplex,Unit 2,Electrical,502.76,Y,Leslieville Electric Ltd,Swapped hallway light fixture
2025-08-12, Junction Six-Plex ,Common area,Cooling,417.05,Y,Don Valley HVAC,"AC not cooling, recharged"
"Aug 1, 2025",Parkdale Walk-Up,Unit 4,Plumbing,n/a,Y,Beaches Plumbing Co.,Replaced kitchen faucet cartridge
2025-08-27,Danforth Triplex,Common area,Plumbing,390.83,Yes,Beaches Plumbing Co.,Cleared bathroom drain
 2025-08-10,Junction Six-Plex,Common area,Snow Removal,251.25,N,Snowline Property Services,Salted front steps
2025-08-12,Leslieville Fourplex,Unit 3,Cleaning,124.34,Y,Greenwood Cleaning,Turnover clean
17/08/2025,Leslieville Fourplex,Common area,Cleaning,195.38,Y,Greenwood Cleaning,Common area clean
2025-08-19,Leslieville Fourplex,Unit 2,Cooling,443.36,Y,Don Valley HVAC,Window unit replaced
2025-08-28,Junction Six-Plex,Unit 4,Appliance,332.52,Y,Riverdale Appliance Repair,Fridge not cooling
2025-08-22,Danforth Triplex,Common area,Cooling,347.89,Y,Don Valley HVAC,Window unit replaced
2025-08-07,Junction Six-Plex,Unit 4,Electrical,294.04,Yes,Leslieville Electric Ltd,Swapped hallway light fixture
2025-08-15,Danforth Triplex,Common area,Plumbing,335.30,FALSE,Beaches Plumbing Co.,Replaced kitchen faucet cartridge
"Aug 12, 2025",East York Low-Rise,Unit 102,Heating,477.55,Y,Don Valley HVAC,Furnace service  
2025-08-14,Parkdale Walk-Up,Unit 4,Cleaning,150.97,Y,Greenwood Cleaning,Common area clean
2025-08-21,Parkdale Walk-Up,Unit 4,Plumbing,346.91,Y,Beaches Plumbing Co.,Fixed running toilet
2025-08-10,Danforth Triplex,Main,Snow Removal,185.54,Y,Snowline Property Services,Salted front steps
2025-08-27,Junction Six-Plex,Unit 3,Pest Control,321.15,Yes,Queen West Pest Control,"Mice treatment, basement"
2025-08-12,East York Low-Rise,Unit 108,Snow Removal,207.54,N,Snowline Property Services,Walkway and steps cleared
2025-08-23,East York Low-Rise,Unit 112,Plumbing,445.04,Y,Beaches Plumbing Co.,Replaced kitchen faucet cartridge
2025-08-11,East York Low-Rise,Unit 118,Cleaning,164.50,Y,Greenwood Cleaning,Turnover clean
"Aug 11, 2025",Danforth Triplex,Upper,Cooling,473.85,Y,Don Valley HVAC," AC not cooling, recharged"
 2025-08-05,Parkdale Walk-Up,Unit 7,Pest Control,259.84,Y,Queen West Pest Control,Follow-up treatment
2025-08-25,junction six-plex,Unit 6,PEST CONTROL,202.63,Y,Queen West Pest Control,Follow-up treatment
"Aug 29, 2025",Junction Six-Plex,Unit 5,Appliance,$188.43,yes,Riverdale Appliance Repair,Fridge not cooling
2025-08-22,Parkdale Walk-Up,Unit 12,Heating,450.74,Y,Don Valley HVAC,Boiler pressure reset
2025-08-04,Parkdale Walk-Up,Unit 5,Pest Control,329.42,N,Queen West Pest Control,"Mice treatment, basement"
2025-08-23,Danforth Triplex,Lower,Pest Control,377.20,Y,Queen West Pest Control,Follow-up treatment
2025-08-19,Junction Six-Plex,Unit 4,Pest Control,262.72,N,Queen West Pest Control,Follow-up treatment
2025-08-19,Leslieville Fourplex,Unit 4,Landscaping,118.35,yes,Greenwood Cleaning,Lawn cut and edging  
"Aug 12, 2025",Leslieville Fourplex,Unit 2,Appliance,157.83,Y,Riverdale Appliance Repair,Stove element replaced
2025-08-17,Leslieville Fourplex,Unit 1,Cooling,270.37,N,Don Valley HVAC,"AC not cooling, recharged"
2025-08-08,Parkdale Walk-Up,Unit 9,Landscaping,206.30,Y,Greenwood Cleaning,Leaf cleanup
01/08/2025,East York Low-Rise,Unit 103,Plumbing,430.42,Y,Beaches Plumbing Co.,Replaced kitchen faucet cartridge
2025-08-22,Leslieville Fourplex,Unit 3,Landscaping,228.41,Y,Greenwood Cleaning,Lawn cut and edging
"Aug 12, 2025",Danforth Triplex,Upper,Electrical,368.91,Y,Leslieville Electric Ltd,Replaced GFCI outlet
2025-08-25,East York Low-Rise,Unit 101,Pest Control,85.92,Y,Queen West Pest Control,"Mice treatment, basement"
03/09/2025,Danforth Triplex,Main,Rent,2315.00,Y,,
2025-09-01,DANFORTH TRIPLEX,Upper,Rent,2585.00,Y,,
2025-09-02,Danforth Triplex,Lower,Rent,1777,N,,
2025-09-01,Leslieville Fourplex,Unit 1,Rent,2046.00,TRUE,,
03/09/2025,Leslieville Fourplex,Unit 2,Rent,2100,Yes,,
2025-09-02, Leslieville Fourplex ,Unit 3,Rent,2208.00,Y,,
2025-09-01,Leslieville Fourplex,Unit 4,Rent,2423,Y,,
05/09/2025,Parkdale Walk-Up,Unit 1,Rent,"$1,669.00",Y,,
2025-09-01,Parkdale Walk-Up,Unit 2,Rent,1718.00,Yes,,
"Sep 1, 2025",Parkdale Walk-Up,Unit 3,Rent,1766.00,Y,,
2025-09-03,Parkdale Walk-Up,Unit 4,Rent,1815,Yes,,
"Sep 1, 2025",parkdale walk-up,Unit 5,rent,1863.00,N,,
"Sep 1, 2025",Parkdale Walk-Up,Unit 6,Rent,1911.00,Y,,
2025-09-02,Parkdale Walk-Up,Unit 7,Rent,1960,Y,,
01/09/2025,PARKDALE WALK-UP,Unit 8,Rent,2008.00,N,,
"Sep 5, 2025",Parkdale Walk-Up,Unit 9,Rent,"$2,057.00",yes,,
01/09/2025,Parkdale Walk-Up,Unit 10,Rent,2105.00,Yes,,
03/09/2025,Parkdale Walk-Up,Unit 11,Rent,2154.00,Y,,
2025-09-02,Parkdale Walk-Up,Unit 12,Rent,2202,Y,,
2025-09-02,Junction Six-Plex,Unit 1,Rent,1885.00,Y,,
2025-09-01,Junction Six-Plex,Unit 2,Rent,1938.00,Y,,
2025-09-01,Junction Six-Plex,Unit 3,Rent,"$1,992.00",Y,,
2025-09-01,Junction Six-Plex,Unit 4,RENT,2046,Y,,
05/09/2025,Junction Six-Plex,Unit 5,Rent,2154.00,Y,,
01/09/2025,Junction Six-Plex,Unit 6,Rent,2261.00,Y,,
01/09/2025,East York Low-Rise,Unit 101,Rent,1992.00,Y,,
2025-09-03,East York Low-Rise,Unit 102,Rent,2025.00,Y,,
"Sep 5, 2025",East York Low-Rise,Unit 103,Rent,2057.00,N,,
01/09/2025,East York Low-Rise,Unit 104,Rent,2089.00,Y,,
02/09/2025,East York Low-Rise,Unit 105,Rent,2121.00,Y,,
 03/09/2025,East York Low-Rise,Unit 106,Rent,2154.00,TRUE,,
2027-08-13,East York Low-Rise,Unit 107,Rent,"$1,992.00",yes,,
2025-09-01,East York Low-Rise,Unit 109,Rent,2057,Y,,
2025-09-05  ,East York Low-Rise,Unit 110,Rent,2089,Y,,
2025-09-01,East York Low-Rise,Unit 111,Rent,2121,Y,,
2025-09-01,East York Low-Rise,Unit 112,Rent,2154.00,Y,,
2025-09-01,East York Low-Rise,Unit 112,Rent,2154.00,Y,,
2025-09-01,East York Low-Rise,Unit 113,Rent,1992.00,Y,,
"Sep 1, 2025",East York Low-Rise,Unit 114,Rent,2025.00,Y,,
2025-09-03,East York Low-Rise,Unit 115,Rent,2057.00,Y,,
2025-09-01,East York Low-Rise,Unit 116, Rent ,2089,Y,,
2025-09-01,East York Low-Rise,Unit 117,Rent,2121,Y,,
02/09/2025,East York Low-Rise,Unit 118,Rent,2154.00,Y,,
2025-09-14,danforth triplex,Lower,Heating,684.67,Yes,Don Valley HVAC,Furnace service
2025-09-03,East York Low-Rise,Unit 109,Plumbing,246.50,Y,Beaches Plumbing Co.,Replaced shut-off valve
2025-09-11,Parkdale Walk-Up,Unit 11,Pest Control,328.66,Yes,Queen West Pest Control,Follow-up treatment
2025-09-11,Danforth Triplex,Lower,Appliance,223.70,Y,Riverdale Appliance Repair,Stove element replaced
2025-09-22,Leslieville Fourplex,Unit 2,Appliance,$278.39,Y,Riverdale Appliance Repair,Dryer belt replaced
2025-09-11,PARKDALE WALK-UP,Unit 8,electrical,168.23,Y, Leslieville Electric Ltd,Replaced GFCI outlet
 09/09/2025,Leslieville Fourplex,Unit 4,Landscaping,229.25,Y,Greenwood Cleaning,Lawn cut and edging
2025-09-30,Leslieville Fourplex,Unit 3,Landscaping,195.69,N,Greenwood Cleaning,Leaf cleanup
2025/09/07,Leslieville Fourplex,Unit 1,Cleaning,161.82,Y,Greenwood Cleaning,Common area clean
2025-09-16,East York Low-Rise,Unit 107,Landscaping,321.57,Y,Greenwood Cleaning,Lawn cut and edging
2025-09-20,Junction Six-Plex,Unit 1,Landscaping,193.71,Yes,Greenwood Cleaning,Leaf cleanup
09/09/2025,Parkdale Walk-Up,Unit 9,electrical,457.79,Y,Leslieville Electric Ltd,Swapped hallway light fixture
2025-09-11,Leslieville Fourplex,Unit 3,Cleaning,-110.06,Y,Greenwood Cleaning  ,Common area clean
"Sep 25, 2025",junction six-plex,Unit 5,Pest Control,376.87,Yes,Queen West Pest Control,"Mice treatment, basement"
2025-09-03,Leslieville Fourplex,Unit 2,Electrical,$234.74,N,Leslieville Electric Ltd,"Breaker tripping, traced to dryer"
"Sep 1, 2025",Danforth Triplex,Upper,Electrical,409.99,Y,Leslieville Electric Ltd,Swapped hallway light fixture
08/09/2025,Danforth Triplex,Lower,Appliance,318.98,Y,Riverdale Appliance Repair,Stove element replaced
"Sep 7, 2025",Leslieville Fourplex,Unit 3,Cleaning,177.32,yes,Greenwood Cleaning,Turnover clean
2025-09-08,Parkdale Walk-Up,Unit 8,PEST CONTROL,279.49,Y,Queen West Pest Control,Follow-up treatment
2025-09-08,Danforth Triplex,Lower,Cleaning,202.75,yes,Greenwood Cleaning,Common area clean
2025-09-02,Danforth Triplex,Upper,Pest Control,234.87,Yes,Queen West Pest Control,Follow-up treatment
2025-09-18,PARKDALE WALK-UP,Unit 7,Snow Removal,123.71,Y,Snowline Property Services,Salted front steps
2025-09-10,Parkdale Walk-Up,Unit 9,Heating,592.91,Y,Don Valley HVAC,Furnace service
03/09/2025,Danforth Triplex,Main,Appliance,269.88,FALSE,Riverdale Appliance Repair,Dryer belt replaced
2025-09-06,Parkdale Walk-Up,Unit 1,Landscaping,267.97,No,Greenwood Cleaning,Lawn cut and edging
2025-09-23,Junction Six-Plex,Common area,Electrical,568.38,TRUE,Leslieville Electric Ltd,"Breaker tripping, traced to dryer"
2025-09-06,Parkdale Walk-Up,Unit 3,plumbing,231.58,Y,Beaches Plumbing Co.,Replaced kitchen faucet cartridge
2025-09-28,East York Low-Rise,Unit 111,Plumbing,225.55,Y, Beaches Plumbing Co.,Fixed running toilet
2025-09-12,East York Low-Rise,Unit 107,Appliance,230.97,Y,Riverdale Appliance Repair,Stove element replaced
2025-09-29,Danforth Triplex,Common area,Appliance,$313.52,Y,Riverdale Appliance Repair,Dryer belt replaced
2025-09-29,Danforth Triplex,Common area,Appliance,$313.52,Y,Riverdale Appliance Repair,Dryer belt replaced
2025-09-11,Parkdale Walk-Up,Unit 11,Snow Removal,78.86,Y,Snowline Property Services,Salted front steps
2025-09-23, East York Low-Rise ,Unit 108,Landscaping,335.69,Y,Greenwood Cleaning,Lawn cut and edging
2025-09-24,Leslieville Fourplex,Unit 2,Plumbing,154.93,Y,Beaches Plumbing Co.,Replaced kitchen faucet cartridge
2025-09-17,Leslieville Fourplex,Unit 3,Cleaning,257.91,Yes,Greenwood Cleaning,Common area clean
2025-09-17,Junction Six-Plex,Unit 5,Electrical,411.91,Yes,Leslieville Electric Ltd,Replaced GFCI outlet
2025-09-13,Danforth Triplex,Common area,Pest Control,224.83,N,Queen West Pest Control,Follow-up treatment
2025-09-05,Leslieville Fourplex,Unit 2,Cleaning,158.59,Y,Greenwood Cleaning,Common area clean  
2025-09-11,Danforth Triplex,Main,Pest Control,216.50,Y,Queen West Pest Control,Follow-up treatment
2025-09-02,Parkdale Walk-Up,Unit 11,Appliance,562.47,Yes,Riverdale Appliance Repair,Dryer belt replaced
2025-09-02,East York Low-Rise,Unit 118,Cleaning,142.12,Yes,Greenwood Cleaning,Turnover clean
2025-09-11,Danforth Triplex,Upper,Appliance,170.47,Y,Riverdale Appliance Repair,Dryer belt replaced
2025-09-19,junction six-plex,Unit 2,SNOW REMOVAL,219.25,TRUE,Snowline Property Services,Salted front steps
2025-09-15,Junction Six-Plex,Unit 3,Appliance,363.35,N,Riverdale Appliance Repair,Dryer belt replaced
2025-09-09,junction six-plex,Unit 1,Landscaping,140.68,yes,Greenwood Cleaning,Lawn cut and edging
"Sep 26, 2025",Danforth Triplex,Main,Pest Control,196.90,Y,Queen West Pest Control,Follow-up treatment
2025-10-03,Danforth Triplex,Main,Rent,2315.00,Yes,,
"Oct 2, 2025",Danforth Triplex,Upper,Rent,2585,Y,,
2025-10-01,Danforth Triplex,Lower,Rent,1777.00,yes,,
"Oct 2, 2025",Leslieville Fourplex,Unit 1,Rent,2046,Y,,
2025-10-03,leslieville fourplex,Unit 2,Rent,2100,Y,,
2025-10-01,Leslieville Fourplex,Unit 3,Rent,2208.00,Yes,,
01/10/2025,Leslieville Fourplex,Unit 4,Rent,2423.00,Y,,
2025-10-03,Parkdale Walk-Up,Unit 1,Rent,1669,Y,,
2025-10-03,Parkdale Walk-Up,Unit 2,Rent,1718.00,N,,
2025-10-03,parkdale walk-up,Unit 3,Rent,1766,Y,,
2025-10-05,Parkdale Walk-Up,Unit 4,Rent,1815,Y,,
2025-10-03,Parkdale Walk-Up,Unit 5,Rent,1863.00,Yes,,
01/10/2025,Parkdale Walk-Up,Unit 6,Rent,1911.00,Y,,
"Oct 3, 2025",Parkdale Walk-Up,Unit 7,Rent,1960.00,Y,,
2025-10-01,Parkdale Walk-Up,Unit 8,Rent,2008,Y,,
2025-10-05,parkdale walk-up,Unit 9,Rent,2057.00,yes,,
2025-10-02,Parkdale Walk-Up,Unit 10,Rent,2105.00,yes,,
2025-10-01,Parkdale Walk-Up,Unit 11,Rent,"$2,154.00",Y,,
2025-10-05,Parkdale Walk-Up,Unit 12,Rent,2202.00,Y,,
2025-10-05,Junction Six-Plex,Unit 1,Rent,1885.00,Y,,
01/10/2025, Junction Six-Plex ,Unit 2,Rent,1938,Yes,,
2025-10-01,Junction Six-Plex,Unit 3,Rent,1992.00,N,,
2025-10-05,Junction Six-Plex,Unit 4,Rent,2046.00,Y,,
2025-10-01,Junction Six-Plex,Unit 5,Rent,2154,Y,,
2025-10-01,Junction Six-Plex,Unit 6,Rent,2261,Y,,
"Oct 1, 2025",East York Low-Rise,Unit 101,Rent,-,Y,,
01/10/2025,East York Low-Rise,Unit 103,Rent,2057,Yes,,
2025-10-01,East York Low-Rise,Unit 104,Rent,2089.00,Y,,
"Oct 3, 2025",East York Low-Rise,Unit 105,Rent,2121,TRUE,,
2025-10-01,East York Low-Rise,Unit 106,Rent,2154,Y,,
2025-10-03,East York Low-Rise,Unit 107,Rent,1992,Y,,
01/10/2025,East York Low-Rise,Unit 108,Rent,2025,Y,,
2025-10-03,East York Low-Rise,Unit 109,Rent,2057,yes,,
2025-10-01,East York Low-Rise,Unit 110,Rent,"$2,089.00",yes,,
2025-10-02,East York Low-Rise,Unit 111,Rent,2121.00,yes,,
2025/10/01,East York Low-Rise,Unit 112,Rent,2154.00,Y,,
2025-10-01,East York Low-Rise,Unit 113,Rent,"$1,992.00",Y,,
2025-10-01,East York Low-Rise,Unit 114,Rent,2025,Y,,
2025-10-01,East York Low-Rise,Unit 115,Rent,2057.00,Y,,
05/10/2025,East York Low-Rise,Unit 116,Rent,2089,N,,
2025-10-01,East York Low-Rise,Unit 117,RENT,2121,Y,,
2025-10-05,EAST YORK LOW-RISE,Unit 118,Rent,2154.00,Y,,
2025-10-28,Parkdale Walk-Up,Unit 1,CLEANING,128.28,Yes,Greenwood Cleaning,Common area clean
2025-10-03,East York Low-Rise,Unit 104,Landscaping,325.34,Y,Greenwood Cleaning,Lawn cut and edging
10/10/2025,Danforth Triplex,Lower,CLEANING,$222.12,Y,Greenwood Cleaning,Common area clean
2025-10-15,Danforth Triplex,Main,LANDSCAPING,307.47,Y,Greenwood Cleaning,Lawn cut and edging
2025-10-26,East York Low-Rise,Unit 113,Plumbing,288.26,yes, Beaches Plumbing Co.,Replaced kitchen faucet cartridge
2025-10-15,DANFORTH TRIPLEX,Common area,Cleaning,102.30,N,Greenwood Cleaning,Common area clean
2025-10-27,Leslieville Fourplex,Common area,Heating,$224.39,Y,Don Valley HVAC,Boiler pressure reset
 2025-10-21,Leslieville Fourplex,Common area,ELECTRICAL,316,Y,Leslieville Electric Ltd,"Breaker tripping, traced to dryer"
23/10/2025,Junction Six-Plex,Unit 4,Pest Control,215.60,TRUE,Queen West Pest Control,Follow-up treatment
2025-10-27,East York Low-Rise,Unit 101,Cleaning,161.37,Y,Greenwood Cleaning, Common area clean
2025-10-30,East York Low-Rise,Common area,Landscaping,164.75,N,Greenwood Cleaning,Lawn cut and edging
2025-10-04,Danforth Triplex,Lower,Landscaping,360.66,Y,Greenwood Cleaning,Leaf cleanup
2025-10-27,Leslieville Fourplex,Unit 4,Cleaning,186.46,Yes,Greenwood Cleaning,Turnover clean
2025/10/21,Parkdale Walk-Up,Unit 6,Appliance,350.43,Y,Riverdale Appliance Repair,Stove element replaced
"Oct 13, 2025",Danforth Triplex,Main,Appliance,157.77,Y,Riverdale Appliance Repair,Dryer belt replaced
2025-10-24,Danforth Triplex,Upper, Heating ,596.24,Yes,Don Valley HVAC,Furnace service
2025-10-31,Junction Six-Plex,Unit 6,Plumbing,$343.17,yes,Beaches Plumbing Co.,Replaced shut-off valve
2025-10-01,Leslieville Fourplex,Unit 1,Appliance,467.41,TRUE,Riverdale Appliance Repair,Dryer belt replaced
04/10/2025,Leslieville Fourplex,Unit 1,Snow Removal,168.45,Yes,Snowline Property Services,Walkway and steps cleared
2025-10-02,Leslieville Fourplex,Unit 4,Heating,577.96,Y,Don Valley HVAC,Boiler pressure reset
"Oct 19, 2025",Parkdale Walk-Up,Unit 5, Cleaning ,150.94,Y,Greenwood Cleaning,Turnover clean
2025-10-22,East York Low-Rise,Unit 117,Appliance,484.15,N,Riverdale Appliance Repair,Fridge not cooling
2025-10-16,Danforth Triplex,Lower,Heating,730.44,Yes,Don Valley HVAC,Boiler pressure reset
2025-10-11,Junction Six-Plex,Unit 5,Appliance,357.45,Y,Riverdale Appliance Repair,Dryer belt replaced
14/10/2025, Junction Six-Plex ,Unit 1,Plumbing,331.37,Yes,Beaches Plumbing Co.,Fixed running toilet
2025-10-10, Leslieville Fourplex ,Unit 2,Electrical,309.03,Yes,Leslieville Electric Ltd,Swapped hallway light fixture
2025/10/23,East York Low-Rise,Unit 110,Heating,355.39,Y,Don Valley HVAC,Bled radiators
17/10/2025,Leslieville Fourplex,Unit 2,Snow Removal,-134.38,Y,Snowline Property Services,Salted front steps
2025/10/20,Leslieville Fourplex,Unit 1,Pest Control,48.41,Y,Queen West Pest Control,Follow-up treatment
2025-10-01,East York Low-Rise,Unit 106,Heating,580.19,TRUE, Don Valley HVAC,Boiler pressure reset
2025-10-18,Parkdale Walk-Up,Unit 1,Cleaning,159.52,TRUE,Greenwood Cleaning,Common area clean
2025-10-09,Leslieville Fourplex,Unit 1,Heating,$644.38,Y,Don Valley HVAC,Furnace service
2025-10-01,Junction Six-Plex,Unit 4,Electrical,489.45,Y,Leslieville Electric Ltd,"Breaker tripping, traced to dryer"
30/10/2025,Parkdale Walk-Up,Unit 12,Plumbing,510.64,Y,Beaches Plumbing Co.,Replaced shut-off valve
2025-10-16,Danforth Triplex,Upper,Electrical,257.72,Y,Leslieville Electric Ltd,"Breaker tripping, traced to dryer"
2025-10-16,Leslieville Fourplex,Unit 2, Electrical ,301.20,Y,Leslieville Electric Ltd,Replaced GFCI outlet
2025-10-21,Leslieville Fourplex,Unit 3,Appliance,84.03,Y,Riverdale Appliance Repair,Dryer belt replaced
2025-10-18,East York Low-Rise,Unit 109,Appliance,185.46,yes,Riverdale Appliance Repair,Fridge not cooling
25/10/2025,Leslieville Fourplex,Common area,Appliance,269.45,Y,Riverdale Appliance Repair,Stove element replaced
2025-10-02,Junction Six-Plex,Common area,Landscaping,425.10,Y,Greenwood Cleaning,Lawn cut and edging
14/10/2025,Leslieville Fourplex,Unit 3,Appliance,165.72,Yes,Riverdale Appliance Repair,Fridge not cooling
2025-10-03,East York Low-Rise,Unit 114,Landscaping,260.99,No,Greenwood Cleaning,Lawn cut and edging
"Oct 13, 2025",Leslieville Fourplex,Unit 4,HEATING,846.12,Y,Don Valley HVAC,Bled radiators
2025/10/18,Danforth Triplex,Main,Pest Control,$234.20,Y,Queen West Pest Control,"Mice treatment, basement"
"Oct 25, 2025  ",Danforth Triplex,Common area,Cleaning,142.69,Y,Greenwood Cleaning,Turnover clean
2025-10-14,Leslieville Fourplex,Unit 1,Heating,822.44,Y,Don Valley HVAC,Replaced furnace igniter
2025-10-23, Junction Six-Plex ,Common area,Landscaping,313.03,Y,Greenwood Cleaning,Lawn cut and edging
2025-10-26,Leslieville Fourplex,Common area,Landscaping,247.99,No,Greenwood Cleaning,Leaf cleanup
2025-10-21,Parkdale Walk-Up,Unit 8, Cleaning ,172.81,Y,Greenwood Cleaning,Common area clean
2025-10-30,Danforth Triplex,Lower,Pest Control,350.60,Y,Queen West Pest Control,Follow-up treatment
2025-10-13,East York Low-Rise,Common area,Heating,618.92,yes,Don Valley HVAC,Furnace service
2025-10-13,Junction Six-Plex,Common area,Heating,728.35,Yes,Don Valley HVAC,Bled radiators
2025/10/18,Junction Six-Plex,Unit 3,HEATING,567.19,Y,Don Valley HVAC,Replaced furnace igniter
2025-10-04,danforth triplex,Common area,Appliance,140.92,N,Riverdale Appliance Repair,Dryer belt replaced
2025-10-27,Parkdale Walk-Up,Unit 7,Landscaping,120.44,Y,Greenwood Cleaning,Lawn cut and edging
2025-10-14,Danforth Triplex,Common area,Pest Control,389.66,TRUE,Queen West Pest Control,Follow-up treatment
2025-10-23,Danforth Triplex,Lower,Appliance,55.47,Y,Riverdale Appliance Repair,Stove element replaced  
2025-10-19,East York Low-Rise,Unit 102,Landscaping,193.15,yes,Greenwood Cleaning,Lawn cut and edging
2025-10-04,Junction Six-Plex,Common area,Electrical,554.70,Y,Leslieville Electric Ltd,Replaced GFCI outlet
2025-10-13,Danforth Triplex,Upper,Cooling,387.64,Y,Don Valley HVAC,Window unit replaced
2025-11-05,Danforth Triplex,Main,Rent,2315,Yes,,
2025-11-01,Danforth Triplex,Upper,Rent,2585.00,Y,,
"Nov 2, 2025", Danforth Triplex ,Lower,Rent,1777,Yes,,
2025-11-02,leslieville fourplex,Unit 1,Rent,2046.00,Y,,
2025-11-03,Leslieville Fourplex,Unit 2,Rent,2100,Y,,
2025-11-03,Leslieville Fourplex,Unit 3,Rent,2208.00,Y,,
2025-11-01,Leslieville Fourplex,Unit 4,Rent,2423.00,yes,,
2025-11-01,Parkdale Walk-Up,Unit 1,Rent,1669,Y,,
2025-11-01,Parkdale Walk-Up,Unit 2,Rent,"$1,718.00",Y,,
"Nov 3, 2025",parkdale walk-up,Unit 3,Rent,1766,TRUE,,
2025-11-01,Parkdale Walk-Up,Unit 4,Rent,1815.00,Yes,,
2025-11-05,Parkdale Walk-Up,Unit 5,Rent,1863.00,Y,,
2025-11-01,Parkdale Walk-Up,Unit 6,Rent,"$1,911.00",yes,,
2025-11-05,Parkdale Walk-Up,Unit 7,Rent,1960,Y,,
2025-11-01,Parkdale Walk-Up,Unit 8,Rent,2008.00,Y,,
2025-11-02,Parkdale Walk-Up,Unit 9,Rent,2057,Y,,
2025/11/03,Parkdale Walk-Up,Unit 10,Rent,2105.00,Y,,
2025-11-02,Parkdale Walk-Up,Unit 11,Rent,2154.00,Y,,
2025-11-01,Parkdale Walk-Up,Unit 12,Rent,2202,no,,
2025-11-01,Junction Six-Plex,Unit 1,RENT,1885,Y,,
"Nov 1, 2025",Junction Six-Plex,Unit 2,Rent,1938.00,yes,,
2025-11-05,Junction Six-Plex,Unit 3,Rent,1992.00,Y,,
2025-11-02,Junction Six-Plex,Unit 4,Rent,2046,Y,,
2025-11-01,Junction Six-Plex,Unit 5,Rent,2154.00,Y,,
2025-11-03,junction six-plex,Unit 6,Rent,2261.00,Y,,
2025-11-01,East York Low-Rise,Unit 101,Rent,1992,yes,,
"Nov 5, 2025",East York Low-Rise,Unit 102,Rent,-,Y,,
2025-11-02,East York Low-Rise,Unit 103,Rent,TBD,Y,,
03/11/2025,East York Low-Rise,Unit 104,Rent,2089.00,N,,
2025-11-02,East York Low-Rise,Unit 105,Rent,2121,TRUE,,
2025-11-01, East York Low-Rise ,Unit 106,Rent,2154.00,Yes,,
03/11/2025,East York Low-Rise,Unit 107,Rent,"$1,992.00",Y,,
2025-11-01,East York Low-Rise,Unit 108,Rent,2025.00,Y,,
2025-11-01,East York Low-Rise,Unit 109,Rent,2057.00,Y,,
2025-11-01,East York Low-Rise,Unit 110,Rent,2089.00,Y,,
2025-11-05,east york low-rise,Unit 111,Rent,2121,TRUE,,
02/11/2025,East York Low-Rise,Unit 112,Rent,2154.00,Y,,
2025-11-01,East York Low-Rise,Unit 113,Rent,1992.00,Y,,
2025-11-01,East York Low-Rise,Unit 114,Rent,2025.00,Y,,
2025-11-01,East York Low-Rise,Unit 115,Rent,2057,Y,,
2025-11-01,East York Low-Rise,Unit 116,Rent,2089.00,Y,,
02/11/2025,East York Low-Rise,Unit 117,Rent,"$2,121.00",Y,,
2025-11-01,East York Low-Rise,Unit 118,Rent,2154.00,TRUE,,
2025-11-20,East York Low-Rise,Unit 105,Pest Control,300.34,yes,Queen West Pest Control,"Mice treatment, basement"
2025-11-28,Junction Six-Plex,Unit 6,Pest Control,330.20,N,Queen West Pest Control,Follow-up treatment
06/11/2025,East York Low-Rise,Unit 117,Appliance,381.89,Y,Riverdale Appliance Repair,Stove element replaced
2025-11-25,Parkdale Walk-Up,Common area,Electrical,391.86,Yes,Leslieville Electric Ltd,Replaced GFCI outlet
15/11/2025,Leslieville Fourplex,Unit 4,Heating,787.40,yes,Don Valley HVAC,Furnace service
21/11/2025,Leslieville Fourplex,Unit 2,Heating,653.04,Y,Don Valley HVAC,Furnace service
2025-11-02,Leslieville Fourplex,Unit 1,Appliance,292.30,N,Riverdale Appliance Repair, Dryer belt replaced
2025-11-25,Junction Six-Plex,Unit 3,Heating,620.26,Y,Don Valley HVAC,Furnace service
2025-11-02,East York Low-Rise,Unit 103,electrical,396.70,Yes,Leslieville Electric Ltd,Swapped hallway light fixture
2025-11-24,Parkdale Walk-Up,Unit 11,Cleaning,252.98,Y,Greenwood Cleaning,Turnover clean
2025-11-23,Junction Six-Plex,Common area,Electrical,351.94,Y,Leslieville Electric Ltd,Swapped hallway light fixture
2025-11-16, Danforth Triplex ,Main,Pest Control,166.21,Y,Queen West Pest Control,Follow-up treatment
2025-11-16,Leslieville Fourplex,Unit 2,cleaning,159.60,Y,Greenwood Cleaning,Turnover clean
2025-11-07,EAST YORK LOW-RISE,Unit 116,Electrical,445.04,Y,Leslieville Electric Ltd,"Breaker tripping, traced to dryer"
"Nov 27, 2025",Leslieville Fourplex,Common area,Electrical,231.87,Y,Leslieville Electric Ltd,Replaced GFCI outlet
2025-11-16,Parkdale Walk-Up,Unit 2,plumbing,242.78,yes,Beaches Plumbing Co.,Replaced kitchen faucet cartridge
22/11/2025,Junction Six-Plex,Unit 3,Pest Control,406.14,Y,Queen West Pest Control,"Mice treatment, basement"
26/11/2025,East York Low-Rise,Unit 105,Appliance,148.66,Y,Riverdale Appliance Repair,Stove element replaced
23/11/2025,East York Low-Rise,Unit 109,Appliance,309.01,Y,Riverdale Appliance Repair,Stove element replaced
2025-11-30,Leslieville Fourplex,Unit 2,Plumbing,307.02,yes,Beaches Plumbing Co.,Replaced shut-off valve
2025-11-08,East York Low-Rise,Unit 107,Cleaning,113.49,FALSE,Greenwood Cleaning, Turnover clean
2025-11-23,Parkdale Walk-Up,Unit 3,Cooling,415.37,Y,Don Valley HVAC,"AC not cooling, recharged"
12/11/2025,Danforth Triplex,Main,heating,547.65,Y,Don Valley HVAC,Furnace service
2025-11-03,Leslieville Fourplex,Unit 3,Appliance,362.95,Y,Riverdale Appliance Repair,Dryer belt replaced
2025-11-18,Junction Six-Plex,Unit 4,APPLIANCE,205.46,Y,Riverdale Appliance Repair, Dryer belt replaced
06/11/2025,Leslieville Fourplex,Unit 3, Landscaping ,163.37,Y,Greenwood Cleaning,Leaf cleanup
2025-11-03,Danforth Triplex,Lower,Electrical,536.56,Y,Leslieville Electric Ltd,"Breaker tripping, traced to dryer"
2025-11-12,Leslieville Fourplex,Common area,Pest Control,284.46,Yes,Queen West Pest Control,"Mice treatment, basement"
"Nov 16, 2025",Parkdale Walk-Up,Unit 8,Plumbing,40.00,Y,Beaches Plumbing Co.,Replaced shut-off valve
11/11/2025,Leslieville Fourplex,Unit 2,Electrical,517.40,Yes,Leslieville Electric Ltd,Replaced GFCI outlet
2025-11-26,Parkdale Walk-Up,Unit 10,Heating,470.27,Yes,Don Valley HVAC,Furnace service
"Nov 26, 2025",Parkdale Walk-Up,Unit 6,Pest Control,506.07,Y,Queen West Pest Control  ,Follow-up treatment
29/11/2025,Junction Six-Plex,Common area,Heating,550.64,Y,Don Valley HVAC,Replaced furnace igniter
2025-11-15,Danforth Triplex,Main,Landscaping,189.87,Y,Greenwood Cleaning,Leaf cleanup
"Nov 8, 2025",Danforth Triplex,Common area,Appliance,263.33,Y,Riverdale Appliance Repair,Dryer belt replaced
"Nov 10, 2025",Danforth Triplex,Main,Electrical,473.77,Yes,Leslieville Electric Ltd,Replaced GFCI outlet
2025-11-29,Leslieville Fourplex,Unit 3,Electrical,258.60,Y,Leslieville Electric Ltd," Breaker tripping, traced to dryer"
2025-11-04,Parkdale Walk-Up,Unit 6,Cleaning,111.61,Y,Greenwood Cleaning,Turnover clean
2025-11-18,Danforth Triplex,Common area,Appliance,272.80,N,Riverdale Appliance Repair,Stove element replaced
2025-11-06,Junction Six-Plex,Unit 1,Appliance,290.09,Yes,Riverdale Appliance Repair,Dryer belt replaced
2025-11-21,Leslieville Fourplex,Unit 2,Snow Removal,77.44,Y,Snowline Property Services,Salted front steps
2025-11-15,East York Low-Rise,Unit 111,Pest Control,340.40,Y,Queen West Pest Control,Follow-up treatment
2025/11/22,East York Low-Rise,Unit 112,Snow Removal,224.83,Y,Snowline Property Services,Walkway and steps cleared
2025-11-02,East York Low-Rise,Unit 109,Plumbing,$406.52,Y,Beaches Plumbing Co.,Cleared bathroom drain
2025-11-13,Parkdale Walk-Up,Unit 1,Appliance,157.82,TRUE,Riverdale Appliance Repair,Stove element replaced
2025-11-25,Junction Six-Plex,Unit 1,Cleaning,87.94,Y,Greenwood Cleaning,Turnover clean
22/11/2025,Parkdale Walk-Up,Unit 2,Pest Control,423.25,Yes,Queen West Pest Control,"Mice treatment, basement"
02/12/2025,Danforth Triplex,Main,Rent,2315,Y,,
2025-12-02,Danforth Triplex,Upper, Rent ,2585.00,Yes,,
2025-12-05,Danforth Triplex,Lower,Rent,1777,Y,,
2025-12-05,Danforth Triplex,Lower,Rent,1777,Y,,
2025-12-01,Leslieville Fourplex,Unit 1,Rent,2046.00,Y,,
03/12/2025,leslieville fourplex,Unit 2,Rent,2100.00,Y,,
2025-12-01,Leslieville Fourplex,Unit 3,Rent,2208,Y,,
05/12/2025,Leslieville Fourplex,Unit 4,rent,2423,Y,,
2025-12-05,Parkdale Walk-Up,Unit 1,Rent,1669,N,,
2025-12-01,Parkdale Walk-Up,Unit 2,Rent,1718,Y,,
"Dec 1, 2025",Parkdale Walk-Up,Unit 3,Rent,1766,Y,,
2025/12/01,Parkdale Walk-Up,Unit 4,Rent,1815.00,Y,,
2025-12-01,Parkdale Walk-Up,Unit 5,Rent,1863,Y,,
02/12/2025,parkdale walk-up,Unit 6,Rent,1911.00,Y,,
"Dec 1, 2025",Parkdale Walk-Up,Unit 7,Rent,TBD,Y,,
"Dec 1, 2025",Parkdale Walk-Up,Unit 8,Rent,2008,Y,,
2025-12-03,Parkdale Walk-Up,Unit 9,Rent,2057,yes,,
2025-12-01,Parkdale Walk-Up,Unit 10,Rent,"$2,105.00",Y,,
2025-12-01,Parkdale Walk-Up,Unit 11,Rent,2154,Y,,
2025-12-01,Parkdale Walk-Up,Unit 12,Rent,2202.00,Y,,
2025-12-05, Junction Six-Plex ,Unit 1,Rent,1885.00,Y,,
2025-12-01,Junction Six-Plex,Unit 2,Rent,1938,Y,,
"Dec 2, 2025",Junction Six-Plex,Unit 3,Rent,1992,yes,,
2025-12-01,Junction Six-Plex,Unit 4,Rent,2046.00,Y,,
2025-12-01,Junction Six-Plex,Unit 5,Rent,2154.00,Yes,,
2025-12-02,Junction Six-Plex,Unit 6,Rent,2261,Y,,
2025-12-02,East York Low-Rise,Unit 101, Rent ,1992,Y,,
03/12/2025,East York Low-Rise,Unit 102,Rent,2025,Y,,
"Dec 5, 2025",East York Low-Rise,Unit 103,Rent,"$2,057.00",Y,,
03/12/2025,East York Low-Rise,Unit 104,Rent,2089.00,Y,,
 01/12/2025,East York Low-Rise,Unit 105,Rent,2121,Yes,,
2025-12-01,East York Low-Rise,Unit 106,Rent,"$2,154.00",Yes,,
02/12/2025,East York Low-Rise,Unit 107,Rent,1992.00,N,,
2025-12-01,East York Low-Rise,Unit 108,Rent,2025.00,Y,,
2025-12-01,East York Low-Rise,Unit 109,Rent,2057,Yes,,
03/12/2025,east york low-rise,Unit 110,Rent,2089,Y,,
2025-12-03,East York Low-Rise,Unit 111,Rent,2121.00,Y,,
2025-12-03,East York Low-Rise,Unit 112,Rent,2154,Y,,
"Dec 3, 2025", East York Low-Rise ,Unit 113,Rent,1992,Y,,
2025-12-05,East York Low-Rise,Unit 114,Rent,2025.00,Y,,
2025-12-01,East York Low-Rise,Unit 115,Rent,2057,Y,,
2025-12-05,East York Low-Rise,Unit 116,Rent,2089.00,Y,,
01/12/2025,East York Low-Rise,Unit 117,Rent,2121.00,Y,,
2025-12-03,East York Low-Rise,Unit 118,Rent,2154.00,Y,,
2025-12-07,Junction Six-Plex,Unit 5,Landscaping,$218.48,Y,Greenwood Cleaning  ,Lawn cut and edging
15/12/2025, East York Low-Rise ,Unit 101,Appliance,$311.49,No,Riverdale Appliance Repair,Dryer belt replaced
26/12/2025,Leslieville Fourplex,Common area,Heating,460.17,Y,Don Valley HVAC,Bled radiators
2025-12-16,Leslieville Fourplex,Unit 1,Plumbing,442.70,Y,Beaches Plumbing Co.,Fixed running toilet
2025-12-08, Leslieville Fourplex ,Common area,Cleaning,155.35,Y,Greenwood Cleaning,Turnover clean
02/12/2025,Parkdale Walk-Up,Unit 4,Appliance,390.29,Y,Riverdale Appliance Repair,Fridge not cooling
2025-12-14,Danforth Triplex,Upper,Plumbing,354.81,yes,Beaches Plumbing Co.,Fixed running toilet
2025-12-27,Parkdale Walk-Up,Unit 1,Snow Removal,179.58,Y,Snowline Property Services,Salted front steps
2025-12-21,Danforth Triplex,Lower,Plumbing,482.43,Yes,Beaches Plumbing Co.,Replaced shut-off valve
"Dec 16, 2025",Parkdale Walk-Up,Common area,Snow Removal,$122.42,yes,Snowline Property Services,Salted front steps
2025-12-19,East York Low-Rise,Unit 115,Pest Control,173.09,Y,Queen West Pest Control,Follow-up treatment
2025-12-12,East York Low-Rise,Unit 111,Electrical,547.13,Y,Leslieville Electric Ltd,Replaced GFCI outlet
2025-12-04,Leslieville Fourplex,Common area,Cleaning,102.68,Y,Greenwood Cleaning,Turnover clean
02/12/2025,Danforth Triplex,Lower,Cleaning,$254.12,Y, Greenwood Cleaning,Turnover clean
"Dec 21, 2025",Leslieville Fourplex,Common area,Landscaping,174.01,Y,Greenwood Cleaning,Lawn cut and edging
"Dec 7, 2025",Parkdale Walk-Up,Unit 7,Heating,757.25,Y,Don Valley HVAC,Furnace service
2025-12-12,Leslieville Fourplex,Unit 2,Pest Control,400.87,Y,Queen West Pest Control,Follow-up treatment
2025-12-16,East York Low-Rise,Unit 103,Cleaning,149.35,Yes,Greenwood Cleaning,Common area clean
2025-12-16,Leslieville Fourplex,Unit 3,Plumbing,437.14,N,Beaches Plumbing Co.,Replaced kitchen faucet cartridge  
"Dec 5, 2025",Parkdale Walk-Up,Unit 6,Heating,532.22,Y,Don Valley HVAC,Bled radiators
2025-12-16,Parkdale Walk-Up,Unit 7,Plumbing,$317.34,yes,Beaches Plumbing Co.,Cleared bathroom drain
"Dec 11, 2025",Leslieville Fourplex,Unit 2,Appliance,242.32,Y,Riverdale Appliance Repair,Stove element replaced
2025-12-28,East York Low-Rise,Unit 104,Appliance,136.47,Y,Riverdale Appliance Repair,Stove element replaced
04/12/2025,Junction Six-Plex,Common area,Plumbing,339.68,N,Beaches Plumbing Co.,Fixed running toilet
2025-12-20,Danforth Triplex,Common area,Cooling,262.63,yes,Don Valley HVAC,Window unit replaced
2025-12-14,Parkdale Walk-Up,Unit 5,Plumbing,443.98,Y,Beaches Plumbing Co.,Replaced shut-off valve
04/12/2025,PARKDALE WALK-UP,Unit 5,Cleaning,98.39,Y,Greenwood Cleaning,Common area clean
04/12/2025,PARKDALE WALK-UP,Unit 5,Cleaning,98.39,Y,Greenwood Cleaning,Common area clean
2025-12-06,Leslieville Fourplex,Unit 2,Plumbing,$331.13,Y,Beaches Plumbing Co.,Fixed running toilet
24/12/2025,leslieville fourplex,Common area,Electrical,293.24,N,Leslieville Electric Ltd,Replaced GFCI outlet
2025-12-23,Junction Six-Plex,Unit 1,Heating,459.34,yes, Don Valley HVAC,Furnace service
2025-12-06  ,Junction Six-Plex,Common area,Snow Removal,144.03,Yes,Snowline Property Services,Walkway and steps cleared
10/12/2025,East York Low-Rise,Unit 110,Plumbing,230.23,Y,Beaches Plumbing Co.,Cleared bathroom drain
2025-12-02,Danforth Triplex,Upper,Plumbing,446.28,N,Beaches Plumbing Co.,Cleared bathroom drain
2025-12-01,Parkdale Walk-Up,Unit 9,Landscaping,179.27,Y,Greenwood Cleaning,Lawn cut and edging
2025-12-26,Junction Six-Plex,Unit 3,Snow Removal,313.15,Y,Snowline Property Services,Salted front steps
2025-12-02,Danforth Triplex,Common area,Appliance,351.38,N,Riverdale Appliance Repair,Stove element replaced
2025-12-14,Junction Six-Plex,Unit 4,Electrical,438.54,Y,Leslieville Electric Ltd,Swapped hallway light fixture
2025-12-31,Danforth Triplex,Common area,Cleaning,75.36,Y,Greenwood Cleaning,Turnover clean
 2025-12-20,Danforth Triplex,Upper,Heating,772.15,Y,Don Valley HVAC,Bled radiators
02/12/2025,Leslieville Fourplex,Unit 1,Landscaping,224.34,Y,Greenwood Cleaning,Lawn cut and edging
2025-12-16,Parkdale Walk-Up,Unit 12,Appliance,298.34,Y,Riverdale Appliance Repair,Fridge not cooling
2025-12-10,Danforth Triplex,Lower,Plumbing,332.23,No,Beaches Plumbing Co.,Replaced shut-off valve
"Dec 23, 2025",Danforth Triplex,Main,Electrical,335.39,Yes,Leslieville Electric Ltd,"Breaker tripping, traced to dryer"
2025-12-06,Junction Six-Plex,Unit 3,Cleaning,144.68,N,Greenwood Cleaning,Common area clean
15/12/2025,East York Low-Rise,Unit 107,Electrical,473.67,Y,Leslieville Electric Ltd,"Breaker tripping, traced to dryer"
2025-12-14,Danforth Triplex,Common area,Appliance,337.68,Y,Riverdale Appliance Repair,Stove element replaced
2025-12-29,Leslieville Fourplex,Unit 2, Electrical ,463.22,Y,Leslieville Electric Ltd,Swapped hallway light fixture
2025-12-07,Danforth Triplex,Upper,Heating,368.03,Y,Don Valley HVAC,Boiler pressure reset
"Dec 4, 2025",Leslieville Fourplex,Unit 3,Snow Removal,$139.38,Y,Snowline Property Services,Salted front steps
28/12/2025,Danforth Triplex,Upper,Electrical,623.31,Y,Leslieville Electric Ltd,Replaced GFCI outlet
2025/12/23,JUNCTION SIX-PLEX,Unit 3,Cleaning,187.13,Y,Greenwood Cleaning,Turnover clean
2025-12-11,East York Low-Rise,Unit 107,Appliance,217.66,Yes,Riverdale Appliance Repair,Stove element replaced
2025-12-31,Danforth Triplex,Upper,Snow Removal,222.54,yes,Snowline Property Services,Walkway and steps cleared
2025-12-24,Leslieville Fourplex,Unit 4,Heating,$597.95,Y,Don Valley HVAC,Bled radiators
2025-12-13,Parkdale Walk-Up,Unit 1,Plumbing,318.41,Y,Beaches Plumbing Co.,Replaced kitchen faucet cartridge
"Dec 18, 2025",Danforth Triplex,Upper,Plumbing,218.84,Y,Beaches Plumbing Co.,Replaced kitchen faucet cartridge
2025-12-15,Danforth Triplex,Lower,Cleaning,210.14,Y,Greenwood Cleaning,Turnover clean
2025-12-28,East York Low-Rise,Unit 108,Electrical,348.65,Yes,Leslieville Electric Ltd,"Breaker tripping, traced to dryer"
2026-01-03,Danforth Triplex,Main,Rent,2315.00,Y,,
2026-01-03,Danforth Triplex,Main,Rent,2315.00,Y,,
2026/01/02  ,Danforth Triplex,Upper,Rent,2585.00,Yes,,
2026-01-01,Danforth Triplex,Lower,Rent,1777,Y,,
03/01/2026,Leslieville Fourplex,Unit 1,Rent,2046.00,Y,,
2026-01-03,Leslieville Fourplex,Unit 2,Rent,"$2,100.00",Y,,
2026-01-01,Leslieville Fourplex,Unit 4,Rent,2423,Y,,
"Jan 5, 2026",Parkdale Walk-Up,Unit 1,Rent,1669.00,Y,,
01/01/2026,Parkdale Walk-Up,Unit 2,Rent,"$1,718.00",Y,,
"Jan 1, 2026",Parkdale Walk-Up,Unit 3,Rent,1766.00,Yes,,
2026-01-01,Parkdale Walk-Up,Unit 4,Rent,1815,TRUE,,
2026-01-02,Parkdale Walk-Up,Unit 5,Rent,1863.00,Y,,
2026-01-05,Parkdale Walk-Up,Unit 6,Rent,1911.00,Y,,
2026-01-02,Parkdale Walk-Up,Unit 7,Rent,1960,Y,,
01/01/2026,Parkdale Walk-Up,Unit 8,Rent,2008,Y,,
2026-01-01,parkdale walk-up,Unit 9,Rent,2057,yes,,
2026-01-03,Parkdale Walk-Up,Unit 10,Rent,2105.00,Y,,
2026-01-01,Parkdale Walk-Up,Unit 11,Rent,2154,Yes,,
2026-01-01,Parkdale Walk-Up,Unit 12,Rent,2202,Y,,
2026-01-01,junction six-plex,Unit 1,Rent,1885.00,yes,,
03/01/2026,Junction Six-Plex,Unit 2,Rent,1938,Y,,
02/01/2026,Junction Six-Plex,Unit 3,Rent,1992.00,Y,,
01/01/2026,Junction Six-Plex,Unit 4,Rent,2046.00,TRUE,,
2026-01-01,Junction Six-Plex,Unit 5,Rent,2154.00,Y,,
2026-01-01,Junction Six-Plex,Unit 6,Rent,2261,Y,,
2026-01-05,East York Low-Rise,Unit 101,Rent,1992,No,,
01/01/2026,East York Low-Rise,Unit 102,Rent,2025,Y,,
2026-01-01,East York Low-Rise,Unit 103,Rent,2057,Yes,,
2026-01-01,East York Low-Rise,Unit 104,Rent,2089,Y,,
03/01/2026,East York Low-Rise,Unit 105,Rent,2121,Y,,
2026-01-01,East York Low-Rise,Unit 106,Rent,2154.00,N,,
01/01/2026,East York Low-Rise,Unit 107,Rent,1992.00,Yes,,
2026-01-01,East York Low-Rise,Unit 108,Rent,2025,N,,
2026-01-01  ,East York Low-Rise,Unit 109,Rent,2057,N,,
2026-01-05,East York Low-Rise,Unit 110,Rent,2089.00,Y,,
2026-01-05,East York Low-Rise,Unit 111,Rent,2121.00,Y,,
2026-01-03,East York Low-Rise,Unit 112,Rent,2154.00,Y,,
"Jan 1, 2026",East York Low-Rise,Unit 113,Rent,"$1,992.00",N,,
2026-01-03,East York Low-Rise,Unit 114,Rent,2025.00,Y,,
2026-01-05,East York Low-Rise,Unit 115,Rent,2057.00,Y,,
2026-01-03,East York Low-Rise,Unit 116,Rent,2089,Y,,
2026-01-05,East York Low-Rise,Unit 117,Rent,2121.00,Y,,
2026-01-03,East York Low-Rise,Unit 118,Rent,2154.00,TRUE,,
2026/01/03,Danforth Triplex,Upper,Plumbing,40.00,Y,Beaches Plumbing Co.,Fixed running toilet
2026-01-13  ,East York Low-Rise,Common area,Snow Removal,171.95,Y,Snowline Property Services,Walkway and steps cleared
2026-01-13, Danforth Triplex ,Main,Pest Control,274.94,Y,Queen West Pest Control,"Mice treatment, basement"
 2026-01-01,danforth triplex,Common area,Appliance,360.47,N,Riverdale Appliance Repair,Fridge not cooling
2026-01-20,East York Low-Rise,Unit 106,Pest Control,232.40,yes,Queen West Pest Control,"Mice treatment, basement"
2026-01-13,Parkdale Walk-Up,Unit 12,Pest Control,$175.77,Y,Queen West Pest Control,"Mice treatment, basement"
2026-01-17,Parkdale Walk-Up,Unit 10,Cleaning,86.95,Y,Greenwood Cleaning  ,Turnover clean
2026-01-16,Leslieville Fourplex,Unit 2,Electrical,477.93,Y, Leslieville Electric Ltd,"Breaker tripping, traced to dryer"
2026-01-14,Danforth Triplex,Lower,Electrical,577.78,Y,Leslieville Electric Ltd,"Breaker tripping, traced to dryer"
2026-01-28,Leslieville Fourplex,Unit 1,Appliance,271.42,Y,Riverdale Appliance Repair,Dryer belt replaced
2026-01-07,Junction Six-Plex,Unit 6,Cleaning,177.30,Y,Greenwood Cleaning,Turnover clean
2026/01/28,Leslieville Fourplex,Unit 4,Plumbing,183.88,Y,Beaches Plumbing Co.,Replaced shut-off valve
2026-01-07,Leslieville Fourplex,Common area,Appliance,404.55,Y,Riverdale Appliance Repair,Stove element replaced
2026-01-01,Danforth Triplex,Lower,Cooling,196.83,Y,Don Valley HVAC,Window unit replaced
2026/01/16,Danforth Triplex,Common area,Electrical,288.01,yes,Leslieville Electric Ltd,"Breaker tripping, traced to dryer"
2026-01-01,Danforth Triplex,Lower,Pest Control,$261.56,TRUE,Queen West Pest Control,"Mice treatment, basement"
2026-01-24,Parkdale Walk-Up,Common area,APPLIANCE,301.28,TRUE,Riverdale Appliance Repair,Stove element replaced
2026-01-18,Parkdale Walk-Up,Unit 3,heating,315.31,Y,Don Valley HVAC,Furnace service
08/01/2026,Leslieville Fourplex,Common area,Electrical,541.79,yes,Leslieville Electric Ltd,Swapped hallway light fixture
2026-01-18,Parkdale Walk-Up,Unit 12,Plumbing,234.48,Y,Beaches Plumbing Co.,Fixed running toilet
2026/01/10,Danforth Triplex,Lower,PEST CONTROL,148.38,N,Queen West Pest Control,"Mice treatment, basement"
2026-01-15,East York Low-Rise,Unit 101,Electrical,$319.08,Y,Leslieville Electric Ltd,"Breaker tripping, traced to dryer"
2026-01-17,East York Low-Rise,Unit 118,PEST CONTROL,295.53,Yes,Queen West Pest Control,"Mice treatment, basement"
2026-01-06,Danforth Triplex,Main,Plumbing,325.95,N, Beaches Plumbing Co.,Replaced kitchen faucet cartridge
2026-01-26,Parkdale Walk-Up,Unit 9,Cleaning,$54.68,Y,Greenwood Cleaning,Turnover clean
16/01/2026,Parkdale Walk-Up,Unit 8,Heating,734.65,Y,Don Valley HVAC,Boiler pressure reset
2026-01-28,Junction Six-Plex,Unit 3,Appliance,426.92,Y,Riverdale Appliance Repair,Fridge not cooling
2026-01-06,Junction Six-Plex,Unit 6,Heating,422.60,N,Don Valley HVAC,Boiler pressure reset
2026-01-22,Leslieville Fourplex,Unit 1,Pest Control,274.50,N,Queen West Pest Control,Follow-up treatment
2026-01-28,Junction Six-Plex,Unit 1,Pest Control,207.10,Y,Queen West Pest Control,Follow-up treatment
2026-01-12,Junction Six-Plex,Unit 6,Cleaning,164.63,Y,Greenwood Cleaning,Common area clean
2026-01-05,East York Low-Rise,Unit 118,Electrical,166.72,Y,Leslieville Electric Ltd,"Breaker tripping, traced to dryer"
2026-01-15,East York Low-Rise,Unit 108,Appliance,333.53,Yes,Riverdale Appliance Repair,Stove element replaced
2026-01-20,Danforth Triplex,Lower,Plumbing,342.00,Y,Beaches Plumbing Co.,Cleared bathroom drain
25/01/2026,East York Low-Rise,Unit 111,Appliance,167.48,N,Riverdale Appliance Repair,Stove element replaced
2026-01-27,East York Low-Rise,Unit 117,Snow Removal,TBD,yes,Snowline Property Services,Walkway and steps cleared
2026-01-16,Danforth Triplex,Upper,Plumbing,TBD,Yes,Beaches Plumbing Co.,Cleared bathroom drain
2026-01-26,East York Low-Rise,Unit 109,Appliance,229.04,Y,Riverdale Appliance Repair,Stove element replaced
"Jan 23, 2026",Junction Six-Plex,Unit 4,Cleaning,168.45,N,Greenwood Cleaning,Common area clean  
2026/01/15,Junction Six-Plex,Unit 1, Electrical ,547.90,Y,Leslieville Electric Ltd,Swapped hallway light fixture
28/01/2026,East York Low-Rise,Unit 108,Cleaning,108.83,Y,Greenwood Cleaning,Turnover clean
"Jan 10, 2026",Leslieville Fourplex,Unit 1,Snow Removal,271.65,Y,Snowline Property Services,Walkway and steps cleared
2026-01-02,Leslieville Fourplex,Unit 1,Electrical,745.52,Y,Leslieville Electric Ltd,Replaced GFCI outlet
15/01/2026,Junction Six-Plex,Unit 4,Plumbing,409.29,Y,Beaches Plumbing Co.,Cleared bathroom drain
2026-01-17,Danforth Triplex,Lower,Electrical,289.42,Y,Leslieville Electric Ltd,"Breaker tripping, traced to dryer"
2026-01-05,Leslieville Fourplex,Common area,Heating,$578.78,Y,Don Valley HVAC,Boiler pressure reset
2026-01-04,Parkdale Walk-Up,Unit 10,Appliance,393.36,Y,Riverdale Appliance Repair,Dryer belt replaced
2026-01-30, Leslieville Fourplex ,Unit 4,Electrical,316.11,N,Leslieville Electric Ltd,Replaced GFCI outlet
2026-01-05,Danforth Triplex,Common area,Plumbing,349.22,Y,Beaches Plumbing Co.,Replaced kitchen faucet cartridge
2026-01-20,Danforth Triplex,Main,Pest Control,N/A,Y,Queen West Pest Control,Follow-up treatment
18/01/2026,Danforth Triplex,Common area,Snow Removal,191.40,Y,Snowline Property Services,Salted front steps
2026-01-17,Danforth Triplex,Lower,Cooling,506.13,Yes,Don Valley HVAC,"AC not cooling, recharged"
09/01/2026,Danforth Triplex,Common area,Heating,815.09,N,Don Valley HVAC,Furnace service
2026-01-27,Danforth Triplex,Lower,Heating,595.49,Y,Don Valley HVAC,Furnace service
2026-02-01,Danforth Triplex,Main,Rent,2373.00,Y,,
2026-02-01,Danforth Triplex,Upper,Rent,2649.00,Y,,
2026-02-01, Danforth Triplex ,Lower,Rent,1821,Y,,
01/02/2026,Leslieville Fourplex,Unit 1,Rent,2097,Yes,,
2026/02/02,Leslieville Fourplex,Unit 2,Rent,2152.00,No,,
2026-02-05,Leslieville Fourplex,Unit 3,Rent,2263,Y,,
2026-02-01,Leslieville Fourplex,Unit 4,Rent,2484.00,Y,,
2026-02-03,Parkdale Walk-Up,Unit 1,Rent,"$1,711.00",Y,,
2026-02-03,PARKDALE WALK-UP,Unit 2,Rent,1761,Y,,
"Feb 5, 2026",Parkdale Walk-Up,Unit 3,Rent,1810.00,Y,,
2026-02-05,Parkdale Walk-Up,Unit 4,Rent,1860.00,TRUE,,
2026-02-03,Parkdale Walk-Up,Unit 5,Rent,"$1,910.00",Y,,
01/02/2026,Parkdale Walk-Up,Unit 6,RENT,1959.00,Y,,
01/02/2026,Parkdale Walk-Up,Unit 7,rent,2009.00,Y,,
2026-02-05,Parkdale Walk-Up,Unit 8,Rent,2059,TRUE,,
01/02/2026,Parkdale Walk-Up,Unit 9,Rent,TBD,Y,,
2026-02-02,Parkdale Walk-Up,Unit 10,Rent,2158,Y,,
2026-02-01,Parkdale Walk-Up,Unit 11,Rent,2208.00,Yes,,
2026-02-05,Junction Six-Plex,Unit 1,Rent,1932.00,Yes,,
2026-02-01,Junction Six-Plex,Unit 3,Rent,2042.00,Yes,,
2026-02-01,Junction Six-Plex,Unit 4,Rent,2097,Yes,,
2026/02/01,Junction Six-Plex,Unit 6,Rent,2318,Y,,
2026-02-01,East York Low-Rise,Unit 101,Rent,2042,Y,,
2026-02-02,East York Low-Rise,Unit 102,Rent,2075,Y,,
2026-02-01,East York Low-Rise,Unit 103,Rent,2108.00,Y,,
2026-02-05,East York Low-Rise,Unit 104,Rent,2141.00,Y,,
2026-02-05,East York Low-Rise,Unit 105,Rent,2175,Yes,,
2026-02-01,East York Low-Rise,Unit 106,Rent,2208,yes,,
2026-02-01,East York Low-Rise,Unit 107,Rent,2042.00,Y,,
2026-02-01,East York Low-Rise,Unit 108,Rent,2075,Y,,
01/02/2026  ,East York Low-Rise,Unit 109,Rent,2108.00,Y,,
2026/02/05,EAST YORK LOW-RISE,Unit 110,Rent,2141.00,Y,,
"Feb 1, 2026",East York Low-Rise,Unit 111,Rent,,Y,,
"Feb 5, 2026",East York Low-Rise,Unit 112,Rent,2208.00,Y,,
2026-02-01,East York Low-Rise,Unit 113, Rent ,2042,Y,,
01/02/2026,East York Low-Rise,Unit 114,Rent,"$2,075.00",Y,,
01/02/2026,East York Low-Rise,Unit 115,Rent,2108.00,No,,
2026-02-01,East York Low-Rise,Unit 116,Rent,2141,Y,,
2026-02-01,East York Low-Rise,Unit 117,Rent,"$2,175.00",Y,,
2026-02-03,East York Low-Rise,Unit 118,Rent,2208.00,Y,,
02/02/2026,Danforth Triplex,Lower,Appliance,312.02,Y,Riverdale Appliance Repair,Fridge not cooling
2026-02-10,Junction Six-Plex,Unit 2,Plumbing,$230.28,Yes,Beaches Plumbing Co.,Cleared bathroom drain
09/02/2026,Leslieville Fourplex,Unit 1,Plumbing,586.72,Y,Beaches Plumbing Co.,Replaced kitchen faucet cartridge
2026-02-14,Leslieville Fourplex,Common area,Electrical,322.39,Y,Leslieville Electric Ltd,"Breaker tripping, traced to dryer"
"Feb 15, 2026",Junction Six-Plex,Unit 2,Heating,451.54,Yes,Don Valley HVAC,Replaced furnace igniter
 2026-02-13,Parkdale Walk-Up,Unit 5,Heating,475.38,FALSE,Don Valley HVAC,Boiler pressure reset
2026-02-27,Parkdale Walk-Up,Unit 6,SNOW REMOVAL,$211.98,Yes,Snowline Property Services,Walkway and steps cleared
2026-02-26,Danforth Triplex,Main,Snow Removal,93.22,Yes,Snowline Property Services,Walkway and steps cleared
2026-02-06,Leslieville Fourplex,Unit 2,Plumbing,262.37,Y,Beaches Plumbing Co.,Replaced kitchen faucet cartridge
21/02/2026,DANFORTH TRIPLEX,Common area,Pest Control,365.47,Yes,Queen West Pest Control,Follow-up treatment
2026-02-26,Parkdale Walk-Up,Unit 11,Snow Removal,$226.46,Y,Snowline Property Services,Salted front steps
2026-02-17,Leslieville Fourplex,Unit 3,Plumbing,348.73,Y,Beaches Plumbing Co.,Cleared bathroom drain
2026/02/04,Parkdale Walk-Up,Unit 11, Snow Removal ,$160.09,Y,Snowline Property Services,Salted front steps
2026-02-24,Junction Six-Plex,Unit 6,Cleaning,249.89,Yes,Greenwood Cleaning,Turnover clean
2026-02-11,East York Low-Rise,Unit 110,Plumbing,382.52,Y,Beaches Plumbing Co.,Replaced shut-off valve
2026/02/21,Leslieville Fourplex,Unit 3,Heating,613.80,Y,Don Valley HVAC,Replaced furnace igniter
2026-02-05,Parkdale Walk-Up,Unit 7,Appliance,292.96,TRUE,Riverdale Appliance Repair,Dryer belt replaced
2026-02-22,East York Low-Rise,Unit 114,Snow Removal,153.71,yes,Snowline Property Services,Walkway and steps cleared
2026-02-20,Leslieville Fourplex,Common area,Heating,501.87,Yes,Don Valley HVAC,Furnace service
01/02/2026,East York Low-Rise,Unit 113,landscaping,N/A,yes, Greenwood Cleaning,Lawn cut and edging
2026-02-15,Junction Six-Plex,Unit 3,Snow Removal,103.87,Y,Snowline Property Services,Salted front steps
2026-02-03,East York Low-Rise,Unit 118,Electrical,431.24,Y,Leslieville Electric Ltd,"Breaker tripping, traced to dryer"
"Feb 1, 2026",Danforth Triplex,Main,pest control,351.45,N,Queen West Pest Control,"Mice treatment, basement"
2026-02-08,East York Low-Rise,Unit 106,Pest Control,194.60,N,Queen West Pest Control,"Mice treatment, basement"
2026-02-02,Junction Six-Plex,Unit 5,Pest Control,200.89,Y,Queen West Pest Control,"Mice treatment, basement"
2026-02-07,Leslieville Fourplex,Unit 2,Pest Control,340.26,yes,Queen West Pest Control,"Mice treatment, basement"
2026-02-21,Leslieville Fourplex,Common area,Snow Removal,$112.76,FALSE, Snowline Property Services,Salted front steps
17/02/2026,Danforth Triplex,Lower,Cleaning,133.51,yes,Greenwood Cleaning,Turnover clean
22/02/2026,DANFORTH TRIPLEX,Common area,Landscaping,$229.89,N,Greenwood Cleaning,Leaf cleanup
2026-02-21,East York Low-Rise,Unit 108,Cleaning,125.23,Y,Greenwood Cleaning,Common area clean
2026-02-12,Leslieville Fourplex,Unit 1,ELECTRICAL,$723.04,Y,Leslieville Electric Ltd,"Breaker tripping, traced to dryer"
"Feb 8, 2026",East York Low-Rise,Unit 111,Heating,675.25,Y,Don Valley HVAC,Bled radiators
2026-02-17,Leslieville Fourplex,Unit 2,Cleaning,114.40,Y,Greenwood Cleaning,Turnover clean
2026-02-01,Parkdale Walk-Up,Unit 2,PLUMBING,340.07,Y,Beaches Plumbing Co.,Cleared bathroom drain
2026-02-22,Danforth Triplex,Common area,cleaning,197.40,N,Greenwood Cleaning, Common area clean
2026-02-13,Junction Six-Plex,Unit 6,Heating,668.81,Y,Don Valley HVAC,Replaced furnace igniter  
2026/02/20,Leslieville Fourplex,Unit 3,Heating,137.42,Y,Don Valley HVAC,Bled radiators
2026-02-22,Junction Six-Plex,Unit 4,Heating,579.16,Y,Don Valley HVAC,Furnace service
2026-02-24,Parkdale Walk-Up,Common area,Pest Control,384.33,Y,Queen West Pest Control,"Mice treatment, basement"
2026-02-02,Danforth Triplex,Common area,Snow Removal,113.09,Yes,Snowline Property Services,Salted front steps
2026-02-16,Junction Six-Plex,Unit 5,Snow Removal,146.42,N,Snowline Property Services, Walkway and steps cleared
2026-02-07,Junction Six-Plex,Unit 2,Appliance,300.93,No,Riverdale Appliance Repair,Stove element replaced
2026-02-11,Junction Six-Plex,Unit 6,Appliance,253.62,TRUE,Riverdale Appliance Repair,Dryer belt replaced
12/02/2026,Danforth Triplex,Common area,Pest Control,102.19,Yes,Queen West Pest Control,Follow-up treatment
2026-02-14,Junction Six-Plex,Common area,Appliance,255.84,yes,Riverdale Appliance Repair,Dryer belt replaced
2026-02-05,Danforth Triplex,Common area,Cleaning,147.95,Y,Greenwood Cleaning,Turnover clean
2026-02-22,Parkdale Walk-Up,Unit 4,Heating,605.89,Y,Don Valley HVAC,Boiler pressure reset
"Feb 6, 2026",Danforth Triplex,Lower,Cleaning,80.96,Y,Greenwood Cleaning,Common area clean
2026-02-26,Danforth Triplex,Main,Electrical,653.82,Y,Leslieville Electric Ltd,Swapped hallway light fixture
2026-02-17,Junction Six-Plex,Unit 3,Snow Removal,229.33,Y,Snowline Property Services,Walkway and steps cleared
2026-02-09,Danforth Triplex,Upper,Pest Control,299.87,Y,Queen West Pest Control,Follow-up treatment
21/02/2026  ,Leslieville Fourplex,Unit 2,Heating,534.74,Y,Don Valley HVAC,Furnace service
2026-02-07,Junction Six-Plex,Unit 6,Cooling,429.27,Yes,Don Valley HVAC,Window unit replaced
"Feb 6, 2026",Danforth Triplex,Lower,Snow Removal,172.05,Y, Snowline Property Services,Salted front steps
2026-02-18,Parkdale Walk-Up,Unit 5,Snow Removal,193.18,Y,Snowline Property Services,Salted front steps
2026-02-11,Danforth Triplex,Common area,pest control,377.54,Y,Queen West Pest Control,"Mice treatment, basement"
2026-03-02,Danforth Triplex,Main,Rent,2373.00,N,,
2026-03-02,Danforth Triplex,Upper,Rent,2649.00,yes,,
2026-03-03,Danforth Triplex,Lower,Rent,1821,Y,,
01/03/2026,Leslieville Fourplex,Unit 1,Rent,2097.00,Y,,
2026-03-03,Leslieville Fourplex,Unit 2,rent,2152,Y,,
2026-03-01,Leslieville Fourplex,Unit 3,Rent,2263.00,No,,
2026-03-02,Leslieville Fourplex,Unit 4,Rent,2484.00,Y,,
2026-03-01,Parkdale Walk-Up,Unit 2,Rent,"$1,761.00",N,,
2026-03-01,Parkdale Walk-Up,Unit 3,Rent,1810,Y,,
2026-03-05,Parkdale Walk-Up,Unit 4,Rent,1860,Y,,
2026-03-05,Parkdale Walk-Up,Unit 5,Rent,1910.00,Y,,
2026/03/02,Parkdale Walk-Up,Unit 6,Rent,1959,Y,,
2026-03-03,Parkdale Walk-Up,Unit 7,Rent,2009,yes,,
2026-03-02,Parkdale Walk-Up,Unit 8,Rent,"$2,059.00",N,,
2026-03-01,Parkdale Walk-Up,Unit 9,Rent,2108,Y,,
"Mar 3, 2026",Parkdale Walk-Up,Unit 10,Rent,2158.00,Yes,,
"Mar 5, 2026",Parkdale Walk-Up,Unit 11,Rent,2208,Y,,
2026-03-01,Parkdale Walk-Up,Unit 12,Rent,2257,Y,,
2026-03-01,Junction Six-Plex,Unit 1,Rent,"$1,932.00",Y,,
2026-03-03,Junction Six-Plex,Unit 2,Rent,1987.00,Yes,,
2026-03-01,Junction Six-Plex,Unit 3,Rent,2042,yes,,
2026-03-01,junction six-plex,Unit 4,Rent,2097.00,yes,,
2026-03-05,Junction Six-Plex,Unit 5,Rent,2208,Y,,
2026-03-01,Junction Six-Plex,Unit 6,Rent,"$2,318.00",Y,,
2026-03-01,East York Low-Rise,Unit 101,Rent,2042.00,N,,
2026-03-02,East York Low-Rise,Unit 102,Rent,2075.00,Y,,
2026-03-01,East York Low-Rise,Unit 103,Rent,2108.00,Y,,
2026-03-01,East York Low-Rise,Unit 104,Rent,2141,Y,,
2026-03-03,East York Low-Rise,Unit 105,Rent,2175.00,Y,,
"Mar 3, 2026",East York Low-Rise,Unit 106,Rent,2208,Y,,
2026-03-05,East York Low-Rise,Unit 107,Rent,2042,Y,,
2026-03-02,East York Low-Rise,Unit 108,Rent,2075.00,Y,,
2026-03-01,East York Low-Rise,Unit 109,Rent,2108,Y,,
2026-03-01,East York Low-Rise,Unit 110,Rent,2141.00,Y,,
03/03/2026,East York Low-Rise,Unit 111,Rent,2175.00,Y,,
2026-03-05,East York Low-Rise,Unit 112,Rent,2208.00,Yes,,
2026-03-01,East York Low-Rise,Unit 113,Rent,2042.00,Yes,,
2026-03-03, East York Low-Rise ,Unit 114,Rent,2075.00,No,,
2026-03-05,East York Low-Rise,Unit 115,Rent,2108.00,Y,,
"Mar 1, 2026",East York Low-Rise,Unit 116,Rent,2141.00,Y,,
"Mar 1, 2026",East York Low-Rise,Unit 117,Rent,2175.00,Y,,
2026/03/01,East York Low-Rise,Unit 118,Rent,2208.00,Y,,
2026-03-01,Danforth Triplex,Main,Heating,214.93,Y,Don Valley HVAC,Furnace service
2026-03-08,Junction Six-Plex,Common area,Pest Control,204.18,Y,Queen West Pest Control,Follow-up treatment
2026-03-07,Junction Six-Plex,Unit 2,Heating,483.33,N,Don Valley HVAC,Boiler pressure reset
2026-03-05,Danforth Triplex,Main,Cleaning,181.07,Y,Greenwood Cleaning,Common area clean
2026-03-11,Junction Six-Plex,Unit 4, Electrical ,513.06,Y,Leslieville Electric Ltd,"Breaker tripping, traced to dryer"
2026-03-21,Danforth Triplex,Lower,APPLIANCE,239.42,Yes,Riverdale Appliance Repair,Dryer belt replaced
"Mar 28, 2026",East York Low-Rise,Unit 113,Appliance,439.82,Y,Riverdale Appliance Repair,Dryer belt replaced
"Mar 26, 2026",East York Low-Rise,Unit 106,Cleaning,175.03,Y,Greenwood Cleaning,Turnover clean
2026-03-29,Junction Six-Plex,Unit 5,Snow Removal,229.52,Y,Snowline Property Services,Walkway and steps cleared
"Mar 14, 2026",East York Low-Rise,Unit 103,Pest Control,204.66,TRUE,Queen West Pest Control,"Mice treatment, basement"
2026-03-26,Junction Six-Plex,Unit 5,Pest Control,247.40,TRUE,Queen West Pest Control,"Mice treatment, basement"
2026-03-25,Leslieville Fourplex,Unit 3,Heating,600.28,Y,Don Valley HVAC,Furnace service
2026-03-16,Junction Six-Plex,Common area,Electrical,246.77,Yes,Leslieville Electric Ltd,"Breaker tripping, traced to dryer"
"Mar 19, 2026",Junction Six-Plex,Unit 2,Plumbing,270.02,Y,Beaches Plumbing Co.,Replaced shut-off valve
2026-03-25,Parkdale Walk-Up,Unit 1,Snow Removal,200.79,Yes,Snowline Property Services,Salted front steps
2026-03-09,Danforth Triplex,Main,Plumbing,427.01,Y,Beaches Plumbing Co.,Replaced shut-off valve
2026-03-21,East York Low-Rise,Unit 108,Cleaning,213.39,Y,Greenwood Cleaning,Turnover clean
2026-03-22,Parkdale Walk-Up,Unit 1,Appliance,444.16,Y,Riverdale Appliance Repair,Stove element replaced
26/03/2026,East York Low-Rise,Unit 102,Heating,574.06,Y,Don Valley HVAC,Boiler pressure reset
2026-03-17,Danforth Triplex,Lower,Appliance,317.92,Y,Riverdale Appliance Repair,Stove element replaced
2026-03-28,Parkdale Walk-Up,Unit 5,Heating,$699.45,Y,Don Valley HVAC,Bled radiators
21/03/2026,Junction Six-Plex,Unit 1,Cleaning,194.13,Y,Greenwood Cleaning,Common area clean
17/03/2026,Danforth Triplex,Lower,Cleaning,69.19,Y,Greenwood Cleaning,Common area clean
2026-03-30,Danforth Triplex,Main,Heating,258.50,Y,Don Valley HVAC,Bled radiators
2026-03-09,Junction Six-Plex,Unit 2,Pest Control,233.12,No,Queen West Pest Control,Follow-up treatment
2026-03-18,Leslieville Fourplex,Unit 2,Plumbing,278.49,FALSE,Beaches Plumbing Co.,Replaced kitchen faucet cartridge
 2026-03-14,Leslieville Fourplex,Unit 4,Pest Control,449.28,Y,Queen West Pest Control,"Mice treatment, basement"
2026-03-05,Leslieville Fourplex,Common area,Pest Control,TBD,Y,Queen West Pest Control  ,Follow-up treatment
2026-03-16,Parkdale Walk-Up,Unit 6,Snow Removal,152.45,Y,Snowline Property Services,Walkway and steps cleared
2026-03-10,Parkdale Walk-Up,Unit 11,Pest Control,236.00,Y,Queen West Pest Control,"Mice treatment, basement"
10/03/2026,Junction Six-Plex,Unit 5,Pest Control,291.44,Yes,Queen West Pest Control,Follow-up treatment
2026-03-08,Parkdale Walk-Up,Unit 11, Cleaning ,174.60,Y,Greenwood Cleaning  ,Common area clean
2026-03-11,junction six-plex,Unit 2,Electrical,502.29,Y,Leslieville Electric Ltd,Swapped hallway light fixture
2026-03-16  ,East York Low-Rise,Unit 108,Appliance,350.35,N,Riverdale Appliance Repair,Dryer belt replaced
"Mar 19, 2026",Parkdale Walk-Up,Unit 5,Cleaning,167.75,Y,Greenwood Cleaning,Common area clean
2026-03-25,East York Low-Rise,Unit 114,Heating,498.25,Y,Don Valley HVAC,Bled radiators
2026-03-20,Parkdale Walk-Up,Unit 4,Cleaning,141.70,FALSE,Greenwood Cleaning,Common area clean
2026-03-02  ,Parkdale Walk-Up,Unit 7,Landscaping,$273.35,Yes,Greenwood Cleaning,Lawn cut and edging
2026-03-11,Danforth Triplex,Upper,Appliance,316.96,Yes,Riverdale Appliance Repair,Dryer belt replaced
2026-03-20,Junction Six-Plex,Unit 6,Heating,477.14,Y,Don Valley HVAC,Bled radiators
"Mar 4, 2026",Junction Six-Plex,Common area,Cleaning,167.80,Y,Greenwood Cleaning,Turnover clean  
2026-03-17,East York Low-Rise,Unit 103,Appliance,203.02,Y,Riverdale Appliance Repair,Fridge not cooling
2026-03-01,Junction Six-Plex,Unit 1,Electrical,301.74,Y,Leslieville Electric Ltd,Replaced GFCI outlet
05/03/2026,East York Low-Rise,Unit 117,Heating,669.55,N,Don Valley HVAC,Bled radiators
21/03/2026,east york low-rise,Unit 107,Snow Removal,130.43,Y,Snowline Property Services, Salted front steps
2026-03-12,Parkdale Walk-Up,Common area,Appliance,430.33,Yes,Riverdale Appliance Repair, Stove element replaced
2026-03-15,Junction Six-Plex,Common area,Pest Control,265.48,Y,Queen West Pest Control,"Mice treatment, basement"
"Mar 10, 2026",Parkdale Walk-Up,Unit 5,Appliance,303.10,yes,Riverdale Appliance Repair,Dryer belt replaced
2026-03-30,Danforth Triplex,Main,PLUMBING,378.91,N,Beaches Plumbing Co.,Fixed running toilet
2026-03-11,East York Low-Rise,Unit 107,Heating,686.20,Yes,Don Valley HVAC,Bled radiators
2026-03-22,Leslieville Fourplex,Unit 4,Snow Removal,61.29,N,Snowline Property Services,Salted front steps
2026-03-03,Junction Six-Plex,Unit 4,Appliance,331.97,Y,Riverdale Appliance Repair,Dryer belt replaced
2026-03-14,Danforth Triplex,Common area,Pest Control,220.72,Y, Queen West Pest Control,Follow-up treatment
26/03/2026,Danforth Triplex,Lower,Snow Removal,$168.88,Y,Snowline Property Services,Walkway and steps cleared
26/03/2026,Danforth Triplex,Lower,Snow Removal,$168.88,Y,Snowline Property Services,Walkway and steps cleared
2026-03-21,Leslieville Fourplex,Unit 3,Cleaning,151.66,Y,Greenwood Cleaning,Common area clean
2026-03-10,Danforth Triplex,Common area,Pest Control,292.26,Y,Queen West Pest Control,"Mice treatment, basement"
2026-03-31,Leslieville Fourplex,Unit 4,Pest Control,$204.48,Y,Queen West Pest Control,Follow-up treatment
2026-03-27,Leslieville Fourplex,Unit 4,Cleaning,123.12,Y,Greenwood Cleaning,Common area clean
"Mar 26, 2026",Danforth Triplex,Main,Heating,583.66,Y,Don Valley HVAC, Furnace service
2026-03-30,Danforth Triplex,Upper,Cleaning,163.32,Y,Greenwood Cleaning,Turnover clean
2026-03-19,East York Low-Rise,Unit 101,Heating,511.58,Y,Don Valley HVAC,Furnace service
2026-03-01,Leslieville Fourplex,Unit 1,Cleaning,145.53,Y,Greenwood Cleaning,Turnover clean
2026-03-13,Parkdale Walk-Up,Unit 7,Heating,144.18,Y,Don Valley HVAC,Bled radiators
2026-04-01,Danforth Triplex,Main,Rent,2373,Y,,
2026-04-02,Danforth Triplex,Upper,Rent,2649.00,Y,,
2026-04-02,Danforth Triplex,Upper,Rent,2649.00,Y,,
2026-04-02,Danforth Triplex,Lower,Rent,1821.00,Y,,
2026-04-02, Leslieville Fourplex ,Unit 1,Rent,2097,FALSE,,
2026-04-01,Leslieville Fourplex,Unit 2,rent,2152,Yes,,
2026-04-01,Leslieville Fourplex,Unit 3,Rent,2263.00,Yes,,
2026-04-02,Leslieville Fourplex,Unit 4,Rent,2484,Y,,
2026-04-05,Parkdale Walk-Up,Unit 2,Rent,"$1,761.00",Y,,
2026-04-03,Parkdale Walk-Up,Unit 3,Rent,N/A,Y,,
2026-04-01,Parkdale Walk-Up,Unit 4,Rent,1860.00,Y,,
2026-04-01,Parkdale Walk-Up,Unit 5,Rent,"$1,910.00",Y,,
01/04/2026,Parkdale Walk-Up,Unit 6,Rent,1959,Y,,
2026-04-01,Parkdale Walk-Up,Unit 7,Rent,TBD,Y,,
"Apr 1, 2026",Parkdale Walk-Up,Unit 8,Rent,2059,Y,,
2026-04-01,Parkdale Walk-Up,Unit 9,Rent,2108,Y,,
2026-04-02,Parkdale Walk-Up,Unit 10,Rent,2158.00,Y,,
2026-04-01,Parkdale Walk-Up,Unit 11,Rent,2208.00,Yes,,
2026-04-01,Parkdale Walk-Up,Unit 12,Rent,2257.00,Y,,
"Apr 2, 2026",Junction Six-Plex,Unit 1,Rent,1932.00,Y,,
2026-04-01,Junction Six-Plex,Unit 2,Rent,1987.00,Y,,
"Apr 1, 2026",Junction Six-Plex,Unit 3,Rent,2042.00,Y,,
2026-04-03,Junction Six-Plex,Unit 4,Rent,2097,Yes,,
2026-04-03,Junction Six-Plex,Unit 4,Rent,2097,Yes,,
2026-04-03, Junction Six-Plex ,Unit 5,Rent,2208,Y,,
2026-04-03,Junction Six-Plex,Unit 6,Rent,2318,yes,,
2026-04-03,East York Low-Rise,Unit 101,Rent,2042.00,yes,,
2026/04/01,East York Low-Rise,Unit 102,Rent,2075.00,Yes,,
2026-04-01,east york low-rise,Unit 104,Rent,"$2,141.00",yes,,
"Apr 1, 2026",East York Low-Rise,Unit 105,Rent,2175.00,Y,,
2026-04-01,East York Low-Rise,Unit 106,Rent,2208.00,Y,,
2026-04-05,East York Low-Rise,Unit 107,Rent,2042.00,Y,,
03/04/2026,East York Low-Rise,Unit 108,Rent,2075.00,Yes,,
2027-09-27,East York Low-Rise,Unit 109,Rent,2108.00,FALSE,,
2026-04-05,East York Low-Rise,Unit 110,Rent,2141,Y,,
2026-04-01,East York Low-Rise,Unit 111,rent,2175.00,Yes,,
2026-04-02,East York Low-Rise,Unit 112,Rent,2208.00,Y,,
2026-04-02,East York Low-Rise,Unit 113,Rent,2042.00,TRUE,,
2026-04-01,East York Low-Rise,Unit 114,Rent,2075,Y,,
2026-04-01,East York Low-Rise,Unit 115,Rent,2108.00,Yes,,
2026-04-03,East York Low-Rise,Unit 116, Rent ,2141.00,TRUE,,
2026/04/01,East York Low-Rise,Unit 117,Rent,2175,Y,,
2026-04-05,East York Low-Rise,Unit 118,Rent,2208.00,Y,,
2026-04-13,Danforth Triplex,Upper,Appliance,358.56,Y,Riverdale Appliance Repair,Fridge not cooling
2026/04/09,Danforth Triplex,Main,Plumbing,405.19,Y,Beaches Plumbing Co.,Fixed running toilet
07/04/2026,Leslieville Fourplex,Unit 1,Cleaning,126.79,Y,Greenwood Cleaning,Common area clean
02/04/2026,Parkdale Walk-Up,Unit 8,Cooling,343.44,Y,Don Valley HVAC,Window unit replaced
2026-04-04,parkdale walk-up,Unit 12,Cleaning,109.58,Y,Greenwood Cleaning,Turnover clean
23/04/2026,Junction Six-Plex,Unit 2,PEST CONTROL,278.51,Yes,Queen West Pest Control," Mice treatment, basement"
2026-04-04,Leslieville Fourplex,Unit 2,Appliance,213.00,Y,Riverdale Appliance Repair,Stove element replaced
2026-04-04,Leslieville Fourplex,Unit 2,Appliance,213.00,Y,Riverdale Appliance Repair,Stove element replaced
2026-04-22,Leslieville Fourplex,Unit 3,Plumbing,221.31,Y,Beaches Plumbing Co.,Cleared bathroom drain
2026-04-29,East York Low-Rise,Unit 114,PEST CONTROL,178.97,Y,Queen West Pest Control,"Mice treatment, basement"
"Apr 1, 2026",East York Low-Rise,Unit 101,Pest Control,320.69,Y,Queen West Pest Control,Follow-up treatment
"Apr 14, 2026",East York Low-Rise,Unit 111,Pest Control,149.18,yes,Queen West Pest Control,"Mice treatment, basement"
2026-04-02,Danforth Triplex,Main,Plumbing,184.38,Y,Beaches Plumbing Co.,Replaced shut-off valve
"Apr 27, 2026",Danforth Triplex,Lower,Appliance,299.10,TRUE,Riverdale Appliance Repair,Stove element replaced
2026-04-16,Parkdale Walk-Up,Unit 11,Snow Removal,107.72,Y,Snowline Property Services  ,Salted front steps
 2026-04-02,East York Low-Rise,Unit 113,Electrical,560.43,N,Leslieville Electric Ltd,Replaced GFCI outlet
2026-04-03,Junction Six-Plex,Unit 4,Cleaning,186.18,Y,Greenwood Cleaning,Turnover clean
2026-04-18,East York Low-Rise,Unit 110,Appliance,360.90,Y,Riverdale Appliance Repair,Stove element replaced
18/04/2026,Leslieville Fourplex,Common area,Plumbing,155.23,Y,Beaches Plumbing Co.,Cleared bathroom drain
2026-04-17,Parkdale Walk-Up,Unit 1,Landscaping,74.22,Y,Greenwood Cleaning,Leaf cleanup
2026-04-22,Danforth Triplex,Main,Plumbing,215.25,Y,Beaches Plumbing Co.,Fixed running toilet
2026/04/19,Junction Six-Plex,Unit 5,Cleaning,$40.90,Y,Greenwood Cleaning,Common area clean
2026-04-22,Leslieville Fourplex,Unit 4,Cleaning,40.00,Y,Greenwood Cleaning,Common area clean
2026-04-21,Leslieville Fourplex,Unit 1,Electrical,295.92,N,Leslieville Electric Ltd,"Breaker tripping, traced to dryer"
2026-04-26,Leslieville Fourplex,Unit 3,Plumbing,139.43,Y,Beaches Plumbing Co.,Replaced kitchen faucet cartridge
2026-04-25,danforth triplex,Main,Plumbing,$341.55,Y,Beaches Plumbing Co.,Replaced shut-off valve
2026-04-01,Junction Six-Plex,Common area,Electrical,$355.53,Y,Leslieville Electric Ltd,"Breaker tripping, traced to dryer"
2026-04-17,Leslieville Fourplex,Unit 4,Cleaning,138.65,Yes,Greenwood Cleaning,Turnover clean
"Apr 3, 2026",Parkdale Walk-Up,Unit 3,Cleaning,103.32,Y,Greenwood Cleaning,Common area clean
"Apr 30, 2026",junction six-plex,Unit 1,Electrical,546.58,Y,Leslieville Electric Ltd,Replaced GFCI outlet
2026-04-11,Leslieville Fourplex,Unit 4,Plumbing,229.24,yes,Beaches Plumbing Co.,Replaced kitchen faucet cartridge
2026-04-01,East York Low-Rise,Unit 111,Electrical,426.07,Yes,Leslieville Electric Ltd, Swapped hallway light fixture
2026-04-20  ,Leslieville Fourplex,Unit 2,Landscaping,209.82,TRUE,Greenwood Cleaning,Leaf cleanup
2026/04/06,Parkdale Walk-Up,Unit 3,Cleaning,173.80,N,Greenwood Cleaning,Common area clean
13/04/2026,Junction Six-Plex,Unit 6,Pest Control,257.15,Y,Queen West Pest Control,Follow-up treatment
2026/04/14,Leslieville Fourplex,Unit 1,Electrical,687.21,Y,Leslieville Electric Ltd,Replaced GFCI outlet
2026-04-25, Danforth Triplex ,Lower,Cleaning,$201.48,Y,Greenwood Cleaning,Turnover clean
2026-04-11,Danforth Triplex,Lower,Appliance,336.36,Y,Riverdale Appliance Repair, Stove element replaced
"Apr 3, 2026",Leslieville Fourplex,Unit 3,Electrical,526.33,Y,Leslieville Electric Ltd,Replaced GFCI outlet
2026-04-15,Parkdale Walk-Up,Unit 12,Plumbing,239.22,Y,Beaches Plumbing Co.,Replaced shut-off valve
2026-04-14,Danforth Triplex,Upper,Pest Control,391.26,Y,Queen West Pest Control,"Mice treatment, basement"
2026-04-13,Danforth Triplex,Common area,Plumbing,151.97,TRUE,Beaches Plumbing Co.,Replaced kitchen faucet cartridge
2026-04-20,Leslieville Fourplex,Common area,Plumbing,250.34,Yes,Beaches Plumbing Co.,Fixed running toilet
2026-04-24,East York Low-Rise,Unit 106,Electrical,259.01,Yes,Leslieville Electric Ltd,"Breaker tripping, traced to dryer"
2026-04-15,East York Low-Rise,Unit 106,Plumbing,323.99,Y,Beaches Plumbing Co.,Replaced kitchen faucet cartridge
07/04/2026,Leslieville Fourplex,Unit 3,Pest Control,191.02,Y,Queen West Pest Control,"Mice treatment, basement"
2026-05-02,Danforth Triplex,Main,Rent,2373.00,Y,,
2026-05-01,Danforth Triplex,Upper,Rent,2649,Yes,,
05/05/2026,danforth triplex,Lower,Rent,1821.00,Yes,,
2026-05-02,LESLIEVILLE FOURPLEX,Unit 1,rent,2097.00,Y,,
" May 2, 2026",leslieville fourplex,Unit 2,Rent,2152.00,yes,,
 01/05/2026,Leslieville Fourplex,Unit 3,Rent,2263.00,Y,,
02/05/2026,Leslieville Fourplex,Unit 4,Rent,2484.00,TRUE,,
2026-05-01,Parkdale Walk-Up,Unit 1,Rent,1711.00,TRUE,,
2026-05-01,Parkdale Walk-Up,Unit 2,Rent,1761.00,Y,,
05/05/2026,Parkdale Walk-Up,Unit 3,Rent,1810,Y,,
2026-05-01,Parkdale Walk-Up,Unit 4,Rent,1860,TRUE,,
2026-05-02,Parkdale Walk-Up,Unit 5,Rent,1910,Y,,
2026-05-03,Parkdale Walk-Up,Unit 6,Rent,"$1,959.00",Y,,
"May 5, 2026",Parkdale Walk-Up,Unit 7,Rent,2009.00,Y,,
2026-05-01,Parkdale Walk-Up,Unit 8,Rent,2059,Y,,
2026-05-03,Parkdale Walk-Up,Unit 9,Rent,2108,N,,
 2026-05-02,Parkdale Walk-Up,Unit 10,Rent,2158,Y,,
2026-05-01,Parkdale Walk-Up,Unit 11,Rent,2208.00,Y,,
2026-05-05,Parkdale Walk-Up,Unit 12,Rent,2257.00,Y,,
2026-05-02,Junction Six-Plex,Unit 1,Rent,1932,Y,,
2026-05-02,Junction Six-Plex,Unit 2,Rent,1987.00,Y,,
2026-05-05,Junction Six-Plex,Unit 3,Rent,2042.00,N,,
2026-05-03,Junction Six-Plex,Unit 4,Rent,2097.00,yes,,
2026-05-01,Junction Six-Plex,Unit 5,Rent,"$2,208.00",Y,,
05/05/2026, Junction Six-Plex ,Unit 6,Rent,2318,Y,,
2026-05-02,East York Low-Rise,Unit 101,Rent,2042.00,Y,,
2026-05-01,East York Low-Rise,Unit 103,Rent,2108,Y,,
2026-05-01,East York Low-Rise,Unit 104,Rent,2141.00,Y,,
2026/05/01,East York Low-Rise,Unit 106,Rent,2208,Y,,
2026-05-01,East York Low-Rise,Unit 107,Rent,2042.00,Y,,
2026-05-01,East York Low-Rise,Unit 108,Rent,2075,Y,,
03/05/2026,East York Low-Rise,Unit 109,Rent,2108.00,Y,,
2026-05-05,East York Low-Rise,Unit 110,Rent,"$2,141.00",Y,,
2026-05-02,East York Low-Rise,Unit 111,Rent,2175,Y,,
"May 5, 2026",East York Low-Rise,Unit 112,Rent,2208.00,Y,,
2026-05-01, East York Low-Rise ,Unit 113,Rent,2042,Yes,,
2026-05-02,East York Low-Rise,Unit 114,Rent,2075.00,TRUE,,
2026-05-05,East York Low-Rise,Unit 115,Rent,2108,Y,,
2026-05-01,EAST YORK LOW-RISE,Unit 116,Rent,2141.00,Yes,,
2027-11-11,East York Low-Rise,Unit 117,Rent,2175.00,Y,,
"May 5, 2026",East York Low-Rise,Unit 118,Rent,2208.00,TRUE,,
2026-05-05,Danforth Triplex,Lower,Cooling,258.61,Y,Don Valley HVAC,"AC not cooling, recharged"
2026-05-08,East York Low-Rise,Unit 112,heating,671.49,Y,Don Valley HVAC,Replaced furnace igniter
2026-05-08,East York Low-Rise,Unit 112,heating,671.49,Y,Don Valley HVAC,Replaced furnace igniter
2026-05-08,East York Low-Rise,Unit 112,heating,671.49,Y,Don Valley HVAC,Replaced furnace igniter
2026-05-12,Leslieville Fourplex,Unit 3,Cleaning,79.01,Y,Greenwood Cleaning,Turnover clean
2026-05-22, Junction Six-Plex ,Unit 6, Appliance ,202.29,Y,Riverdale Appliance Repair,Stove element replaced
2026-05-02, Parkdale Walk-Up ,Common area,Cleaning,114.77,Y,Greenwood Cleaning,Turnover clean
05/05/2026,Parkdale Walk-Up,Unit 6,Landscaping,150.46,Y,Greenwood Cleaning,Lawn cut and edging
2026-05-10,Parkdale Walk-Up,Unit 7,Pest Control,$297.50,Y,Queen West Pest Control,Follow-up treatment
09/05/2026,Danforth Triplex,Main,Appliance,279.30,Y,Riverdale Appliance Repair,Fridge not cooling
2026-05-07  ,Parkdale Walk-Up,Unit 8,Cleaning,191.97,Y,Greenwood Cleaning,Common area clean
2026-05-14,East York Low-Rise,Unit 105,PEST CONTROL,231.78,Y,Queen West Pest Control,"Mice treatment, basement"
2026-05-13,Danforth Triplex,Lower,Electrical,273.01,yes,Leslieville Electric Ltd,"Breaker tripping, traced to dryer"
 08/05/2026,Junction Six-Plex,Unit 2,Electrical,168.16,Y,Leslieville Electric Ltd,Swapped hallway light fixture
2026-05-06,Leslieville Fourplex,Unit 4,Snow Removal,90.36,Y,Snowline Property Services,Walkway and steps cleared
2026/05/17,East York Low-Rise,Unit 117,Electrical,458.79,Y,Leslieville Electric Ltd,Replaced GFCI outlet
2026-05-07,Danforth Triplex,Common area,Electrical,379.80,N,Leslieville Electric Ltd,Replaced GFCI outlet
2026-05-03,Parkdale Walk-Up,Unit 4,Electrical,40,Y,Leslieville Electric Ltd,"Breaker tripping, traced to dryer"
"May 15, 2026",East York Low-Rise,Common area,Cleaning,178.04,Y,Greenwood Cleaning,Turnover clean
2026-05-16,JUNCTION SIX-PLEX,Unit 3,Appliance,372.77,Y,Riverdale Appliance Repair,Dryer belt replaced
2026-05-29,Parkdale Walk-Up,Unit 2,PLUMBING,$377.29,Y,Beaches Plumbing Co.,Replaced shut-off valve
2026-05-14,East York Low-Rise,Unit 104,Landscaping,121.01,Y,Greenwood Cleaning,Leaf cleanup
2026/05/19,Leslieville Fourplex,Common area,Pest Control,99.92,Y,Queen West Pest Control,"Mice treatment, basement"
2026-05-15,East York Low-Rise,Unit 108,Appliance,243.69,Y,Riverdale Appliance Repair,Stove element replaced
2026-05-07,East York Low-Rise,Unit 105,HEATING,261.98,Y,Don Valley HVAC,Furnace service
"May 28, 2026",Leslieville Fourplex,Unit 1,Electrical,496.28,Y,Leslieville Electric Ltd,"Breaker tripping, traced to dryer"
2026-05-16,Parkdale Walk-Up,Unit 1,Landscaping,253.21,Y,Greenwood Cleaning,Lawn cut and edging
2026-05-04,Parkdale Walk-Up,Common area,Plumbing,117.02,Y,Beaches Plumbing Co.,Cleared bathroom drain
2026-05-25,East York Low-Rise,Unit 113,Electrical,$445.08,Y,Leslieville Electric Ltd,"Breaker tripping, traced to dryer"
2026-05-24,Parkdale Walk-Up,Unit 2,Landscaping,78.82,Y,Greenwood Cleaning,Lawn cut and edging
2026-05-15,Junction Six-Plex,Unit 5,Heating,790.09,Y,Don Valley HVAC,Boiler pressure reset
2026-05-28,Leslieville Fourplex,Unit 2,ELECTRICAL,234.71,Y,Leslieville Electric Ltd,"Breaker tripping, traced to dryer"
2026-05-02,Danforth Triplex,Common area, Appliance ,379.59,Y,Riverdale Appliance Repair,Dryer belt replaced
2026/05/24,Parkdale Walk-Up,Unit 5,Appliance,234.73,yes,Riverdale Appliance Repair,Dryer belt replaced
2026-05-27  ,Danforth Triplex,Upper,Pest Control,60.89,Y,Queen West Pest Control,Follow-up treatment
29/05/2026,Junction Six-Plex,Unit 1,Cleaning,TBD,yes,Greenwood Cleaning,Common area clean
2026-05-31,Parkdale Walk-Up,Common area,Plumbing,433.49,N,Beaches Plumbing Co.,Replaced shut-off valve  
2026-05-27,East York Low-Rise,Unit 109,Heating,502.43,Y,Don Valley HVAC,Furnace service
15/05/2026,Danforth Triplex,Common area,Appliance,390.41,Y,Riverdale Appliance Repair,Fridge not cooling
2026-05-01,Parkdale Walk-Up,Unit 5,Appliance,179.07,yes,Riverdale Appliance Repair,Stove element replaced
"May 21, 2026",East York Low-Rise,Unit 115,Electrical,396.39,Y,Leslieville Electric Ltd,"Breaker tripping, traced to dryer"
"May 19, 2026",Parkdale Walk-Up,Unit 7,Landscaping,319.15,Y,Greenwood Cleaning,Leaf cleanup
2026-05-24,Danforth Triplex,Upper,Appliance,316.70,Y,Riverdale Appliance Repair,Fridge not cooling
2026-05-14,East York Low-Rise,Unit 110,Pest Control,245.80,No,Queen West Pest Control,Follow-up treatment
2026-05-05,Danforth Triplex,Common area,Electrical,$227.61,Y,Leslieville Electric Ltd,Replaced GFCI outlet
2026/05/10,Leslieville Fourplex,Common area,Landscaping,48.98,Y,Greenwood Cleaning,Lawn cut and edging
2026-05-13,Parkdale Walk-Up,Unit 8,Electrical,588.92,Y,Leslieville Electric Ltd,Swapped hallway light fixture
2026-05-27,Parkdale Walk-Up,Unit 12,Electrical,510.29,Y,Leslieville Electric Ltd,Replaced GFCI outlet
2026-05-06,Leslieville Fourplex,Unit 2,Landscaping,124.79,Y,Greenwood Cleaning,Leaf cleanup
2026-05-13,Parkdale Walk-Up,Common area,Pest Control,180.32,Y,Queen West Pest Control,"Mice treatment, basement"
2026-05-11,Danforth Triplex,Common area,Cleaning,-188.63,Y,Greenwood Cleaning,Turnover clean
2026-05-29,Danforth Triplex,Main,Pest Control,260.63,Yes,Queen West Pest Control," Mice treatment, basement"
05/05/2026,Leslieville Fourplex,Common area,Electrical,557.52,Y,Leslieville Electric Ltd,Replaced GFCI outlet
2026-05-30,Leslieville Fourplex,Unit 2,Plumbing,539.78,Y,Beaches Plumbing Co.,Replaced shut-off valve
2026-05-30,Parkdale Walk-Up,Common area,Appliance,391.14,Y,Riverdale Appliance Repair,Fridge not cooling
02/05/2026,East York Low-Rise,Unit 111,PEST CONTROL,$134.86,N,Queen West Pest Control,"Mice treatment, basement  "
28/05/2026,Junction Six-Plex,Unit 3,Landscaping,124.77,Y,Greenwood Cleaning,Leaf cleanup
2026/05/15,Parkdale Walk-Up,Unit 4,APPLIANCE,433.68,Y,Riverdale Appliance Repair,Fridge not cooling
2026-05-08,East York Low-Rise,Unit 107,Pest Control,337.68,No,Queen West Pest Control,"Mice treatment, basement"
25/05/2026,East York Low-Rise,Unit 113,Electrical,345.40,Y,Leslieville Electric Ltd,Replaced GFCI outlet
2026-05-24,danforth triplex,Lower,Plumbing,405.78,Y,Beaches Plumbing Co.,Replaced shut-off valve
2026-06-03,Danforth Triplex,Main,Rent,2373.00,Y,,
2026-06-01,Danforth Triplex,Upper,Rent,2649,Y,,
2026-06-01,Danforth Triplex,Lower,Rent,1821.00,Yes,,
"Jun 1, 2026",LESLIEVILLE FOURPLEX,Unit 1,Rent,2097,Y,,
2026/06/01,Leslieville Fourplex,Unit 2,Rent,2152.00,Y,,
2026-06-01,Leslieville Fourplex,Unit 3,Rent,2263.00,Y,,
2026-06-01,Leslieville Fourplex,Unit 4,RENT,2484.00,Y,,
2026-06-05,PARKDALE WALK-UP,Unit 1,Rent,1711,Y,,
"Jun 3, 2026",Parkdale Walk-Up,Unit 2,Rent,1761,Y,,
2026-06-01,Parkdale Walk-Up,Unit 3,Rent,1810,FALSE,,
2026-06-01,Parkdale Walk-Up,Unit 4,Rent,1860,Y,,
2026-06-03,Parkdale Walk-Up,Unit 5,Rent,1910,Y,,
2026-06-01,Parkdale Walk-Up,Unit 6,Rent,1959,TRUE,,
03/06/2026,Parkdale Walk-Up,Unit 7,Rent,2009,Y,,
2026-06-01,Parkdale Walk-Up,Unit 8,Rent,2059,Y,,
02/06/2026,Parkdale Walk-Up,Unit 9,Rent,2108,Y,,
2026-06-02, Parkdale Walk-Up ,Unit 10,Rent,2158,Y,,
2026-06-05,Parkdale Walk-Up,Unit 11,rent,,Y,,
2026-06-03,Parkdale Walk-Up,Unit 12,Rent,2257,Y,,
"Jun 1, 2026",Junction Six-Plex,Unit 1,Rent,1932,TRUE,,
"Jun 2, 2026  ",Junction Six-Plex,Unit 2,Rent,1987,Yes,,
2026-06-03,Junction Six-Plex,Unit 3,Rent,2042,Yes,,
2026-06-01,Junction Six-Plex,Unit 4,Rent,2097,Y,,
2026-06-02,Junction Six-Plex,Unit 5,Rent,2208,Y,,
2026-06-01,Junction Six-Plex,Unit 6,Rent,2318.00,Yes,,
2026-06-03,East York Low-Rise,Unit 101,Rent,2042,yes,,
"Jun 3, 2026",East York Low-Rise,Unit 102,Rent,2075.00,Yes,,
2026-06-03,East York Low-Rise,Unit 104,Rent,2141.00,Y,,
"Jun 1, 2026",East York Low-Rise,Unit 105,Rent,2175,N,,
2026-06-01,East York Low-Rise,Unit 106,Rent,2208.00,no,,
2026-06-02,East York Low-Rise,Unit 107,Rent,-,FALSE,,
2026/06/01,East York Low-Rise,Unit 108,Rent,2075.00,TRUE,,
2026/06/01,east york low-rise,Unit 109,Rent,2108,Y,,
05/06/2026,East York Low-Rise,Unit 110,Rent,2141,Y,,
2026-06-05,East York Low-Rise,Unit 111,Rent,2175.00,Y,,
"Jun 3, 2026",East York Low-Rise,Unit 112,Rent,2208.00,Y,,
02/06/2026,East York Low-Rise,Unit 113,Rent,"$2,042.00",Y,,
03/06/2026,East York Low-Rise,Unit 114,Rent,2075.00,Y,,
01/06/2026,East York Low-Rise,Unit 115,Rent,2108.00,Y,,
2026-06-05,East York Low-Rise,Unit 116,Rent,"$2,141.00",Y,,
2026-06-03,East York Low-Rise,Unit 117,Rent,2175,Y,,
"Jun 1, 2026",East York Low-Rise,Unit 118,Rent,2208,yes,,
2026-06-07,East York Low-Rise,Unit 115,Plumbing,147.21,Y,Beaches Plumbing Co.,Replaced kitchen faucet cartridge
2026-06-07,East York Low-Rise,Unit 115,Plumbing,147.21,Y,Beaches Plumbing Co.,Replaced kitchen faucet cartridge
2026-06-29,Leslieville Fourplex,Unit 2,Appliance,292.66,Y,Riverdale Appliance Repair,Fridge not cooling
2026-06-05,Junction Six-Plex,Common area,Electrical,581.69,Y,Leslieville Electric Ltd,Replaced GFCI outlet
2026-06-06,East York Low-Rise,Unit 103,Pest Control,229.39,Y,Queen West Pest Control,Follow-up treatment
2026-06-20,Leslieville Fourplex,Unit 4,Cooling,284.50,Y,Don Valley HVAC,"AC not cooling, recharged"
2026-06-29,Leslieville Fourplex,Unit 2,Plumbing,395.23,Y,Beaches Plumbing Co.,Replaced kitchen faucet cartridge
2026-06-13,Junction Six-Plex,Unit 6,pest control,80.49,Y,Queen West Pest Control,"Mice treatment, basement"
01/06/2026,East York Low-Rise,Unit 116,Pest Control,197.73,Y,Queen West Pest Control,"Mice treatment, basement"
2026-06-02,Parkdale Walk-Up,Unit 1,Appliance,297.96,yes,Riverdale Appliance Repair,Fridge not cooling
2026-06-15,Danforth Triplex,Lower,Plumbing,401.24,TRUE,Beaches Plumbing Co.,Replaced kitchen faucet cartridge
23/06/2026,Leslieville Fourplex,Unit 4,Pest Control,203.62,Y,Queen West Pest Control,"Mice treatment, basement"
09/06/2026,Leslieville Fourplex,Unit 2,CLEANING,83.02,Y,Greenwood Cleaning,Turnover clean
2026/06/05,Parkdale Walk-Up,Unit 11,Cooling,40.00,Yes,Don Valley HVAC,Window unit replaced
2026-06-29,Parkdale Walk-Up,Unit 10,Cleaning,$149.51,No,Greenwood Cleaning,Common area clean
2026-06-21,Leslieville Fourplex,Unit 4,Landscaping,154.96,Y,Greenwood Cleaning,Leaf cleanup
"Jun 3, 2026",Leslieville Fourplex,Unit 3,Landscaping,386.39,Y,Greenwood Cleaning,Lawn cut and edging
2026-06-02,East York Low-Rise,Unit 107,Cooling,296.70,Y,Don Valley HVAC,"AC not cooling, recharged"
2026-06-22,Danforth Triplex,Lower,Plumbing,493.42,Y,Beaches Plumbing Co.,Replaced shut-off valve
2026-06-22,Danforth Triplex,Lower,Plumbing,493.42,Y,Beaches Plumbing Co.,Replaced shut-off valve
2026-06-08,Danforth Triplex,Lower,Appliance,313.42,Y,Riverdale Appliance Repair,Stove element replaced
2026-06-22,East York Low-Rise,Unit 115,Cleaning,112.49,Y,Greenwood Cleaning,Turnover clean
2026-06-23,East York Low-Rise,Unit 114,Landscaping,274.43,Y,Greenwood Cleaning,Leaf cleanup
2026-06-05,Danforth Triplex,Lower,Appliance,-,Y,Riverdale Appliance Repair,Stove element replaced
2026-06-19,Leslieville Fourplex,Common area,Landscaping,289.54,Y,Greenwood Cleaning,Lawn cut and edging
2026-06-10,Leslieville Fourplex,Common area,Snow Removal,166.41,Y,Snowline Property Services,Salted front steps
2026-06-05,Leslieville Fourplex,Unit 2,Appliance,459.79,N,Riverdale Appliance Repair,Fridge not cooling
2026-06-04,PARKDALE WALK-UP,Unit 8,Electrical,277.82,TRUE,Leslieville Electric Ltd,Replaced GFCI outlet
2026-06-02  ,Leslieville Fourplex,Unit 3,Landscaping,238.83,Y,Greenwood Cleaning,Leaf cleanup
"Jun 28, 2026",Danforth Triplex,Lower,Pest Control,$171.58,Y,Queen West Pest Control,"Mice treatment, basement"
2026-06-26,East York Low-Rise,Unit 118,Cooling,756.21,Y,Don Valley HVAC,Window unit replaced
2026-06-16,Junction Six-Plex,Unit 5,Pest Control,409.52,Y,Queen West Pest Control,Follow-up treatment
21/06/2026,Junction Six-Plex,Unit 4,Pest Control,145.68,Y,Queen West Pest Control,"Mice treatment, basement"
26/06/2026,Danforth Triplex,Common area,Appliance,295.27,Yes,Riverdale Appliance Repair,Stove element replaced
2026-06-23,EAST YORK LOW-RISE,Unit 105,Plumbing,316.44,Y,Beaches Plumbing Co.,Replaced shut-off valve
"Jun 21, 2026",Junction Six-Plex,Unit 1,cooling,150.59,yes,Don Valley HVAC,Window unit replaced
10/06/2026,Junction Six-Plex,Unit 6,Electrical,391.88,Y,Leslieville Electric Ltd,Swapped hallway light fixture
2026-06-01,Parkdale Walk-Up,Unit 10,Electrical,726.32,Y,Leslieville Electric Ltd,"Breaker tripping, traced to dryer"
30/06/2026,Danforth Triplex,Main,Appliance,398.79,TRUE,Riverdale Appliance Repair,Fridge not cooling
2026-06-30,Leslieville Fourplex,Unit 1,Pest Control,158.39,Y,Queen West Pest Control,"Mice treatment, basement"
2026-06-04,East York Low-Rise,Unit 106,Heating,302.38,Y,Don Valley HVAC,Boiler pressure reset
2026-06-29,parkdale walk-up,Unit 11,Cleaning,150.14,No,Greenwood Cleaning,Common area clean
2026-06-18,Leslieville Fourplex,Unit 4,Cooling,337.77,TRUE,Don Valley HVAC,Window unit replaced
2026-06-29,Parkdale Walk-Up,Unit 1,Electrical,278.19,TRUE,Leslieville Electric Ltd,"Breaker tripping, traced to dryer  "
2026-06-22,Danforth Triplex,Upper,Appliance,380.40,Y,Riverdale Appliance Repair,Stove element replaced
2026-06-29,Parkdale Walk-Up,Unit 7,Cooling,524.71,Y,Don Valley HVAC,Window unit replaced
2026-06-07,Junction Six-Plex,Common area,Pest Control,425.40,Y,Queen West Pest Control,Follow-up treatment
2026-06-01,Junction Six-Plex,Unit 6,Electrical,$382.03,N,Leslieville Electric Ltd,"Breaker tripping, traced to dryer"
2026-06-02,Leslieville Fourplex,Unit 1,Landscaping,196.18,Y,Greenwood Cleaning,Lawn cut and edging
2026-06-04,Danforth Triplex,Lower,Cleaning,98.03,Y,Greenwood Cleaning,Common area clean
"Jun 27, 2026",Junction Six-Plex,Unit 3,heating,$535.76,N,Don Valley HVAC,Furnace service
2026-06-05,East York Low-Rise,Unit 113,Electrical,317.50,Y,Leslieville Electric Ltd,Swapped hallway light fixture
2026-06-01,East York Low-Rise,Unit 114,Plumbing,345.18,N,Beaches Plumbing Co.,Cleared bathroom drain
2026-06-05,East York Low-Rise,Unit 109,Pest Control,198.93,Y,Queen West Pest Control,Follow-up treatment
22/06/2026,DANFORTH TRIPLEX,Common area,PEST CONTROL,370.33,Y,Queen West Pest Control,Follow-up treatment
2026-06-25,Danforth Triplex,Main,Appliance,292.99,Y,Riverdale Appliance Repair,Dryer belt replaced
"Jun 10, 2026",East York Low-Rise,Unit 109,PLUMBING,422.55,Y,Beaches Plumbing Co.,Cleared bathroom drain
"Jun 27, 2026",junction six-plex,Unit 3, Landscaping ,311.52,Yes,Greenwood Cleaning,Lawn cut and edging
26/06/2026,Danforth Triplex,Lower, Cleaning ,238.41,Y,Greenwood Cleaning,Common area clean
02/06/2026,Leslieville Fourplex,Unit 2,Landscaping,175.89,Y,Greenwood Cleaning,Leaf cleanup
03/06/2026,Danforth Triplex,Common area,Appliance,349.24,Y,Riverdale Appliance Repair,Stove element replaced
2026-06-29, Parkdale Walk-Up ,Unit 8,plumbing,399.97,Yes,Beaches Plumbing Co.,Replaced shut-off valve
2026-06-14,East York Low-Rise,Unit 101,Appliance,408.38,No,Riverdale Appliance Repair,Fridge not cooling
2026-06-21,East York Low-Rise,Common area,Electrical,419.91,Y,Leslieville Electric Ltd,"Breaker tripping, traced to dryer"
"Jul 1, 2026",Danforth Triplex,Main,Rent,2373.00,Y,,
2026-07-02,Danforth Triplex,Upper,Rent,2649,Y,,
03/07/2026,Danforth Triplex,Lower,Rent,1821,Yes,,
"Jul 5, 2026",Leslieville Fourplex,Unit 1,Rent,2097.00,Y,,
2026-07-01,Leslieville Fourplex,Unit 2,Rent,2152,Yes,,
2026-07-05,Leslieville Fourplex,Unit 3,Rent,2263.00,Y,,
2026-07-01,Leslieville Fourplex,Unit 4,Rent,2484,Y,,
2026-07-01,Parkdale Walk-Up,Unit 1,RENT,1711.00,Yes,,
2026-07-01,Parkdale Walk-Up,Unit 2,Rent,1761.00,N,,
2026-07-05,Parkdale Walk-Up,Unit 3,Rent,1810.00,N,,
2026/07/05,Parkdale Walk-Up,Unit 4,Rent,1860,Y,,
2026/07/01,Parkdale Walk-Up,Unit 5,Rent,1910,Y,,
2026-07-05,Parkdale Walk-Up,Unit 6,Rent,1959,Y,,
2026-07-01,Parkdale Walk-Up,Unit 7,Rent,2009,Y,,
2026-07-02,Parkdale Walk-Up,Unit 8,Rent,2059,Y,,
2026-07-01,Parkdale Walk-Up,Unit 9,Rent,2108.00,Yes,,
 2026-07-01,Parkdale Walk-Up,Unit 10,Rent,"$2,158.00",yes,,
2026-07-01,Parkdale Walk-Up,Unit 11,Rent,2208.00,Y,,
 2026-07-01,Parkdale Walk-Up,Unit 12,Rent,2257,Y,,
05/07/2026,JUNCTION SIX-PLEX,Unit 1,rent,1932.00,Y,,
2026-07-01,Junction Six-Plex,Unit 2,Rent,1987.00,yes,,
2026-07-01,Junction Six-Plex,Unit 3,Rent,2042,yes,,
2026-07-01,Junction Six-Plex,Unit 5,Rent,2208,Yes,,
"Jul 5, 2026",Junction Six-Plex,Unit 6,Rent,2318.00,Y,,
2026-07-01,East York Low-Rise,Unit 101,Rent,2042,no,,
01/07/2026,East York Low-Rise,Unit 102,Rent,2075.00,Y,,
2026-07-05,East York Low-Rise,Unit 103,Rent,2108.00,Y,,
2026-07-01,east york low-rise,Unit 104,Rent,2141.00,Y,,
2026-07-01,east york low-rise,Unit 104,Rent,2141.00,Y,,
2026-07-02  ,East York Low-Rise,Unit 105,Rent,2175,Y,,
02/07/2026,EAST YORK LOW-RISE,Unit 106,Rent,2208.00,Y,,
 2026-07-01,East York Low-Rise,Unit 107,rent,2042,Y,,
02/07/2026,East York Low-Rise,Unit 108,Rent,2075.00,Y,,
03/07/2026,East York Low-Rise,Unit 109,Rent,2108,Y,,
2026-07-03,East York Low-Rise,Unit 110,Rent,2141.00,Y,,
2026-07-03,east york low-rise,Unit 111,Rent,2175.00,Y,,
2026-07-01,East York Low-Rise,Unit 112,Rent,2208.00,yes,,
"Jul 5, 2026",East York Low-Rise,Unit 113,Rent,2042.00,Yes,,
2026-07-01,East York Low-Rise,Unit 114,Rent,2075.00,no,,
"Jul 1, 2026",East York Low-Rise,Unit 115,RENT,2108,Y,,
2026-07-05,East York Low-Rise,Unit 116,Rent,2141.00,Y,,
2026-07-01,East York Low-Rise,Unit 117,Rent,2175,Y,,
"Jul 1, 2026",East York Low-Rise,Unit 118,Rent,2208.00,yes,,
2026-07-03,Leslieville Fourplex,Unit 2,Appliance,170.51,N,Riverdale Appliance Repair,Fridge not cooling
2026-07-24,Parkdale Walk-Up,Unit 5,Plumbing,168.24,TRUE,Beaches Plumbing Co.,Cleared bathroom drain
2026-07-27,Danforth Triplex,Common area,Electrical,437.66,Yes,Leslieville Electric Ltd,Swapped hallway light fixture
"Jul 1, 2026",Junction Six-Plex,Unit 4,Appliance,277.70,TRUE,Riverdale Appliance Repair,Stove element replaced
2026-07-19,Danforth Triplex,Main,Cleaning,40,yes,Greenwood Cleaning,Common area clean
2026-07-02,Junction Six-Plex,Unit 6,Electrical,281.44,Y,Leslieville Electric Ltd,"Breaker tripping, traced to dryer"
2026-07-13,Junction Six-Plex,Unit 5,Cooling,607.44,Y,Don Valley HVAC,Window unit replaced
2026-07-02,Leslieville Fourplex,Unit 1,Cooling,410.13,Y,Don Valley HVAC,"AC not cooling, recharged"
2026-07-11,East York Low-Rise,Unit 114, Electrical ,436.97,Yes,Leslieville Electric Ltd,Replaced GFCI outlet
2026/07/12,Leslieville Fourplex,Unit 4,Pest Control,216.12,Y,Queen West Pest Control,Follow-up treatment
2026-07-09,East York Low-Rise,Unit 105,Appliance,220.55,Y,Riverdale Appliance Repair,Stove element replaced
"Jul 24, 2026",Leslieville Fourplex,Unit 2, Landscaping ,149.95,TRUE,Greenwood Cleaning  ,Lawn cut and edging
2026-07-15,east york low-rise,Unit 115,Pest Control,$362.04,yes,Queen West Pest Control,"Mice treatment, basement"
2026-07-10,Junction Six-Plex,Common area,Electrical,$518.36,Y,Leslieville Electric Ltd,Swapped hallway light fixture
2026/07/06,east york low-rise,Unit 101,Appliance,352.65,Y,Riverdale Appliance Repair,Stove element replaced
2026-07-13,Junction Six-Plex,Unit 1,Appliance,$175.98,TRUE,Riverdale Appliance Repair,Dryer belt replaced
2026-07-24,Parkdale Walk-Up,Unit 8,Cleaning,173.57,Y,Greenwood Cleaning,Turnover clean
2026-07-13,Junction Six-Plex,Unit 6,Landscaping,281.05,Y,Greenwood Cleaning,Leaf cleanup
2026-07-15,East York Low-Rise,Unit 111,Appliance,386.56,No,Riverdale Appliance Repair,Fridge not cooling
2026-07-22,Parkdale Walk-Up,Unit 5,Landscaping,189.02,TRUE,Greenwood Cleaning,Lawn cut and edging
2026-07-19,Parkdale Walk-Up,Unit 12,Electrical,233.51,Y,Leslieville Electric Ltd,"Breaker tripping, traced to dryer"
2026-07-31,Junction Six-Plex,Unit 1,Appliance,$173.60,Y,Riverdale Appliance Repair,Stove element replaced
2026-07-01,Junction Six-Plex,Unit 5,Pest Control,347.90,Y,Queen West Pest Control,"Mice treatment, basement"
2026-07-07, Leslieville Fourplex ,Unit 1,Electrical,379.19,Y,Leslieville Electric Ltd,Swapped hallway light fixture
2025-02-30,Parkdale Walk-Up,Unit 7,Cleaning,$166.73,Y,Greenwood Cleaning,Common area clean
2026-07-28,East York Low-Rise,Unit 101,Plumbing,$445.81,Y,Beaches Plumbing Co.,Replaced shut-off valve
"Jul 19, 2026  ",parkdale walk-up,Unit 10,Plumbing,350.78,N,Beaches Plumbing Co.,Replaced kitchen faucet cartridge
2026-07-19,Parkdale Walk-Up,Unit 2,PEST CONTROL,213.68,Yes,Queen West Pest Control,Follow-up treatment
2026-07-05,Parkdale Walk-Up,Unit 8,Cleaning,93.66,Yes,Greenwood Cleaning,Turnover clean
2026-07-11,East York Low-Rise,Unit 114,plumbing,319.69,Y,Beaches Plumbing Co.,Fixed running toilet  
2026-07-18,Leslieville Fourplex,Unit 3,Cooling,363.37,Y,Don Valley HVAC,"AC not cooling, recharged"
2026-07-02, Parkdale Walk-Up ,Unit 10, Electrical ,430.10,yes,Leslieville Electric Ltd,"Breaker tripping, traced to dryer"
2026-07-02,Parkdale Walk-Up,Unit 5,Appliance,283.72,Y,Riverdale Appliance Repair,Fridge not cooling
06/07/2026,Leslieville Fourplex,Unit 4,Cooling,266.12,Y,Don Valley HVAC,Window unit replaced
2026/07/26,East York Low-Rise,Unit 111,Pest Control,$338.84,Y,Queen West Pest Control,Follow-up treatment
2026-07-11,East York Low-Rise,Common area,Cooling,457.18,TRUE,Don Valley HVAC,"AC not cooling, recharged"
2026-07-15,Leslieville Fourplex,Unit 3,Electrical,230.73,Y,Leslieville Electric Ltd,"Breaker tripping, traced to dryer"
2026-07-11,Danforth Triplex,Main,ELECTRICAL,379.99,Y,Leslieville Electric Ltd,Swapped hallway light fixture
2026-07-01,Leslieville Fourplex,Unit 3,plumbing,442.58,Yes,Beaches Plumbing Co.,Replaced shut-off valve
2026-07-14,Danforth Triplex,Main,Landscaping,210.90,Y,Greenwood Cleaning  ,Leaf cleanup
2026-07-02,JUNCTION SIX-PLEX,Unit 5,Plumbing,92.87,Y,Beaches Plumbing Co.,Replaced shut-off valve
2026-07-08,Parkdale Walk-Up,Unit 7,Electrical,393.94,Y,Leslieville Electric Ltd,Replaced GFCI outlet  
2026-07-01,Leslieville Fourplex,Common area,Appliance,318.65,Y,Riverdale Appliance Repair,Stove element replaced
2026-07-31,Danforth Triplex,Upper,Cleaning,103.92,Y,Greenwood Cleaning,Turnover clean
2026-07-19,Parkdale Walk-Up,Unit 10,Cooling,591.82,TRUE,Don Valley HVAC,"AC not cooling, recharged"
2026-07-08,Parkdale Walk-Up,Unit 2,Pest Control,272.85,Yes,Queen West Pest Control,"Mice treatment, basement"
2026-07-17,East York Low-Rise,Unit 113,Plumbing,388.02,Y,Beaches Plumbing Co.,Cleared bathroom drain
"Jul 2, 2026",East York Low-Rise,Unit 116,Landscaping,164.08,Yes,Greenwood Cleaning,Lawn cut and edging
15/07/2026,Danforth Triplex,Upper,Landscaping,176.23,Y,Greenwood Cleaning,Lawn cut and edging
2026-07-15,Junction Six-Plex,Unit 4,Cooling,478.96,N,Don Valley HVAC,Window unit replaced
2026-07-22,Junction Six-Plex,Unit 4,Cleaning,147.47,TRUE,Greenwood Cleaning,Turnover clean
2026-07-26  ,Leslieville Fourplex,Unit 1,Plumbing,296.61,Y,Beaches Plumbing Co.,Replaced shut-off valve
2026-07-01,East York Low-Rise,Common area,Landscaping,$290.21,Yes,Greenwood Cleaning,Lawn cut and edging
2026-07-11,East York Low-Rise,Unit 113,Plumbing,213.07,TRUE,Beaches Plumbing Co.,Fixed running toilet
2026-07-18,East York Low-Rise,Unit 106,Electrical,335.04,N,Leslieville Electric Ltd,Swapped hallway light fixture
2026-07-30, Junction Six-Plex ,Unit 5,Appliance,376.53,Y,Riverdale Appliance Repair,Fridge not cooling
"Jul 7, 2026",Parkdale Walk-Up,Unit 9,Cleaning,114.96,Y,Greenwood Cleaning,Common area clean
2026-07-31,Danforth Triplex,Main,Plumbing,459.90,Y,Beaches Plumbing Co.,Cleared bathroom drain
2026-08-02,Danforth Triplex,Main,Rent,2373,Y,,
2026-08-01,Danforth Triplex,Upper,Rent,2649,Y,,
2026-08-05,LESLIEVILLE FOURPLEX,Unit 1,Rent,"$2,097.00",Y,,
01/08/2026,Leslieville Fourplex,Unit 2,Rent,"$2,152.00",Y,,
2026-08-02,Leslieville Fourplex,Unit 3,Rent,"$2,263.00",Y,,
05/08/2026,Leslieville Fourplex,Unit 4,Rent,2484.00,N,,
05/08/2026,Parkdale Walk-Up,Unit 1,Rent,1711,Y,,
2026-08-01,Parkdale Walk-Up,Unit 2,Rent,1761,Yes,,
2026/08/01,Parkdale Walk-Up,Unit 3,Rent,1810.00,Yes,,
2026-08-03,Parkdale Walk-Up,Unit 4,Rent,1860.00,Y,,
2026-08-01,Parkdale Walk-Up,Unit 5,Rent,1910,Yes,,
2026-08-01,Parkdale Walk-Up,Unit 6,Rent,1959,Yes,,
01/08/2026,Parkdale Walk-Up,Unit 7,Rent,2009.00,Yes,,
2026-08-02,Parkdale Walk-Up,Unit 8,Rent,2059,TRUE,,
2026-08-02,Parkdale Walk-Up,Unit 9,Rent,2108,Y,,
2026-08-02,Parkdale Walk-Up,Unit 10,Rent,2158.00,Y,,
2026-08-05,Parkdale Walk-Up,Unit 11,Rent,N/A,Y,,
2026-08-01  ,Parkdale Walk-Up,Unit 12,Rent,2257.00,Y,,
01/08/2026,Junction Six-Plex,Unit 1,rent,1932,Y,,
2026-08-01,Junction Six-Plex,Unit 2,Rent,1987,Y,,
01/08/2026,Junction Six-Plex,Unit 3,Rent,2042,Yes,,
2026-08-02,Junction Six-Plex,Unit 4,Rent,2097,Y,,
2026-08-01,Junction Six-Plex,Unit 5,Rent,2208.00,No,,
2026-08-01,Junction Six-Plex,Unit 5,Rent,2208.00,No,,
05/08/2026,Junction Six-Plex,Unit 6,Rent,2318,Y,,
2026-08-03  ,East York Low-Rise,Unit 101,Rent,2042.00,Y,,
2026-08-02,East York Low-Rise,Unit 102,Rent,2075,Yes,,
2026/08/03,East York Low-Rise,Unit 103,Rent,2108,Y,,
2026-08-05,East York Low-Rise,Unit 104,Rent,2141,Y,,
2026-08-01,East York Low-Rise,Unit 105,Rent,2175,Yes,,
2026-08-03,East York Low-Rise,Unit 106,Rent,"$2,208.00",TRUE,,
2026-08-01,East York Low-Rise,Unit 107,Rent,2042,Yes,,
2026-08-02,east york low-rise,Unit 108,Rent,2075,Y,,
2026-08-01,East York Low-Rise,Unit 109,Rent,"$2,108.00",Y,,
"Aug 3, 2026",East York Low-Rise,Unit 110,Rent,2141.00,Y,,
2026-08-03,East York Low-Rise,Unit 111,Rent,2175,Yes,,
2026-08-05,east york low-rise,Unit 112,Rent,,Yes,,
2026-08-02,East York Low-Rise,Unit 113,Rent,TBD,TRUE,,
2026-08-01,East York Low-Rise,Unit 114,Rent,2075.00,Y,,
2026/08/01,East York Low-Rise,Unit 115,Rent,2108,yes,,
05/08/2026,East York Low-Rise,Unit 116,Rent,2141,Y,,
02/08/2026,East York Low-Rise,Unit 117,Rent,2175.00,Y,,
2026-08-01,East York Low-Rise,Unit 118,Rent,2208,Y,,
2026-08-19,Junction Six-Plex,Unit 2,Electrical,639.49,Y,Leslieville Electric Ltd,Swapped hallway light fixture
2026-08-12,Leslieville Fourplex,Unit 2,Pest Control,263.55,FALSE,Queen West Pest Control,"Mice treatment, basement"
"Aug 15, 2026",Parkdale Walk-Up,Unit 7,Cleaning,$239.49,Yes,Greenwood Cleaning,Common area clean
2026-08-30,Parkdale Walk-Up,Unit 4,Cleaning,$62.18,Y,Greenwood Cleaning,Common area clean
19/08/2026,Leslieville Fourplex,Unit 4,Cooling,619.44,Y,Don Valley HVAC,Window unit replaced
2026-08-27,Leslieville Fourplex,Unit 3,Appliance,173.25,Y, Riverdale Appliance Repair,Dryer belt replaced
2026-08-27,Leslieville Fourplex,Unit 3,Appliance,173.25,Y, Riverdale Appliance Repair,Dryer belt replaced
19/08/2026,Junction Six-Plex,Unit 6,appliance,$146.44,Y,Riverdale Appliance Repair,Fridge not cooling
"Aug 7, 2026",East York Low-Rise,Unit 110,Electrical,567.30,Y,Leslieville Electric Ltd,"Breaker tripping, traced to dryer"
2026/08/13,Danforth Triplex,Lower,Pest Control,222.51,yes,Queen West Pest Control,Follow-up treatment  
2026-08-08,East York Low-Rise,Unit 105,Cooling,245.95,Yes,Don Valley HVAC,Window unit replaced
2026-08-12,Parkdale Walk-Up,Unit 11,Appliance,285.16,yes,Riverdale Appliance Repair,Fridge not cooling
2026-08-26,Danforth Triplex,Upper,Appliance,352.38,Y, Riverdale Appliance Repair,Fridge not cooling
2026-08-04,Leslieville Fourplex,Unit 2,Cooling,510.54,Y,Don Valley HVAC,"AC not cooling, recharged"
2026-08-14,Danforth Triplex,Main,Pest Control,$315.69,Y,Queen West Pest Control,Follow-up treatment
03/08/2026,Danforth Triplex,Upper,Electrical,609.72,N,Leslieville Electric Ltd,Replaced GFCI outlet
2026-08-01,Junction Six-Plex,Unit 6,Landscaping,419.31,Yes,Greenwood Cleaning,Leaf cleanup
2026-08-29,Junction Six-Plex,Unit 1,Plumbing,206.23,Y,Beaches Plumbing Co.,Cleared bathroom drain
2026-08-10,East York Low-Rise,Unit 103,Cleaning,159.96,Y,Greenwood Cleaning,Common area clean
2026-08-15,East York Low-Rise,Unit 106,Cleaning,205.97,yes,Greenwood Cleaning,Turnover clean
2026-08-16,east york low-rise,Unit 103,electrical,372.22,FALSE,Leslieville Electric Ltd,"Breaker tripping, traced to dryer"
2026-08-03,Leslieville Fourplex,Unit 1,Landscaping,263.64,Y,Greenwood Cleaning,Lawn cut and edging
2026-08-11,East York Low-Rise,Unit 102,Plumbing,381.22,Y,Beaches Plumbing Co.,Replaced kitchen faucet cartridge
"Aug 3, 2026",Junction Six-Plex,Unit 1,Cleaning,189.88,Y,Greenwood Cleaning,Turnover clean
2026-08-31,Leslieville Fourplex,Unit 1,Electrical,$150.44,Y,Leslieville Electric Ltd,Swapped hallway light fixture
2026-08-23,Danforth Triplex,Lower,Plumbing,239.50,Y,Beaches Plumbing Co.,Fixed running toilet
17/08/2026  ,Junction Six-Plex,Common area,Plumbing,344.20,Y,Beaches Plumbing Co.,Replaced shut-off valve
2026-08-06,Danforth Triplex,Upper,Cleaning,155.87,Y,Greenwood Cleaning,Common area clean
2026-08-28,Danforth Triplex,Lower,Pest Control,269.47,Y,Queen West Pest Control,Follow-up treatment
2026-08-17,Danforth Triplex,Main,Cooling,277.45,yes,Don Valley HVAC,Window unit replaced
2026/08/30,Junction Six-Plex,Common area,Cooling,$359.87,Y,Don Valley HVAC,"AC not cooling, recharged"
2026-08-19,Leslieville Fourplex,Unit 3,Cleaning,76.56,Y,Greenwood Cleaning,Common area clean
"Aug 25, 2026",Junction Six-Plex,Unit 3,Electrical,308.75,yes,Leslieville Electric Ltd,"Breaker tripping, traced to dryer"
2026-08-24,Leslieville Fourplex,Common area,Plumbing,374.98,N,Beaches Plumbing Co.  ,Replaced shut-off valve
2026-08-29,Parkdale Walk-Up,Unit 3,Landscaping,337.75,Yes,Greenwood Cleaning,Leaf cleanup
2026-08-18,Parkdale Walk-Up,Unit 5,Pest Control,272.50,Y,Queen West Pest Control,Follow-up treatment
23/08/2026,East York Low-Rise,Unit 101,Landscaping,262.34,No,Greenwood Cleaning,Lawn cut and edging
2026-08-12,Danforth Triplex,Lower,Cooling,$446.10,Y,Don Valley HVAC,"AC not cooling, recharged"
2026-08-17,Danforth Triplex,Upper,Electrical,466.21,Y,Leslieville Electric Ltd,"Breaker tripping, traced to dryer"
23/08/2026,East York Low-Rise,Unit 104,Appliance,324.26,Y,Riverdale Appliance Repair,Stove element replaced
2026-08-31,Danforth Triplex,Upper,Heating,496.93,Y,Don Valley HVAC,Bled radiators
2026-08-14,Danforth Triplex,Main,Plumbing,$211.03,Yes,Beaches Plumbing Co.,Replaced kitchen faucet cartridge
04/08/2026,Junction Six-Plex,Unit 4,Electrical,366.43,Y,Leslieville Electric Ltd,Replaced GFCI outlet
2026-08-07  ,Parkdale Walk-Up,Common area,PLUMBING,303.97,Y,Beaches Plumbing Co.,Cleared bathroom drain
03/08/2026,East York Low-Rise,Unit 102,Appliance,431.09,Yes,Riverdale Appliance Repair,Fridge not cooling
06/08/2026,Junction Six-Plex,Unit 5,Plumbing,384.91,Y,Beaches Plumbing Co.,Fixed running toilet  
2026-08-04,Danforth Triplex,Lower,Landscaping,195.81,yes,Greenwood Cleaning,Leaf cleanup
2026-08-23,Junction Six-Plex,Unit 2,Snow Removal,250.85,Y,Snowline Property Services,Walkway and steps cleared
10/08/2026,Parkdale Walk-Up,Unit 6,Appliance,376.64,Y,Riverdale Appliance Repair,Stove element replaced
2026-08-15,Leslieville Fourplex,Unit 3,Cleaning,230.23,Y,Greenwood Cleaning,Turnover clean
2026-08-25,East York Low-Rise,Unit 102,Appliance,309.26,Y,Riverdale Appliance Repair,Fridge not cooling
2026-08-10,East York Low-Rise,Unit 113,Pest Control,290.84,TRUE,Queen West Pest Control,Follow-up treatment
2026-08-30,East York Low-Rise,Unit 104,Plumbing,520.67,yes,Beaches Plumbing Co.,Cleared bathroom drain
 2026-08-02,Parkdale Walk-Up,Unit 2,Plumbing,252,TRUE,Beaches Plumbing Co.,Replaced kitchen faucet cartridge
2026-08-17,East York Low-Rise,Unit 107,Pest Control,$227.95,Y,Queen West Pest Control,Follow-up treatment
2026-08-22,Parkdale Walk-Up,Unit 1,Appliance,313.92,Yes,Riverdale Appliance Repair,Dryer belt replaced
2026-08-26,Junction Six-Plex,Unit 3,Cooling,242.79,Yes,Don Valley HVAC  , Window unit replaced
2026/08/30,Parkdale Walk-Up,Unit 9,Appliance,113.71,Y,Riverdale Appliance Repair,Fridge not cooling
2026-08-28,Leslieville Fourplex,Unit 3,Appliance,62.47,Y,Riverdale Appliance Repair,Stove element replaced
2026-08-21,Junction Six-Plex,Unit 4,Electrical,463.71,Y,Leslieville Electric Ltd,Replaced GFCI outlet
18/08/2026,Junction Six-Plex,Unit 4,COOLING,528.64,Y,Don Valley HVAC,Window unit replaced
2026-08-06,Parkdale Walk-Up,Unit 2,Appliance,351.45,Y,Riverdale Appliance Repair,Fridge not cooling
2026-08-10,Parkdale Walk-Up,Common area,Appliance,275.56,Yes,Riverdale Appliance Repair,Dryer belt replaced
"Aug 10, 2026",Danforth Triplex,Upper,Cleaning,145.50,N,Greenwood Cleaning,Turnover clean
"Aug 22, 2026",Danforth Triplex,Common area,Pest Control,$222.29,Y,Queen West Pest Control,Follow-up treatment
