order_no,order_date,region,customer_name,customer_email,phone,date_of_birth,units,revenue,discount_pct
500000,awaiting Zelda Vanterpool,North,Zelda Delacroix,zelda.delacroix35@examplemail.test,416-555-1035,1973-07-01,26,ask Marisol,5
500001,2022-04-14,North,Philippa Kowalczyk,philippa.kowalczyk14@examplemail.test,416-555-1014,1976-08-20,19,682.35,15
500002,2022-09-20,West,Thaddeus Kowalczyk,thaddeus.kowalczyk7@examplemail.test,416-555-1027,1980-07-11,17,267.94,10
500003,2023-05-06,North,Marisol Vanterpool,marisol.vanterpool34@examplemail.test,416-555-1034,1980-09-22,11,367.04,5
500004,2023-03-04,West,Zelda Okonkwo-Reyes,zelda.okonkworeyes16@examplemail.test,416-555-1016,1981-09-08,22,418.63,15
500005,2022-10-15,East,Marisol Vanterpool,marisol.vanterpool0@examplemail.test,416-555-1040,1962-04-03,36,173.73,0
500006,2023-05-07,West,Quintus Abernathy,quintus.abernathy28@examplemail.test,416-555-1008,1966-10-07,27,800.78,15
500007,2024-12-11,East,Philippa Kowalczyk,philippa.kowalczyk27@examplemail.test,416-555-1047,1974-05-11,32,681.86,10
500008,2022-09-17,East,Bartholomew Delacroix,bartholomew.delacroix31@examplemail.test,416-555-1051,1982-09-21,14,715.47,0
500009,2023-05-26,South,Lysander Abernathy,lysander.abernathy36@examplemail.test,416-555-1016,1975-11-15,20,400.02,0
500010,2022-03-10,West,Octavia Okonkwo-Reyes,octavia.okonkworeyes17@examplemail.test,416-555-1037,1995-08-19,5,451.05,15
500011,2024-07-10,West,Thaddeus Delacroix,thaddeus.delacroix7@examplemail.test,416-555-1007,2000-02-08,34,155.85,0
500012,2022-06-26,East,Thaddeus Abernathy,thaddeus.abernathy2@examplemail.test,416-555-1042,1999-01-01,15,708.42,0
500013,2022-09-22,North,Wilhelmina Delacroix,wilhelmina.delacroix0@examplemail.test,416-555-1020,1966-09-21,8,404.94,0
500014,2023-09-10,North,Philippa Vanterpool,philippa.vanterpool28@examplemail.test,416-555-1028,1987-04-13,39,249.58,0
500015,2023-09-12,South,Thaddeus Delacroix,thaddeus.delacroix35@examplemail.test,416-555-1055,1967-06-21,16,758.68,15
500016,2023-05-23,West,Wilhelmina Abernathy,wilhelmina.abernathy14@examplemail.test,416-555-1014,1976-12-21,2,290.51,5
500017,awaiting Zelda Vanterpool,West,Thaddeus Okonkwo-Reyes,thaddeus.okonkworeyes1@examplemail.test,416-555-1041,1966-04-22,24,393.40,5
500018,2022-03-13,North,Philippa Kowalczyk,philippa.kowalczyk36@examplemail.test,416-555-1056,1971-12-14,26,338.84,5
500019,2023-08-24,South,Philippa Kowalczyk,philippa.kowalczyk18@examplemail.test,416-555-1018,1982-02-07,13,456.21,10
500020,2023-04-20,South,Lysander Abernathy,lysander.abernathy38@examplemail.test,416-555-1058,1964-05-25,7,802.61,15
500021,2023-04-05,North,Bartholomew Vanterpool,bartholomew.vanterpool8@examplemail.test,416-555-1008,1976-11-02,10,854.91,15
500022,2023-03-15,West,Quintus Okonkwo-Reyes,quintus.okonkworeyes12@examplemail.test,416-555-1012,1988-03-14,4,65.62,5
500023,2024-07-11,South,Thaddeus Okonkwo-Reyes,thaddeus.okonkworeyes4@examplemail.test,416-555-1004,1970-12-04,11,ask Marisol,10
500024,2023-01-17,East,Lysander Vanterpool,lysander.vanterpool14@examplemail.test,416-555-1034,1983-12-15,25,48.07,10
500025,2024-06-27,North,Lysander Kowalczyk,lysander.kowalczyk6@examplemail.test,416-555-1026,1956-01-03,23,266.23,15
500026,2023-03-03,West,Quintus Kowalczyk,quintus.kowalczyk34@examplemail.test,416-555-1014,1972-05-27,6,727.46,0
500027,2023-02-07,West,Octavia Fairweather,octavia.fairweather30@examplemail.test,416-555-1010,1984-08-07,31,304.51,0
500028,2023-05-25,North,Wilhelmina Delacroix,wilhelmina.delacroix0@examplemail.test,416-555-1020,1999-07-02,30,350.50,0
500029,2023-06-13,North,Wilhelmina Vanterpool,wilhelmina.vanterpool19@examplemail.test,416-555-1039,1997-02-20,18,318.38,10
500030,2023-06-23,North,Ingrid Vanterpool,ingrid.vanterpool22@examplemail.test,416-555-1022,1995-12-11,20,833.32,0
500031,2022-02-21,West,Quintus Delacroix,quintus.delacroix39@examplemail.test,416-555-1059,1956-08-23,25,861.96,10
500032,2024-10-09,South,Philippa Kowalczyk,philippa.kowalczyk27@examplemail.test,416-555-1007,1981-03-01,20,726.26,5
500033,2023-11-05,West,Quintus Abernathy,quintus.abernathy3@examplemail.test,416-555-1043,1979-06-26,6,708.38,5
500034,awaiting Zelda Vanterpool,South,Octavia Okonkwo-Reyes,octavia.okonkworeyes6@examplemail.test,416-555-1006,1976-02-21,36,49.80,10
500035,2024-05-25,West,Quintus Vanterpool,quintus.vanterpool13@examplemail.test,416-555-1053,1954-05-20,7,93.99,15
500036,2024-07-06,East,Thaddeus Vanterpool,thaddeus.vanterpool8@examplemail.test,416-555-1028,1964-03-14,16,425.61,0
500037,2023-08-27,West,Philippa Delacroix,philippa.delacroix23@examplemail.test,416-555-1023,1986-05-12,17,243.57,5
500038,2023-05-24,East,Zelda Vanterpool,zelda.vanterpool15@examplemail.test,416-555-1035,1965-04-05,38,267.59,5
500039,2022-05-15,North,Lysander Fairweather,lysander.fairweather2@examplemail.test,416-555-1022,1966-04-17,7,483.15,15
500040,2022-07-31,East,Zelda Vanterpool,zelda.vanterpool2@examplemail.test,416-555-1002,1980-04-27,24,414.50,0
500041,2023-04-24,North,Quintus Kowalczyk,quintus.kowalczyk21@examplemail.test,416-555-1001,1953-04-20,38,876.21,5
500042,2024-02-04,East,Ingrid Vanterpool,ingrid.vanterpool22@examplemail.test,416-555-1022,1961-08-20,1,248.75,0
500043,2023-03-24,South,Marisol Abernathy,marisol.abernathy19@examplemail.test,416-555-1019,1973-06-05,17,58.87,0
500044,2022-01-26,South,Octavia Fairweather,octavia.fairweather7@examplemail.test,416-555-1047,1976-11-12,20,182.93,0
500045,2022-03-08,North,Zelda Abernathy,zelda.abernathy13@examplemail.test,416-555-1013,1985-08-03,26,379.19,5
500046,2022-12-04,North,Lysander Okonkwo-Reyes,lysander.okonkworeyes3@examplemail.test,416-555-1023,1994-05-14,20,ask Marisol,15
500047,2023-10-04,West,Ingrid Kowalczyk,ingrid.kowalczyk21@examplemail.test,416-555-1021,1986-06-14,24,386.47,5
500048,2024-04-11,East,Wilhelmina Fairweather,wilhelmina.fairweather24@examplemail.test,416-555-1044,1950-07-06,6,392.90,15
500049,2024-08-03,North,Zelda Delacroix,zelda.delacroix35@examplemail.test,416-555-1035,1960-03-01,10,65.49,15
500050,2024-02-01,North,Philippa Delacroix,philippa.delacroix17@examplemail.test,416-555-1017,1982-03-05,11,326.19,5
500051,awaiting Zelda Vanterpool,East,Lysander Abernathy,lysander.abernathy36@examplemail.test,416-555-1016,1981-04-10,3,131.45,15
500052,2022-04-22,South,Philippa Okonkwo-Reyes,philippa.okonkworeyes31@examplemail.test,416-555-1011,1990-07-03,40,815.71,5
500053,2024-04-10,South,Marisol Vanterpool,marisol.vanterpool34@examplemail.test,416-555-1014,1962-08-06,3,517.58,15
500054,2024-02-27,North,Wilhelmina Delacroix,wilhelmina.delacroix23@examplemail.test,416-555-1003,1957-03-08,13,874.21,0
500055,2023-10-28,East,Marisol Abernathy,marisol.abernathy20@examplemail.test,416-555-1000,1974-10-15,20,504.05,15
500056,2023-05-28,North,Octavia Okonkwo-Reyes,octavia.okonkworeyes17@examplemail.test,416-555-1037,1974-11-12,29,413.17,5
500057,2022-01-10,South,Thaddeus Delacroix,thaddeus.delacroix36@examplemail.test,416-555-1016,1981-08-08,40,413.20,15
500058,2024-08-29,West,Philippa Okonkwo-Reyes,philippa.okonkworeyes4@examplemail.test,416-555-1024,1956-02-05,24,335.55,0
500059,2024-10-31,North,Marisol Fairweather,marisol.fairweather21@examplemail.test,416-555-1021,1992-01-02,6,580.06,10
500060,2022-04-24,North,Thaddeus Vanterpool,thaddeus.vanterpool25@examplemail.test,416-555-1025,1982-07-21,9,856.76,0
500061,2022-08-15,North,Wilhelmina Vanterpool,wilhelmina.vanterpool19@examplemail.test,416-555-1039,1958-08-10,11,861.84,5
500062,2023-12-22,West,Bartholomew Delacroix,bartholomew.delacroix32@examplemail.test,416-555-1012,1998-05-06,40,304.98,10
500063,2022-10-24,East,Ingrid Delacroix,ingrid.delacroix10@examplemail.test,416-555-1010,1982-08-07,40,540.86,5
500064,2024-02-04,West,Bartholomew Kowalczyk,bartholomew.kowalczyk18@examplemail.test,416-555-1018,1962-03-13,18,161.88,10
500065,2022-12-14,North,Philippa Delacroix,philippa.delacroix15@examplemail.test,416-555-1015,1957-09-02,24,579.96,15
500066,2023-06-03,East,Ingrid Okonkwo-Reyes,ingrid.okonkworeyes34@examplemail.test,416-555-1034,1990-07-24,17,721.95,15
500067,2022-10-29,East,Quintus Abernathy,quintus.abernathy24@examplemail.test,416-555-1004,1971-02-15,40,222.44,0
500068,awaiting Zelda Vanterpool,North,Lysander Kowalczyk,lysander.kowalczyk9@examplemail.test,416-555-1009,1969-11-28,21,535.57,0
500069,2023-04-01,North,Octavia Vanterpool,octavia.vanterpool36@examplemail.test,416-555-1016,1968-10-21,33,ask Marisol,10
500070,2022-09-30,East,Ingrid Abernathy,ingrid.abernathy10@examplemail.test,416-555-1010,1964-10-21,4,60.11,0
500071,2023-09-17,South,Bartholomew Delacroix,bartholomew.delacroix14@examplemail.test,416-555-1054,1983-06-18,38,217.35,10
500072,2023-02-25,West,Lysander Kowalczyk,lysander.kowalczyk27@examplemail.test,416-555-1007,1989-08-06,16,138.58,5
500073,2022-07-18,East,Ingrid Fairweather,ingrid.fairweather32@examplemail.test,416-555-1032,1990-03-28,18,605.62,15
500074,2022-01-26,West,Octavia Kowalczyk,octavia.kowalczyk28@examplemail.test,416-555-1028,1991-09-12,38,543.36,15
500075,2023-05-26,South,Lysander Abernathy,lysander.abernathy4@examplemail.test,416-555-1024,1950-01-02,26,487.74,5
500076,2022-11-25,West,Lysander Kowalczyk,lysander.kowalczyk29@examplemail.test,416-555-1029,1999-02-01,13,559.12,5
500077,2023-02-15,East,Lysander Abernathy,lysander.abernathy25@examplemail.test,416-555-1025,1988-11-17,27,589.89,5
500078,2022-05-13,West,Marisol Okonkwo-Reyes,marisol.okonkworeyes33@examplemail.test,416-555-1033,1990-01-24,35,709.02,0
500079,2024-06-15,North,Ingrid Kowalczyk,ingrid.kowalczyk21@examplemail.test,416-555-1021,1979-02-24,12,596.87,5
500080,2023-06-22,East,Lysander Fairweather,lysander.fairweather38@examplemail.test,416-555-1058,1991-01-04,17,315.25,0
500081,2024-06-14,North,Bartholomew Delacroix,bartholomew.delacroix31@examplemail.test,416-555-1051,2000-09-09,14,280.14,0
500082,2022-12-16,West,Bartholomew Okonkwo-Reyes,bartholomew.okonkworeyes13@examplemail.test,416-555-1013,1965-12-07,21,851.33,5
500083,2023-11-06,West,Wilhelmina Abernathy,wilhelmina.abernathy27@examplemail.test,416-555-1007,1965-07-28,35,575.01,15
500084,2024-12-24,South,Philippa Vanterpool,philippa.vanterpool37@examplemail.test,416-555-1057,1950-01-14,15,861.01,10
500085,awaiting Zelda Vanterpool,North,Lysander Abernathy,lysander.abernathy38@examplemail.test,416-555-1018,1987-02-19,10,821.49,0
500086,2022-08-20,North,Bartholomew Delacroix,bartholomew.delacroix14@examplemail.test,416-555-1054,1989-03-12,2,880.12,0
500087,2022-10-13,East,Philippa Fairweather,philippa.fairweather34@examplemail.test,416-555-1054,1991-11-02,3,633.37,0
500088,2023-02-15,South,Octavia Okonkwo-Reyes,octavia.okonkworeyes33@examplemail.test,416-555-1033,1992-02-28,25,685.08,0
500089,2023-02-28,West,Wilhelmina Fairweather,wilhelmina.fairweather24@examplemail.test,416-555-1044,1957-01-02,6,855.34,10
500090,2022-07-26,East,Philippa Kowalczyk,philippa.kowalczyk27@examplemail.test,416-555-1007,1956-11-07,22,279.12,15
500091,2022-02-14,West,Philippa Okonkwo-Reyes,philippa.okonkworeyes19@examplemail.test,416-555-1059,1966-05-02,24,649.87,10
500092,2023-08-15,East,Thaddeus Delacroix,thaddeus.delacroix36@examplemail.test,416-555-1016,1997-01-26,28,ask Marisol,0
500093,2024-08-20,South,Philippa Vanterpool,philippa.vanterpool0@examplemail.test,416-555-1000,1953-09-19,6,210.59,10
500094,2024-06-14,East,Ingrid Okonkwo-Reyes,ingrid.okonkworeyes0@examplemail.test,416-555-1000,1983-04-10,4,690.72,0
500095,2024-10-04,East,Ingrid Abernathy,ingrid.abernathy8@examplemail.test,416-555-1048,1981-12-26,32,746.30,10
500096,2022-11-24,West,Quintus Delacroix,quintus.delacroix25@examplemail.test,416-555-1025,1963-12-08,8,458.52,0
500097,2022-08-05,West,Octavia Vanterpool,octavia.vanterpool1@examplemail.test,416-555-1021,1970-06-04,26,373.12,0
500098,2022-02-23,West,Octavia Fairweather,octavia.fairweather30@examplemail.test,416-555-1010,1963-05-09,35,396.69,5
500099,2023-04-26,East,Thaddeus Delacroix,thaddeus.delacroix35@examplemail.test,416-555-1055,1958-09-20,39,683.94,0
500100,2023-11-03,West,Philippa Okonkwo-Reyes,philippa.okonkworeyes27@examplemail.test,416-555-1027,1959-08-22,21,507.29,5
500101,2024-06-19,South,Quintus Delacroix,quintus.delacroix32@examplemail.test,416-555-1052,1999-05-19,22,223.30,15
500102,awaiting Zelda Vanterpool,South,Quintus Fairweather,quintus.fairweather18@examplemail.test,416-555-1038,1967-05-25,40,638.79,5
500103,2023-05-25,South,Wilhelmina Delacroix,wilhelmina.delacroix10@examplemail.test,416-555-1010,1970-10-17,16,326.80,10
500104,2023-06-16,South,Ingrid Okonkwo-Reyes,ingrid.okonkworeyes13@examplemail.test,416-555-1013,1956-03-22,25,109.44,5
500105,2023-09-13,South,Thaddeus Vanterpool,thaddeus.vanterpool15@examplemail.test,416-555-1015,1969-07-09,7,192.65,10
500106,2024-03-08,East,Marisol Abernathy,marisol.abernathy37@examplemail.test,416-555-1057,1952-01-13,28,771.81,5
500107,2024-08-08,West,Zelda Abernathy,zelda.abernathy11@examplemail.test,416-555-1011,1959-05-20,1,669.65,5
500108,2024-05-14,South,Lysander Vanterpool,lysander.vanterpool37@examplemail.test,416-555-1057,1992-12-21,38,794.47,5
500109,2022-09-14,South,Bartholomew Fairweather,bartholomew.fairweather32@examplemail.test,416-555-1052,1977-06-09,7,572.88,15
500110,2024-04-01,West,Octavia Vanterpool,octavia.vanterpool5@examplemail.test,416-555-1005,1995-11-06,28,240.05,15
500111,2022-02-12,North,Lysander Abernathy,lysander.abernathy38@examplemail.test,416-555-1018,1976-09-22,12,601.77,10
500112,2024-03-09,East,Ingrid Abernathy,ingrid.abernathy10@examplemail.test,416-555-1010,1956-01-09,11,498.16,5
500113,2022-07-29,East,Marisol Vanterpool,marisol.vanterpool14@examplemail.test,416-555-1054,1979-09-07,33,651.22,0
500114,2024-12-06,North,Thaddeus Abernathy,thaddeus.abernathy15@examplemail.test,416-555-1055,1976-12-15,12,204.88,15
500115,2024-01-01,North,Lysander Vanterpool,lysander.vanterpool6@examplemail.test,416-555-1026,1953-05-09,4,ask Marisol,0
500116,2024-05-09,South,Quintus Kowalczyk,quintus.kowalczyk15@examplemail.test,416-555-1035,1990-12-22,17,329.87,0
500117,2023-09-16,South,Bartholomew Delacroix,bartholomew.delacroix19@examplemail.test,416-555-1019,1975-09-08,26,894.92,15
500118,2022-12-05,South,Quintus Okonkwo-Reyes,quintus.okonkworeyes26@examplemail.test,416-555-1006,1999-02-26,13,722.59,15
500119,awaiting Zelda Vanterpool,East,Wilhelmina Vanterpool,wilhelmina.vanterpool20@examplemail.test,416-555-1000,1992-11-27,27,740.49,15
500120,2022-09-16,East,Lysander Fairweather,lysander.fairweather39@examplemail.test,416-555-1039,1980-06-26,18,768.59,15
500121,2024-05-24,South,Bartholomew Abernathy,bartholomew.abernathy27@examplemail.test,416-555-1047,1961-08-01,18,728.78,10
500122,2023-09-13,South,Marisol Kowalczyk,marisol.kowalczyk4@examplemail.test,416-555-1044,1980-08-14,6,568.56,10
500123,2023-09-15,East,Lysander Okonkwo-Reyes,lysander.okonkworeyes37@examplemail.test,416-555-1017,1953-02-27,21,516.84,5
500124,2022-02-02,South,Quintus Fairweather,quintus.fairweather16@examplemail.test,416-555-1036,1950-04-03,17,597.24,0
500125,2023-04-26,South,Zelda Vanterpool,zelda.vanterpool15@examplemail.test,416-555-1035,1999-08-12,14,710.70,15
500126,2022-07-07,North,Bartholomew Vanterpool,bartholomew.vanterpool22@examplemail.test,416-555-1042,1985-11-27,32,281.40,5
500127,2024-06-19,West,Wilhelmina Delacroix,wilhelmina.delacroix23@examplemail.test,416-555-1043,1957-09-04,15,252.76,5
500128,2024-10-08,West,Bartholomew Vanterpool,bartholomew.vanterpool5@examplemail.test,416-555-1045,1953-08-15,32,816.81,5
500129,2022-12-06,West,Ingrid Vanterpool,ingrid.vanterpool36@examplemail.test,416-555-1036,1988-12-01,21,161.11,15
500130,2023-09-02,East,Lysander Abernathy,lysander.abernathy38@examplemail.test,416-555-1058,1973-07-14,5,899.96,5
500131,2022-03-02,West,Lysander Kowalczyk,lysander.kowalczyk10@examplemail.test,416-555-1010,1989-01-22,22,668.16,0
500132,2024-09-21,North,Zelda Delacroix,zelda.delacroix27@examplemail.test,416-555-1027,1959-01-07,9,652.00,10
500133,2024-01-22,West,Wilhelmina Abernathy,wilhelmina.abernathy14@examplemail.test,416-555-1054,1980-09-18,14,698.11,10
500134,2023-12-04,West,Philippa Okonkwo-Reyes,philippa.okonkworeyes16@examplemail.test,416-555-1036,1966-09-02,19,747.52,10
500135,2024-04-08,North,Bartholomew Abernathy,bartholomew.abernathy10@examplemail.test,416-555-1050,1982-05-28,14,465.65,15
500136,awaiting Zelda Vanterpool,West,Quintus Fairweather,quintus.fairweather18@examplemail.test,416-555-1038,1970-12-10,6,132.26,0
500137,2024-04-13,South,Bartholomew Kowalczyk,bartholomew.kowalczyk39@examplemail.test,416-555-1039,1986-01-13,1,284.36,0
500138,2024-09-01,South,Philippa Okonkwo-Reyes,philippa.okonkworeyes31@examplemail.test,416-555-1011,1999-11-02,35,ask Marisol,15
500139,2022-06-21,South,Philippa Fairweather,philippa.fairweather28@examplemail.test,416-555-1048,1952-11-21,12,422.93,0
500140,2022-03-19,East,Quintus Kowalczyk,quintus.kowalczyk15@examplemail.test,416-555-1035,1999-02-21,9,31.82,10
500141,2023-09-13,West,Ingrid Abernathy,ingrid.abernathy14@examplemail.test,416-555-1034,1976-01-11,37,37.95,0
500142,2024-12-07,North,Quintus Abernathy,quintus.abernathy20@examplemail.test,416-555-1020,1957-07-19,26,632.23,15
500143,2022-01-31,West,Wilhelmina Okonkwo-Reyes,wilhelmina.okonkworeyes28@examplemail.test,416-555-1048,1974-10-19,10,893.95,15
500144,2022-07-30,North,Ingrid Okonkwo-Reyes,ingrid.okonkworeyes2@examplemail.test,416-555-1042,1991-08-07,1,808.28,15
500145,2022-01-22,West,Zelda Kowalczyk,zelda.kowalczyk30@examplemail.test,416-555-1050,1992-02-28,8,97.56,5
500146,2022-02-08,East,Philippa Abernathy,philippa.abernathy21@examplemail.test,416-555-1021,1996-10-08,12,416.68,0
500147,2022-10-26,East,Ingrid Okonkwo-Reyes,ingrid.okonkworeyes13@examplemail.test,416-555-1013,1998-02-10,32,573.19,15
500148,2022-04-20,West,Marisol Delacroix,marisol.delacroix7@examplemail.test,416-555-1007,1952-01-02,40,32.96,0
500149,2023-10-02,East,Ingrid Okonkwo-Reyes,ingrid.okonkworeyes39@examplemail.test,416-555-1039,1996-10-06,32,862.78,0
500150,2024-01-25,East,Marisol Vanterpool,marisol.vanterpool14@examplemail.test,416-555-1054,1996-08-16,10,615.65,0
500151,2022-12-04,East,Zelda Vanterpool,zelda.vanterpool2@examplemail.test,416-555-1022,1976-08-13,29,704.72,10
500152,2023-08-24,North,Philippa Delacroix,philippa.delacroix23@examplemail.test,416-555-1023,1953-10-21,39,638.87,10
500153,awaiting Zelda Vanterpool,West,Wilhelmina Abernathy,wilhelmina.abernathy27@examplemail.test,416-555-1007,1969-10-14,16,879.22,15
500154,2024-02-12,East,Marisol Delacroix,marisol.delacroix28@examplemail.test,416-555-1008,1999-04-26,1,417.12,10
500155,2023-07-05,South,Philippa Okonkwo-Reyes,philippa.okonkworeyes16@examplemail.test,416-555-1036,1960-10-27,3,691.73,10
500156,2022-10-31,West,Ingrid Okonkwo-Reyes,ingrid.okonkworeyes20@examplemail.test,416-555-1020,1985-11-25,23,824.10,0
500157,2024-02-23,West,Marisol Delacroix,marisol.delacroix22@examplemail.test,416-555-1042,2000-12-08,4,292.33,15
500158,2023-03-02,East,Ingrid Delacroix,ingrid.delacroix10@examplemail.test,416-555-1010,1987-01-26,35,358.78,0
500159,2022-05-11,West,Quintus Delacroix,quintus.delacroix39@examplemail.test,416-555-1059,1975-10-17,34,809.30,10
500160,2024-11-04,East,Quintus Okonkwo-Reyes,quintus.okonkworeyes21@examplemail.test,416-555-1001,1962-04-07,12,189.24,10
500161,2024-01-08,East,Thaddeus Kowalczyk,thaddeus.kowalczyk6@examplemail.test,416-555-1026,1999-09-28,3,ask Marisol,15
500162,2022-08-08,East,Octavia Fairweather,octavia.fairweather30@examplemail.test,416-555-1010,1990-08-26,21,91.93,0
500163,2023-07-31,South,Lysander Abernathy,lysander.abernathy25@examplemail.test,416-555-1025,1988-01-04,37,49.55,15
500164,2023-06-22,East,Bartholomew Kowalczyk,bartholomew.kowalczyk38@examplemail.test,416-555-1038,1967-07-04,38,852.92,5
500165,2022-03-21,East,Ingrid Kowalczyk,ingrid.kowalczyk13@examplemail.test,416-555-1053,1962-03-13,4,93.62,0
500166,2024-07-29,East,Philippa Vanterpool,philippa.vanterpool9@examplemail.test,416-555-1009,1954-10-21,8,369.71,0
500167,2023-10-17,South,Bartholomew Fairweather,bartholomew.fairweather9@examplemail.test,416-555-1049,1964-11-03,33,861.65,15
500168,2024-07-09,East,Lysander Fairweather,lysander.fairweather1@examplemail.test,416-555-1021,1973-04-24,3,215.12,10
500169,2022-05-04,North,Bartholomew Abernathy,bartholomew.abernathy3@examplemail.test,416-555-1043,1951-01-09,31,712.01,0
500170,awaiting Zelda Vanterpool,North,Zelda Delacroix,zelda.delacroix2@examplemail.test,416-555-1042,1998-01-07,20,615.66,15
500171,2024-08-24,South,Octavia Okonkwo-Reyes,octavia.okonkworeyes5@examplemail.test,416-555-1045,1973-05-13,31,129.25,15
500172,2024-06-24,South,Ingrid Okonkwo-Reyes,ingrid.okonkworeyes2@examplemail.test,416-555-1002,1959-11-01,13,431.75,0
500173,2023-03-30,West,Wilhelmina Vanterpool,wilhelmina.vanterpool39@examplemail.test,416-555-1039,1989-06-24,29,142.99,0
500174,2022-02-16,North,Octavia Vanterpool,octavia.vanterpool1@examplemail.test,416-555-1021,1954-08-11,15,303.86,15
500175,2024-01-22,West,Marisol Vanterpool,marisol.vanterpool33@examplemail.test,416-555-1013,1971-04-24,29,69.92,5
500176,2022-11-04,East,Ingrid Fairweather,ingrid.fairweather16@examplemail.test,416-555-1016,1976-07-08,18,157.00,10
500177,2022-12-12,South,Bartholomew Okonkwo-Reyes,bartholomew.okonkworeyes13@examplemail.test,416-555-1013,1981-02-11,31,421.44,0
500178,2024-11-19,East,Lysander Kowalczyk,lysander.kowalczyk29@examplemail.test,416-555-1029,1990-11-07,19,512.75,0
500179,2023-02-19,East,Lysander Abernathy,lysander.abernathy26@examplemail.test,416-555-1006,1977-05-08,7,834.07,15
500180,2024-05-03,East,Ingrid Okonkwo-Reyes,ingrid.okonkworeyes3@examplemail.test,416-555-1023,1953-12-10,2,147.03,15
500181,2024-11-14,South,Thaddeus Fairweather,thaddeus.fairweather31@examplemail.test,416-555-1011,1978-01-26,34,752.38,10
500182,2024-01-10,South,Quintus Delacroix,quintus.delacroix22@examplemail.test,416-555-1042,1952-07-07,12,263.63,5
500183,2024-12-06,West,Bartholomew Vanterpool,bartholomew.vanterpool34@examplemail.test,416-555-1034,1964-12-06,6,193.11,0
500184,2023-07-17,South,Philippa Delacroix,philippa.delacroix9@examplemail.test,416-555-1029,1963-03-20,13,ask Marisol,10
500185,2022-01-23,East,Octavia Okonkwo-Reyes,octavia.okonkworeyes33@examplemail.test,416-555-1033,1994-12-17,4,379.15,10
500186,2023-08-03,East,Zelda Delacroix,zelda.delacroix7@examplemail.test,416-555-1027,1981-02-01,31,380.37,5
500187,awaiting Zelda Vanterpool,East,Zelda Vanterpool,zelda.vanterpool15@examplemail.test,416-555-1035,1986-06-02,24,163.87,0
500188,2024-12-02,West,Wilhelmina Fairweather,wilhelmina.fairweather28@examplemail.test,416-555-1048,1983-02-04,16,333.91,10
500189,2022-05-08,North,Ingrid Vanterpool,ingrid.vanterpool29@examplemail.test,416-555-1029,1956-12-16,2,412.87,5
500190,2023-05-16,North,Quintus Abernathy,quintus.abernathy5@examplemail.test,416-555-1045,1964-10-06,20,167.73,10
500191,2022-02-11,South,Philippa Abernathy,philippa.abernathy9@examplemail.test,416-555-1049,1994-12-07,39,250.05,15
500192,2024-06-30,West,Philippa Delacroix,philippa.delacroix12@examplemail.test,416-555-1052,1972-02-23,18,177.49,0
500193,2024-10-09,South,Lysander Vanterpool,lysander.vanterpool19@examplemail.test,416-555-1059,1982-05-04,26,127.39,5
500194,2023-04-12,West,Octavia Delacroix,octavia.delacroix35@examplemail.test,416-555-1015,1992-10-15,11,676.99,0
500195,2024-05-13,East,Bartholomew Delacroix,bartholomew.delacroix25@examplemail.test,416-555-1005,1988-09-02,4,368.16,10
500196,2024-04-02,West,Lysander Abernathy,lysander.abernathy3@examplemail.test,416-555-1003,1971-12-14,37,761.86,10
500197,2022-04-22,North,Zelda Fairweather,zelda.fairweather6@examplemail.test,416-555-1046,1983-03-22,16,842.21,15
500198,2024-01-19,South,Wilhelmina Delacroix,wilhelmina.delacroix15@examplemail.test,416-555-1055,1983-03-03,13,305.43,0
500199,2022-10-15,East,Quintus Kowalczyk,quintus.kowalczyk15@examplemail.test,416-555-1035,1975-08-21,3,61.15,0
500200,2023-07-16,West,Octavia Vanterpool,octavia.vanterpool1@examplemail.test,416-555-1021,1984-01-20,8,108.44,0
500201,2023-05-02,North,Quintus Abernathy,quintus.abernathy20@examplemail.test,416-555-1020,1968-02-10,11,325.85,0
500202,2024-11-20,North,Quintus Okonkwo-Reyes,quintus.okonkworeyes17@examplemail.test,416-555-1017,1955-08-19,10,489.77,15
500203,2024-11-15,East,Philippa Kowalczyk,philippa.kowalczyk27@examplemail.test,416-555-1007,1968-07-19,16,273.71,0
500204,awaiting Zelda Vanterpool,West,Bartholomew Delacroix,bartholomew.delacroix32@examplemail.test,416-555-1012,1994-10-08,13,592.31,10
500205,2023-09-16,South,Wilhelmina Delacroix,wilhelmina.delacroix33@examplemail.test,416-555-1013,1980-08-27,16,293.24,10
500206,2023-01-24,South,Ingrid Vanterpool,ingrid.vanterpool22@examplemail.test,416-555-1022,1984-07-19,23,368.88,5
500207,2023-10-28,North,Bartholomew Vanterpool,bartholomew.vanterpool5@examplemail.test,416-555-1045,1970-08-09,14,ask Marisol,10
500208,2022-02-16,West,Lysander Fairweather,lysander.fairweather1@examplemail.test,416-555-1021,1985-02-20,29,786.72,0
500209,2024-06-21,East,Marisol Okonkwo-Reyes,marisol.okonkworeyes21@examplemail.test,416-555-1001,1997-02-17,10,218.15,15
500210,2023-12-25,West,Thaddeus Fairweather,thaddeus.fairweather31@examplemail.test,416-555-1011,1993-04-20,18,557.47,0
500211,2023-07-07,West,Zelda Vanterpool,zelda.vanterpool2@examplemail.test,416-555-1022,1995-11-23,7,132.00,0
500212,2022-08-31,West,Octavia Vanterpool,octavia.vanterpool14@examplemail.test,416-555-1014,1975-10-05,18,387.76,0
500213,2024-07-17,West,Philippa Fairweather,philippa.fairweather34@examplemail.test,416-555-1054,1979-05-24,23,330.30,15
500214,2023-10-24,East,Lysander Vanterpool,lysander.vanterpool3@examplemail.test,416-555-1003,2000-12-28,25,890.96,15
500215,2023-01-15,North,Ingrid Okonkwo-Reyes,ingrid.okonkworeyes34@examplemail.test,416-555-1034,1969-03-14,38,526.38,5
500216,2023-11-10,North,Octavia Okonkwo-Reyes,octavia.okonkworeyes5@examplemail.test,416-555-1045,1988-04-11,28,199.79,0
500217,2022-04-10,West,Zelda Vanterpool,zelda.vanterpool11@examplemail.test,416-555-1011,1986-08-10,20,829.87,15
500218,2024-03-10,North,Marisol Abernathy,marisol.abernathy37@examplemail.test,416-555-1057,1972-01-20,29,615.08,0
500219,2024-12-13,South,Lysander Vanterpool,lysander.vanterpool37@examplemail.test,416-555-1057,1956-07-12,36,460.80,5
500220,2024-05-14,North,Philippa Vanterpool,philippa.vanterpool9@examplemail.test,416-555-1009,1975-08-25,38,569.65,10
500221,awaiting Zelda Vanterpool,North,Zelda Fairweather,zelda.fairweather25@examplemail.test,416-555-1005,1970-06-03,33,746.91,5
500222,2023-08-29,South,Octavia Delacroix,octavia.delacroix33@examplemail.test,416-555-1053,1971-09-14,34,575.37,10
500223,2024-11-02,East,Zelda Abernathy,zelda.abernathy16@examplemail.test,416-555-1036,1976-03-02,39,574.49,0
500224,2022-03-30,East,Philippa Fairweather,philippa.fairweather34@examplemail.test,416-555-1054,1976-01-26,36,22.45,0
500225,2024-03-27,East,Philippa Vanterpool,philippa.vanterpool10@examplemail.test,416-555-1050,1987-01-22,12,45.99,15
500226,2024-12-26,South,Bartholomew Vanterpool,bartholomew.vanterpool23@examplemail.test,416-555-1023,1959-10-07,8,381.77,5
500227,2024-11-29,West,Bartholomew Fairweather,bartholomew.fairweather28@examplemail.test,416-555-1028,1982-02-01,11,108.09,15
500228,2024-06-02,South,Wilhelmina Kowalczyk,wilhelmina.kowalczyk31@examplemail.test,416-555-1031,1991-01-22,21,698.11,5
500229,2023-12-28,East,Philippa Abernathy,philippa.abernathy21@examplemail.test,416-555-1021,1960-01-09,38,573.25,0
500230,2023-01-30,West,Quintus Okonkwo-Reyes,quintus.okonkworeyes30@examplemail.test,416-555-1050,1989-07-01,26,ask Marisol,0
500231,2022-04-24,East,Lysander Okonkwo-Reyes,lysander.okonkworeyes37@examplemail.test,416-555-1017,1965-04-08,38,58.70,5
500232,2022-01-15,South,Zelda Okonkwo-Reyes,zelda.okonkworeyes33@examplemail.test,416-555-1053,1969-07-20,32,241.73,0
500233,2024-03-11,North,Wilhelmina Okonkwo-Reyes,wilhelmina.okonkworeyes25@examplemail.test,416-555-1045,1995-10-08,26,383.88,15
500234,2023-05-16,West,Zelda Delacroix,zelda.delacroix4@examplemail.test,416-555-1044,1961-03-12,1,353.53,10
500235,2024-01-16,North,Ingrid Vanterpool,ingrid.vanterpool18@examplemail.test,416-555-1058,1971-09-28,26,359.33,0
500236,2024-05-16,South,Philippa Okonkwo-Reyes,philippa.okonkworeyes19@examplemail.test,416-555-1059,1985-04-13,19,188.25,10
500237,2024-06-13,South,Lysander Okonkwo-Reyes,lysander.okonkworeyes17@examplemail.test,416-555-1017,1967-11-01,10,320.45,5
500238,awaiting Zelda Vanterpool,West,Quintus Okonkwo-Reyes,quintus.okonkworeyes20@examplemail.test,416-555-1040,1967-09-27,36,712.97,15
500239,2023-05-09,East,Lysander Fairweather,lysander.fairweather1@examplemail.test,416-555-1021,1973-06-07,25,655.77,5
500240,2024-09-03,West,Bartholomew Abernathy,bartholomew.abernathy18@examplemail.test,416-555-1018,1963-04-28,9,418.37,10
500241,2024-01-26,North,Octavia Okonkwo-Reyes,octavia.okonkworeyes33@examplemail.test,416-555-1033,1965-07-20,9,468.97,0
500242,2023-07-10,East,Marisol Vanterpool,marisol.vanterpool16@examplemail.test,416-555-1016,1999-07-01,37,598.62,5
500243,2022-02-02,South,Lysander Abernathy,lysander.abernathy39@examplemail.test,416-555-1019,1995-02-23,15,175.80,10
500244,2022-08-14,North,Octavia Vanterpool,octavia.vanterpool34@examplemail.test,416-555-1034,1985-06-26,20,460.32,5
500245,2023-10-02,East,Quintus Abernathy,quintus.abernathy5@examplemail.test,416-555-1045,1964-05-05,26,738.81,10
500246,2024-04-08,South,Marisol Abernathy,marisol.abernathy37@examplemail.test,416-555-1057,1999-11-21,9,777.93,10
500247,2022-03-04,West,Lysander Kowalczyk,lysander.kowalczyk27@examplemail.test,416-555-1007,1993-11-23,27,329.26,0
500248,2023-05-26,South,Thaddeus Vanterpool,thaddeus.vanterpool5@examplemail.test,416-555-1025,1972-11-04,8,179.86,10
500249,2022-03-26,West,Ingrid Vanterpool,ingrid.vanterpool7@examplemail.test,416-555-1027,1952-10-06,20,399.02,5
500250,2022-03-24,West,Thaddeus Abernathy,thaddeus.abernathy2@examplemail.test,416-555-1042,1969-11-21,37,848.57,5
500251,2024-12-04,East,Ingrid Delacroix,ingrid.delacroix10@examplemail.test,416-555-1010,1977-11-22,1,526.24,0
500252,2022-03-31,East,Lysander Vanterpool,lysander.vanterpool19@examplemail.test,416-555-1059,1988-12-02,8,877.23,0
500253,2023-03-09,East,Marisol Okonkwo-Reyes,marisol.okonkworeyes37@examplemail.test,416-555-1037,1972-12-03,26,ask Marisol,5
500254,2024-12-17,North,Wilhelmina Fairweather,wilhelmina.fairweather6@examplemail.test,416-555-1046,1972-07-15,33,838.58,15
500255,awaiting Zelda Vanterpool,South,Thaddeus Fairweather,thaddeus.fairweather19@examplemail.test,416-555-1039,1993-09-28,9,836.75,15
500256,2022-04-02,South,Bartholomew Vanterpool,bartholomew.vanterpool39@examplemail.test,416-555-1059,1985-05-06,16,500.84,10
500257,2022-05-04,South,Lysander Kowalczyk,lysander.kowalczyk6@examplemail.test,416-555-1026,1972-06-14,20,101.43,5
500258,2024-09-25,South,Wilhelmina Delacroix,wilhelmina.delacroix23@examplemail.test,416-555-1043,1980-04-23,33,232.71,15
500259,2023-12-23,East,Philippa Vanterpool,philippa.vanterpool37@examplemail.test,416-555-1057,1969-03-23,37,144.86,5
500260,2022-09-01,West,Marisol Vanterpool,marisol.vanterpool0@examplemail.test,416-555-1040,1977-03-22,39,606.55,15
500261,2023-03-01,North,Ingrid Vanterpool,ingrid.vanterpool18@examplemail.test,416-555-1058,1994-05-01,14,337.22,0
500262,2023-08-01,East,Marisol Abernathy,marisol.abernathy35@examplemail.test,416-555-1035,1962-02-23,8,291.85,5
500263,2024-07-02,North,Philippa Delacroix,philippa.delacroix39@examplemail.test,416-555-1059,1986-06-10,5,167.92,0
500264,2024-08-19,North,Ingrid Fairweather,ingrid.fairweather24@examplemail.test,416-555-1024,1981-02-24,37,651.08,10
500265,2024-09-30,North,Quintus Delacroix,quintus.delacroix22@examplemail.test,416-555-1042,1981-04-26,1,497.90,10
500266,2023-08-11,South,Octavia Vanterpool,octavia.vanterpool1@examplemail.test,416-555-1021,1989-12-21,16,635.44,0
500267,2022-02-28,South,Quintus Okonkwo-Reyes,quintus.okonkworeyes12@examplemail.test,416-555-1012,1999-07-27,24,147.72,5
500268,2022-07-31,East,Lysander Fairweather,lysander.fairweather8@examplemail.test,416-555-1008,1969-12-20,12,307.47,10
500269,2023-04-19,North,Quintus Abernathy,quintus.abernathy28@examplemail.test,416-555-1008,1958-09-12,17,757.28,5
500270,2022-03-28,South,Bartholomew Delacroix,bartholomew.delacroix14@examplemail.test,416-555-1054,1986-11-27,26,899.90,0
500271,2024-10-11,South,Philippa Okonkwo-Reyes,philippa.okonkworeyes16@examplemail.test,416-555-1036,1981-12-06,39,896.16,0
500272,awaiting Zelda Vanterpool,West,Ingrid Okonkwo-Reyes,ingrid.okonkworeyes3@examplemail.test,416-555-1023,1958-08-21,6,873.44,0
500273,2024-09-10,South,Marisol Abernathy,marisol.abernathy17@examplemail.test,416-555-1037,1963-12-12,40,22.47,15
500274,2023-08-06,West,Lysander Kowalczyk,lysander.kowalczyk36@examplemail.test,416-555-1036,1992-01-17,22,645.48,0
500275,2022-01-21,East,Philippa Delacroix,philippa.delacroix21@examplemail.test,416-555-1041,1961-12-06,1,353.36,15
500276,2023-02-07,West,Ingrid Vanterpool,ingrid.vanterpool0@examplemail.test,416-555-1000,1955-09-11,28,ask Marisol,5
500277,2022-06-18,East,Ingrid Kowalczyk,ingrid.kowalczyk30@examplemail.test,416-555-1030,1996-11-11,20,556.05,15
500278,2024-09-13,South,Quintus Fairweather,quintus.fairweather16@examplemail.test,416-555-1036,1991-03-10,34,781.43,0
500279,2023-04-03,West,Bartholomew Abernathy,bartholomew.abernathy27@examplemail.test,416-555-1047,1997-08-23,38,94.98,10
500280,2024-01-10,South,Thaddeus Abernathy,thaddeus.abernathy31@examplemail.test,416-555-1031,1965-10-15,8,368.78,5
500281,2023-02-22,South,Marisol Vanterpool,marisol.vanterpool0@examplemail.test,416-555-1040,1997-02-08,17,778.71,0
500282,2024-12-25,North,Wilhelmina Delacroix,wilhelmina.delacroix23@examplemail.test,416-555-1043,1966-12-16,30,219.75,5
500283,2024-11-19,South,Quintus Okonkwo-Reyes,quintus.okonkworeyes21@examplemail.test,416-555-1001,1986-02-28,5,379.06,15
500284,2024-10-29,West,Quintus Delacroix,quintus.delacroix1@examplemail.test,416-555-1041,1982-12-27,8,686.07,0
500285,2024-03-15,East,Quintus Delacroix,quintus.delacroix38@examplemail.test,416-555-1038,1960-04-19,6,438.10,5
500286,2022-04-30,West,Ingrid Vanterpool,ingrid.vanterpool7@examplemail.test,416-555-1027,1965-01-12,39,56.73,5
500287,2023-09-09,North,Quintus Kowalczyk,quintus.kowalczyk21@examplemail.test,416-555-1001,1995-03-14,6,819.51,5
500288,2023-12-30,North,Lysander Kowalczyk,lysander.kowalczyk6@examplemail.test,416-555-1026,1973-12-27,1,320.43,10
500289,awaiting Zelda Vanterpool,East,Octavia Fairweather,octavia.fairweather30@examplemail.test,416-555-1010,1982-12-17,32,854.27,0
500290,2022-07-26,East,Marisol Kowalczyk,marisol.kowalczyk22@examplemail.test,416-555-1002,1985-06-26,3,550.69,5
500291,2023-12-29,North,Quintus Fairweather,quintus.fairweather18@examplemail.test,416-555-1038,1994-08-01,38,757.58,15
500292,2022-02-14,West,Philippa Vanterpool,philippa.vanterpool9@examplemail.test,416-555-1009,1957-02-26,10,247.41,10
500293,2022-10-25,North,Quintus Okonkwo-Reyes,quintus.okonkworeyes21@examplemail.test,416-555-1001,1966-09-23,18,690.07,15
500294,2022-02-22,North,Thaddeus Abernathy,thaddeus.abernathy15@examplemail.test,416-555-1055,1959-08-17,3,445.89,0
500295,2023-01-11,West,Lysander Okonkwo-Reyes,lysander.okonkworeyes37@examplemail.test,416-555-1017,1991-11-20,31,365.46,5
500296,2024-03-18,East,Lysander Vanterpool,lysander.vanterpool37@examplemail.test,416-555-1057,1989-09-03,34,337.62,5
500297,2022-09-28,East,Quintus Okonkwo-Reyes,quintus.okonkworeyes21@examplemail.test,416-555-1001,1989-01-07,24,169.36,15
500298,2024-08-19,South,Bartholomew Kowalczyk,bartholomew.kowalczyk38@examplemail.test,416-555-1018,1972-06-01,31,315.24,10
500299,2022-02-14,West,Thaddeus Delacroix,thaddeus.delacroix7@examplemail.test,416-555-1007,1979-10-02,10,ask Marisol,10
500300,2023-07-16,North,Ingrid Fairweather,ingrid.fairweather32@examplemail.test,416-555-1032,1982-05-12,34,520.69,5
500301,2022-07-17,East,Marisol Delacroix,marisol.delacroix22@examplemail.test,416-555-1042,1999-07-21,7,523.16,10
500302,2023-05-05,South,Thaddeus Okonkwo-Reyes,thaddeus.okonkworeyes32@examplemail.test,416-555-1012,1993-02-10,22,867.40,10
500303,2023-12-21,West,Quintus Delacroix,quintus.delacroix1@examplemail.test,416-555-1041,1995-07-11,22,73.20,10
500304,2024-10-30,West,Quintus Abernathy,quintus.abernathy28@examplemail.test,416-555-1008,1965-04-12,14,152.71,0
500305,2024-04-11,South,Wilhelmina Fairweather,wilhelmina.fairweather28@examplemail.test,416-555-1048,1975-10-25,11,286.12,0
500306,awaiting Zelda Vanterpool,South,Lysander Fairweather,lysander.fairweather8@examplemail.test,416-555-1008,1969-05-24,22,523.27,0
500307,2022-06-15,West,Lysander Vanterpool,lysander.vanterpool19@examplemail.test,416-555-1059,1961-05-19,30,331.07,10
500308,2022-05-21,South,Bartholomew Vanterpool,bartholomew.vanterpool8@examplemail.test,416-555-1008,1970-03-09,35,810.00,0
500309,2023-07-05,East,Ingrid Okonkwo-Reyes,ingrid.okonkworeyes1@examplemail.test,416-555-1001,1995-01-07,29,61.97,5
500310,2024-10-26,North,Philippa Vanterpool,philippa.vanterpool11@examplemail.test,416-555-1031,1956-04-08,9,665.82,0
500311,2022-06-02,East,Marisol Vanterpool,marisol.vanterpool14@examplemail.test,416-555-1054,1971-12-05,18,24.44,0
500312,2022-02-28,East,Philippa Fairweather,philippa.fairweather28@examplemail.test,416-555-1048,1970-06-28,32,679.41,15
500313,2022-12-26,West,Lysander Kowalczyk,lysander.kowalczyk29@examplemail.test,416-555-1029,1976-01-03,22,571.15,15
500314,2023-06-13,West,Marisol Abernathy,marisol.abernathy37@examplemail.test,416-555-1057,1950-01-11,21,516.44,0
500315,2023-11-08,East,Marisol Kowalczyk,marisol.kowalczyk0@examplemail.test,416-555-1020,1955-01-05,34,205.22,0
500316,2024-01-13,East,Philippa Okonkwo-Reyes,philippa.okonkworeyes16@examplemail.test,416-555-1036,1972-09-22,36,537.87,5
500317,2023-04-19,West,Bartholomew Delacroix,bartholomew.delacroix19@examplemail.test,416-555-1019,1989-05-27,3,646.06,10
500318,2023-07-26,North,Zelda Fairweather,zelda.fairweather25@examplemail.test,416-555-1005,1983-09-09,1,136.04,15
500319,2024-01-15,South,Philippa Abernathy,philippa.abernathy37@examplemail.test,416-555-1017,1990-04-13,6,685.80,0
500320,2022-09-10,East,Ingrid Kowalczyk,ingrid.kowalczyk30@examplemail.test,416-555-1030,1984-09-07,12,508.62,10
500321,2022-11-04,West,Thaddeus Vanterpool,thaddeus.vanterpool10@examplemail.test,416-555-1030,1997-03-17,16,45.56,15
500322,2023-03-15,North,Thaddeus Kowalczyk,thaddeus.kowalczyk5@examplemail.test,416-555-1025,1972-07-15,2,ask Marisol,0
500323,awaiting Zelda Vanterpool,West,Bartholomew Vanterpool,bartholomew.vanterpool10@examplemail.test,416-555-1030,1975-11-28,15,328.60,15
500324,2024-02-11,South,Quintus Fairweather,quintus.fairweather16@examplemail.test,416-555-1036,1990-04-01,17,241.70,15
500325,2023-04-21,West,Marisol Okonkwo-Reyes,marisol.okonkworeyes21@examplemail.test,416-555-1001,1963-06-25,18,394.54,10
500326,2023-03-22,East,Ingrid Okonkwo-Reyes,ingrid.okonkworeyes11@examplemail.test,416-555-1051,2000-03-16,18,779.50,5
500327,2023-08-04,East,Quintus Abernathy,quintus.abernathy5@examplemail.test,416-555-1045,1971-01-16,16,787.45,5
500328,2024-07-18,West,Philippa Fairweather,philippa.fairweather28@examplemail.test,416-555-1048,1987-01-26,24,204.64,0
500329,2023-01-11,North,Quintus Delacroix,quintus.delacroix22@examplemail.test,416-555-1042,1958-05-22,8,41.49,5
500330,2022-10-03,West,Marisol Vanterpool,marisol.vanterpool34@examplemail.test,416-555-1034,1959-09-24,11,329.48,15
500331,2022-07-06,South,Ingrid Okonkwo-Reyes,ingrid.okonkworeyes12@examplemail.test,416-555-1032,1971-11-22,22,650.39,0
500332,2023-02-19,West,Octavia Vanterpool,octavia.vanterpool1@examplemail.test,416-555-1021,1994-01-02,39,138.65,5
500333,2022-08-05,West,Quintus Delacroix,quintus.delacroix12@examplemail.test,416-555-1012,1951-01-11,8,76.81,0
500334,2022-10-08,North,Thaddeus Delacroix,thaddeus.delacroix29@examplemail.test,416-555-1029,1977-01-06,35,217.04,5
500335,2024-12-23,East,Marisol Okonkwo-Reyes,marisol.okonkworeyes21@examplemail.test,416-555-1001,1981-02-12,15,874.03,0
500336,2022-12-31,West,Quintus Kowalczyk,quintus.kowalczyk7@examplemail.test,416-555-1007,1966-05-03,13,870.37,0
500337,2024-01-15,East,Ingrid Fairweather,ingrid.fairweather16@examplemail.test,416-555-1016,1950-06-23,30,56.44,10
500338,2024-04-22,West,Ingrid Kowalczyk,ingrid.kowalczyk21@examplemail.test,416-555-1021,1995-05-13,35,391.33,15
500339,2022-11-08,East,Bartholomew Kowalczyk,bartholomew.kowalczyk38@examplemail.test,416-555-1018,1998-07-14,1,727.30,5
500340,awaiting Zelda Vanterpool,North,Lysander Abernathy,lysander.abernathy3@examplemail.test,416-555-1003,1962-11-04,40,96.40,0
500341,2024-04-13,West,Lysander Fairweather,lysander.fairweather35@examplemail.test,416-555-1055,1985-06-22,36,588.68,10
500342,2022-01-04,South,Marisol Kowalczyk,marisol.kowalczyk2@examplemail.test,416-555-1002,1997-11-28,22,434.13,15
500343,2024-02-17,North,Marisol Okonkwo-Reyes,marisol.okonkworeyes21@examplemail.test,416-555-1001,1995-02-13,18,878.82,10
500344,2023-04-05,West,Wilhelmina Delacroix,wilhelmina.delacroix33@examplemail.test,416-555-1013,1998-05-09,31,819.70,10
500345,2023-04-01,East,Thaddeus Okonkwo-Reyes,thaddeus.okonkworeyes32@examplemail.test,416-555-1012,1954-09-12,34,ask Marisol,5
500346,2023-05-06,East,Octavia Vanterpool,octavia.vanterpool24@examplemail.test,416-555-1044,1961-03-27,12,602.40,0
500347,2024-02-22,North,Zelda Fairweather,zelda.fairweather25@examplemail.test,416-555-1005,1977-02-14,17,155.38,15
500348,2024-01-20,West,Marisol Kowalczyk,marisol.kowalczyk22@examplemail.test,416-555-1002,1992-09-17,6,286.11,10
500349,2023-08-20,North,Wilhelmina Fairweather,wilhelmina.fairweather28@examplemail.test,416-555-1048,1994-02-15,12,578.48,5
500350,2022-09-27,West,Lysander Kowalczyk,lysander.kowalczyk27@examplemail.test,416-555-1007,1981-09-22,24,229.11,10
500351,2023-06-04,East,Octavia Vanterpool,octavia.vanterpool9@examplemail.test,416-555-1009,1985-04-01,4,522.08,5
500352,2023-07-19,North,Octavia Okonkwo-Reyes,octavia.okonkworeyes5@examplemail.test,416-555-1045,1966-04-09,6,754.04,15
500353,2023-02-20,West,Thaddeus Kowalczyk,thaddeus.kowalczyk25@examplemail.test,416-555-1005,1977-05-20,3,707.33,15
500354,2024-01-24,East,Bartholomew Abernathy,bartholomew.abernathy21@examplemail.test,416-555-1021,1995-05-14,39,399.25,10
500355,2023-05-06,North,Lysander Okonkwo-Reyes,lysander.okonkworeyes37@examplemail.test,416-555-1017,1987-03-20,38,188.62,10
500356,2023-02-23,West,Lysander Okonkwo-Reyes,lysander.okonkworeyes8@examplemail.test,416-555-1048,1954-02-25,26,412.06,15
500357,awaiting Zelda Vanterpool,West,Wilhelmina Delacroix,wilhelmina.delacroix15@examplemail.test,416-555-1055,1987-10-15,28,842.85,15
500358,2022-12-29,South,Octavia Okonkwo-Reyes,octavia.okonkworeyes33@examplemail.test,416-555-1033,1978-07-16,1,139.05,5
500359,2024-04-04,North,Marisol Vanterpool,marisol.vanterpool37@examplemail.test,416-555-1037,1952-11-10,25,507.39,15
500360,2022-07-06,South,Marisol Abernathy,marisol.abernathy33@examplemail.test,416-555-1053,1954-10-27,32,33.62,0
500361,2024-07-21,South,Octavia Kowalczyk,octavia.kowalczyk28@examplemail.test,416-555-1028,1993-04-23,4,315.32,15
500362,2024-04-15,South,Quintus Abernathy,quintus.abernathy25@examplemail.test,416-555-1025,1990-03-11,34,314.22,0
500363,2023-07-19,West,Octavia Abernathy,octavia.abernathy26@examplemail.test,416-555-1026,1966-02-11,20,357.68,15
500364,2022-04-17,East,Marisol Abernathy,marisol.abernathy37@examplemail.test,416-555-1037,1969-04-28,28,354.60,10
500365,2023-02-20,South,Philippa Kowalczyk,philippa.kowalczyk27@examplemail.test,416-555-1007,1953-04-18,30,593.98,15
500366,2024-01-22,North,Wilhelmina Abernathy,wilhelmina.abernathy14@examplemail.test,416-555-1054,1962-08-23,4,509.39,10
500367,2024-12-29,West,Octavia Vanterpool,octavia.vanterpool34@examplemail.test,416-555-1034,1976-10-27,18,304.73,5
500368,2023-08-23,West,Marisol Delacroix,marisol.delacroix22@examplemail.test,416-555-1042,1995-04-26,40,ask Marisol,15
500369,2024-07-02,South,Wilhelmina Fairweather,wilhelmina.fairweather24@examplemail.test,416-555-1044,1963-01-06,8,401.67,0
500370,2022-05-30,West,Bartholomew Delacroix,bartholomew.delacroix25@examplemail.test,416-555-1005,1981-03-01,36,831.71,5
500371,2023-03-31,South,Wilhelmina Okonkwo-Reyes,wilhelmina.okonkworeyes25@examplemail.test,416-555-1045,1996-11-24,14,279.51,5
500372,2023-03-02,West,Zelda Vanterpool,zelda.vanterpool24@examplemail.test,416-555-1024,1956-08-04,6,197.43,0
500373,2023-04-06,South,Octavia Delacroix,octavia.delacroix17@examplemail.test,416-555-1037,1966-12-15,10,623.60,0
500374,awaiting Zelda Vanterpool,South,Lysander Fairweather,lysander.fairweather1@examplemail.test,416-555-1021,1978-05-25,38,224.75,10
500375,2023-09-28,North,Bartholomew Kowalczyk,bartholomew.kowalczyk12@examplemail.test,416-555-1012,1970-09-27,15,208.83,15
500376,2023-11-04,South,Quintus Kowalczyk,quintus.kowalczyk34@examplemail.test,416-555-1014,1959-11-10,35,216.56,0
500377,2024-08-11,North,Octavia Vanterpool,octavia.vanterpool36@examplemail.test,416-555-1016,1996-03-14,26,313.20,0
500378,2023-12-24,East,Zelda Okonkwo-Reyes,zelda.okonkworeyes22@examplemail.test,416-555-1002,1992-04-21,34,846.70,0
500379,2024-10-02,North,Lysander Vanterpool,lysander.vanterpool18@examplemail.test,416-555-1058,1951-08-03,18,196.45,10
500380,2023-02-19,North,Thaddeus Fairweather,thaddeus.fairweather31@examplemail.test,416-555-1011,1980-05-25,15,805.90,10
500381,2022-07-28,East,Ingrid Okonkwo-Reyes,ingrid.okonkworeyes0@examplemail.test,416-555-1000,1972-04-05,4,597.75,5
500382,2023-12-21,East,Quintus Okonkwo-Reyes,quintus.okonkworeyes30@examplemail.test,416-555-1050,1980-04-11,12,673.27,0
500383,2022-05-25,West,Wilhelmina Delacroix,wilhelmina.delacroix10@examplemail.test,416-555-1010,1985-08-04,8,677.32,5
500384,2024-08-04,West,Bartholomew Kowalczyk,bartholomew.kowalczyk18@examplemail.test,416-555-1018,1952-01-17,27,529.73,5
500385,2023-12-26,North,Wilhelmina Vanterpool,wilhelmina.vanterpool39@examplemail.test,416-555-1039,1973-12-22,24,666.13,5
500386,2023-11-13,South,Zelda Vanterpool,zelda.vanterpool2@examplemail.test,416-555-1002,1991-08-10,7,151.15,0
500387,2022-08-30,South,Marisol Fairweather,marisol.fairweather38@examplemail.test,416-555-1018,1981-05-18,21,496.12,15
500388,2022-12-04,West,Ingrid Okonkwo-Reyes,ingrid.okonkworeyes11@examplemail.test,416-555-1051,1984-01-17,13,245.48,10
500389,2023-02-23,North,Thaddeus Kowalczyk,thaddeus.kowalczyk25@examplemail.test,416-555-1005,1965-12-28,16,490.62,0
500390,2022-08-07,South,Zelda Abernathy,zelda.abernathy27@examplemail.test,416-555-1027,1981-12-19,15,205.62,0
500391,awaiting Zelda Vanterpool,North,Philippa Delacroix,philippa.delacroix15@examplemail.test,416-555-1015,1951-07-13,8,ask Marisol,10
500392,2022-06-24,South,Philippa Kowalczyk,philippa.kowalczyk19@examplemail.test,416-555-1039,1987-04-08,33,234.33,0
500393,2022-06-01,East,Octavia Vanterpool,octavia.vanterpool26@examplemail.test,416-555-1006,1971-02-02,12,209.11,10
500394,2022-06-24,North,Bartholomew Fairweather,bartholomew.fairweather28@examplemail.test,416-555-1028,1979-10-06,27,29.47,15
500395,2022-07-02,South,Octavia Abernathy,octavia.abernathy5@examplemail.test,416-555-1005,1959-12-17,10,617.35,10
500396,2023-02-24,West,Wilhelmina Kowalczyk,wilhelmina.kowalczyk21@examplemail.test,416-555-1041,1964-11-11,5,643.57,0
500397,2022-03-21,North,Octavia Vanterpool,octavia.vanterpool14@examplemail.test,416-555-1014,1983-06-03,5,681.29,5
500398,2024-01-21,West,Bartholomew Vanterpool,bartholomew.vanterpool10@examplemail.test,416-555-1030,1955-11-23,38,874.79,5
500399,2024-10-15,West,Marisol Kowalczyk,marisol.kowalczyk29@examplemail.test,416-555-1009,1966-12-10,30,816.21,5
500400,2024-03-03,North,Zelda Delacroix,zelda.delacroix7@examplemail.test,416-555-1027,2000-09-10,38,678.26,0
500401,2023-06-03,West,Ingrid Fairweather,ingrid.fairweather24@examplemail.test,416-555-1024,1964-04-07,36,537.11,5
500402,2022-04-15,West,Philippa Abernathy,philippa.abernathy0@examplemail.test,416-555-1020,1992-07-26,22,571.54,15
500403,2022-06-30,East,Marisol Delacroix,marisol.delacroix36@examplemail.test,416-555-1056,1991-11-27,39,716.78,15
500404,2022-01-12,West,Marisol Okonkwo-Reyes,marisol.okonkworeyes33@examplemail.test,416-555-1033,1981-10-01,31,856.87,15
500405,2023-09-08,West,Bartholomew Okonkwo-Reyes,bartholomew.okonkworeyes34@examplemail.test,416-555-1054,1959-06-18,23,208.02,15
500406,2022-03-10,South,Ingrid Vanterpool,ingrid.vanterpool29@examplemail.test,416-555-1029,1971-02-09,29,184.81,15
500407,2022-09-07,East,Quintus Delacroix,quintus.delacroix30@examplemail.test,416-555-1050,1993-11-02,12,350.57,15
500408,awaiting Zelda Vanterpool,East,Philippa Abernathy,philippa.abernathy37@examplemail.test,416-555-1017,1973-03-08,40,329.36,15
500409,2024-10-22,North,Quintus Abernathy,quintus.abernathy3@examplemail.test,416-555-1043,1982-10-07,11,773.94,15
500410,2022-01-03,North,Philippa Delacroix,philippa.delacroix9@examplemail.test,416-555-1029,1956-04-15,17,517.43,10
500411,2024-11-20,East,Philippa Delacroix,philippa.delacroix21@examplemail.test,416-555-1041,1974-03-25,27,806.54,0
500412,2024-06-30,West,Ingrid Fairweather,ingrid.fairweather16@examplemail.test,416-555-1016,1968-06-10,25,601.82,0
500413,2024-10-09,West,Lysander Abernathy,lysander.abernathy26@examplemail.test,416-555-1006,1994-01-02,8,790.19,15
500414,2023-10-02,East,Ingrid Fairweather,ingrid.fairweather24@examplemail.test,416-555-1024,1982-03-24,30,ask Marisol,0
500415,2024-09-17,West,Lysander Fairweather,lysander.fairweather30@examplemail.test,416-555-1010,1950-05-05,37,185.14,0
500416,2022-12-24,North,Ingrid Vanterpool,ingrid.vanterpool22@examplemail.test,416-555-1022,1987-11-09,16,572.02,10
500417,2024-05-13,East,Marisol Vanterpool,marisol.vanterpool0@examplemail.test,416-555-1040,1976-11-03,25,728.32,15
500418,2023-07-25,South,Octavia Okonkwo-Reyes,octavia.okonkworeyes5@examplemail.test,416-555-1045,1960-10-16,35,746.77,10
500419,2023-02-18,North,Zelda Vanterpool,zelda.vanterpool24@examplemail.test,416-555-1024,1953-03-10,11,669.74,10
500420,2023-09-04,South,Lysander Abernathy,lysander.abernathy36@examplemail.test,416-555-1016,1999-06-23,20,184.69,15
500421,2023-10-22,West,Ingrid Abernathy,ingrid.abernathy24@examplemail.test,416-555-1044,1975-02-22,26,248.98,10
500422,2024-08-27,East,Ingrid Fairweather,ingrid.fairweather16@examplemail.test,416-555-1016,1957-04-20,27,416.21,5
500423,2022-04-03,East,Philippa Abernathy,philippa.abernathy37@examplemail.test,416-555-1017,1967-09-16,27,602.00,0
500424,2024-03-15,West,Zelda Fairweather,zelda.fairweather25@examplemail.test,416-555-1005,1995-07-17,8,733.66,10
500425,awaiting Zelda Vanterpool,East,Bartholomew Abernathy,bartholomew.abernathy21@examplemail.test,416-555-1021,1984-12-19,39,288.92,10
500426,2023-05-16,East,Wilhelmina Fairweather,wilhelmina.fairweather35@examplemail.test,416-555-1035,1985-02-25,27,550.43,0
500427,2022-12-08,West,Bartholomew Vanterpool,bartholomew.vanterpool10@examplemail.test,416-555-1030,1961-12-21,8,673.28,15
500428,2023-12-03,West,Philippa Okonkwo-Reyes,philippa.okonkworeyes4@examplemail.test,416-555-1024,1975-08-26,12,316.41,5
500429,2023-08-17,North,Lysander Fairweather,lysander.fairweather28@examplemail.test,416-555-1008,1963-06-22,27,78.04,0
500430,2023-04-30,South,Ingrid Kowalczyk,ingrid.kowalczyk15@examplemail.test,416-555-1055,1977-07-07,18,524.88,5
500431,2023-04-03,West,Wilhelmina Delacroix,wilhelmina.delacroix23@examplemail.test,416-555-1043,1998-04-17,19,129.95,0
500432,2023-08-14,East,Philippa Kowalczyk,philippa.kowalczyk27@examplemail.test,416-555-1007,1991-12-23,18,358.21,0
500433,2023-03-15,North,Zelda Okonkwo-Reyes,zelda.okonkworeyes34@examplemail.test,416-555-1054,1969-02-12,6,614.89,10
500434,2024-11-27,East,Lysander Kowalczyk,lysander.kowalczyk36@examplemail.test,416-555-1036,1957-06-07,9,23.02,15
500435,2024-10-29,West,Ingrid Kowalczyk,ingrid.kowalczyk30@examplemail.test,416-555-1030,1978-10-18,3,544.19,0
500436,2022-08-17,South,Octavia Vanterpool,octavia.vanterpool7@examplemail.test,416-555-1007,1964-05-21,22,843.92,5
500437,2023-03-06,East,Ingrid Delacroix,ingrid.delacroix24@examplemail.test,416-555-1024,1986-09-23,12,ask Marisol,0
500438,2024-05-20,West,Zelda Vanterpool,zelda.vanterpool31@examplemail.test,416-555-1011,1954-11-09,38,657.59,0
500439,2024-03-12,East,Ingrid Vanterpool,ingrid.vanterpool22@examplemail.test,416-555-1022,1987-07-08,4,606.71,10
500440,2023-06-02,South,Lysander Kowalczyk,lysander.kowalczyk36@examplemail.test,416-555-1036,1991-08-19,30,137.69,15
500441,2023-12-03,North,Lysander Delacroix,lysander.delacroix35@examplemail.test,416-555-1015,1962-02-13,13,165.70,0
500442,awaiting Zelda Vanterpool,East,Bartholomew Kowalczyk,bartholomew.kowalczyk38@examplemail.test,416-555-1038,1962-12-24,17,193.12,5
500443,2022-02-18,West,Philippa Kowalczyk,philippa.kowalczyk18@examplemail.test,416-555-1018,1996-10-24,23,33.88,5
500444,2022-01-29,South,Lysander Delacroix,lysander.delacroix8@examplemail.test,416-555-1028,1996-12-21,36,493.21,10
500445,2023-10-11,North,Marisol Okonkwo-Reyes,marisol.okonkworeyes21@examplemail.test,416-555-1001,1969-02-02,23,670.64,15
500446,2024-07-22,West,Zelda Delacroix,zelda.delacroix35@examplemail.test,416-555-1035,1956-06-04,24,775.15,15
500447,2022-06-21,East,Zelda Delacroix,zelda.delacroix12@examplemail.test,416-555-1052,2000-06-16,9,809.63,0
500448,2024-11-08,West,Lysander Abernathy,lysander.abernathy39@examplemail.test,416-555-1019,1963-06-09,13,597.57,10
500449,2024-02-28,North,Wilhelmina Abernathy,wilhelmina.abernathy2@examplemail.test,416-555-1022,1977-03-05,14,31.33,15
500450,2022-01-21,East,Zelda Delacroix,zelda.delacroix4@examplemail.test,416-555-1044,1979-01-07,35,802.34,0
500451,2023-11-27,South,Wilhelmina Vanterpool,wilhelmina.vanterpool39@examplemail.test,416-555-1019,1985-08-16,14,696.66,0
500452,2023-02-25,West,Marisol Okonkwo-Reyes,marisol.okonkworeyes21@examplemail.test,416-555-1001,1974-02-04,9,540.28,5
500453,2024-07-25,North,Zelda Fairweather,zelda.fairweather12@examplemail.test,416-555-1052,1987-11-22,29,642.15,0
500454,2024-08-23,West,Lysander Kowalczyk,lysander.kowalczyk6@examplemail.test,416-555-1026,1975-11-22,16,778.46,15
500455,2022-10-20,North,Marisol Abernathy,marisol.abernathy20@examplemail.test,416-555-1000,1981-10-13,16,75.21,5
500456,2024-03-16,North,Bartholomew Fairweather,bartholomew.fairweather9@examplemail.test,416-555-1049,2000-12-27,3,217.28,5
500457,2023-02-16,West,Ingrid Okonkwo-Reyes,ingrid.okonkworeyes0@examplemail.test,416-555-1000,1952-08-02,15,373.74,0
500458,2023-06-25,South,Bartholomew Abernathy,bartholomew.abernathy21@examplemail.test,416-555-1021,1959-08-01,7,441.39,0
500459,awaiting Zelda Vanterpool,North,Philippa Abernathy,philippa.abernathy30@examplemail.test,416-555-1030,1960-10-17,33,304.48,15
500460,2022-05-30,North,Thaddeus Vanterpool,thaddeus.vanterpool15@examplemail.test,416-555-1015,1985-11-27,36,ask Marisol,0
500461,2023-08-21,South,Bartholomew Okonkwo-Reyes,bartholomew.okonkworeyes34@examplemail.test,416-555-1054,1975-11-01,14,512.71,0
500462,2024-11-06,North,Bartholomew Okonkwo-Reyes,bartholomew.okonkworeyes34@examplemail.test,416-555-1054,1963-02-23,14,592.05,15
500463,2022-06-28,North,Bartholomew Kowalczyk,bartholomew.kowalczyk39@examplemail.test,416-555-1039,1983-06-22,16,102.75,0
500464,2024-01-25,South,Ingrid Okonkwo-Reyes,ingrid.okonkworeyes20@examplemail.test,416-555-1020,1969-05-25,32,280.23,10
500465,2022-01-17,West,Quintus Abernathy,quintus.abernathy0@examplemail.test,416-555-1040,1954-01-04,39,620.93,5
500466,2024-07-24,North,Octavia Kowalczyk,octavia.kowalczyk8@examplemail.test,416-555-1028,1989-10-21,6,205.53,0
500467,2022-03-06,East,Wilhelmina Delacroix,wilhelmina.delacroix23@examplemail.test,416-555-1043,1993-03-28,4,821.83,5
500468,2024-06-25,East,Ingrid Delacroix,ingrid.delacroix10@examplemail.test,416-555-1010,1995-03-09,23,713.16,0
500469,2024-02-24,East,Ingrid Abernathy,ingrid.abernathy8@examplemail.test,416-555-1048,1960-08-06,31,883.17,10
500470,2023-05-29,East,Octavia Vanterpool,octavia.vanterpool6@examplemail.test,416-555-1006,1976-09-01,35,319.83,10
500471,2022-01-06,North,Bartholomew Vanterpool,bartholomew.vanterpool34@examplemail.test,416-555-1034,1999-04-11,35,719.25,5
500472,2022-03-16,West,Lysander Abernathy,lysander.abernathy0@examplemail.test,416-555-1040,1977-11-11,35,343.07,0
500473,2022-11-28,North,Philippa Fairweather,philippa.fairweather28@examplemail.test,416-555-1048,1983-01-21,16,603.87,15
500474,2023-03-13,West,Ingrid Delacroix,ingrid.delacroix31@examplemail.test,416-555-1051,1968-01-23,8,248.97,5
500475,2022-12-09,North,Octavia Delacroix,octavia.delacroix33@examplemail.test,416-555-1053,1997-05-25,22,364.01,10
500476,awaiting Zelda Vanterpool,North,Octavia Delacroix,octavia.delacroix33@examplemail.test,416-555-1053,1963-11-09,38,564.09,5
500477,2022-05-22,North,Lysander Fairweather,lysander.fairweather35@examplemail.test,416-555-1055,1975-05-03,5,76.27,0
500478,2024-01-13,West,Philippa Fairweather,philippa.fairweather38@examplemail.test,416-555-1038,1959-09-04,33,655.75,10
500479,2023-01-02,North,Quintus Fairweather,quintus.fairweather11@examplemail.test,416-555-1051,1966-05-13,12,379.87,15
500480,2024-08-03,South,Thaddeus Abernathy,thaddeus.abernathy15@examplemail.test,416-555-1055,1970-04-01,15,361.42,0
500481,2023-12-22,North,Wilhelmina Delacroix,wilhelmina.delacroix23@examplemail.test,416-555-1043,1971-05-20,13,28.63,0
500482,2022-11-22,South,Octavia Delacroix,octavia.delacroix17@examplemail.test,416-555-1037,1992-10-10,12,601.87,0
500483,2024-09-14,North,Philippa Abernathy,philippa.abernathy9@examplemail.test,416-555-1049,1953-07-09,37,ask Marisol,5
500484,2022-05-15,South,Thaddeus Delacroix,thaddeus.delacroix31@examplemail.test,416-555-1031,1950-05-28,23,839.05,10
500485,2022-10-13,South,Zelda Okonkwo-Reyes,zelda.okonkworeyes29@examplemail.test,416-555-1009,2000-12-09,11,346.02,0
500486,2022-12-08,West,Quintus Kowalczyk,quintus.kowalczyk26@examplemail.test,416-555-1026,1998-07-25,13,46.48,5
500487,2024-01-21,West,Lysander Abernathy,lysander.abernathy3@examplemail.test,416-555-1003,1991-08-09,4,785.30,0
500488,2024-01-29,West,Bartholomew Abernathy,bartholomew.abernathy0@examplemail.test,416-555-1000,1968-01-16,8,405.74,0
500489,2024-10-06,West,Ingrid Delacroix,ingrid.delacroix7@examplemail.test,416-555-1047,1975-02-16,12,441.98,5
500490,2024-06-22,South,Wilhelmina Kowalczyk,wilhelmina.kowalczyk31@examplemail.test,416-555-1031,1957-04-03,29,254.16,15
500491,2023-11-27,North,Octavia Delacroix,octavia.delacroix4@examplemail.test,416-555-1044,1953-02-17,14,215.72,15
500492,2022-05-05,South,Ingrid Fairweather,ingrid.fairweather21@examplemail.test,416-555-1041,1983-01-08,33,478.96,10
500493,awaiting Zelda Vanterpool,North,Ingrid Okonkwo-Reyes,ingrid.okonkworeyes2@examplemail.test,416-555-1042,1980-05-15,30,833.20,5
500494,2024-07-18,North,Marisol Delacroix,marisol.delacroix3@examplemail.test,416-555-1023,1970-02-07,24,266.95,0
500495,2024-09-01,West,Quintus Abernathy,quintus.abernathy6@examplemail.test,416-555-1006,1966-03-17,33,29.57,0
500496,2022-03-09,East,Marisol Kowalczyk,marisol.kowalczyk35@examplemail.test,416-555-1035,1991-04-25,39,459.12,5
500497,2022-10-27,South,Bartholomew Kowalczyk,bartholomew.kowalczyk38@examplemail.test,416-555-1018,1970-12-02,24,774.44,5
500498,2022-02-04,West,Octavia Vanterpool,octavia.vanterpool26@examplemail.test,416-555-1006,1979-12-03,3,415.45,10
500499,2022-10-17,North,Quintus Fairweather,quintus.fairweather18@examplemail.test,416-555-1038,1969-12-11,5,533.31,15
500500,2022-12-07,South,Octavia Vanterpool,octavia.vanterpool6@examplemail.test,416-555-1006,1973-08-08,24,77.93,15
500501,2023-03-22,South,Quintus Fairweather,quintus.fairweather18@examplemail.test,416-555-1038,1980-04-10,30,899.63,10
500502,2023-10-24,South,Octavia Vanterpool,octavia.vanterpool16@examplemail.test,416-555-1016,1976-03-11,2,383.49,10
500503,2023-05-06,West,Ingrid Okonkwo-Reyes,ingrid.okonkworeyes0@examplemail.test,416-555-1000,1959-10-26,30,246.91,15
500504,2022-10-11,South,Bartholomew Okonkwo-Reyes,bartholomew.okonkworeyes13@examplemail.test,416-555-1013,1965-09-04,27,261.02,5
500505,2024-12-07,South,Marisol Kowalczyk,marisol.kowalczyk29@examplemail.test,416-555-1009,1987-06-25,15,70.10,15
500506,2022-06-16,East,Lysander Vanterpool,lysander.vanterpool19@examplemail.test,416-555-1059,1978-07-09,15,ask Marisol,5
500507,2024-04-17,North,Ingrid Abernathy,ingrid.abernathy8@examplemail.test,416-555-1048,1953-07-27,2,111.61,10
500508,2023-08-17,North,Thaddeus Vanterpool,thaddeus.vanterpool25@examplemail.test,416-555-1025,1961-03-14,25,84.54,10
500509,2024-07-04,West,Lysander Fairweather,lysander.fairweather4@examplemail.test,416-555-1004,1981-11-17,24,535.94,5
500510,awaiting Zelda Vanterpool,West,Zelda Kowalczyk,zelda.kowalczyk23@examplemail.test,416-555-1003,1966-10-13,17,179.74,5
500511,2024-01-23,South,Philippa Vanterpool,philippa.vanterpool28@examplemail.test,416-555-1028,1966-11-27,4,84.61,15
500512,2023-11-05,East,Ingrid Abernathy,ingrid.abernathy4@examplemail.test,416-555-1004,1978-08-11,12,616.59,15
500513,2023-04-24,East,Thaddeus Okonkwo-Reyes,thaddeus.okonkworeyes20@examplemail.test,416-555-1040,1955-04-18,9,380.02,5
500514,2024-01-09,East,Quintus Kowalczyk,quintus.kowalczyk34@examplemail.test,416-555-1014,1992-08-25,15,341.12,5
500515,2022-08-22,West,Bartholomew Kowalczyk,bartholomew.kowalczyk18@examplemail.test,416-555-1018,1982-03-13,5,562.06,15
500516,2023-11-14,South,Ingrid Kowalczyk,ingrid.kowalczyk15@examplemail.test,416-555-1055,1984-06-12,28,639.90,10
500517,2024-09-15,North,Philippa Fairweather,philippa.fairweather34@examplemail.test,416-555-1054,1951-11-22,26,707.31,10
500518,2023-08-24,East,Quintus Delacroix,quintus.delacroix1@examplemail.test,416-555-1041,1991-04-21,38,238.74,5
500519,2023-09-11,South,Lysander Abernathy,lysander.abernathy12@examplemail.test,416-555-1032,1966-03-27,30,76.96,0
500520,2022-02-02,North,Zelda Fairweather,zelda.fairweather24@examplemail.test,416-555-1004,1984-07-24,2,513.38,0
500521,2022-12-23,South,Philippa Kowalczyk,philippa.kowalczyk3@examplemail.test,416-555-1043,1994-04-01,12,172.76,10
500522,2022-02-11,East,Quintus Okonkwo-Reyes,quintus.okonkworeyes12@examplemail.test,416-555-1012,1957-02-03,10,873.57,15
500523,2022-06-02,East,Philippa Okonkwo-Reyes,philippa.okonkworeyes27@examplemail.test,416-555-1027,1972-06-10,31,387.30,10
500524,2022-04-25,East,Ingrid Okonkwo-Reyes,ingrid.okonkworeyes2@examplemail.test,416-555-1042,1966-03-09,40,100.43,0
500525,2022-09-29,South,Ingrid Okonkwo-Reyes,ingrid.okonkworeyes13@examplemail.test,416-555-1013,1971-06-17,13,452.78,0
500526,2024-05-17,North,Lysander Okonkwo-Reyes,lysander.okonkworeyes37@examplemail.test,416-555-1017,1968-12-01,5,221.88,15
500527,awaiting Zelda Vanterpool,North,Quintus Fairweather,quintus.fairweather20@examplemail.test,416-555-1000,1959-04-26,30,642.83,5
500528,2024-08-26,North,Bartholomew Fairweather,bartholomew.fairweather9@examplemail.test,416-555-1049,1977-03-01,38,189.60,5
500529,2024-07-27,North,Lysander Abernathy,lysander.abernathy3@examplemail.test,416-555-1003,1998-05-17,35,ask Marisol,10
500530,2022-03-07,South,Lysander Vanterpool,lysander.vanterpool37@examplemail.test,416-555-1057,1996-01-08,14,471.26,15
500531,2023-01-14,West,Wilhelmina Fairweather,wilhelmina.fairweather24@examplemail.test,416-555-1044,1969-11-09,4,135.48,5
500532,2023-11-28,East,Philippa Vanterpool,philippa.vanterpool0@examplemail.test,416-555-1000,1995-11-23,20,719.04,15
500533,2024-12-08,North,Ingrid Okonkwo-Reyes,ingrid.okonkworeyes9@examplemail.test,416-555-1009,1969-01-25,6,556.11,10
500534,2023-10-30,North,Bartholomew Vanterpool,bartholomew.vanterpool23@examplemail.test,416-555-1023,1965-03-06,16,839.87,15
500535,2023-02-11,East,Marisol Kowalczyk,marisol.kowalczyk4@examplemail.test,416-555-1044,1957-09-23,24,478.74,15
500536,2022-06-05,East,Bartholomew Delacroix,bartholomew.delacroix14@examplemail.test,416-555-1054,1992-02-20,31,360.58,0
500537,2024-11-19,West,Marisol Abernathy,marisol.abernathy33@examplemail.test,416-555-1053,1978-06-28,27,439.67,10
500538,2023-10-09,North,Thaddeus Delacroix,thaddeus.delacroix36@examplemail.test,416-555-1016,1953-02-25,18,421.04,5
500539,2022-09-24,West,Ingrid Fairweather,ingrid.fairweather32@examplemail.test,416-555-1032,1979-11-20,5,50.91,10
500540,2024-12-02,East,Philippa Kowalczyk,philippa.kowalczyk3@examplemail.test,416-555-1043,1959-07-23,4,102.76,0
500541,2022-10-06,South,Thaddeus Abernathy,thaddeus.abernathy31@examplemail.test,416-555-1031,1956-12-03,35,298.09,15
500542,2023-05-08,West,Thaddeus Vanterpool,thaddeus.vanterpool8@examplemail.test,416-555-1028,1974-07-23,8,317.47,5
500543,2022-08-30,South,Wilhelmina Fairweather,wilhelmina.fairweather6@examplemail.test,416-555-1046,1966-12-24,31,815.74,5
500544,awaiting Zelda Vanterpool,West,Bartholomew Fairweather,bartholomew.fairweather28@examplemail.test,416-555-1028,1979-07-23,9,197.64,5
500545,2022-08-10,East,Ingrid Vanterpool,ingrid.vanterpool22@examplemail.test,416-555-1022,1971-04-01,31,244.54,5
500546,2023-10-06,North,Thaddeus Vanterpool,thaddeus.vanterpool8@examplemail.test,416-555-1028,1996-12-28,13,320.61,15
500547,2022-01-03,North,Lysander Fairweather,lysander.fairweather38@examplemail.test,416-555-1058,1986-06-01,17,712.96,0
500548,2023-11-03,West,Marisol Delacroix,marisol.delacroix36@examplemail.test,416-555-1056,1970-05-12,40,285.38,10
500549,2024-02-16,North,Quintus Delacroix,quintus.delacroix25@examplemail.test,416-555-1025,1957-04-01,27,820.39,5
500550,2022-12-20,West,Octavia Delacroix,octavia.delacroix26@examplemail.test,416-555-1026,1959-05-09,21,464.00,15
500551,2023-09-23,South,Lysander Fairweather,lysander.fairweather28@examplemail.test,416-555-1008,1965-09-23,4,316.04,10
500552,2023-10-19,East,Bartholomew Delacroix,bartholomew.delacroix36@examplemail.test,416-555-1036,1958-12-28,4,ask Marisol,15
500553,2024-08-23,South,Bartholomew Kowalczyk,bartholomew.kowalczyk36@examplemail.test,416-555-1056,2000-12-28,22,756.88,10
500554,2022-05-14,East,Quintus Fairweather,quintus.fairweather11@examplemail.test,416-555-1051,1957-06-01,2,814.68,5
500555,2022-05-27,East,Marisol Vanterpool,marisol.vanterpool34@examplemail.test,416-555-1014,1954-08-24,30,66.24,15
500556,2024-09-05,East,Lysander Vanterpool,lysander.vanterpool33@examplemail.test,416-555-1013,1969-11-21,37,800.59,15
500557,2023-12-10,West,Thaddeus Vanterpool,thaddeus.vanterpool15@examplemail.test,416-555-1015,1969-12-28,7,330.00,0
500558,2024-07-04,North,Bartholomew Okonkwo-Reyes,bartholomew.okonkworeyes13@examplemail.test,416-555-1033,1950-11-08,24,202.98,10
500559,2022-03-15,North,Bartholomew Kowalczyk,bartholomew.kowalczyk36@examplemail.test,416-555-1056,1987-10-14,9,40.80,15
500560,2023-01-14,North,Philippa Vanterpool,philippa.vanterpool28@examplemail.test,416-555-1028,1968-09-26,7,675.60,5
500561,awaiting Zelda Vanterpool,South,Lysander Kowalczyk,lysander.kowalczyk27@examplemail.test,416-555-1007,1997-07-06,5,354.92,15
500562,2023-11-04,South,Marisol Vanterpool,marisol.vanterpool34@examplemail.test,416-555-1034,1971-09-24,32,875.79,0
500563,2024-02-16,East,Marisol Fairweather,marisol.fairweather7@examplemail.test,416-555-1047,2000-03-06,36,35.44,0
500564,2022-04-22,South,Octavia Kowalczyk,octavia.kowalczyk28@examplemail.test,416-555-1028,1963-09-01,14,813.20,15
500565,2023-03-16,East,Marisol Vanterpool,marisol.vanterpool33@examplemail.test,416-555-1013,1959-11-15,28,727.00,5
500566,2023-07-22,North,Quintus Delacroix,quintus.delacroix39@examplemail.test,416-555-1059,1976-04-17,4,573.06,0
500567,2023-11-30,South,Marisol Delacroix,marisol.delacroix7@examplemail.test,416-555-1007,1960-12-26,17,228.61,5
500568,2023-04-23,South,Marisol Delacroix,marisol.delacroix28@examplemail.test,416-555-1008,1961-04-19,8,654.95,15
500569,2023-07-15,North,Octavia Okonkwo-Reyes,octavia.okonkworeyes17@examplemail.test,416-555-1037,1982-01-16,29,850.83,0
500570,2024-05-02,West,Thaddeus Okonkwo-Reyes,thaddeus.okonkworeyes32@examplemail.test,416-555-1012,1970-08-06,35,582.06,10
500571,2023-05-20,East,Wilhelmina Kowalczyk,wilhelmina.kowalczyk21@examplemail.test,416-555-1041,1964-03-28,40,380.91,15
500572,2023-09-29,North,Wilhelmina Abernathy,wilhelmina.abernathy2@examplemail.test,416-555-1022,1990-04-15,13,94.79,10
500573,2024-11-01,West,Thaddeus Delacroix,thaddeus.delacroix31@examplemail.test,416-555-1031,1961-07-16,38,759.14,15
500574,2023-07-24,South,Bartholomew Vanterpool,bartholomew.vanterpool1@examplemail.test,416-555-1001,1983-04-16,10,540.93,5
500575,2022-06-02,East,Wilhelmina Vanterpool,wilhelmina.vanterpool20@examplemail.test,416-555-1000,1994-07-03,23,ask Marisol,15
500576,2023-12-24,North,Philippa Vanterpool,philippa.vanterpool0@examplemail.test,416-555-1000,1994-07-21,37,154.05,0
500577,2024-09-05,East,Marisol Okonkwo-Reyes,marisol.okonkworeyes21@examplemail.test,416-555-1001,1982-11-23,26,829.80,15
500578,awaiting Zelda Vanterpool,West,Bartholomew Abernathy,bartholomew.abernathy3@examplemail.test,416-555-1043,1991-11-24,10,666.84,10
500579,2023-11-02,South,Thaddeus Abernathy,thaddeus.abernathy22@examplemail.test,416-555-1002,1986-11-08,11,319.25,15
500580,2023-08-11,West,Philippa Fairweather,philippa.fairweather19@examplemail.test,416-555-1059,1958-01-20,31,304.43,15
500581,2023-07-19,North,Lysander Abernathy,lysander.abernathy26@examplemail.test,416-555-1006,1983-01-12,21,503.11,15
500582,2023-11-15,East,Ingrid Delacroix,ingrid.delacroix10@examplemail.test,416-555-1010,1974-10-20,17,517.46,0
500583,2024-03-07,West,Octavia Vanterpool,octavia.vanterpool34@examplemail.test,416-555-1034,1973-11-18,22,30.56,10
500584,2022-11-27,South,Octavia Delacroix,octavia.delacroix33@examplemail.test,416-555-1053,1974-01-03,4,189.97,5
500585,2023-10-02,North,Marisol Delacroix,marisol.delacroix36@examplemail.test,416-555-1056,1964-01-14,7,252.17,5
500586,2022-11-03,North,Quintus Delacroix,quintus.delacroix22@examplemail.test,416-555-1042,1962-01-24,25,457.24,15
500587,2023-01-05,North,Bartholomew Delacroix,bartholomew.delacroix25@examplemail.test,416-555-1005,1958-05-02,11,94.01,0
500588,2022-02-16,North,Octavia Fairweather,octavia.fairweather7@examplemail.test,416-555-1047,1995-12-21,30,168.25,5
500589,2023-01-08,North,Wilhelmina Kowalczyk,wilhelmina.kowalczyk21@examplemail.test,416-555-1041,1988-06-22,13,848.25,10
500590,2024-06-10,South,Zelda Fairweather,zelda.fairweather6@examplemail.test,416-555-1046,1975-07-09,31,412.62,0
500591,2022-12-08,North,Octavia Kowalczyk,octavia.kowalczyk12@examplemail.test,416-555-1032,1959-06-21,4,668.71,15
500592,2024-06-21,West,Marisol Vanterpool,marisol.vanterpool0@examplemail.test,416-555-1040,2000-10-01,2,417.40,10
500593,2024-11-15,South,Octavia Delacroix,octavia.delacroix35@examplemail.test,416-555-1015,1953-09-17,12,145.37,15
500594,2022-01-12,South,Zelda Okonkwo-Reyes,zelda.okonkworeyes16@examplemail.test,416-555-1016,2000-12-17,24,846.06,15
500595,awaiting Zelda Vanterpool,East,Quintus Delacroix,quintus.delacroix12@examplemail.test,416-555-1012,1992-07-11,38,864.75,5
500596,2024-02-13,East,Marisol Abernathy,marisol.abernathy17@examplemail.test,416-555-1037,1967-04-26,40,604.47,0
500597,2023-10-16,West,Lysander Delacroix,lysander.delacroix8@examplemail.test,416-555-1028,1998-09-09,22,724.93,5
500598,2023-07-20,East,Ingrid Okonkwo-Reyes,ingrid.okonkworeyes2@examplemail.test,416-555-1042,1981-01-05,6,ask Marisol,15
500599,2024-11-07,West,Thaddeus Abernathy,thaddeus.abernathy18@examplemail.test,416-555-1038,1995-01-03,9,538.29,0
500600,2023-07-23,West,Ingrid Vanterpool,ingrid.vanterpool18@examplemail.test,416-555-1058,1988-07-15,17,796.68,0
500601,2024-01-27,East,Philippa Abernathy,philippa.abernathy9@examplemail.test,416-555-1049,1952-08-27,14,655.19,0
500602,2023-07-26,West,Zelda Okonkwo-Reyes,zelda.okonkworeyes29@examplemail.test,416-555-1009,1963-09-17,28,898.15,10
500603,2023-10-15,East,Thaddeus Vanterpool,thaddeus.vanterpool5@examplemail.test,416-555-1025,1993-12-16,3,863.30,5
500604,2022-04-22,South,Marisol Delacroix,marisol.delacroix28@examplemail.test,416-555-1008,1984-12-24,23,845.07,15
500605,2023-06-18,South,Octavia Fairweather,octavia.fairweather19@examplemail.test,416-555-1019,1952-08-16,6,42.50,0
500606,2024-08-11,South,Wilhelmina Abernathy,wilhelmina.abernathy27@examplemail.test,416-555-1007,1980-12-03,22,661.64,5
500607,2022-09-05,West,Bartholomew Vanterpool,bartholomew.vanterpool10@examplemail.test,416-555-1030,1961-09-09,11,315.98,5
500608,2023-04-06,North,Octavia Okonkwo-Reyes,octavia.okonkworeyes8@examplemail.test,416-555-1008,1966-01-08,40,161.74,10
500609,2024-02-26,North,Bartholomew Delacroix,bartholomew.delacroix32@examplemail.test,416-555-1032,1989-08-07,31,106.53,10
500610,2024-02-27,South,Lysander Fairweather,lysander.fairweather38@examplemail.test,416-555-1058,1991-08-16,13,744.17,10
500611,2024-12-04,West,Zelda Kowalczyk,zelda.kowalczyk30@examplemail.test,416-555-1050,1957-09-11,11,376.53,5
500612,awaiting Zelda Vanterpool,South,Wilhelmina Okonkwo-Reyes,wilhelmina.okonkworeyes12@examplemail.test,416-555-1012,1967-10-12,32,107.04,10
500613,2023-12-06,East,Ingrid Abernathy,ingrid.abernathy8@examplemail.test,416-555-1048,1973-07-04,9,883.86,15
500614,2023-11-10,South,Lysander Okonkwo-Reyes,lysander.okonkworeyes37@examplemail.test,416-555-1017,1986-09-06,2,296.19,10
500615,2024-07-29,South,Bartholomew Okonkwo-Reyes,bartholomew.okonkworeyes23@examplemail.test,416-555-1003,1968-08-21,24,345.14,15
500616,2022-12-27,West,Quintus Abernathy,quintus.abernathy24@examplemail.test,416-555-1004,1962-10-07,16,284.25,0
500617,2022-01-23,North,Philippa Kowalczyk,philippa.kowalczyk27@examplemail.test,416-555-1047,1985-02-07,8,473.13,5
500618,2023-08-13,North,Quintus Fairweather,quintus.fairweather11@examplemail.test,416-555-1051,1962-11-19,1,647.61,10
500619,2024-05-25,East,Zelda Delacroix,zelda.delacroix4@examplemail.test,416-555-1044,1967-06-19,33,629.96,15
500620,2024-12-29,South,Octavia Kowalczyk,octavia.kowalczyk12@examplemail.test,416-555-1032,1950-10-07,15,889.60,0
500621,2022-09-09,North,Ingrid Fairweather,ingrid.fairweather16@examplemail.test,416-555-1016,1987-12-17,25,ask Marisol,15
500622,2022-05-20,West,Bartholomew Delacroix,bartholomew.delacroix25@examplemail.test,416-555-1005,1994-07-04,18,750.04,5
500623,2024-01-18,South,Octavia Okonkwo-Reyes,octavia.okonkworeyes18@examplemail.test,416-555-1038,1951-01-02,40,894.35,15
500624,2024-02-03,South,Lysander Fairweather,lysander.fairweather11@examplemail.test,416-555-1011,1973-09-05,24,335.92,10
500625,2022-12-01,East,Marisol Kowalczyk,marisol.kowalczyk0@examplemail.test,416-555-1020,1959-03-04,8,537.91,5
500626,2024-10-28,North,Ingrid Abernathy,ingrid.abernathy10@examplemail.test,416-555-1050,1986-02-18,30,456.99,0
500627,2023-05-01,North,Philippa Okonkwo-Reyes,philippa.okonkworeyes16@examplemail.test,416-555-1036,1958-04-25,23,25.06,5
500628,2024-09-06,North,Quintus Okonkwo-Reyes,quintus.okonkworeyes21@examplemail.test,416-555-1001,1974-07-11,3,439.20,5
500629,awaiting Zelda Vanterpool,East,Octavia Fairweather,octavia.fairweather17@examplemail.test,416-555-1017,1965-01-20,13,834.11,0
500630,2022-06-20,North,Bartholomew Delacroix,bartholomew.delacroix36@examplemail.test,416-555-1036,1971-02-11,28,590.97,10
500631,2024-11-16,East,Bartholomew Kowalczyk,bartholomew.kowalczyk38@examplemail.test,416-555-1038,1978-04-22,20,156.13,15
500632,2022-08-08,South,Bartholomew Kowalczyk,bartholomew.kowalczyk1@examplemail.test,416-555-1001,1982-07-06,32,536.61,0
500633,2022-05-02,West,Quintus Delacroix,quintus.delacroix25@examplemail.test,416-555-1025,1982-01-11,34,62.04,5
500634,2022-12-13,South,Lysander Vanterpool,lysander.vanterpool37@examplemail.test,416-555-1057,1992-04-14,30,247.88,0
500635,2024-08-16,North,Thaddeus Delacroix,thaddeus.delacroix1@examplemail.test,416-555-1001,1994-04-22,13,370.57,15
500636,2023-08-15,North,Lysander Abernathy,lysander.abernathy26@examplemail.test,416-555-1006,1971-04-09,22,602.06,5
500637,2024-04-02,South,Bartholomew Okonkwo-Reyes,bartholomew.okonkworeyes13@examplemail.test,416-555-1033,1994-07-03,5,157.04,0
500638,2023-06-25,North,Octavia Vanterpool,octavia.vanterpool1@examplemail.test,416-555-1021,1956-07-17,17,618.79,5
500639,2024-10-14,South,Philippa Vanterpool,philippa.vanterpool8@examplemail.test,416-555-1048,1978-05-03,31,841.82,5
500640,2022-05-20,North,Octavia Vanterpool,octavia.vanterpool7@examplemail.test,416-555-1007,1977-03-22,12,623.43,0
500641,2022-08-22,South,Marisol Kowalczyk,marisol.kowalczyk4@examplemail.test,416-555-1044,1965-01-08,18,533.04,10
500642,2024-01-24,North,Octavia Kowalczyk,octavia.kowalczyk8@examplemail.test,416-555-1028,1995-05-06,29,880.78,5
500643,2022-09-30,North,Wilhelmina Fairweather,wilhelmina.fairweather6@examplemail.test,416-555-1046,1984-12-14,10,780.95,10
500644,2022-08-26,North,Quintus Kowalczyk,quintus.kowalczyk34@examplemail.test,416-555-1014,1955-11-08,3,ask Marisol,10
500645,2023-09-21,South,Thaddeus Abernathy,thaddeus.abernathy22@examplemail.test,416-555-1002,1970-12-26,38,511.96,15
500646,awaiting Zelda Vanterpool,South,Lysander Abernathy,lysander.abernathy25@examplemail.test,416-555-1025,1963-08-24,24,316.90,10
500647,2023-07-25,North,Octavia Delacroix,octavia.delacroix17@examplemail.test,416-555-1037,1982-03-17,28,39.70,5
500648,2024-12-27,West,Thaddeus Kowalczyk,thaddeus.kowalczyk30@examplemail.test,416-555-1030,1967-02-25,29,572.97,10
500649,2023-05-27,North,Philippa Vanterpool,philippa.vanterpool0@examplemail.test,416-555-1000,1982-09-13,19,498.76,15
500650,2023-06-12,East,Octavia Vanterpool,octavia.vanterpool7@examplemail.test,416-555-1007,1970-12-22,29,207.37,10
500651,2024-07-22,East,Quintus Abernathy,quintus.abernathy24@examplemail.test,416-555-1004,1955-06-24,15,595.66,15
500652,2024-01-23,North,Lysander Fairweather,lysander.fairweather35@examplemail.test,416-555-1055,1951-05-18,24,73.57,15
500653,2024-06-16,East,Philippa Okonkwo-Reyes,philippa.okonkworeyes31@examplemail.test,416-555-1011,1983-11-28,15,870.54,10
500654,2024-08-27,South,Wilhelmina Delacroix,wilhelmina.delacroix15@examplemail.test,416-555-1055,1996-12-24,7,183.70,10
500655,2023-07-09,East,Philippa Vanterpool,philippa.vanterpool9@examplemail.test,416-555-1009,1952-12-05,27,807.93,15
500656,2024-05-14,East,Bartholomew Vanterpool,bartholomew.vanterpool39@examplemail.test,416-555-1019,1970-03-21,11,181.36,10
500657,2022-05-07,West,Wilhelmina Okonkwo-Reyes,wilhelmina.okonkworeyes25@examplemail.test,416-555-1045,1965-06-02,4,769.47,15
500658,2023-01-31,West,Philippa Abernathy,philippa.abernathy37@examplemail.test,416-555-1017,1999-06-17,18,125.02,15
500659,2023-06-09,North,Lysander Kowalczyk,lysander.kowalczyk10@examplemail.test,416-555-1010,1975-07-06,1,353.77,10
500660,2023-10-22,North,Bartholomew Abernathy,bartholomew.abernathy10@examplemail.test,416-555-1050,1958-11-02,13,569.62,5
500661,2023-04-22,West,Thaddeus Kowalczyk,thaddeus.kowalczyk30@examplemail.test,416-555-1030,1956-04-23,16,772.69,5
500662,2023-10-24,West,Zelda Okonkwo-Reyes,zelda.okonkworeyes22@examplemail.test,416-555-1002,1952-10-11,39,474.10,0
500663,awaiting Zelda Vanterpool,South,Ingrid Okonkwo-Reyes,ingrid.okonkworeyes1@examplemail.test,416-555-1001,1963-08-10,24,893.99,0
500664,2022-08-28,South,Wilhelmina Fairweather,wilhelmina.fairweather9@examplemail.test,416-555-1049,1975-04-21,16,773.79,10
500665,2024-02-14,West,Ingrid Vanterpool,ingrid.vanterpool4@examplemail.test,416-555-1024,1952-09-26,20,504.11,10
500666,2024-09-10,West,Philippa Delacroix,philippa.delacroix39@examplemail.test,416-555-1059,1950-01-22,15,354.68,5
500667,2024-03-06,East,Lysander Fairweather,lysander.fairweather1@examplemail.test,416-555-1021,1956-05-25,29,ask Marisol,0
500668,2024-08-05,East,Philippa Fairweather,philippa.fairweather28@examplemail.test,416-555-1048,1994-01-03,6,102.28,5
500669,2022-01-12,South,Ingrid Fairweather,ingrid.fairweather21@examplemail.test,416-555-1041,1976-09-15,23,274.57,10
500670,2022-07-27,South,Marisol Fairweather,marisol.fairweather21@examplemail.test,416-555-1021,1983-08-04,35,347.20,5
500671,2024-03-06,North,Wilhelmina Delacroix,wilhelmina.delacroix23@examplemail.test,416-555-1003,1971-10-20,18,512.15,10
500672,2024-01-29,North,Ingrid Vanterpool,ingrid.vanterpool18@examplemail.test,416-555-1058,1973-11-18,9,584.70,10
500673,2023-11-27,South,Wilhelmina Abernathy,wilhelmina.abernathy2@examplemail.test,416-555-1022,1976-01-12,1,215.58,5
500674,2024-12-26,East,Wilhelmina Fairweather,wilhelmina.fairweather28@examplemail.test,416-555-1048,1973-07-09,30,224.79,5
500675,2022-05-02,West,Wilhelmina Abernathy,wilhelmina.abernathy14@examplemail.test,416-555-1014,1974-04-11,3,620.44,15
500676,2023-02-11,South,Marisol Vanterpool,marisol.vanterpool37@examplemail.test,416-555-1037,1961-02-21,12,173.56,10
500677,2022-12-20,North,Octavia Delacroix,octavia.delacroix17@examplemail.test,416-555-1037,1982-06-10,9,504.57,15
500678,2022-10-05,West,Ingrid Okonkwo-Reyes,ingrid.okonkworeyes20@examplemail.test,416-555-1020,1969-05-22,40,196.99,5
500679,2023-10-19,North,Ingrid Abernathy,ingrid.abernathy10@examplemail.test,416-555-1050,1958-06-16,11,414.66,0
500680,awaiting Zelda Vanterpool,East,Wilhelmina Delacroix,wilhelmina.delacroix33@examplemail.test,416-555-1013,1989-01-19,33,841.84,5
500681,2022-05-26,North,Thaddeus Vanterpool,thaddeus.vanterpool10@examplemail.test,416-555-1030,1983-01-01,15,564.36,15
500682,2024-07-20,South,Bartholomew Delacroix,bartholomew.delacroix32@examplemail.test,416-555-1032,1965-03-07,22,296.35,0
500683,2023-11-23,South,Octavia Fairweather,octavia.fairweather30@examplemail.test,416-555-1010,1954-02-01,8,569.25,0
500684,2023-08-25,East,Wilhelmina Delacroix,wilhelmina.delacroix23@examplemail.test,416-555-1043,1967-05-24,14,816.74,15
500685,2022-01-14,South,Ingrid Kowalczyk,ingrid.kowalczyk30@examplemail.test,416-555-1030,1996-05-08,36,290.95,15
500686,2024-02-24,South,Lysander Okonkwo-Reyes,lysander.okonkworeyes38@examplemail.test,416-555-1058,1984-08-13,30,711.74,5
500687,2023-08-01,North,Quintus Okonkwo-Reyes,quintus.okonkworeyes18@examplemail.test,416-555-1018,1997-09-08,20,137.22,15
500688,2023-04-06,West,Ingrid Abernathy,ingrid.abernathy8@examplemail.test,416-555-1048,1963-08-26,33,344.02,10
500689,2022-02-26,South,Wilhelmina Vanterpool,wilhelmina.vanterpool39@examplemail.test,416-555-1019,1998-12-26,23,790.82,15
500690,2022-11-26,West,Marisol Abernathy,marisol.abernathy17@examplemail.test,416-555-1057,1981-12-22,11,ask Marisol,5
500691,2023-01-15,North,Bartholomew Vanterpool,bartholomew.vanterpool1@examplemail.test,416-555-1001,1982-04-26,16,853.55,10
500692,2023-06-27,East,Philippa Abernathy,philippa.abernathy21@examplemail.test,416-555-1021,1972-11-04,25,444.51,5
500693,2024-06-16,South,Ingrid Okonkwo-Reyes,ingrid.okonkworeyes0@examplemail.test,416-555-1000,1969-05-26,36,751.03,5
500694,2023-08-24,South,Octavia Vanterpool,octavia.vanterpool24@examplemail.test,416-555-1044,1956-11-14,28,737.36,15
500695,2022-07-28,West,Bartholomew Vanterpool,bartholomew.vanterpool39@examplemail.test,416-555-1019,1976-03-17,21,809.24,5
500696,2024-03-07,West,Wilhelmina Vanterpool,wilhelmina.vanterpool22@examplemail.test,416-555-1022,1959-02-06,13,655.29,5
500697,awaiting Zelda Vanterpool,West,Philippa Kowalczyk,philippa.kowalczyk25@examplemail.test,416-555-1045,1991-09-16,2,756.40,5
500698,2022-03-22,South,Ingrid Kowalczyk,ingrid.kowalczyk32@examplemail.test,416-555-1032,1991-10-04,14,493.36,10
500699,2022-12-21,East,Philippa Vanterpool,philippa.vanterpool11@examplemail.test,416-555-1031,1972-06-04,5,442.35,5
500700,2022-11-13,South,Lysander Kowalczyk,lysander.kowalczyk9@examplemail.test,416-555-1009,1985-12-26,37,108.97,0
500701,2023-05-26,South,Philippa Vanterpool,philippa.vanterpool25@examplemail.test,416-555-1045,1955-05-09,17,753.50,15
500702,2023-05-30,South,Ingrid Okonkwo-Reyes,ingrid.okonkworeyes0@examplemail.test,416-555-1000,1969-08-08,27,346.96,0
500703,2022-01-19,South,Ingrid Vanterpool,ingrid.vanterpool18@examplemail.test,416-555-1058,1971-12-04,32,417.98,0
500704,2023-03-07,South,Philippa Okonkwo-Reyes,philippa.okonkworeyes19@examplemail.test,416-555-1059,1952-06-25,35,361.63,15
500705,2023-10-04,West,Bartholomew Okonkwo-Reyes,bartholomew.okonkworeyes13@examplemail.test,416-555-1033,1954-10-26,29,470.67,15
500706,2023-07-19,West,Octavia Vanterpool,octavia.vanterpool11@examplemail.test,416-555-1031,1976-07-07,36,601.61,5
500707,2023-05-19,North,Bartholomew Vanterpool,bartholomew.vanterpool5@examplemail.test,416-555-1045,1982-02-03,28,622.79,0
500708,2023-06-17,East,Octavia Vanterpool,octavia.vanterpool1@examplemail.test,416-555-1021,1981-11-06,31,761.91,5
500709,2024-06-09,East,Thaddeus Okonkwo-Reyes,thaddeus.okonkworeyes4@examplemail.test,416-555-1004,1990-12-07,26,145.59,0
500710,2022-02-16,North,Ingrid Abernathy,ingrid.abernathy35@examplemail.test,416-555-1015,1978-12-11,15,477.47,10
500711,2022-09-22,South,Octavia Fairweather,octavia.fairweather24@examplemail.test,416-555-1024,1992-02-10,19,57.89,10
500712,2022-08-27,East,Wilhelmina Fairweather,wilhelmina.fairweather6@examplemail.test,416-555-1046,1996-11-03,20,896.10,0
500713,2023-01-05,West,Lysander Delacroix,lysander.delacroix35@examplemail.test,416-555-1015,1975-11-17,8,ask Marisol,0
500714,awaiting Zelda Vanterpool,South,Philippa Vanterpool,philippa.vanterpool9@examplemail.test,416-555-1009,1978-07-04,15,403.08,15
500715,2023-10-23,North,Quintus Fairweather,quintus.fairweather5@examplemail.test,416-555-1005,1991-12-27,34,353.27,10
500716,2022-03-30,West,Quintus Delacroix,quintus.delacroix13@examplemail.test,416-555-1033,1978-05-28,10,833.40,15
500717,2023-07-22,South,Zelda Fairweather,zelda.fairweather25@examplemail.test,416-555-1005,1959-10-17,10,170.75,10
500718,2022-09-11,West,Marisol Fairweather,marisol.fairweather7@examplemail.test,416-555-1047,1951-07-03,29,49.80,10
500719,2022-05-12,East,Philippa Delacroix,philippa.delacroix12@examplemail.test,416-555-1052,1956-07-10,2,465.39,15
500720,2022-09-19,North,Marisol Kowalczyk,marisol.kowalczyk2@examplemail.test,416-555-1002,1955-01-01,15,152.98,0
500721,2023-02-05,East,Wilhelmina Kowalczyk,wilhelmina.kowalczyk29@examplemail.test,416-555-1009,1983-02-05,27,274.86,15
500722,2023-05-11,East,Lysander Abernathy,lysander.abernathy0@examplemail.test,416-555-1040,1953-10-24,35,879.28,15
500723,2022-05-02,West,Thaddeus Delacroix,thaddeus.delacroix17@examplemail.test,416-555-1057,1956-07-03,14,523.49,10
500724,2023-08-18,East,Zelda Vanterpool,zelda.vanterpool15@examplemail.test,416-555-1035,1986-07-01,38,267.84,10
500725,2023-07-19,East,Lysander Vanterpool,lysander.vanterpool6@examplemail.test,416-555-1026,1991-09-03,34,102.83,15
500726,2023-04-16,East,Quintus Abernathy,quintus.abernathy28@examplemail.test,416-555-1008,1957-06-17,19,752.61,10
500727,2023-05-24,West,Marisol Delacroix,marisol.delacroix11@examplemail.test,416-555-1031,1982-05-20,16,883.33,15
500728,2023-06-13,North,Wilhelmina Delacroix,wilhelmina.delacroix33@examplemail.test,416-555-1013,1963-03-18,36,589.96,0
500729,2023-06-14,West,Philippa Vanterpool,philippa.vanterpool0@examplemail.test,416-555-1000,1961-06-09,13,627.07,15
500730,2022-12-25,West,Octavia Vanterpool,octavia.vanterpool5@examplemail.test,416-555-1005,1991-02-10,7,601.38,5
500731,awaiting Zelda Vanterpool,West,Bartholomew Delacroix,bartholomew.delacroix31@examplemail.test,416-555-1051,1976-01-07,26,863.10,15
500732,2023-02-07,West,Zelda Vanterpool,zelda.vanterpool31@examplemail.test,416-555-1011,1992-12-18,19,671.58,15
500733,2024-11-23,North,Lysander Fairweather,lysander.fairweather2@examplemail.test,416-555-1022,1962-07-05,22,869.08,15
500734,2022-06-19,East,Lysander Abernathy,lysander.abernathy3@examplemail.test,416-555-1003,1993-12-03,12,649.18,10
500735,2024-07-31,South,Quintus Fairweather,quintus.fairweather3@examplemail.test,416-555-1003,1971-05-20,12,344.24,5
500736,2022-07-03,South,Bartholomew Vanterpool,bartholomew.vanterpool39@examplemail.test,416-555-1019,1986-09-07,7,ask Marisol,5
500737,2023-04-06,West,Lysander Okonkwo-Reyes,lysander.okonkworeyes8@examplemail.test,416-555-1048,1968-05-03,26,255.40,0
500738,2023-03-29,North,Quintus Kowalczyk,quintus.kowalczyk34@examplemail.test,416-555-1014,1979-01-15,25,778.14,0
500739,2023-04-15,North,Thaddeus Kowalczyk,thaddeus.kowalczyk6@examplemail.test,416-555-1026,1966-04-01,30,542.32,15
500740,2023-05-22,North,Lysander Vanterpool,lysander.vanterpool29@examplemail.test,416-555-1049,1968-04-02,3,347.57,0
500741,2024-09-22,East,Quintus Delacroix,quintus.delacroix1@examplemail.test,416-555-1041,1959-07-05,30,807.65,10
500742,2024-03-30,South,Wilhelmina Abernathy,wilhelmina.abernathy2@examplemail.test,416-555-1022,1962-02-23,22,885.72,15
500743,2023-08-19,North,Ingrid Abernathy,ingrid.abernathy10@examplemail.test,416-555-1050,1993-06-02,24,836.50,0
500744,2023-11-16,West,Ingrid Delacroix,ingrid.delacroix10@examplemail.test,416-555-1010,1995-12-21,18,248.98,15
500745,2024-07-11,North,Bartholomew Kowalczyk,bartholomew.kowalczyk36@examplemail.test,416-555-1056,1979-10-11,40,829.57,5
500746,2023-05-26,West,Marisol Kowalczyk,marisol.kowalczyk20@examplemail.test,416-555-1020,1993-11-23,9,132.34,5
500747,2023-11-18,North,Zelda Abernathy,zelda.abernathy16@examplemail.test,416-555-1036,1971-12-15,3,444.20,5
500748,awaiting Zelda Vanterpool,North,Wilhelmina Fairweather,wilhelmina.fairweather28@examplemail.test,416-555-1048,1954-02-15,31,47.18,15
500749,2024-04-29,West,Lysander Fairweather,lysander.fairweather38@examplemail.test,416-555-1058,1958-01-19,22,381.57,10
500750,2024-05-03,South,Lysander Fairweather,lysander.fairweather2@examplemail.test,416-555-1022,1953-11-17,3,28.21,15
500751,2023-04-01,West,Thaddeus Okonkwo-Reyes,thaddeus.okonkworeyes11@examplemail.test,416-555-1051,1950-01-04,28,761.20,15
500752,2024-02-07,West,Philippa Vanterpool,philippa.vanterpool10@examplemail.test,416-555-1050,1987-07-19,25,297.74,10
500753,2022-05-17,North,Marisol Fairweather,marisol.fairweather15@examplemail.test,416-555-1015,1984-09-13,7,111.23,15
500754,2024-10-18,East,Philippa Kowalczyk,philippa.kowalczyk14@examplemail.test,416-555-1014,1977-09-20,39,41.90,15
500755,2022-04-06,South,Ingrid Delacroix,ingrid.delacroix30@examplemail.test,416-555-1010,1976-11-20,1,263.37,15
500756,2023-12-23,East,Ingrid Kowalczyk,ingrid.kowalczyk15@examplemail.test,416-555-1055,1979-07-04,39,280.45,0
500757,2023-09-23,West,Quintus Delacroix,quintus.delacroix38@examplemail.test,416-555-1038,1965-10-13,37,823.89,0
500758,2024-08-02,East,Thaddeus Abernathy,thaddeus.abernathy2@examplemail.test,416-555-1042,1990-12-19,40,872.48,15
500759,2024-12-30,South,Wilhelmina Abernathy,wilhelmina.abernathy23@examplemail.test,416-555-1023,1995-05-22,21,ask Marisol,0
500760,2022-03-07,South,Philippa Vanterpool,philippa.vanterpool11@examplemail.test,416-555-1031,1960-05-08,15,664.82,10
500761,2022-07-28,South,Octavia Okonkwo-Reyes,octavia.okonkworeyes6@examplemail.test,416-555-1006,1978-09-13,10,857.54,15
500762,2023-08-17,South,Zelda Okonkwo-Reyes,zelda.okonkworeyes29@examplemail.test,416-555-1009,1951-09-09,4,720.56,0
500763,2022-01-04,South,Lysander Okonkwo-Reyes,lysander.okonkworeyes3@examplemail.test,416-555-1023,1985-11-24,22,76.54,0
500764,2024-02-19,South,Lysander Fairweather,lysander.fairweather28@examplemail.test,416-555-1008,1969-09-23,8,55.57,15
500765,awaiting Zelda Vanterpool,East,Quintus Kowalczyk,quintus.kowalczyk21@examplemail.test,416-555-1001,1963-03-26,1,290.37,0
500766,2022-07-21,South,Ingrid Kowalczyk,ingrid.kowalczyk32@examplemail.test,416-555-1032,1961-08-21,21,479.06,5
500767,2023-10-07,East,Bartholomew Kowalczyk,bartholomew.kowalczyk1@examplemail.test,416-555-1001,1993-07-22,37,147.84,15
500768,2023-06-02,South,Wilhelmina Kowalczyk,wilhelmina.kowalczyk29@examplemail.test,416-555-1009,1984-03-05,24,560.89,5
500769,2022-02-13,East,Octavia Vanterpool,octavia.vanterpool24@examplemail.test,416-555-1044,1957-04-25,1,289.51,10
500770,2022-07-23,West,Bartholomew Delacroix,bartholomew.delacroix19@examplemail.test,416-555-1019,1968-11-15,35,729.62,5
500771,2022-08-09,North,Ingrid Delacroix,ingrid.delacroix7@examplemail.test,416-555-1047,1972-07-06,5,162.44,0
500772,2024-04-03,North,Ingrid Okonkwo-Reyes,ingrid.okonkworeyes2@examplemail.test,416-555-1042,1958-04-15,27,603.96,15
500773,2022-03-07,West,Lysander Okonkwo-Reyes,lysander.okonkworeyes3@examplemail.test,416-555-1023,1971-04-08,28,537.19,10
500774,2024-12-26,East,Zelda Fairweather,zelda.fairweather25@examplemail.test,416-555-1005,1994-03-13,27,78.97,10
500775,2022-08-31,West,Quintus Okonkwo-Reyes,quintus.okonkworeyes29@examplemail.test,416-555-1049,1977-06-15,31,268.52,10
500776,2022-07-05,West,Marisol Abernathy,marisol.abernathy20@examplemail.test,416-555-1000,1978-02-19,28,410.73,10
500777,2023-06-16,South,Lysander Fairweather,lysander.fairweather2@examplemail.test,416-555-1022,1956-04-17,11,636.80,15
500778,2022-01-15,West,Quintus Abernathy,quintus.abernathy6@examplemail.test,416-555-1006,1974-06-13,36,584.35,0
500779,2022-11-18,East,Marisol Abernathy,marisol.abernathy37@examplemail.test,416-555-1037,1976-09-05,29,273.24,15
500780,2024-09-07,West,Wilhelmina Delacroix,wilhelmina.delacroix33@examplemail.test,416-555-1013,1989-03-06,33,830.56,0
500781,2022-02-23,North,Ingrid Okonkwo-Reyes,ingrid.okonkworeyes20@examplemail.test,416-555-1020,1984-08-12,14,791.11,15
500782,awaiting Zelda Vanterpool,South,Bartholomew Vanterpool,bartholomew.vanterpool10@examplemail.test,416-555-1030,1996-04-23,6,ask Marisol,0
500783,2023-09-30,East,Lysander Kowalczyk,lysander.kowalczyk32@examplemail.test,416-555-1012,1962-07-12,30,527.32,15
500784,2024-03-09,West,Wilhelmina Delacroix,wilhelmina.delacroix15@examplemail.test,416-555-1055,1964-02-10,38,476.59,15
500785,2023-12-22,East,Zelda Fairweather,zelda.fairweather12@examplemail.test,416-555-1052,1976-11-06,38,231.08,15
500786,2023-05-30,North,Lysander Okonkwo-Reyes,lysander.okonkworeyes37@examplemail.test,416-555-1017,1970-08-24,32,412.72,5
500787,2022-11-24,West,Octavia Kowalczyk,octavia.kowalczyk28@examplemail.test,416-555-1028,1972-05-26,14,89.24,5
500788,2023-09-06,South,Zelda Kowalczyk,zelda.kowalczyk26@examplemail.test,416-555-1046,1984-07-18,5,87.56,5
500789,2022-07-11,South,Quintus Kowalczyk,quintus.kowalczyk34@examplemail.test,416-555-1014,1959-09-27,24,677.59,0
500790,2023-10-29,North,Philippa Fairweather,philippa.fairweather15@examplemail.test,416-555-1035,1977-04-04,32,58.58,10
500791,2024-04-07,South,Wilhelmina Delacroix,wilhelmina.delacroix0@examplemail.test,416-555-1020,1996-05-12,15,412.20,10
500792,2024-08-17,North,Octavia Kowalczyk,octavia.kowalczyk12@examplemail.test,416-555-1032,1960-08-23,9,812.84,15
500793,2023-01-28,West,Marisol Abernathy,marisol.abernathy35@examplemail.test,416-555-1035,1973-11-09,7,488.58,10
500794,2023-04-20,East,Lysander Okonkwo-Reyes,lysander.okonkworeyes37@examplemail.test,416-555-1017,1970-01-01,28,411.28,10
500795,2024-10-21,East,Lysander Fairweather,lysander.fairweather38@examplemail.test,416-555-1058,1986-12-08,23,282.82,15
500796,2024-02-17,East,Ingrid Okonkwo-Reyes,ingrid.okonkworeyes2@examplemail.test,416-555-1042,1950-10-25,35,46.21,15
500797,2024-10-18,North,Quintus Kowalczyk,quintus.kowalczyk26@examplemail.test,416-555-1046,1977-11-18,14,546.29,15
500798,2024-08-21,South,Bartholomew Vanterpool,bartholomew.vanterpool34@examplemail.test,416-555-1034,1963-06-16,17,704.17,10
500799,awaiting Zelda Vanterpool,South,Thaddeus Vanterpool,thaddeus.vanterpool15@examplemail.test,416-555-1015,1989-11-28,35,201.28,15
500800,2023-02-11,South,Ingrid Okonkwo-Reyes,ingrid.okonkworeyes39@examplemail.test,416-555-1039,1975-06-01,23,104.42,5
500801,2022-12-23,North,Marisol Delacroix,marisol.delacroix11@examplemail.test,416-555-1031,1996-05-04,38,348.65,5
500802,2023-09-16,East,Octavia Okonkwo-Reyes,octavia.okonkworeyes8@examplemail.test,416-555-1008,1998-09-14,30,257.64,10
500803,2023-06-09,West,Octavia Delacroix,octavia.delacroix17@examplemail.test,416-555-1037,1996-01-08,21,310.49,5
500804,2023-06-25,East,Thaddeus Abernathy,thaddeus.abernathy15@examplemail.test,416-555-1055,1951-12-27,19,589.49,0
500805,2022-10-11,West,Philippa Fairweather,philippa.fairweather28@examplemail.test,416-555-1048,1973-02-21,8,ask Marisol,5
500806,2023-05-30,East,Zelda Delacroix,zelda.delacroix4@examplemail.test,416-555-1044,1987-08-16,34,288.42,0
500807,2024-05-13,South,Lysander Abernathy,lysander.abernathy38@examplemail.test,416-555-1018,2000-05-18,32,179.80,10
500808,2023-05-18,North,Bartholomew Kowalczyk,bartholomew.kowalczyk12@examplemail.test,416-555-1012,1988-12-04,16,227.26,5
500809,2023-02-10,West,Lysander Okonkwo-Reyes,lysander.okonkworeyes38@examplemail.test,416-555-1058,1983-04-05,32,491.33,10
500810,2024-02-06,South,Thaddeus Vanterpool,thaddeus.vanterpool20@examplemail.test,416-555-1040,1953-04-22,28,571.30,15
500811,2022-04-05,South,Thaddeus Okonkwo-Reyes,thaddeus.okonkworeyes4@examplemail.test,416-555-1004,1971-01-03,8,261.25,15
500812,2024-11-18,South,Philippa Abernathy,philippa.abernathy30@examplemail.test,416-555-1030,1961-11-04,10,474.87,15
500813,2023-09-16,West,Ingrid Delacroix,ingrid.delacroix31@examplemail.test,416-555-1051,1987-06-16,31,89.52,10
500814,2023-03-03,North,Zelda Delacroix,zelda.delacroix35@examplemail.test,416-555-1035,1972-01-16,13,804.09,5
500815,2024-08-02,North,Bartholomew Delacroix,bartholomew.delacroix36@examplemail.test,416-555-1036,1997-04-20,22,692.83,5
500816,awaiting Zelda Vanterpool,North,Philippa Okonkwo-Reyes,philippa.okonkworeyes6@examplemail.test,416-555-1046,1996-11-11,6,338.31,15
500817,2022-04-01,East,Quintus Delacroix,quintus.delacroix32@examplemail.test,416-555-1032,1990-07-26,31,726.82,10
500818,2023-09-11,West,Bartholomew Kowalczyk,bartholomew.kowalczyk39@examplemail.test,416-555-1039,1951-04-16,14,176.29,10
500819,2023-01-23,North,Quintus Delacroix,quintus.delacroix12@examplemail.test,416-555-1012,1954-11-03,3,485.10,5
500820,2024-12-16,West,Philippa Vanterpool,philippa.vanterpool9@examplemail.test,416-555-1009,1978-10-22,18,736.95,0
500821,2023-07-11,South,Philippa Abernathy,philippa.abernathy30@examplemail.test,416-555-1030,1952-05-05,14,425.95,5
500822,2022-10-30,West,Wilhelmina Abernathy,wilhelmina.abernathy14@examplemail.test,416-555-1014,1990-11-22,9,533.06,15
500823,2024-01-14,North,Thaddeus Delacroix,thaddeus.delacroix1@examplemail.test,416-555-1001,1977-07-23,7,70.19,15
500824,2024-04-11,South,Philippa Kowalczyk,philippa.kowalczyk36@examplemail.test,416-555-1056,1958-08-25,10,452.30,15
500825,2024-10-30,North,Quintus Kowalczyk,quintus.kowalczyk15@examplemail.test,416-555-1035,1967-05-03,30,230.50,10
500826,2024-11-15,East,Octavia Okonkwo-Reyes,octavia.okonkworeyes33@examplemail.test,416-555-1033,1982-03-17,2,209.38,0
500827,2023-04-21,West,Lysander Abernathy,lysander.abernathy0@examplemail.test,416-555-1040,1964-02-02,3,387.98,0
500828,2024-09-20,South,Quintus Fairweather,quintus.fairweather16@examplemail.test,416-555-1036,1994-12-07,20,ask Marisol,5
500829,2024-08-09,North,Marisol Okonkwo-Reyes,marisol.okonkworeyes37@examplemail.test,416-555-1037,1980-03-02,14,322.79,10
500830,2023-03-09,North,Philippa Kowalczyk,philippa.kowalczyk25@examplemail.test,416-555-1045,1956-02-24,22,677.97,5
500831,2023-07-07,South,Quintus Okonkwo-Reyes,quintus.okonkworeyes21@examplemail.test,416-555-1001,1950-08-19,37,686.03,0
500832,2023-11-09,West,Thaddeus Abernathy,thaddeus.abernathy18@examplemail.test,416-555-1038,1990-07-03,36,400.40,10
500833,awaiting Zelda Vanterpool,North,Thaddeus Abernathy,thaddeus.abernathy18@examplemail.test,416-555-1038,1966-06-10,6,875.26,15
500834,2023-10-27,East,Ingrid Okonkwo-Reyes,ingrid.okonkworeyes9@examplemail.test,416-555-1009,1957-07-16,38,415.03,0
500835,2022-03-19,East,Ingrid Okonkwo-Reyes,ingrid.okonkworeyes2@examplemail.test,416-555-1002,1986-01-05,19,788.95,15
500836,2022-05-02,West,Bartholomew Abernathy,bartholomew.abernathy0@examplemail.test,416-555-1000,1992-04-15,31,244.24,15
500837,2022-08-30,North,Quintus Delacroix,quintus.delacroix39@examplemail.test,416-555-1059,1961-06-04,30,327.58,5
500838,2024-05-21,South,Philippa Kowalczyk,philippa.kowalczyk14@examplemail.test,416-555-1014,1963-02-24,38,731.87,15
500839,2022-07-26,South,Philippa Kowalczyk,philippa.kowalczyk36@examplemail.test,416-555-1056,1987-01-14,33,379.85,0
500840,2024-06-21,East,Thaddeus Abernathy,thaddeus.abernathy15@examplemail.test,416-555-1055,1963-10-11,40,99.45,5
500841,2022-05-16,East,Octavia Fairweather,octavia.fairweather7@examplemail.test,416-555-1047,1988-01-04,40,240.37,5
500842,2022-03-13,East,Lysander Vanterpool,lysander.vanterpool29@examplemail.test,416-555-1049,1957-06-18,20,200.64,5
500843,2023-06-08,East,Lysander Vanterpool,lysander.vanterpool19@examplemail.test,416-555-1059,1993-05-15,10,708.42,10
500844,2024-06-19,East,Philippa Fairweather,philippa.fairweather28@examplemail.test,416-555-1048,1988-03-19,9,189.28,5
500845,2022-12-24,East,Lysander Fairweather,lysander.fairweather2@examplemail.test,416-555-1022,1998-05-13,26,770.52,5
500846,2022-04-12,South,Octavia Okonkwo-Reyes,octavia.okonkworeyes17@examplemail.test,416-555-1037,1991-05-06,34,880.48,10
500847,2024-02-22,South,Philippa Okonkwo-Reyes,philippa.okonkworeyes19@examplemail.test,416-555-1019,1958-03-12,30,898.72,5
500848,2022-12-31,South,Octavia Kowalczyk,octavia.kowalczyk9@examplemail.test,416-555-1029,1971-11-25,1,498.16,15
500849,2022-05-24,East,Bartholomew Okonkwo-Reyes,bartholomew.okonkworeyes13@examplemail.test,416-555-1013,1955-04-04,36,744.12,15
500850,awaiting Zelda Vanterpool,North,Ingrid Vanterpool,ingrid.vanterpool29@examplemail.test,416-555-1029,1967-06-22,4,715.81,0
500851,2022-02-18,South,Lysander Abernathy,lysander.abernathy4@examplemail.test,416-555-1024,1986-05-28,38,ask Marisol,15
500852,2023-05-13,North,Ingrid Abernathy,ingrid.abernathy10@examplemail.test,416-555-1010,1984-06-15,20,60.46,10
500853,2024-03-27,South,Lysander Vanterpool,lysander.vanterpool14@examplemail.test,416-555-1034,1999-06-26,20,802.25,0
500854,2023-10-28,West,Ingrid Delacroix,ingrid.delacroix24@examplemail.test,416-555-1024,1967-05-20,3,96.33,0
500855,2023-12-20,South,Marisol Vanterpool,marisol.vanterpool14@examplemail.test,416-555-1054,1961-11-14,18,318.94,5
500856,2024-11-25,North,Marisol Fairweather,marisol.fairweather21@examplemail.test,416-555-1021,1968-03-19,8,789.27,5
500857,2023-05-13,South,Quintus Abernathy,quintus.abernathy28@examplemail.test,416-555-1008,1982-09-16,27,139.53,15
500858,2022-03-29,North,Octavia Fairweather,octavia.fairweather30@examplemail.test,416-555-1010,1955-01-21,10,299.83,0
500859,2023-01-14,West,Thaddeus Kowalczyk,thaddeus.kowalczyk25@examplemail.test,416-555-1005,1969-05-27,7,768.96,5
500860,2022-11-17,West,Marisol Vanterpool,marisol.vanterpool37@examplemail.test,416-555-1037,1992-05-11,29,174.58,5
500861,2024-04-06,West,Octavia Kowalczyk,octavia.kowalczyk12@examplemail.test,416-555-1032,1958-05-13,21,139.26,5
500862,2024-01-30,East,Zelda Delacroix,zelda.delacroix4@examplemail.test,416-555-1044,1983-06-20,7,841.34,0
500863,2022-07-21,North,Philippa Abernathy,philippa.abernathy37@examplemail.test,416-555-1017,1971-06-28,35,378.59,0
500864,2023-01-06,North,Bartholomew Kowalczyk,bartholomew.kowalczyk1@examplemail.test,416-555-1001,2000-07-26,17,853.74,10
500865,2022-10-27,South,Ingrid Vanterpool,ingrid.vanterpool23@examplemail.test,416-555-1023,1998-05-23,23,129.98,10
500866,2024-07-26,East,Thaddeus Delacroix,thaddeus.delacroix35@examplemail.test,416-555-1055,1991-01-11,33,287.60,0
500867,awaiting Zelda Vanterpool,West,Wilhelmina Vanterpool,wilhelmina.vanterpool20@examplemail.test,416-555-1000,1995-12-17,23,375.25,10
500868,2023-07-17,North,Lysander Fairweather,lysander.fairweather30@examplemail.test,416-555-1010,1954-05-21,13,94.54,15
500869,2022-03-26,South,Philippa Abernathy,philippa.abernathy30@examplemail.test,416-555-1030,1968-09-18,36,178.92,0
500870,2023-05-28,South,Philippa Delacroix,philippa.delacroix12@examplemail.test,416-555-1052,1993-03-22,40,409.04,0
500871,2022-04-18,South,Lysander Fairweather,lysander.fairweather35@examplemail.test,416-555-1055,1950-12-08,10,683.59,15
500872,2022-11-19,North,Philippa Abernathy,philippa.abernathy30@examplemail.test,416-555-1030,1998-12-19,31,370.21,10
500873,2023-04-23,East,Wilhelmina Okonkwo-Reyes,wilhelmina.okonkworeyes28@examplemail.test,416-555-1048,1970-05-18,32,664.01,0
500874,2024-06-14,North,Octavia Kowalczyk,octavia.kowalczyk24@examplemail.test,416-555-1004,1993-10-15,39,ask Marisol,10
500875,2024-10-01,North,Thaddeus Abernathy,thaddeus.abernathy2@examplemail.test,416-555-1042,1985-03-01,26,317.13,10
500876,2024-10-09,South,Wilhelmina Abernathy,wilhelmina.abernathy23@examplemail.test,416-555-1023,1957-08-03,26,97.84,10
500877,2023-06-21,East,Philippa Fairweather,philippa.fairweather15@examplemail.test,416-555-1035,1978-11-03,35,411.36,15
500878,2024-12-24,North,Marisol Delacroix,marisol.delacroix28@examplemail.test,416-555-1008,1984-06-16,14,878.43,15
500879,2024-04-28,South,Bartholomew Okonkwo-Reyes,bartholomew.okonkworeyes23@examplemail.test,416-555-1003,1982-06-23,28,131.02,5
500880,2023-04-01,North,Lysander Abernathy,lysander.abernathy3@examplemail.test,416-555-1003,1964-06-01,19,373.15,0
500881,2024-12-19,South,Philippa Okonkwo-Reyes,philippa.okonkworeyes14@examplemail.test,416-555-1034,1969-11-26,39,513.73,10
500882,2024-08-24,South,Bartholomew Fairweather,bartholomew.fairweather32@examplemail.test,416-555-1052,1979-05-13,30,55.28,10
500883,2024-11-06,North,Wilhelmina Abernathy,wilhelmina.abernathy14@examplemail.test,416-555-1014,1996-08-28,18,174.65,10
500884,awaiting Zelda Vanterpool,East,Lysander Vanterpool,lysander.vanterpool3@examplemail.test,416-555-1003,1987-06-12,8,360.88,10
500885,2023-11-08,West,Philippa Delacroix,philippa.delacroix36@examplemail.test,416-555-1036,1959-03-26,38,869.81,0
500886,2023-10-07,East,Bartholomew Kowalczyk,bartholomew.kowalczyk32@examplemail.test,416-555-1052,1982-02-01,27,348.45,10
500887,2023-06-06,North,Octavia Okonkwo-Reyes,octavia.okonkworeyes33@examplemail.test,416-555-1033,1951-02-18,36,252.13,10
500888,2024-02-25,North,Marisol Vanterpool,marisol.vanterpool14@examplemail.test,416-555-1054,1966-01-12,19,386.42,10
500889,2024-01-25,North,Quintus Abernathy,quintus.abernathy25@examplemail.test,416-555-1025,1987-01-08,34,505.57,15
500890,2023-11-26,West,Lysander Kowalczyk,lysander.kowalczyk36@examplemail.test,416-555-1036,1984-12-09,10,326.58,0
500891,2024-07-11,West,Bartholomew Abernathy,bartholomew.abernathy0@examplemail.test,416-555-1000,1961-12-18,34,731.91,10
500892,2023-05-31,North,Quintus Okonkwo-Reyes,quintus.okonkworeyes9@examplemail.test,416-555-1029,1989-09-19,13,766.90,0
500893,2022-04-30,West,Marisol Okonkwo-Reyes,marisol.okonkworeyes34@examplemail.test,416-555-1014,1978-06-06,38,379.29,10
500894,2023-02-01,East,Thaddeus Delacroix,thaddeus.delacroix1@examplemail.test,416-555-1001,1993-02-27,9,647.62,5
500895,2024-06-28,East,Zelda Kowalczyk,zelda.kowalczyk23@examplemail.test,416-555-1003,1993-12-06,2,648.82,10
500896,2022-02-09,South,Ingrid Kowalczyk,ingrid.kowalczyk30@examplemail.test,416-555-1030,1977-05-08,7,232.65,15
500897,2022-06-05,North,Zelda Delacroix,zelda.delacroix7@examplemail.test,416-555-1027,1994-04-04,7,ask Marisol,15
500898,2023-10-29,East,Quintus Delacroix,quintus.delacroix22@examplemail.test,416-555-1042,1970-08-06,31,719.80,5
500899,2024-02-21,West,Lysander Vanterpool,lysander.vanterpool29@examplemail.test,416-555-1049,1961-09-04,7,617.96,15
500900,2022-08-06,West,Ingrid Delacroix,ingrid.delacroix37@examplemail.test,416-555-1037,1997-04-22,9,720.35,0
500901,awaiting Zelda Vanterpool,South,Bartholomew Vanterpool,bartholomew.vanterpool1@examplemail.test,416-555-1001,1974-11-05,28,556.26,15
500902,2024-08-09,East,Octavia Kowalczyk,octavia.kowalczyk27@examplemail.test,416-555-1027,1985-02-20,36,895.44,5
500903,2024-02-04,West,Zelda Okonkwo-Reyes,zelda.okonkworeyes34@examplemail.test,416-555-1054,1988-11-27,16,669.83,15
500904,2024-10-30,South,Zelda Abernathy,zelda.abernathy13@examplemail.test,416-555-1013,1977-09-21,10,713.43,5
500905,2023-12-11,West,Wilhelmina Fairweather,wilhelmina.fairweather9@examplemail.test,416-555-1049,1954-02-10,12,123.70,15
500906,2022-01-06,South,Thaddeus Kowalczyk,thaddeus.kowalczyk6@examplemail.test,416-555-1026,1954-10-02,13,478.76,0
500907,2023-02-21,East,Octavia Delacroix,octavia.delacroix26@examplemail.test,416-555-1026,1972-07-11,23,864.75,5
500908,2023-02-20,North,Lysander Fairweather,lysander.fairweather39@examplemail.test,416-555-1039,1950-04-11,33,674.93,0
500909,2023-09-07,West,Quintus Kowalczyk,quintus.kowalczyk7@examplemail.test,416-555-1007,1989-12-26,2,856.89,15
500910,2024-06-18,North,Marisol Kowalczyk,marisol.kowalczyk22@examplemail.test,416-555-1002,1951-11-24,29,567.86,5
500911,2022-11-21,North,Octavia Vanterpool,octavia.vanterpool24@examplemail.test,416-555-1044,1995-11-15,18,295.20,15
500912,2023-08-14,North,Wilhelmina Abernathy,wilhelmina.abernathy14@examplemail.test,416-555-1054,1972-01-03,5,698.37,15
500913,2024-12-11,East,Bartholomew Okonkwo-Reyes,bartholomew.okonkworeyes13@examplemail.test,416-555-1033,1957-12-16,6,732.28,0
500914,2022-01-30,South,Lysander Abernathy,lysander.abernathy39@examplemail.test,416-555-1019,1955-09-27,16,573.45,15
500915,2022-09-06,South,Bartholomew Delacroix,bartholomew.delacroix31@examplemail.test,416-555-1051,1970-10-01,34,625.77,15
500916,2024-12-22,South,Bartholomew Delacroix,bartholomew.delacroix36@examplemail.test,416-555-1036,1990-11-01,15,92.24,5
500917,2023-10-29,South,Wilhelmina Abernathy,wilhelmina.abernathy14@examplemail.test,416-555-1054,1975-01-12,9,402.72,15
500918,awaiting Zelda Vanterpool,South,Octavia Abernathy,octavia.abernathy26@examplemail.test,416-555-1026,1950-04-11,14,883.11,15
500919,2023-09-28,North,Bartholomew Abernathy,bartholomew.abernathy21@examplemail.test,416-555-1021,1971-12-13,27,524.45,15
500920,2022-07-08,North,Philippa Abernathy,philippa.abernathy9@examplemail.test,416-555-1049,1956-05-18,4,ask Marisol,0
500921,2023-02-28,West,Bartholomew Kowalczyk,bartholomew.kowalczyk18@examplemail.test,416-555-1018,1996-03-27,34,799.30,5
500922,2024-03-21,South,Ingrid Okonkwo-Reyes,ingrid.okonkworeyes2@examplemail.test,416-555-1002,1967-06-05,22,584.96,15
500923,2024-07-09,West,Philippa Delacroix,philippa.delacroix15@examplemail.test,416-555-1015,1982-08-02,14,773.40,5
500924,2023-09-12,North,Ingrid Kowalczyk,ingrid.kowalczyk15@examplemail.test,416-555-1055,1992-11-19,36,534.93,10
500925,2022-09-19,South,Ingrid Delacroix,ingrid.delacroix37@examplemail.test,416-555-1037,1957-04-24,9,599.07,0
500926,2024-10-11,North,Wilhelmina Abernathy,wilhelmina.abernathy2@examplemail.test,416-555-1022,1950-09-09,14,341.75,15
500927,2023-06-19,East,Bartholomew Delacroix,bartholomew.delacroix31@examplemail.test,416-555-1051,1965-06-05,24,384.75,10
500928,2022-10-30,North,Octavia Vanterpool,octavia.vanterpool9@examplemail.test,416-555-1009,1982-05-24,1,543.22,5
500929,2024-08-26,West,Bartholomew Okonkwo-Reyes,bartholomew.okonkworeyes34@examplemail.test,416-555-1054,1992-04-27,9,741.55,0
500930,2022-08-31,North,Zelda Vanterpool,zelda.vanterpool2@examplemail.test,416-555-1002,1970-03-20,13,496.28,15
500931,2022-02-05,West,Quintus Okonkwo-Reyes,quintus.okonkworeyes20@examplemail.test,416-555-1040,1986-05-03,8,800.05,5
500932,2023-12-13,South,Philippa Fairweather,philippa.fairweather19@examplemail.test,416-555-1059,1962-10-28,25,873.13,10
500933,2023-06-19,West,Ingrid Vanterpool,ingrid.vanterpool7@examplemail.test,416-555-1027,1986-02-22,17,386.44,15
500934,2022-07-27,South,Octavia Okonkwo-Reyes,octavia.okonkworeyes17@examplemail.test,416-555-1037,2000-09-06,18,163.25,5
500935,awaiting Zelda Vanterpool,South,Lysander Fairweather,lysander.fairweather39@examplemail.test,416-555-1039,1994-04-16,11,490.53,5
500936,2023-01-16,South,Octavia Delacroix,octavia.delacroix35@examplemail.test,416-555-1015,1975-02-16,21,328.22,0
500937,2022-05-13,North,Thaddeus Abernathy,thaddeus.abernathy22@examplemail.test,416-555-1002,1983-01-01,37,613.15,0
500938,2024-01-30,West,Lysander Abernathy,lysander.abernathy3@examplemail.test,416-555-1003,1987-07-17,24,867.99,15
500939,2022-12-01,South,Bartholomew Vanterpool,bartholomew.vanterpool34@examplemail.test,416-555-1034,1993-09-23,3,724.89,10
500940,2023-03-22,South,Lysander Abernathy,lysander.abernathy4@examplemail.test,416-555-1024,1986-07-15,28,819.47,15
500941,2022-05-30,East,Ingrid Abernathy,ingrid.abernathy10@examplemail.test,416-555-1010,2000-07-14,20,641.87,15
500942,2024-10-13,South,Philippa Kowalczyk,philippa.kowalczyk36@examplemail.test,416-555-1056,1952-08-16,2,334.56,15
500943,2024-12-28,West,Marisol Abernathy,marisol.abernathy37@examplemail.test,416-555-1037,1969-02-16,5,ask Marisol,5
500944,2024-06-30,West,Lysander Vanterpool,lysander.vanterpool18@examplemail.test,416-555-1058,1980-09-09,25,486.50,5
500945,2022-02-09,East,Wilhelmina Delacroix,wilhelmina.delacroix0@examplemail.test,416-555-1020,1985-02-12,23,267.54,10
500946,2024-04-26,South,Wilhelmina Okonkwo-Reyes,wilhelmina.okonkworeyes12@examplemail.test,416-555-1012,1988-01-05,14,136.75,10
500947,2024-03-31,South,Wilhelmina Fairweather,wilhelmina.fairweather9@examplemail.test,416-555-1049,1974-03-19,37,406.51,0
500948,2023-11-18,East,Octavia Delacroix,octavia.delacroix33@examplemail.test,416-555-1053,1952-12-05,38,490.23,0
500949,2024-02-07,South,Bartholomew Okonkwo-Reyes,bartholomew.okonkworeyes13@examplemail.test,416-555-1033,1991-08-10,33,350.80,10
500950,2023-07-21,South,Zelda Vanterpool,zelda.vanterpool24@examplemail.test,416-555-1024,1964-04-16,32,258.42,0
500951,2024-08-20,North,Philippa Fairweather,philippa.fairweather38@examplemail.test,416-555-1038,1976-09-26,17,627.22,0
500952,awaiting Zelda Vanterpool,East,Marisol Kowalczyk,marisol.kowalczyk22@examplemail.test,416-555-1002,1981-04-16,31,89.04,10
500953,2022-11-07,South,Octavia Vanterpool,octavia.vanterpool14@examplemail.test,416-555-1014,1958-01-27,13,164.34,15
500954,2023-04-07,East,Quintus Fairweather,quintus.fairweather5@examplemail.test,416-555-1005,1967-08-01,17,114.88,5
500955,2022-08-08,South,Ingrid Vanterpool,ingrid.vanterpool29@examplemail.test,416-555-1029,1988-01-09,11,787.21,5
500956,2024-11-16,East,Octavia Okonkwo-Reyes,octavia.okonkworeyes18@examplemail.test,416-555-1058,1979-03-16,14,28.37,10
500957,2023-08-10,South,Quintus Abernathy,quintus.abernathy26@examplemail.test,416-555-1026,1970-08-03,17,222.72,15
500958,2023-06-12,South,Lysander Fairweather,lysander.fairweather39@examplemail.test,416-555-1039,1997-02-05,14,237.08,15
500959,2022-08-05,South,Lysander Abernathy,lysander.abernathy0@examplemail.test,416-555-1040,1979-06-17,12,353.36,5
500960,2023-07-29,South,Thaddeus Kowalczyk,thaddeus.kowalczyk6@examplemail.test,416-555-1026,1950-10-16,6,103.59,15
500961,2023-04-05,West,Bartholomew Delacroix,bartholomew.delacroix19@examplemail.test,416-555-1019,1956-04-08,6,61.96,0
500962,2024-12-04,North,Marisol Okonkwo-Reyes,marisol.okonkworeyes21@examplemail.test,416-555-1001,1956-12-23,34,50.15,5
500963,2024-08-30,North,Quintus Kowalczyk,quintus.kowalczyk16@examplemail.test,416-555-1056,1997-08-27,21,308.14,0
500964,2024-04-01,East,Bartholomew Delacroix,bartholomew.delacroix14@examplemail.test,416-555-1054,1971-01-08,36,251.81,0
500965,2023-12-27,South,Bartholomew Okonkwo-Reyes,bartholomew.okonkworeyes23@examplemail.test,416-555-1003,1990-08-08,8,547.13,5
500966,2022-09-25,North,Zelda Vanterpool,zelda.vanterpool2@examplemail.test,416-555-1002,1989-03-20,1,ask Marisol,0
500967,2022-12-28,East,Wilhelmina Fairweather,wilhelmina.fairweather14@examplemail.test,416-555-1014,1986-05-07,8,782.71,0
500968,2023-05-07,North,Marisol Fairweather,marisol.fairweather7@examplemail.test,416-555-1047,1988-01-06,40,553.83,15
500969,awaiting Zelda Vanterpool,East,Quintus Fairweather,quintus.fairweather11@examplemail.test,416-555-1051,1964-03-21,7,63.66,10
500970,2024-02-17,North,Bartholomew Kowalczyk,bartholomew.kowalczyk39@examplemail.test,416-555-1039,1975-06-16,38,868.16,5
500971,2024-07-15,South,Lysander Kowalczyk,lysander.kowalczyk29@examplemail.test,416-555-1029,1973-11-14,25,427.98,15
500972,2022-04-20,East,Octavia Okonkwo-Reyes,octavia.okonkworeyes18@examplemail.test,416-555-1058,1970-10-16,10,31.04,0
500973,2023-10-08,North,Octavia Okonkwo-Reyes,octavia.okonkworeyes33@examplemail.test,416-555-1033,1988-08-27,6,781.57,10
500974,2023-06-11,South,Quintus Okonkwo-Reyes,quintus.okonkworeyes26@examplemail.test,416-555-1006,1982-01-18,25,782.89,15
500975,2024-01-01,East,Lysander Okonkwo-Reyes,lysander.okonkworeyes8@examplemail.test,416-555-1048,1966-03-27,24,284.92,5
500976,2022-05-28,West,Quintus Fairweather,quintus.fairweather20@examplemail.test,416-555-1000,1990-10-01,20,42.95,10
500977,2023-06-25,North,Zelda Kowalczyk,zelda.kowalczyk29@examplemail.test,416-555-1049,1969-03-13,6,341.19,15
500978,2022-08-30,West,Ingrid Delacroix,ingrid.delacroix31@examplemail.test,416-555-1051,1983-05-28,37,47.68,15
500979,2024-05-14,West,Ingrid Vanterpool,ingrid.vanterpool0@examplemail.test,416-555-1000,1951-09-12,30,267.55,0
500980,2024-03-18,East,Thaddeus Delacroix,thaddeus.delacroix1@examplemail.test,416-555-1001,1970-06-07,2,96.01,15
500981,2023-05-29,North,Thaddeus Kowalczyk,thaddeus.kowalczyk30@examplemail.test,416-555-1030,1960-02-13,25,46.97,0
500982,2022-03-17,East,Lysander Abernathy,lysander.abernathy36@examplemail.test,416-555-1016,1978-09-27,10,35.82,0
500983,2022-09-14,West,Bartholomew Abernathy,bartholomew.abernathy27@examplemail.test,416-555-1047,1955-09-25,6,164.78,10
500984,2024-04-25,North,Wilhelmina Abernathy,wilhelmina.abernathy14@examplemail.test,416-555-1054,1993-03-06,23,781.79,0
500985,2022-05-13,South,Bartholomew Vanterpool,bartholomew.vanterpool5@examplemail.test,416-555-1045,1999-10-15,7,791.01,10
500986,awaiting Zelda Vanterpool,North,Octavia Vanterpool,octavia.vanterpool36@examplemail.test,416-555-1016,1979-12-02,14,808.62,5
500987,2022-06-06,South,Bartholomew Abernathy,bartholomew.abernathy17@examplemail.test,416-555-1057,1984-07-12,6,452.98,10
500988,2022-10-23,East,Wilhelmina Okonkwo-Reyes,wilhelmina.okonkworeyes12@examplemail.test,416-555-1012,1984-06-09,15,602.80,15
500989,2024-05-12,East,Marisol Abernathy,marisol.abernathy37@examplemail.test,416-555-1037,1995-09-08,19,ask Marisol,15
500990,2024-02-18,North,Octavia Vanterpool,octavia.vanterpool34@examplemail.test,416-555-1034,1998-05-16,18,874.98,10
500991,2022-06-27,West,Ingrid Abernathy,ingrid.abernathy8@examplemail.test,416-555-1048,1981-03-28,21,898.12,0
500992,2024-09-16,East,Thaddeus Vanterpool,thaddeus.vanterpool20@examplemail.test,416-555-1040,1963-09-19,31,181.05,5
500993,2023-08-25,West,Ingrid Vanterpool,ingrid.vanterpool18@examplemail.test,416-555-1058,1986-09-27,32,644.77,5
500994,2022-02-17,East,Wilhelmina Okonkwo-Reyes,wilhelmina.okonkworeyes25@examplemail.test,416-555-1045,1972-07-02,33,245.77,0
500995,2022-11-23,East,Ingrid Abernathy,ingrid.abernathy10@examplemail.test,416-555-1010,1965-05-15,11,728.16,10
500996,2023-04-04,West,Ingrid Delacroix,ingrid.delacroix10@examplemail.test,416-555-1010,1950-07-12,5,338.20,10
500997,2024-06-12,North,Bartholomew Kowalczyk,bartholomew.kowalczyk39@examplemail.test,416-555-1039,1982-08-03,5,66.59,5
500998,2024-10-17,East,Wilhelmina Delacroix,wilhelmina.delacroix23@examplemail.test,416-555-1043,1966-04-26,22,609.81,0
500999,2023-07-23,North,Wilhelmina Kowalczyk,wilhelmina.kowalczyk29@examplemail.test,416-555-1009,1982-04-04,19,107.00,0
501000,2024-08-09,North,Thaddeus Kowalczyk,thaddeus.kowalczyk30@examplemail.test,416-555-1030,1965-06-09,4,772.22,5
501001,2023-03-16,South,Lysander Abernathy,lysander.abernathy39@examplemail.test,416-555-1019,1977-05-20,24,345.35,10
501002,2022-01-20,North,Bartholomew Kowalczyk,bartholomew.kowalczyk38@examplemail.test,416-555-1038,1985-11-24,5,596.42,15
501003,awaiting Zelda Vanterpool,South,Lysander Fairweather,lysander.fairweather8@examplemail.test,416-555-1008,1973-09-16,1,897.41,5
501004,2022-05-09,South,Quintus Abernathy,quintus.abernathy3@examplemail.test,416-555-1043,1985-09-24,9,476.22,10
501005,2023-12-28,East,Wilhelmina Vanterpool,wilhelmina.vanterpool6@examplemail.test,416-555-1006,1962-09-15,36,745.46,5
501006,2022-05-24,North,Zelda Fairweather,zelda.fairweather6@examplemail.test,416-555-1046,1980-12-26,31,195.96,0
501007,2022-05-09,West,Marisol Abernathy,marisol.abernathy37@examplemail.test,416-555-1057,1970-12-03,12,529.06,10
501008,2024-01-21,East,Wilhelmina Fairweather,wilhelmina.fairweather35@examplemail.test,416-555-1035,1984-04-21,36,801.27,15
501009,2024-12-14,West,Octavia Delacroix,octavia.delacroix33@examplemail.test,416-555-1053,1980-03-07,33,148.75,0
501010,2024-06-05,East,Marisol Vanterpool,marisol.vanterpool22@examplemail.test,416-555-1022,1953-07-05,3,774.28,5
501011,2024-10-28,East,Quintus Kowalczyk,quintus.kowalczyk15@examplemail.test,416-555-1035,1956-08-14,21,647.06,15
501012,2022-05-08,East,Ingrid Vanterpool,ingrid.vanterpool22@examplemail.test,416-555-1022,1962-12-05,23,ask Marisol,5
501013,2022-03-24,South,Marisol Abernathy,marisol.abernathy17@examplemail.test,416-555-1057,1993-06-06,20,835.98,15
501014,2023-10-15,East,Ingrid Okonkwo-Reyes,ingrid.okonkworeyes34@examplemail.test,416-555-1034,1984-02-09,32,808.20,15
501015,2023-08-23,West,Zelda Okonkwo-Reyes,zelda.okonkworeyes34@examplemail.test,416-555-1054,1979-10-18,40,331.55,15
501016,2022-06-27,East,Thaddeus Delacroix,thaddeus.delacroix31@examplemail.test,416-555-1031,1957-08-05,40,327.39,5
501017,2023-04-26,North,Quintus Delacroix,quintus.delacroix39@examplemail.test,416-555-1059,1965-03-15,38,147.07,10
501018,2022-06-01,North,Wilhelmina Okonkwo-Reyes,wilhelmina.okonkworeyes25@examplemail.test,416-555-1045,1981-07-28,35,554.87,15
501019,2024-01-19,East,Quintus Fairweather,quintus.fairweather3@examplemail.test,416-555-1003,1973-02-21,26,85.30,0
501020,awaiting Zelda Vanterpool,South,Octavia Fairweather,octavia.fairweather30@examplemail.test,416-555-1010,1982-05-01,9,204.69,0
501021,2024-02-09,East,Zelda Okonkwo-Reyes,zelda.okonkworeyes33@examplemail.test,416-555-1053,1960-07-01,13,773.51,10
501022,2023-07-07,East,Lysander Okonkwo-Reyes,lysander.okonkworeyes37@examplemail.test,416-555-1017,1970-07-05,10,393.83,15
501023,2023-02-21,North,Zelda Okonkwo-Reyes,zelda.okonkworeyes22@examplemail.test,416-555-1002,1967-07-19,19,532.26,10
501024,2022-06-04,South,Philippa Kowalczyk,philippa.kowalczyk27@examplemail.test,416-555-1047,1991-03-18,4,697.56,0
501025,2024-09-25,South,Philippa Okonkwo-Reyes,philippa.okonkworeyes27@examplemail.test,416-555-1027,1998-11-07,33,351.29,10
501026,2022-04-12,East,Lysander Fairweather,lysander.fairweather38@examplemail.test,416-555-1058,1963-11-05,6,48.24,15
501027,2022-08-21,North,Bartholomew Vanterpool,bartholomew.vanterpool23@examplemail.test,416-555-1023,1980-06-13,3,639.21,15
501028,2024-03-04,North,Philippa Fairweather,philippa.fairweather3@examplemail.test,416-555-1003,1987-06-02,12,270.27,15
501029,2023-02-17,West,Ingrid Vanterpool,ingrid.vanterpool36@examplemail.test,416-555-1036,1952-03-24,37,774.03,0
501030,2022-02-16,South,Lysander Abernathy,lysander.abernathy4@examplemail.test,416-555-1024,1964-11-20,36,119.10,15
501031,2022-01-29,West,Quintus Okonkwo-Reyes,quintus.okonkworeyes9@examplemail.test,416-555-1029,2000-08-28,3,774.98,5
501032,2022-06-21,South,Quintus Delacroix,quintus.delacroix30@examplemail.test,416-555-1050,1957-07-26,38,86.12,15
501033,2022-03-31,West,Bartholomew Vanterpool,bartholomew.vanterpool39@examplemail.test,416-555-1059,1979-03-13,40,627.06,0
501034,2023-08-30,East,Philippa Delacroix,philippa.delacroix39@examplemail.test,416-555-1059,1993-01-13,33,344.81,5
501035,2024-10-09,West,Wilhelmina Kowalczyk,wilhelmina.kowalczyk31@examplemail.test,416-555-1031,1957-03-11,1,ask Marisol,15
501036,2024-03-22,North,Ingrid Vanterpool,ingrid.vanterpool29@examplemail.test,416-555-1029,2000-07-21,40,758.06,5
501037,awaiting Zelda Vanterpool,North,Lysander Abernathy,lysander.abernathy3@examplemail.test,416-555-1003,1979-10-04,9,486.58,0
501038,2023-04-08,East,Ingrid Delacroix,ingrid.delacroix7@examplemail.test,416-555-1047,1958-06-25,27,690.37,0
501039,2024-11-07,West,Philippa Fairweather,philippa.fairweather16@examplemail.test,416-555-1056,1984-07-15,12,184.42,0
501040,2022-07-13,East,Quintus Delacroix,quintus.delacroix38@examplemail.test,416-555-1038,1980-06-12,6,105.94,5
501041,2024-08-16,South,Bartholomew Fairweather,bartholomew.fairweather23@examplemail.test,416-555-1043,1980-03-28,14,433.00,10
501042,2024-07-10,West,Ingrid Okonkwo-Reyes,ingrid.okonkworeyes12@examplemail.test,416-555-1032,1969-08-13,26,31.97,5
501043,2024-06-12,South,Bartholomew Kowalczyk,bartholomew.kowalczyk1@examplemail.test,416-555-1001,1980-06-28,32,602.70,0
501044,2023-12-17,North,Octavia Kowalczyk,octavia.kowalczyk27@examplemail.test,416-555-1027,2000-09-10,14,863.80,0
501045,2023-02-27,South,Marisol Kowalczyk,marisol.kowalczyk22@examplemail.test,416-555-1002,1959-02-17,18,146.34,10
501046,2023-09-22,North,Zelda Abernathy,zelda.abernathy16@examplemail.test,416-555-1036,1978-09-08,8,754.92,0
501047,2022-07-03,South,Marisol Vanterpool,marisol.vanterpool0@examplemail.test,416-555-1040,1978-05-18,40,675.34,5
501048,2024-04-25,North,Ingrid Abernathy,ingrid.abernathy14@examplemail.test,416-555-1034,1955-12-24,5,733.12,15
501049,2023-08-05,North,Philippa Delacroix,philippa.delacroix39@examplemail.test,416-555-1059,1998-09-18,2,808.75,10
501050,2024-02-10,West,Philippa Delacroix,philippa.delacroix15@examplemail.test,416-555-1015,1980-02-17,10,643.35,5
501051,2022-11-28,South,Zelda Abernathy,zelda.abernathy5@examplemail.test,416-555-1005,1970-12-28,24,655.79,0
501052,2023-02-18,North,Ingrid Delacroix,ingrid.delacroix37@examplemail.test,416-555-1037,1952-12-25,13,69.84,10
501053,2022-09-13,West,Philippa Fairweather,philippa.fairweather28@examplemail.test,416-555-1048,1972-06-03,9,464.70,10
501054,awaiting Zelda Vanterpool,South,Wilhelmina Okonkwo-Reyes,wilhelmina.okonkworeyes12@examplemail.test,416-555-1012,1999-09-27,32,83.72,0
501055,2024-12-17,North,Marisol Kowalczyk,marisol.kowalczyk0@examplemail.test,416-555-1020,1960-04-11,13,128.58,10
501056,2023-10-29,East,Octavia Vanterpool,octavia.vanterpool34@examplemail.test,416-555-1034,1999-06-19,24,843.90,0
501057,2023-08-12,South,Octavia Fairweather,octavia.fairweather19@examplemail.test,416-555-1019,1972-11-08,26,832.98,10
501058,2023-04-08,North,Marisol Okonkwo-Reyes,marisol.okonkworeyes33@examplemail.test,416-555-1033,1998-01-05,35,ask Marisol,10
501059,2023-11-07,East,Lysander Vanterpool,lysander.vanterpool3@examplemail.test,416-555-1003,1980-09-16,5,511.34,5
501060,2023-06-18,North,Philippa Vanterpool,philippa.vanterpool9@examplemail.test,416-555-1009,1963-03-08,40,430.27,10
501061,2023-07-07,West,Ingrid Fairweather,ingrid.fairweather16@examplemail.test,416-555-1016,1985-01-24,8,575.22,15
501062,2023-08-18,East,Philippa Abernathy,philippa.abernathy20@examplemail.test,416-555-1020,1985-10-15,32,83.96,5
501063,2023-06-27,North,Thaddeus Okonkwo-Reyes,thaddeus.okonkworeyes4@examplemail.test,416-555-1004,1957-07-01,17,81.91,5
501064,2023-02-06,West,Lysander Abernathy,lysander.abernathy38@examplemail.test,416-555-1058,1975-06-19,34,167.39,15
501065,2024-11-28,East,Philippa Abernathy,philippa.abernathy20@examplemail.test,416-555-1020,1984-04-09,11,456.04,10
501066,2022-06-10,East,Marisol Fairweather,marisol.fairweather21@examplemail.test,416-555-1021,1990-10-06,1,606.47,15
501067,2024-06-15,South,Philippa Vanterpool,philippa.vanterpool25@examplemail.test,416-555-1045,1972-08-02,17,88.22,15
501068,2022-03-11,East,Quintus Delacroix,quintus.delacroix32@examplemail.test,416-555-1032,1988-07-28,33,132.30,15
501069,2024-12-23,North,Quintus Okonkwo-Reyes,quintus.okonkworeyes30@examplemail.test,416-555-1050,1992-09-12,8,619.18,0
501070,2023-06-28,East,Marisol Delacroix,marisol.delacroix11@examplemail.test,416-555-1031,1956-02-27,36,731.23,5
501071,awaiting Zelda Vanterpool,South,Philippa Fairweather,philippa.fairweather38@examplemail.test,416-555-1038,1996-01-26,16,95.24,10
501072,2022-09-21,West,Zelda Fairweather,zelda.fairweather6@examplemail.test,416-555-1046,1997-08-19,6,175.99,5
501073,2022-06-15,South,Quintus Kowalczyk,quintus.kowalczyk7@examplemail.test,416-555-1007,1985-01-04,9,415.85,10
501074,2023-12-08,East,Ingrid Vanterpool,ingrid.vanterpool23@examplemail.test,416-555-1023,1997-06-25,4,496.99,15
501075,2023-08-25,North,Wilhelmina Kowalczyk,wilhelmina.kowalczyk38@examplemail.test,416-555-1038,1992-07-28,8,297.78,5
501076,2023-08-16,West,Octavia Vanterpool,octavia.vanterpool26@examplemail.test,416-555-1006,1973-12-25,5,333.61,0
501077,2023-07-07,East,Octavia Fairweather,octavia.fairweather13@examplemail.test,416-555-1053,1988-07-11,35,421.16,15
501078,2023-08-04,South,Ingrid Okonkwo-Reyes,ingrid.okonkworeyes20@examplemail.test,416-555-1020,1961-11-04,2,494.60,5
501079,2024-01-10,South,Thaddeus Vanterpool,thaddeus.vanterpool8@examplemail.test,416-555-1008,1984-06-10,5,287.25,5
501080,2024-10-27,East,Quintus Kowalczyk,quintus.kowalczyk7@examplemail.test,416-555-1007,1988-05-27,10,436.17,0
501081,2022-07-08,West,Lysander Fairweather,lysander.fairweather30@examplemail.test,416-555-1010,1957-12-04,39,ask Marisol,0
501082,2023-05-02,North,Quintus Delacroix,quintus.delacroix13@examplemail.test,416-555-1033,1989-05-04,6,741.64,15
501083,2022-09-07,West,Lysander Abernathy,lysander.abernathy26@examplemail.test,416-555-1006,1964-03-26,3,683.65,0
501084,2022-10-29,South,Ingrid Fairweather,ingrid.fairweather24@examplemail.test,416-555-1024,1992-05-22,26,446.45,15
501085,2024-03-04,South,Zelda Vanterpool,zelda.vanterpool2@examplemail.test,416-555-1022,1991-12-27,4,566.97,10
501086,2024-10-07,West,Marisol Kowalczyk,marisol.kowalczyk20@examplemail.test,416-555-1020,1998-09-18,14,253.16,5
501087,2022-01-13,North,Philippa Abernathy,philippa.abernathy0@examplemail.test,416-555-1020,1983-11-28,10,741.24,5
501088,awaiting Zelda Vanterpool,North,Philippa Abernathy,philippa.abernathy20@examplemail.test,416-555-1020,1994-08-01,3,473.79,15
501089,2023-06-17,South,Bartholomew Vanterpool,bartholomew.vanterpool10@examplemail.test,416-555-1030,1970-05-12,19,209.29,15
501090,2023-10-01,West,Octavia Fairweather,octavia.fairweather30@examplemail.test,416-555-1010,1984-12-17,11,833.65,10
501091,2024-12-07,West,Philippa Fairweather,philippa.fairweather16@examplemail.test,416-555-1056,1970-12-05,39,436.89,15
501092,2023-12-21,South,Zelda Fairweather,zelda.fairweather25@examplemail.test,416-555-1005,1979-12-14,33,806.88,10
501093,2024-01-29,West,Thaddeus Fairweather,thaddeus.fairweather31@examplemail.test,416-555-1011,1950-01-07,12,298.61,15
501094,2022-09-29,East,Octavia Vanterpool,octavia.vanterpool5@examplemail.test,416-555-1005,1991-11-14,21,218.47,0
501095,2023-07-23,West,Quintus Okonkwo-Reyes,quintus.okonkworeyes12@examplemail.test,416-555-1012,1963-12-25,17,278.57,5
501096,2022-10-29,West,Ingrid Okonkwo-Reyes,ingrid.okonkworeyes0@examplemail.test,416-555-1000,1991-01-18,6,222.10,10
501097,2022-10-26,South,Thaddeus Delacroix,thaddeus.delacroix36@examplemail.test,416-555-1016,1987-11-03,15,698.11,5
501098,2023-05-29,South,Lysander Abernathy,lysander.abernathy3@examplemail.test,416-555-1003,1954-01-28,6,505.23,5
501099,2022-12-25,South,Marisol Abernathy,marisol.abernathy19@examplemail.test,416-555-1019,2000-02-10,5,154.55,5
501100,2022-06-29,East,Ingrid Abernathy,ingrid.abernathy35@examplemail.test,416-555-1015,1989-05-04,1,764.03,10
501101,2022-03-30,East,Marisol Abernathy,marisol.abernathy19@examplemail.test,416-555-1019,1956-09-24,13,130.95,15
501102,2023-03-12,East,Bartholomew Vanterpool,bartholomew.vanterpool39@examplemail.test,416-555-1059,1995-02-05,3,130.63,15
501103,2022-11-23,West,Wilhelmina Vanterpool,wilhelmina.vanterpool31@examplemail.test,416-555-1031,1984-12-22,17,41.11,0
501104,2024-01-14,South,Lysander Fairweather,lysander.fairweather35@examplemail.test,416-555-1055,1978-01-06,37,ask Marisol,10
501105,awaiting Zelda Vanterpool,South,Lysander Abernathy,lysander.abernathy12@examplemail.test,416-555-1032,1997-09-15,32,696.57,0
501106,2024-10-15,South,Marisol Delacroix,marisol.delacroix11@examplemail.test,416-555-1031,1963-06-26,15,366.87,10
501107,2024-07-25,West,Zelda Okonkwo-Reyes,zelda.okonkworeyes34@examplemail.test,416-555-1054,1982-03-03,7,473.88,15
501108,2022-12-12,South,Philippa Vanterpool,philippa.vanterpool0@examplemail.test,416-555-1000,1988-08-21,8,101.53,0
501109,2024-04-10,South,Marisol Abernathy,marisol.abernathy35@examplemail.test,416-555-1035,1992-03-25,38,506.11,5
501110,2022-10-01,West,Marisol Abernathy,marisol.abernathy17@examplemail.test,416-555-1037,1955-05-23,39,704.14,10
501111,2023-09-18,North,Zelda Delacroix,zelda.delacroix7@examplemail.test,416-555-1027,1975-02-10,1,701.95,10
501112,2023-08-03,East,Philippa Okonkwo-Reyes,philippa.okonkworeyes14@examplemail.test,416-555-1034,1996-11-03,5,783.27,0
501113,2024-12-17,South,Quintus Kowalczyk,quintus.kowalczyk26@examplemail.test,416-555-1046,1959-03-08,10,788.51,10
501114,2024-02-23,North,Thaddeus Abernathy,thaddeus.abernathy18@examplemail.test,416-555-1038,1997-11-26,27,20.13,0
501115,2022-08-27,North,Philippa Kowalczyk,philippa.kowalczyk27@examplemail.test,416-555-1007,1961-02-10,21,525.35,5
501116,2024-12-02,East,Philippa Fairweather,philippa.fairweather16@examplemail.test,416-555-1056,1962-11-07,6,376.21,15
501117,2022-04-11,West,Marisol Delacroix,marisol.delacroix28@examplemail.test,416-555-1008,1961-02-03,36,538.68,0
501118,2022-08-20,West,Lysander Abernathy,lysander.abernathy3@examplemail.test,416-555-1003,1984-09-12,17,841.28,0
501119,2023-06-12,North,Bartholomew Kowalczyk,bartholomew.kowalczyk1@examplemail.test,416-555-1001,1977-05-17,4,506.10,15
501120,2024-05-13,North,Philippa Kowalczyk,philippa.kowalczyk27@examplemail.test,416-555-1007,1956-07-27,18,465.23,15
501121,2024-02-22,South,Lysander Kowalczyk,lysander.kowalczyk29@examplemail.test,416-555-1029,1995-12-07,15,234.60,0
501122,awaiting Zelda Vanterpool,East,Wilhelmina Kowalczyk,wilhelmina.kowalczyk38@examplemail.test,416-555-1038,1972-12-04,6,38.33,0
501123,2022-05-20,South,Wilhelmina Kowalczyk,wilhelmina.kowalczyk29@examplemail.test,416-555-1009,1978-01-02,21,186.07,10
501124,2022-01-23,East,Ingrid Okonkwo-Reyes,ingrid.okonkworeyes2@examplemail.test,416-555-1042,1950-09-13,27,553.63,5
501125,2023-03-22,West,Lysander Kowalczyk,lysander.kowalczyk9@examplemail.test,416-555-1009,1961-06-25,29,612.05,15
501126,2022-09-15,West,Quintus Delacroix,quintus.delacroix39@examplemail.test,416-555-1059,1954-10-09,31,707.90,10
501127,2024-07-09,West,Wilhelmina Okonkwo-Reyes,wilhelmina.okonkworeyes12@examplemail.test,416-555-1012,1965-01-19,14,ask Marisol,0
501128,2023-11-28,West,Wilhelmina Fairweather,wilhelmina.fairweather14@examplemail.test,416-555-1014,1976-12-18,34,149.99,10
501129,2024-12-20,West,Marisol Okonkwo-Reyes,marisol.okonkworeyes34@examplemail.test,416-555-1014,1983-10-12,32,193.80,10
501130,2023-11-29,North,Lysander Fairweather,lysander.fairweather35@examplemail.test,416-555-1055,1952-09-07,30,135.31,0
501131,2023-01-07,South,Quintus Kowalczyk,quintus.kowalczyk34@examplemail.test,416-555-1014,1995-03-28,4,402.86,10
501132,2023-03-24,West,Bartholomew Abernathy,bartholomew.abernathy0@examplemail.test,416-555-1000,1990-06-26,38,31.98,0
501133,2024-05-14,South,Bartholomew Abernathy,bartholomew.abernathy10@examplemail.test,416-555-1050,1950-12-12,32,378.02,10
501134,2023-11-30,North,Philippa Fairweather,philippa.fairweather34@examplemail.test,416-555-1054,1961-04-26,24,301.96,15
501135,2024-05-09,West,Lysander Fairweather,lysander.fairweather35@examplemail.test,416-555-1055,1950-11-16,39,122.25,15
501136,2022-05-30,West,Quintus Vanterpool,quintus.vanterpool13@examplemail.test,416-555-1053,1994-06-17,40,555.64,0
501137,2023-02-01,East,Philippa Okonkwo-Reyes,philippa.okonkworeyes19@examplemail.test,416-555-1019,1980-06-06,18,142.02,10
501138,2023-11-07,South,Octavia Vanterpool,octavia.vanterpool9@examplemail.test,416-555-1009,1965-02-10,21,617.41,0
501139,awaiting Zelda Vanterpool,South,Quintus Abernathy,quintus.abernathy25@examplemail.test,416-555-1025,1998-08-14,8,212.03,15
501140,2024-05-11,West,Marisol Vanterpool,marisol.vanterpool16@examplemail.test,416-555-1016,1986-10-05,9,102.72,0
501141,2022-02-22,West,Philippa Abernathy,philippa.abernathy37@examplemail.test,416-555-1017,1978-04-23,13,243.81,10
501142,2024-11-29,West,Bartholomew Delacroix,bartholomew.delacroix36@examplemail.test,416-555-1036,1962-09-02,1,296.93,0
501143,2022-08-08,South,Thaddeus Fairweather,thaddeus.fairweather31@examplemail.test,416-555-1011,1989-12-06,4,399.71,10
501144,2024-10-09,South,Ingrid Kowalczyk,ingrid.kowalczyk13@examplemail.test,416-555-1053,1972-02-09,5,830.94,0
501145,2022-05-06,West,Bartholomew Delacroix,bartholomew.delacroix25@examplemail.test,416-555-1005,1972-04-05,19,89.35,15
501146,2022-09-15,West,Ingrid Abernathy,ingrid.abernathy4@examplemail.test,416-555-1004,1985-02-09,22,416.51,10
501147,2023-06-08,East,Quintus Vanterpool,quintus.vanterpool31@examplemail.test,416-555-1051,1995-07-08,4,334.55,15
501148,2023-03-20,West,Bartholomew Fairweather,bartholomew.fairweather23@examplemail.test,416-555-1043,1950-03-22,10,262.43,10
501149,2022-05-11,South,Lysander Fairweather,lysander.fairweather8@examplemail.test,416-555-1008,1995-06-21,9,688.96,15
501150,2024-06-10,North,Ingrid Okonkwo-Reyes,ingrid.okonkworeyes20@examplemail.test,416-555-1020,1991-07-22,34,ask Marisol,10
501151,2022-05-06,West,Bartholomew Fairweather,bartholomew.fairweather28@examplemail.test,416-555-1028,1990-09-23,6,824.19,15
501152,2022-02-07,South,Thaddeus Okonkwo-Reyes,thaddeus.okonkworeyes32@examplemail.test,416-555-1012,1958-01-08,34,507.92,5
501153,2024-12-14,West,Marisol Kowalczyk,marisol.kowalczyk2@examplemail.test,416-555-1002,1950-08-02,39,447.89,0
501154,2024-11-08,North,Thaddeus Okonkwo-Reyes,thaddeus.okonkworeyes11@examplemail.test,416-555-1051,1984-04-27,10,722.89,15
501155,2022-11-14,South,Marisol Abernathy,marisol.abernathy20@examplemail.test,416-555-1000,1970-05-14,26,716.52,0
501156,awaiting Zelda Vanterpool,West,Marisol Kowalczyk,marisol.kowalczyk4@examplemail.test,416-555-1044,1984-12-19,22,49.05,10
501157,2023-09-09,East,Zelda Kowalczyk,zelda.kowalczyk29@examplemail.test,416-555-1049,1994-01-12,31,163.83,15
501158,2023-08-11,North,Octavia Delacroix,octavia.delacroix1@examplemail.test,416-555-1021,1975-10-21,22,434.62,5
501159,2022-11-09,South,Marisol Delacroix,marisol.delacroix11@examplemail.test,416-555-1031,1951-05-13,6,580.27,10
501160,2024-07-31,South,Zelda Delacroix,zelda.delacroix2@examplemail.test,416-555-1042,1951-02-08,10,625.46,5
501161,2024-09-22,East,Marisol Kowalczyk,marisol.kowalczyk29@examplemail.test,416-555-1009,1967-10-11,34,625.53,5
501162,2022-06-23,East,Bartholomew Okonkwo-Reyes,bartholomew.okonkworeyes13@examplemail.test,416-555-1033,1992-12-16,20,493.09,15
501163,2022-02-14,West,Lysander Vanterpool,lysander.vanterpool37@examplemail.test,416-555-1057,1981-11-20,11,24.85,15
501164,2024-10-18,East,Octavia Fairweather,octavia.fairweather30@examplemail.test,416-555-1010,1957-04-15,22,629.15,0
501165,2023-07-10,East,Philippa Abernathy,philippa.abernathy0@examplemail.test,416-555-1020,1989-05-16,37,278.24,0
501166,2022-11-21,East,Lysander Fairweather,lysander.fairweather2@examplemail.test,416-555-1022,1958-06-08,33,352.95,15
501167,2024-12-19,South,Lysander Kowalczyk,lysander.kowalczyk36@examplemail.test,416-555-1036,1993-01-01,20,118.66,15
501168,2022-10-20,South,Ingrid Fairweather,ingrid.fairweather21@examplemail.test,416-555-1041,1964-06-15,5,660.05,15
501169,2024-08-26,North,Bartholomew Delacroix,bartholomew.delacroix32@examplemail.test,416-555-1012,1959-01-10,11,143.31,5
501170,2022-05-20,East,Philippa Kowalczyk,philippa.kowalczyk18@examplemail.test,416-555-1018,1989-05-01,20,114.65,10
501171,2022-01-08,South,Ingrid Vanterpool,ingrid.vanterpool29@examplemail.test,416-555-1029,1996-02-23,24,566.08,10
501172,2024-03-17,West,Lysander Abernathy,lysander.abernathy26@examplemail.test,416-555-1006,2000-04-07,28,896.88,15
501173,awaiting Zelda Vanterpool,West,Lysander Fairweather,lysander.fairweather11@examplemail.test,416-555-1011,1959-08-08,26,ask Marisol,10
501174,2024-01-10,South,Octavia Delacroix,octavia.delacroix26@examplemail.test,416-555-1026,1973-12-27,35,747.97,15
501175,2022-01-17,East,Thaddeus Abernathy,thaddeus.abernathy15@examplemail.test,416-555-1055,1983-05-12,10,703.70,0
501176,2024-07-27,West,Marisol Kowalczyk,marisol.kowalczyk28@examplemail.test,416-555-1028,1951-12-12,1,715.92,10
501177,2022-07-09,West,Bartholomew Vanterpool,bartholomew.vanterpool39@examplemail.test,416-555-1019,1986-12-16,11,683.93,15
501178,2023-10-07,South,Quintus Fairweather,quintus.fairweather3@examplemail.test,416-555-1003,1986-08-22,31,667.79,10
501179,2024-02-11,East,Wilhelmina Okonkwo-Reyes,wilhelmina.okonkworeyes28@examplemail.test,416-555-1048,1993-07-01,7,811.30,15
501180,2024-06-08,South,Wilhelmina Kowalczyk,wilhelmina.kowalczyk29@examplemail.test,416-555-1009,1986-01-25,34,499.92,0
501181,2024-01-13,South,Wilhelmina Delacroix,wilhelmina.delacroix10@examplemail.test,416-555-1010,1975-12-02,27,682.65,0
501182,2022-11-18,West,Ingrid Okonkwo-Reyes,ingrid.okonkworeyes9@examplemail.test,416-555-1009,1963-10-16,24,426.91,15
501183,2024-05-30,North,Philippa Vanterpool,philippa.vanterpool9@examplemail.test,416-555-1009,1990-04-24,12,819.37,5
501184,2024-02-22,East,Lysander Delacroix,lysander.delacroix35@examplemail.test,416-555-1015,1988-10-21,20,670.97,5
501185,2024-10-09,North,Lysander Vanterpool,lysander.vanterpool19@examplemail.test,416-555-1059,1991-12-04,1,266.64,10
501186,2024-12-12,West,Philippa Fairweather,philippa.fairweather38@examplemail.test,416-555-1038,1991-04-27,25,694.84,15
501187,2024-03-12,East,Wilhelmina Fairweather,wilhelmina.fairweather28@examplemail.test,416-555-1048,1996-04-12,19,729.87,10
501188,2022-11-13,South,Bartholomew Vanterpool,bartholomew.vanterpool10@examplemail.test,416-555-1030,1963-11-02,6,180.78,10
501189,2024-02-24,South,Marisol Fairweather,marisol.fairweather15@examplemail.test,416-555-1015,2000-04-25,34,240.61,15
501190,awaiting Zelda Vanterpool,East,Zelda Delacroix,zelda.delacroix27@examplemail.test,416-555-1027,1972-12-19,4,267.26,0
501191,2023-06-24,North,Marisol Delacroix,marisol.delacroix28@examplemail.test,416-555-1008,1997-06-24,25,187.29,5
501192,2022-06-08,North,Thaddeus Abernathy,thaddeus.abernathy2@examplemail.test,416-555-1042,1994-10-14,36,623.21,15
501193,2024-12-17,South,Philippa Okonkwo-Reyes,philippa.okonkworeyes14@examplemail.test,416-555-1034,1989-10-14,16,330.07,15
501194,2022-01-22,South,Wilhelmina Vanterpool,wilhelmina.vanterpool39@examplemail.test,416-555-1019,1960-07-19,9,713.80,15
501195,2023-10-01,East,Wilhelmina Vanterpool,wilhelmina.vanterpool19@examplemail.test,416-555-1039,1966-02-02,20,719.19,10
501196,2024-12-21,East,Bartholomew Delacroix,bartholomew.delacroix31@examplemail.test,416-555-1051,1961-08-10,5,ask Marisol,10
501197,2025-01-02,North,Octavia Vanterpool,octavia.vanterpool36@examplemail.test,416-555-1016,1968-01-14,7,530.15,5
501198,2023-10-20,West,Bartholomew Vanterpool,bartholomew.vanterpool22@examplemail.test,416-555-1042,1971-02-09,7,834.59,5
501199,2024-04-20,East,Octavia Vanterpool,octavia.vanterpool5@examplemail.test,416-555-1005,1953-02-28,3,329.65,15
