invoice_date,currency,amount,units,country
2023-01-10,EUR,247.98,2,France
2023-01-28,EUR,222.25,2,France
2023-01-18,EUR,217.44,2,Spain
2023-01-05,EUR,659.16,5,Germany
2023-01-27,EUR,257.82,2,Germany
2023-01-26,EUR,377.62,3,Italy
2023-01-05,EUR,385.20,3,Spain
2023-01-16,EUR,620.49,5,Italy
2023-01-14,EUR,348.91,3,Germany
2023-01-20,EUR,363.90,3,Italy
2023-01-24,EUR,248.49,2,Italy
2023-01-15,EUR,575.20,5,France
2023-01-06,EUR,570.40,5,Spain
2023-01-15,EUR,352.49,3,Spain
2023-01-05,EUR,606.00,5,Italy
2023-01-19,EUR,249.67,2,France
2023-01-05,EUR,123.63,1,Italy
2023-01-15,EUR,501.01,4,Germany
2023-01-28,EUR,111.40,1,France
2023-01-26,EUR,447.34,4,Spain
2023-01-14,EUR,338.62,3,Spain
2023-01-28,EUR,388.90,3,France
2023-01-23,EUR,626.73,5,France
2023-01-07,EUR,609.70,5,Germany
2023-01-19,EUR,121.99,1,Spain
2023-01-19,EUR,345.26,3,France
2023-01-06,EUR,648.07,5,Germany
2023-01-06,EUR,123.44,1,Italy
2023-01-18,EUR,656.53,5,Germany
2023-01-27,EUR,361.91,3,Germany
2023-01-05,EUR,353.38,3,Germany
2023-01-09,EUR,652.61,5,Germany
2023-01-17,EUR,324.41,3,Germany
2023-01-11,EUR,242.87,2,Italy
2023-01-18,EUR,566.77,5,Italy
2023-01-07,EUR,351.08,3,Germany
2023-01-23,EUR,228.40,2,France
2023-01-22,EUR,236.39,2,Spain
2023-01-08,EUR,366.63,3,France
2023-01-14,EUR,236.42,2,Spain
2023-01-11,EUR,440.33,4,Italy
2023-01-25,EUR,123.68,1,Germany
2023-01-10,EUR,239.08,2,Italy
2023-01-18,EUR,437.88,4,Spain
2023-01-17,EUR,446.24,4,France
2023-01-04,USD,373.69,3,United States
2023-01-10,USD,632.40,5,United States
2023-01-12,USD,256.66,2,United States
2023-01-15,USD,599.75,5,United States
2023-01-18,USD,433.03,3,United States
2023-01-02,USD,427.12,3,United States
2023-01-18,USD,284.83,2,United States
2023-01-28,USD,262.89,2,United States
2023-01-12,USD,125.77,1,United States
2023-01-27,USD,275.53,2,United States
2023-01-22,USD,247.90,2,United States
2023-01-13,USD,704.83,5,United States
2023-01-02,USD,143.68,1,United States
2023-01-25,USD,380.12,3,United States
2023-01-18,USD,363.28,3,United States
2023-01-02,USD,137.99,1,United States
2023-01-04,USD,708.36,5,United States
2023-01-11,USD,540.90,4,United States
2023-01-27,USD,365.07,3,United States
2023-01-10,USD,524.96,4,United States
2023-01-09,USD,261.37,2,United States
2023-01-01,USD,664.25,5,United States
2023-01-09,USD,430.63,3,United States
2023-01-08,USD,368.80,3,United States
2023-01-27,USD,502.81,4,United States
2023-01-15,USD,619.60,5,United States
2023-01-23,GBP,369.57,4,United Kingdom
2023-01-02,GBP,377.42,4,United Kingdom
2023-01-01,GBP,490.34,5,United Kingdom
2023-01-16,GBP,480.86,5,United Kingdom
2023-01-24,GBP,445.48,4,United Kingdom
2023-01-01,GBP,217.86,2,United Kingdom
2023-01-05,GBP,110.69,1,United Kingdom
2023-01-09,GBP,184.48,2,United Kingdom
2023-01-04,GBP,205.24,2,United Kingdom
2023-01-01,GBP,549.98,5,United Kingdom
2023-01-11,GBP,205.00,2,United Kingdom
2023-01-14,GBP,187.70,2,United Kingdom
2023-02-15,EUR,373.06,3,France
2023-02-24,EUR,244.35,2,Spain
2023-02-09,EUR,250.86,2,France
2023-02-20,EUR,121.12,1,Germany
2023-02-05,EUR,633.00,5,Germany
2023-02-12,EUR,509.27,4,Italy
2023-02-17,EUR,521.57,4,Germany
2023-02-15,EUR,580.59,5,Spain
2023-02-22,EUR,124.41,1,France
2023-02-13,EUR,631.89,5,Germany
2023-02-14,EUR,395.00,3,Germany
2023-02-15,EUR,478.22,4,Italy
2023-02-24,EUR,114.01,1,Germany
2023-02-01,EUR,263.53,2,Spain
2023-02-27,EUR,591.77,5,France
2023-02-18,EUR,338.68,3,Germany
2023-02-03,EUR,130.94,1,France
2023-02-18,EUR,462.09,4,France
2023-02-01,EUR,218.37,2,France
2023-02-08,EUR,495.31,4,France
2023-02-23,EUR,508.53,4,Germany
2023-02-28,EUR,553.36,5,France
2023-02-12,EUR,602.26,5,Germany
2023-02-17,EUR,249.89,2,Germany
2023-02-14,EUR,345.42,3,Italy
2023-02-09,EUR,389.29,3,Italy
2023-02-09,EUR,256.29,2,Germany
2023-02-03,EUR,257.16,2,Germany
2023-02-25,EUR,382.19,3,France
2023-02-08,EUR,552.02,5,Spain
2023-02-16,EUR,436.41,4,Germany
2023-02-19,EUR,556.42,5,Italy
2023-02-16,EUR,231.92,2,Italy
2023-02-12,EUR,125.10,1,Germany
2023-02-16,EUR,126.47,1,Germany
2023-02-28,EUR,325.10,3,Italy
2023-02-05,EUR,113.85,1,France
2023-02-05,EUR,433.85,4,Italy
2023-02-12,EUR,377.76,3,Spain
2023-02-04,EUR,243.04,2,France
2023-02-21,EUR,508.67,4,Germany
2023-02-20,EUR,479.21,4,Germany
2023-02-18,EUR,245.73,2,France
2023-02-26,USD,139.65,1,United States
2023-02-11,USD,505.56,4,United States
2023-02-18,USD,246.50,2,United States
2023-02-20,USD,697.36,5,United States
2023-02-15,USD,138.43,1,United States
2023-02-25,USD,667.28,5,United States
2023-02-07,USD,144.46,1,United States
2023-02-02,USD,570.16,4,United States
2023-02-02,USD,415.02,3,United States
2023-02-15,USD,521.64,4,United States
2023-02-07,USD,481.21,4,United States
2023-02-13,USD,267.38,2,United States
2023-02-14,USD,239.56,2,United States
2023-02-01,USD,517.66,4,United States
2023-02-28,USD,708.25,5,United States
2023-02-15,USD,144.39,1,United States
2023-02-19,USD,574.02,4,United States
2023-02-17,USD,601.91,5,United States
2023-02-26,USD,500.50,4,United States
2023-02-04,USD,137.33,1,United States
2023-02-18,USD,262.96,2,United States
2023-02-14,USD,126.11,1,United States
2023-02-26,USD,490.79,4,United States
2023-02-26,USD,133.73,1,United States
2023-02-10,USD,288.36,2,United States
2023-02-22,USD,538.96,4,United States
2023-02-08,USD,139.41,1,United States
2023-02-03,USD,645.17,5,United States
2023-02-23,USD,267.34,2,United States
2023-02-02,USD,135.30,1,United States
2023-02-24,USD,490.27,4,United States
2023-02-21,USD,710.51,5,United States
2023-02-19,GBP,510.39,5,United Kingdom
2023-02-14,GBP,499.76,5,United Kingdom
2023-02-14,GBP,195.30,2,United Kingdom
2023-02-25,GBP,107.39,1,United Kingdom
2023-02-15,GBP,194.38,2,United Kingdom
2023-02-24,GBP,412.90,4,United Kingdom
2023-02-20,GBP,526.54,5,United Kingdom
2023-02-19,GBP,197.07,2,United Kingdom
2023-02-15,GBP,97.33,1,United Kingdom
2023-03-02,EUR,326.04,3,Italy
2023-03-28,EUR,130.49,1,Germany
2023-03-03,EUR,629.56,5,France
2023-03-16,EUR,609.04,5,Italy
2023-03-01,EUR,523.97,4,Germany
2023-03-11,EUR,549.53,5,Spain
2023-03-14,EUR,489.15,4,Germany
2023-03-11,EUR,243.54,2,Germany
2023-03-03,EUR,497.96,4,Spain
2023-03-10,EUR,479.70,4,France
2023-03-04,EUR,576.23,5,Italy
2023-03-03,EUR,394.17,3,Italy
2023-03-16,EUR,118.23,1,Germany
2023-03-03,EUR,452.17,4,Spain
2023-03-04,EUR,541.28,5,Spain
2023-03-16,EUR,120.65,1,France
2023-03-02,EUR,324.06,3,Italy
2023-03-14,EUR,218.41,2,Italy
2023-03-05,EUR,252.95,2,Spain
2023-03-22,EUR,460.73,4,France
2023-03-24,EUR,564.75,5,Italy
2023-03-04,EUR,328.02,3,France
2023-03-08,EUR,381.14,3,Spain
2023-03-20,EUR,433.11,4,Spain
2023-03-24,EUR,262.57,2,Spain
2023-03-03,EUR,556.60,5,France
2023-03-14,EUR,510.26,4,Italy
2023-03-11,EUR,547.74,5,Spain
2023-03-14,EUR,386.24,3,France
2023-03-04,EUR,442.12,4,France
2023-03-07,EUR,113.24,1,Spain
2023-03-22,EUR,117.57,1,Spain
2023-03-07,EUR,554.87,5,Spain
2023-03-22,EUR,357.63,3,Italy
2023-03-14,EUR,439.24,4,Italy
2023-03-19,EUR,457.11,4,France
2023-03-26,EUR,484.43,4,Italy
2023-03-18,EUR,232.95,2,Germany
2023-03-27,EUR,615.06,5,Germany
2023-03-12,EUR,503.60,4,Italy
2023-03-13,EUR,247.39,2,Germany
2023-03-24,EUR,490.26,4,Germany
2023-03-07,EUR,117.84,1,Italy
2023-03-28,USD,267.50,2,United States
2023-03-28,USD,411.49,3,United States
2023-03-01,USD,421.65,3,United States
2023-03-16,USD,386.07,3,United States
2023-03-10,USD,421.54,3,United States
2023-03-02,USD,416.51,3,United States
2023-03-08,USD,424.70,3,United States
2023-03-12,USD,121.15,1,United States
2023-03-19,USD,519.90,4,United States
2023-03-14,USD,143.82,1,United States
2023-03-06,USD,282.32,2,United States
2023-03-01,USD,129.74,1,United States
2023-03-06,USD,277.70,2,United States
2023-03-06,USD,399.30,3,United States
2023-03-14,USD,609.83,5,United States
2023-03-19,USD,703.73,5,United States
2023-03-02,USD,481.90,4,United States
2023-03-21,USD,627.69,5,United States
2023-03-04,USD,524.66,4,United States
2023-03-28,USD,369.82,3,United States
2023-03-16,USD,283.69,2,United States
2023-03-17,USD,565.64,4,United States
2023-03-13,USD,286.34,2,United States
2023-03-18,USD,131.74,1,United States
2023-03-27,USD,511.64,4,United States
2023-03-20,USD,267.58,2,United States
2023-03-02,USD,528.68,4,United States
2023-03-19,USD,126.15,1,United States
2023-03-10,USD,120.93,1,United States
2023-03-02,USD,409.32,3,United States
2023-03-22,USD,266.82,2,United States
2023-03-01,USD,263.35,2,United States
2023-03-07,USD,121.64,1,United States
2023-03-06,USD,126.59,1,United States
2023-03-02,GBP,556.63,5,United Kingdom
2023-03-15,GBP,99.74,1,United Kingdom
2023-03-02,GBP,97.40,1,United Kingdom
2023-03-21,GBP,378.86,4,United Kingdom
2023-03-04,GBP,102.93,1,United Kingdom
2023-03-01,GBP,111.13,1,United Kingdom
2023-03-09,GBP,297.18,3,United Kingdom
2023-03-07,GBP,295.39,3,United Kingdom
2023-03-03,GBP,438.05,4,United Kingdom
2023-03-05,GBP,556.97,5,United Kingdom
2023-04-16,EUR,330.07,3,Germany
2023-04-20,EUR,129.84,1,Spain
2023-04-04,EUR,456.06,4,Spain
2023-04-19,EUR,115.87,1,France
2023-04-17,EUR,344.86,3,France
2023-04-09,EUR,357.37,3,Italy
2023-04-13,EUR,219.04,2,France
2023-04-25,EUR,527.17,4,France
2023-04-28,EUR,512.74,4,France
2023-04-20,EUR,231.62,2,Germany
2023-04-21,EUR,374.04,3,Germany
2023-04-19,EUR,653.69,5,Italy
2023-04-17,EUR,540.14,5,Spain
2023-04-01,EUR,600.41,5,Italy
2023-04-13,EUR,240.72,2,Spain
2023-04-02,EUR,125.06,1,Italy
2023-04-11,EUR,218.72,2,Germany
2023-04-20,EUR,496.60,4,France
2023-04-28,EUR,473.16,4,France
2023-04-09,EUR,218.20,2,Germany
2023-04-08,EUR,504.43,4,France
2023-04-09,EUR,564.53,5,Spain
2023-04-16,EUR,131.24,1,Italy
2023-04-23,EUR,371.87,3,Germany
2023-04-22,EUR,356.50,3,Italy
2023-04-11,EUR,258.58,2,Spain
2023-04-25,EUR,252.15,2,Spain
2023-04-11,EUR,464.87,4,France
2023-04-11,EUR,515.83,4,Germany
2023-04-13,EUR,364.76,3,Italy
2023-04-20,EUR,443.47,4,Germany
2023-04-04,EUR,644.94,5,Italy
2023-04-04,EUR,220.36,2,Germany
2023-04-21,EUR,475.99,4,Germany
2023-04-14,EUR,554.57,5,Spain
2023-04-28,EUR,581.00,5,France
2023-04-21,EUR,124.74,1,Spain
2023-04-04,EUR,561.52,5,Spain
2023-04-05,EUR,565.77,5,Italy
2023-04-06,EUR,570.39,5,France
2023-04-19,EUR,563.99,5,Italy
2023-04-09,EUR,466.41,4,Germany
2023-04-12,EUR,128.01,1,France
2023-04-08,EUR,116.18,1,Germany
2023-04-07,EUR,114.84,1,Germany
2023-04-04,EUR,218.12,2,France
2023-04-28,EUR,464.13,4,France
2023-04-03,EUR,659.44,5,Germany
2023-04-11,USD,705.91,5,United States
2023-04-11,USD,532.76,4,United States
2023-04-10,USD,395.77,3,United States
2023-04-01,USD,611.24,5,United States
2023-04-15,USD,120.79,1,United States
2023-04-07,USD,393.85,3,United States
2023-04-10,USD,271.74,2,United States
2023-04-17,USD,265.88,2,United States
2023-04-04,USD,573.19,4,United States
2023-04-21,USD,132.93,1,United States
2023-04-15,USD,630.00,5,United States
2023-04-19,USD,125.47,1,United States
2023-04-16,USD,549.76,4,United States
2023-04-08,USD,378.85,3,United States
2023-04-05,USD,435.11,3,United States
2023-04-08,USD,132.34,1,United States
2023-04-07,USD,274.66,2,United States
2023-04-04,USD,134.73,1,United States
2023-04-18,USD,266.31,2,United States
2023-04-27,USD,367.85,3,United States
2023-04-13,USD,634.02,5,United States
2023-04-27,USD,255.11,2,United States
2023-04-09,USD,133.48,1,United States
2023-04-16,USD,656.33,5,United States
2023-04-17,USD,245.34,2,United States
2023-04-08,USD,262.83,2,United States
2023-04-13,USD,378.24,3,United States
2023-04-18,USD,251.37,2,United States
2023-04-26,USD,273.64,2,United States
2023-04-05,USD,562.94,4,United States
2023-04-15,USD,653.47,5,United States
2023-04-18,USD,280.33,2,United States
2023-04-10,GBP,552.66,5,United Kingdom
2023-04-06,GBP,521.56,5,United Kingdom
2023-04-10,GBP,557.44,5,United Kingdom
2023-04-21,GBP,306.85,3,United Kingdom
2023-04-05,GBP,112.14,1,United Kingdom
2023-04-15,GBP,500.96,5,United Kingdom
2023-04-10,GBP,497.33,5,United Kingdom
2023-04-17,GBP,533.31,5,United Kingdom
2023-04-22,GBP,97.67,1,United Kingdom
2023-04-25,GBP,528.68,5,United Kingdom
2023-05-08,EUR,112.24,1,Germany
2023-05-03,EUR,394.51,3,France
2023-05-05,EUR,248.66,2,France
2023-05-03,EUR,109.17,1,France
2023-05-19,EUR,466.54,4,Spain
2023-05-28,EUR,117.51,1,France
2023-05-27,EUR,618.52,5,France
2023-05-13,EUR,373.71,3,Germany
2023-05-06,EUR,124.37,1,Spain
2023-05-14,EUR,603.47,5,Italy
2023-05-05,EUR,236.64,2,France
2023-05-28,EUR,126.51,1,Germany
2023-05-10,EUR,120.02,1,France
2023-05-20,EUR,113.07,1,Germany
2023-05-09,EUR,121.98,1,France
2023-05-18,EUR,257.90,2,Italy
2023-05-12,EUR,394.33,3,Italy
2023-05-02,EUR,552.27,5,Italy
2023-05-26,EUR,548.60,5,Germany
2023-05-02,EUR,385.42,3,Italy
2023-05-02,EUR,354.77,3,Italy
2023-05-26,EUR,118.96,1,Spain
2023-05-17,EUR,589.66,5,Italy
2023-05-19,EUR,379.86,3,Germany
2023-05-08,EUR,656.95,5,Spain
2023-05-27,EUR,599.01,5,France
2023-05-28,EUR,122.56,1,Spain
2023-05-08,EUR,238.93,2,Spain
2023-05-15,EUR,249.41,2,Spain
2023-05-13,EUR,638.45,5,France
2023-05-23,EUR,251.83,2,Spain
2023-05-22,EUR,600.16,5,Italy
2023-05-17,EUR,653.90,5,Germany
2023-05-13,EUR,244.79,2,Spain
2023-05-16,EUR,597.23,5,Italy
2023-05-27,EUR,109.26,1,Spain
2023-05-13,EUR,618.95,5,France
2023-05-17,EUR,376.80,3,Italy
2023-05-18,EUR,113.43,1,France
2023-05-04,EUR,508.21,4,Spain
2023-05-23,EUR,252.68,2,Spain
2023-05-17,EUR,115.03,1,Spain
2023-05-18,EUR,118.20,1,Spain
2023-05-14,EUR,450.23,4,France
2023-05-22,EUR,226.61,2,Germany
2023-05-18,EUR,125.97,1,Spain
2023-05-18,EUR,245.01,2,Spain
2023-05-01,EUR,248.60,2,Italy
2023-05-05,USD,561.14,4,United States
2023-05-20,USD,270.53,2,United States
2023-05-05,USD,258.86,2,United States
2023-05-01,USD,649.19,5,United States
2023-05-12,USD,418.22,3,United States
2023-05-14,USD,497.22,4,United States
2023-05-22,USD,122.98,1,United States
2023-05-22,USD,513.93,4,United States
2023-05-05,USD,254.89,2,United States
2023-05-09,USD,237.62,2,United States
2023-05-18,USD,637.84,5,United States
2023-05-17,USD,285.14,2,United States
2023-05-01,USD,364.64,3,United States
2023-05-05,USD,123.26,1,United States
2023-05-10,USD,414.32,3,United States
2023-05-09,USD,143.28,1,United States
2023-05-01,USD,545.02,4,United States
2023-05-19,USD,371.18,3,United States
2023-05-02,USD,651.52,5,United States
2023-05-11,USD,409.64,3,United States
2023-05-14,USD,126.69,1,United States
2023-05-15,USD,275.69,2,United States
2023-05-01,USD,381.67,3,United States
2023-05-16,USD,499.00,4,United States
2023-05-01,USD,134.20,1,United States
2023-05-01,USD,571.37,4,United States
2023-05-04,USD,696.67,5,United States
2023-05-05,USD,139.14,1,United States
2023-05-06,GBP,493.19,5,United Kingdom
2023-05-13,GBP,375.38,4,United Kingdom
2023-05-19,GBP,334.13,3,United Kingdom
2023-05-15,GBP,214.73,2,United Kingdom
2023-05-22,GBP,325.93,3,United Kingdom
2023-05-11,GBP,198.12,2,United Kingdom
2023-05-10,GBP,293.70,3,United Kingdom
2023-05-19,GBP,382.88,4,United Kingdom
2023-05-14,GBP,467.12,5,United Kingdom
2023-05-27,GBP,298.91,3,United Kingdom
2023-05-05,GBP,555.46,5,United Kingdom
2023-06-04,EUR,247.02,2,Italy
2023-06-03,EUR,248.33,2,Italy
2023-06-04,EUR,579.12,5,Spain
2023-06-07,EUR,484.88,4,Italy
2023-06-20,EUR,379.80,3,Germany
2023-06-27,EUR,251.78,2,Italy
2023-06-04,EUR,373.56,3,Germany
2023-06-13,EUR,223.46,2,Spain
2023-06-20,EUR,354.05,3,Germany
2023-06-12,EUR,468.50,4,Germany
2023-06-26,EUR,349.55,3,Germany
2023-06-10,EUR,112.55,1,France
2023-06-24,EUR,125.67,1,France
2023-06-08,EUR,129.05,1,France
2023-06-02,EUR,227.86,2,France
2023-06-26,EUR,230.17,2,Italy
2023-06-18,EUR,512.06,4,Spain
2023-06-26,EUR,546.21,5,France
2023-06-15,EUR,263.78,2,Spain
2023-06-14,EUR,237.39,2,Italy
2023-06-03,EUR,224.89,2,Germany
2023-06-12,EUR,548.35,5,Germany
2023-06-12,EUR,120.25,1,Italy
2023-06-12,EUR,114.98,1,France
2023-06-20,EUR,253.47,2,Spain
2023-06-16,EUR,233.21,2,Germany
2023-06-12,EUR,124.27,1,France
2023-06-03,EUR,452.23,4,Germany
2023-06-15,EUR,456.67,4,Spain
2023-06-09,EUR,236.61,2,Italy
2023-06-12,EUR,373.94,3,France
2023-06-23,EUR,238.36,2,France
2023-06-20,EUR,579.81,5,Italy
2023-06-24,EUR,384.79,3,Spain
2023-06-08,EUR,506.13,4,France
2023-06-28,EUR,611.10,5,Italy
2023-06-01,EUR,353.69,3,Italy
2023-06-22,EUR,129.77,1,Spain
2023-06-11,EUR,346.90,3,France
2023-06-27,EUR,361.79,3,France
2023-06-17,EUR,615.18,5,France
2023-06-13,EUR,232.49,2,Germany
2023-06-15,EUR,246.50,2,Spain
2023-06-24,EUR,250.84,2,Italy
2023-06-05,USD,259.10,2,United States
2023-06-19,USD,509.24,4,United States
2023-06-10,USD,245.64,2,United States
2023-06-14,USD,144.37,1,United States
2023-06-23,USD,127.83,1,United States
2023-06-11,USD,269.88,2,United States
2023-06-11,USD,710.14,5,United States
2023-06-14,USD,242.99,2,United States
2023-06-11,USD,623.05,5,United States
2023-06-10,USD,394.86,3,United States
2023-06-09,USD,135.31,1,United States
2023-06-09,USD,659.75,5,United States
2023-06-23,USD,244.76,2,United States
2023-06-18,USD,133.82,1,United States
2023-06-16,USD,678.22,5,United States
2023-06-24,USD,541.84,4,United States
2023-06-18,USD,260.72,2,United States
2023-06-22,USD,545.18,4,United States
2023-06-21,USD,665.78,5,United States
2023-06-23,USD,142.64,1,United States
2023-06-15,USD,654.78,5,United States
2023-06-27,USD,267.49,2,United States
2023-06-06,USD,249.21,2,United States
2023-06-17,USD,142.66,1,United States
2023-06-07,USD,517.30,4,United States
2023-06-27,USD,259.62,2,United States
2023-06-20,GBP,441.51,4,United Kingdom
2023-06-04,GBP,383.73,4,United Kingdom
2023-06-01,GBP,463.90,5,United Kingdom
2023-06-18,GBP,276.24,3,United Kingdom
2023-06-13,GBP,440.98,4,United Kingdom
2023-06-10,GBP,213.27,2,United Kingdom
2023-06-06,GBP,538.80,5,United Kingdom
2023-06-14,GBP,489.04,5,United Kingdom
2023-06-05,GBP,197.28,2,United Kingdom
2023-06-20,GBP,413.46,4,United Kingdom
2023-06-23,GBP,286.15,3,United Kingdom
2023-06-01,GBP,218.09,2,United Kingdom
2023-07-02,EUR,335.52,3,Italy
2023-07-15,EUR,126.42,1,Spain
2023-07-25,EUR,258.08,2,France
2023-07-04,EUR,616.24,5,Italy
2023-07-18,EUR,433.61,4,France
2023-07-23,EUR,439.99,4,Germany
2023-07-27,EUR,120.16,1,France
2023-07-26,EUR,244.52,2,Italy
2023-07-09,EUR,371.58,3,Italy
2023-07-04,EUR,480.02,4,Spain
2023-07-12,EUR,248.10,2,Germany
2023-07-05,EUR,254.40,2,France
2023-07-27,EUR,343.56,3,Spain
2023-07-13,EUR,656.36,5,France
2023-07-14,EUR,333.55,3,Italy
2023-07-18,EUR,251.81,2,Germany
2023-07-26,EUR,114.23,1,Germany
2023-07-12,EUR,475.95,4,France
2023-07-05,EUR,517.27,4,Italy
2023-07-08,EUR,259.35,2,Germany
2023-07-04,EUR,622.76,5,Germany
2023-07-10,EUR,475.88,4,Spain
2023-07-08,EUR,114.83,1,Italy
2023-07-09,EUR,362.54,3,Italy
2023-07-24,EUR,225.45,2,Spain
2023-07-16,EUR,392.19,3,Germany
2023-07-08,EUR,117.32,1,Germany
2023-07-13,EUR,467.89,4,France
2023-07-24,EUR,605.89,5,Germany
2023-07-09,EUR,593.24,5,Germany
2023-07-17,EUR,119.43,1,Germany
2023-07-14,EUR,447.87,4,France
2023-07-10,EUR,259.78,2,France
2023-07-23,EUR,462.19,4,France
2023-07-13,EUR,567.88,5,Spain
2023-07-02,EUR,122.13,1,Germany
2023-07-14,EUR,112.91,1,Italy
2023-07-05,EUR,553.60,5,Italy
2023-07-26,EUR,452.90,4,France
2023-07-17,EUR,233.57,2,Italy
2023-07-07,EUR,119.18,1,Spain
2023-07-19,USD,492.62,4,United States
2023-07-12,USD,521.42,4,United States
2023-07-26,USD,712.19,5,United States
2023-07-19,USD,429.74,3,United States
2023-07-02,USD,257.34,2,United States
2023-07-16,USD,710.61,5,United States
2023-07-28,USD,420.40,3,United States
2023-07-13,USD,240.45,2,United States
2023-07-18,USD,418.17,3,United States
2023-07-22,USD,131.31,1,United States
2023-07-07,USD,694.30,5,United States
2023-07-02,USD,412.06,3,United States
2023-07-23,USD,637.45,5,United States
2023-07-04,USD,278.31,2,United States
2023-07-25,USD,550.81,4,United States
2023-07-01,USD,126.68,1,United States
2023-07-25,USD,668.63,5,United States
2023-07-19,USD,119.55,1,United States
2023-07-20,USD,139.64,1,United States
2023-07-04,USD,570.41,4,United States
2023-07-21,USD,259.23,2,United States
2023-07-16,USD,498.49,4,United States
2023-07-15,USD,602.06,5,United States
2023-07-04,USD,124.38,1,United States
2023-07-23,USD,249.93,2,United States
2023-07-28,USD,613.74,5,United States
2023-07-26,USD,133.34,1,United States
2023-07-21,USD,239.53,2,United States
2023-07-07,USD,124.46,1,United States
2023-07-26,USD,407.04,3,United States
2023-07-02,USD,366.70,3,United States
2023-07-25,GBP,93.95,1,United Kingdom
2023-07-20,GBP,311.05,3,United Kingdom
2023-07-15,GBP,490.42,5,United Kingdom
2023-07-05,GBP,307.33,3,United Kingdom
2023-07-06,GBP,95.41,1,United Kingdom
2023-07-24,GBP,312.49,3,United Kingdom
2023-07-04,GBP,382.41,4,United Kingdom
2023-07-23,GBP,95.26,1,United Kingdom
2023-08-20,EUR,603.35,5,Germany
2023-08-14,EUR,110.94,1,France
2023-08-10,EUR,388.91,3,Italy
2023-08-13,EUR,336.77,3,Spain
2023-08-25,EUR,111.03,1,France
2023-08-23,EUR,371.97,3,Italy
2023-08-15,EUR,247.74,2,Germany
2023-08-03,EUR,527.23,4,Germany
2023-08-09,EUR,562.52,5,Germany
2023-08-07,EUR,111.57,1,France
2023-08-10,EUR,571.45,5,France
2023-08-02,EUR,362.33,3,France
2023-08-28,EUR,476.91,4,Italy
2023-08-17,EUR,651.29,5,Germany
2023-08-03,EUR,260.89,2,France
2023-08-19,EUR,116.38,1,Germany
2023-08-05,EUR,234.92,2,France
2023-08-16,EUR,263.98,2,Italy
2023-08-02,EUR,653.34,5,Spain
2023-08-14,EUR,513.97,4,Italy
2023-08-28,EUR,489.11,4,Spain
2023-08-02,EUR,131.03,1,Italy
2023-08-07,EUR,393.82,3,Italy
2023-08-09,EUR,122.87,1,Spain
2023-08-23,EUR,516.44,4,France
2023-08-16,EUR,441.04,4,Italy
2023-08-27,EUR,370.22,3,Spain
2023-08-18,EUR,327.52,3,France
2023-08-18,EUR,465.44,4,France
2023-08-19,EUR,395.41,3,Germany
2023-08-05,EUR,394.86,3,Spain
2023-08-22,EUR,231.58,2,France
2023-08-24,EUR,518.94,4,France
2023-08-21,EUR,606.74,5,Germany
2023-08-12,EUR,114.83,1,Italy
2023-08-21,EUR,460.51,4,Italy
2023-08-09,EUR,128.59,1,Spain
2023-08-02,EUR,263.19,2,France
2023-08-07,EUR,122.59,1,Italy
2023-08-06,EUR,593.13,5,Spain
2023-08-09,EUR,375.75,3,France
2023-08-24,EUR,247.72,2,Italy
2023-08-19,USD,138.85,1,United States
2023-08-05,USD,409.47,3,United States
2023-08-27,USD,367.45,3,United States
2023-08-07,USD,290.07,2,United States
2023-08-09,USD,248.42,2,United States
2023-08-26,USD,402.18,3,United States
2023-08-01,USD,509.67,4,United States
2023-08-27,USD,511.16,4,United States
2023-08-03,USD,143.22,1,United States
2023-08-15,USD,138.38,1,United States
2023-08-05,USD,417.63,3,United States
2023-08-25,USD,680.52,5,United States
2023-08-18,USD,635.00,5,United States
2023-08-04,USD,518.55,4,United States
2023-08-05,USD,637.48,5,United States
2023-08-19,USD,408.36,3,United States
2023-08-24,USD,667.10,5,United States
2023-08-27,USD,128.03,1,United States
2023-08-23,USD,639.80,5,United States
2023-08-05,USD,563.82,4,United States
2023-08-22,USD,267.53,2,United States
2023-08-04,USD,421.52,3,United States
2023-08-23,USD,136.00,1,United States
2023-08-17,USD,551.40,4,United States
2023-08-07,USD,279.56,2,United States
2023-08-17,USD,425.73,3,United States
2023-08-19,USD,381.27,3,United States
2023-08-28,USD,674.05,5,United States
2023-08-27,USD,260.45,2,United States
2023-08-19,USD,602.84,5,United States
2023-08-01,GBP,491.27,5,United Kingdom
2023-08-24,GBP,436.52,4,United Kingdom
2023-08-19,GBP,222.84,2,United Kingdom
2023-08-23,GBP,373.60,4,United Kingdom
2023-08-14,GBP,470.21,5,United Kingdom
2023-08-20,GBP,497.75,5,United Kingdom
2023-08-14,GBP,367.62,4,United Kingdom
2023-08-11,GBP,427.23,4,United Kingdom
2023-08-01,GBP,438.54,4,United Kingdom
2023-08-05,GBP,290.48,3,United Kingdom
2023-09-05,EUR,328.89,3,Italy
2023-09-08,EUR,129.84,1,Spain
2023-09-14,EUR,508.42,4,Germany
2023-09-08,EUR,364.02,3,Italy
2023-09-05,EUR,220.60,2,Germany
2023-09-17,EUR,487.04,4,Italy
2023-09-01,EUR,518.75,4,Spain
2023-09-09,EUR,518.42,4,Italy
2023-09-02,EUR,353.19,3,Italy
2023-09-05,EUR,261.73,2,Italy
2023-09-12,EUR,240.55,2,France
2023-09-01,EUR,231.64,2,Germany
2023-09-22,EUR,253.30,2,France
2023-09-24,EUR,502.18,4,Germany
2023-09-28,EUR,441.80,4,France
2023-09-28,EUR,503.73,4,Italy
2023-09-10,EUR,115.45,1,Spain
2023-09-26,EUR,240.23,2,Germany
2023-09-13,EUR,540.97,5,Italy
2023-09-03,EUR,371.79,3,Germany
2023-09-20,EUR,118.88,1,Spain
2023-09-11,EUR,527.10,4,France
2023-09-18,EUR,247.99,2,France
2023-09-02,EUR,125.25,1,Spain
2023-09-15,EUR,244.84,2,Spain
2023-09-22,EUR,229.86,2,Germany
2023-09-22,EUR,522.92,4,Spain
2023-09-20,EUR,118.39,1,Spain
2023-09-08,EUR,223.80,2,Italy
2023-09-20,EUR,116.08,1,France
2023-09-02,EUR,117.29,1,Germany
2023-09-18,EUR,544.89,5,Germany
2023-09-16,EUR,236.02,2,Italy
2023-09-05,EUR,448.68,4,Germany
2023-09-02,EUR,261.98,2,Germany
2023-09-07,EUR,348.05,3,Italy
2023-09-11,EUR,482.03,4,Germany
2023-09-16,EUR,223.45,2,Germany
2023-09-16,EUR,372.58,3,Italy
2023-09-14,EUR,439.75,4,Italy
2023-09-14,EUR,117.81,1,Germany
2023-09-04,EUR,390.56,3,Spain
2023-09-06,EUR,237.97,2,Italy
2023-09-03,EUR,118.13,1,Italy
2023-09-11,EUR,544.71,5,Spain
2023-09-06,EUR,239.25,2,France
2023-09-17,EUR,368.37,3,Italy
2023-09-14,EUR,630.36,5,Germany
2023-09-01,USD,433.52,3,United States
2023-09-05,USD,409.44,3,United States
2023-09-01,USD,571.72,4,United States
2023-09-07,USD,423.28,3,United States
2023-09-17,USD,129.21,1,United States
2023-09-12,USD,119.82,1,United States
2023-09-12,USD,128.39,1,United States
2023-09-07,USD,570.34,4,United States
2023-09-27,USD,250.82,2,United States
2023-09-05,USD,260.16,2,United States
2023-09-02,USD,392.85,3,United States
2023-09-16,USD,275.61,2,United States
2023-09-28,USD,259.18,2,United States
2023-09-20,USD,403.84,3,United States
2023-09-05,USD,408.42,3,United States
2023-09-12,USD,370.90,3,United States
2023-09-24,USD,651.01,5,United States
2023-09-17,USD,538.08,4,United States
2023-09-15,USD,428.51,3,United States
2023-09-11,USD,661.30,5,United States
2023-09-17,USD,497.02,4,United States
2023-09-16,USD,280.65,2,United States
2023-09-07,USD,123.96,1,United States
2023-09-05,USD,510.27,4,United States
2023-09-22,USD,142.11,1,United States
2023-09-05,USD,398.08,3,United States
2023-09-25,USD,290.36,2,United States
2023-09-13,USD,423.37,3,United States
2023-09-25,USD,659.21,5,United States
2023-09-15,USD,545.76,4,United States
2023-09-10,USD,246.23,2,United States
2023-09-12,GBP,523.64,5,United Kingdom
2023-09-13,GBP,103.23,1,United Kingdom
2023-09-27,GBP,105.34,1,United Kingdom
2023-09-15,GBP,398.94,4,United Kingdom
2023-09-27,GBP,465.37,5,United Kingdom
2023-09-16,GBP,223.84,2,United Kingdom
2023-09-06,GBP,186.43,2,United Kingdom
2023-09-06,GBP,300.84,3,United Kingdom
2023-09-18,GBP,480.07,5,United Kingdom
2023-09-09,GBP,472.77,5,United Kingdom
2023-10-01,EUR,363.29,3,Spain
2023-10-28,EUR,131.51,1,Spain
2023-10-17,EUR,608.68,5,France
2023-10-17,EUR,377.03,3,Germany
2023-10-24,EUR,348.79,3,Germany
2023-10-11,EUR,615.74,5,Spain
2023-10-03,EUR,391.30,3,Italy
2023-10-06,EUR,324.80,3,Italy
2023-10-04,EUR,571.45,5,Spain
2023-10-12,EUR,254.66,2,Germany
2023-10-09,EUR,577.84,5,Spain
2023-10-15,EUR,478.24,4,Spain
2023-10-07,EUR,111.48,1,France
2023-10-22,EUR,357.53,3,Germany
2023-10-20,EUR,493.10,4,Italy
2023-10-18,EUR,638.27,5,France
2023-10-08,EUR,506.95,4,Germany
2023-10-23,EUR,112.32,1,France
2023-10-15,EUR,441.06,4,Germany
2023-10-04,EUR,583.14,5,France
2023-10-06,EUR,471.50,4,Italy
2023-10-22,EUR,361.59,3,Spain
2023-10-08,EUR,118.87,1,France
2023-10-04,EUR,242.09,2,Germany
2023-10-27,EUR,118.98,1,Spain
2023-10-15,EUR,558.31,5,France
2023-10-05,EUR,121.59,1,Spain
2023-10-15,EUR,108.94,1,Germany
2023-10-05,EUR,393.76,3,Spain
2023-10-23,EUR,372.03,3,Italy
2023-10-11,EUR,111.58,1,France
2023-10-15,EUR,394.22,3,France
2023-10-23,EUR,252.78,2,Spain
2023-10-25,EUR,108.11,1,Germany
2023-10-05,EUR,634.77,5,Italy
2023-10-25,EUR,577.35,5,Italy
2023-10-14,EUR,115.18,1,Germany
2023-10-07,EUR,482.56,4,Italy
2023-10-18,EUR,619.43,5,France
2023-10-06,EUR,325.78,3,Italy
2023-10-21,EUR,459.59,4,France
2023-10-08,EUR,230.40,2,France
2023-10-20,EUR,121.90,1,Italy
2023-10-20,EUR,248.17,2,France
2023-10-02,EUR,633.07,5,Spain
2023-10-13,EUR,247.83,2,Italy
2023-10-22,EUR,248.51,2,Spain
2023-10-16,USD,424.90,3,United States
2023-10-13,USD,133.81,1,United States
2023-10-16,USD,127.88,1,United States
2023-10-05,USD,261.32,2,United States
2023-10-18,USD,401.48,3,United States
2023-10-18,USD,242.30,2,United States
2023-10-17,USD,360.88,3,United States
2023-10-10,USD,634.32,5,United States
2023-10-11,USD,247.42,2,United States
2023-10-20,USD,243.64,2,United States
2023-10-25,USD,636.22,5,United States
2023-10-09,USD,386.37,3,United States
2023-10-04,USD,504.69,4,United States
2023-10-09,USD,244.99,2,United States
2023-10-26,USD,369.82,3,United States
2023-10-04,USD,557.29,4,United States
2023-10-27,USD,420.64,3,United States
2023-10-17,USD,120.91,1,United States
2023-10-06,USD,705.43,5,United States
2023-10-19,USD,596.22,5,United States
2023-10-12,USD,128.33,1,United States
2023-10-06,USD,121.71,1,United States
2023-10-07,USD,413.71,3,United States
2023-10-11,USD,281.31,2,United States
2023-10-16,USD,126.97,1,United States
2023-10-08,USD,410.30,3,United States
2023-10-05,USD,624.77,5,United States
2023-10-07,USD,608.84,5,United States
2023-10-15,USD,250.36,2,United States
2023-10-12,USD,654.79,5,United States
2023-10-05,USD,575.49,4,United States
2023-10-08,USD,261.35,2,United States
2023-10-22,USD,420.36,3,United States
2023-10-04,USD,133.36,1,United States
2023-10-24,GBP,193.86,2,United Kingdom
2023-10-20,GBP,411.51,4,United Kingdom
2023-10-03,GBP,474.44,5,United Kingdom
2023-10-28,GBP,110.72,1,United Kingdom
2023-10-02,GBP,103.36,1,United Kingdom
2023-10-24,GBP,508.71,5,United Kingdom
2023-10-05,GBP,204.04,2,United Kingdom
2023-10-22,GBP,205.82,2,United Kingdom
2023-11-13,EUR,656.62,5,France
2023-11-20,EUR,117.42,1,Germany
2023-11-19,EUR,372.18,3,France
2023-11-07,EUR,521.72,4,Italy
2023-11-24,EUR,623.78,5,Spain
2023-11-08,EUR,497.66,4,Spain
2023-11-26,EUR,242.97,2,Spain
2023-11-07,EUR,227.93,2,Germany
2023-11-04,EUR,505.10,4,France
2023-11-13,EUR,545.36,5,Spain
2023-11-07,EUR,129.27,1,France
2023-11-14,EUR,227.83,2,Germany
2023-11-27,EUR,361.24,3,Italy
2023-11-14,EUR,650.53,5,France
2023-11-19,EUR,454.91,4,Italy
2023-11-24,EUR,380.45,3,Italy
2023-11-19,EUR,130.12,1,France
2023-11-03,EUR,633.24,5,France
2023-11-20,EUR,644.74,5,Germany
2023-11-26,EUR,654.98,5,France
2023-11-28,EUR,375.03,3,France
2023-11-01,EUR,472.06,4,Germany
2023-11-21,EUR,566.36,5,Italy
2023-11-04,EUR,469.19,4,Spain
2023-11-14,EUR,236.22,2,Italy
2023-11-06,EUR,335.87,3,France
2023-11-25,EUR,639.98,5,France
2023-11-08,EUR,130.65,1,Italy
2023-11-20,EUR,349.55,3,Spain
2023-11-18,EUR,563.71,5,France
2023-11-09,EUR,224.02,2,Germany
2023-11-12,EUR,467.20,4,France
2023-11-19,EUR,576.61,5,France
2023-11-03,EUR,252.62,2,France
2023-11-21,EUR,368.83,3,Spain
2023-11-16,EUR,555.24,5,Italy
2023-11-25,EUR,462.69,4,France
2023-11-13,EUR,246.01,2,Spain
2023-11-03,EUR,635.11,5,Italy
2023-11-04,EUR,252.01,2,France
2023-11-15,EUR,598.60,5,Spain
2023-11-12,EUR,358.74,3,Germany
2023-11-02,USD,567.35,4,United States
2023-11-23,USD,392.01,3,United States
2023-11-11,USD,121.73,1,United States
2023-11-07,USD,131.13,1,United States
2023-11-08,USD,550.99,4,United States
2023-11-11,USD,666.17,5,United States
2023-11-16,USD,654.57,5,United States
2023-11-26,USD,542.20,4,United States
2023-11-04,USD,123.59,1,United States
2023-11-02,USD,569.63,4,United States
2023-11-18,USD,120.90,1,United States
2023-11-11,USD,498.18,4,United States
2023-11-11,USD,366.88,3,United States
2023-11-16,USD,434.86,3,United States
2023-11-07,USD,427.18,3,United States
2023-11-18,USD,144.50,1,United States
2023-11-19,USD,489.62,4,United States
2023-11-10,USD,255.43,2,United States
2023-11-14,USD,141.64,1,United States
2023-11-05,USD,129.33,1,United States
2023-11-17,USD,664.32,5,United States
2023-11-27,USD,407.88,3,United States
2023-11-15,USD,648.92,5,United States
2023-11-03,USD,391.10,3,United States
2023-11-01,USD,124.09,1,United States
2023-11-05,USD,120.31,1,United States
2023-11-19,USD,128.86,1,United States
2023-11-04,USD,369.86,3,United States
2023-11-11,USD,281.34,2,United States
2023-11-02,USD,552.88,4,United States
2023-11-22,USD,408.99,3,United States
2023-11-17,USD,413.34,3,United States
2023-11-15,USD,547.63,4,United States
2023-11-21,USD,705.48,5,United States
2023-11-23,GBP,405.65,4,United Kingdom
2023-11-05,GBP,217.30,2,United Kingdom
2023-11-17,GBP,381.95,4,United Kingdom
2023-11-17,GBP,107.66,1,United Kingdom
2023-11-15,GBP,531.70,5,United Kingdom
2023-11-01,GBP,97.16,1,United Kingdom
2023-11-07,GBP,214.58,2,United Kingdom
2023-11-03,GBP,92.80,1,United Kingdom
2023-11-11,GBP,479.14,5,United Kingdom
2023-11-19,GBP,294.33,3,United Kingdom
2023-11-18,GBP,484.17,5,United Kingdom
2023-12-28,EUR,256.90,2,France
2023-12-22,EUR,219.70,2,Germany
2023-12-27,EUR,345.61,3,Spain
2023-12-07,EUR,130.58,1,France
2023-12-03,EUR,249.65,2,Italy
2023-12-12,EUR,221.72,2,France
2023-12-04,EUR,522.97,4,Italy
2023-12-19,EUR,562.03,5,Italy
2023-12-03,EUR,236.04,2,France
2023-12-14,EUR,600.26,5,France
2023-12-27,EUR,217.47,2,Germany
2023-12-10,EUR,453.14,4,Germany
2023-12-02,EUR,485.05,4,Spain
2023-12-08,EUR,126.66,1,Germany
2023-12-06,EUR,113.63,1,France
2023-12-05,EUR,110.29,1,Spain
2023-12-27,EUR,113.27,1,Italy
2023-12-26,EUR,218.53,2,Italy
2023-12-05,EUR,357.13,3,Spain
2023-12-18,EUR,228.74,2,Spain
2023-12-06,EUR,453.29,4,Spain
2023-12-25,EUR,325.20,3,Germany
2023-12-04,EUR,442.25,4,Spain
2023-12-01,EUR,252.24,2,Spain
2023-12-01,EUR,243.26,2,Germany
2023-12-07,EUR,260.44,2,France
2023-12-01,EUR,640.80,5,Italy
2023-12-20,EUR,244.99,2,France
2023-12-03,EUR,358.08,3,Germany
2023-12-10,EUR,230.87,2,Italy
2023-12-16,EUR,337.50,3,Germany
2023-12-11,EUR,226.43,2,Germany
2023-12-04,EUR,121.75,1,Spain
2023-12-16,EUR,124.30,1,France
2023-12-17,EUR,378.36,3,Germany
2023-12-13,EUR,658.24,5,Italy
2023-12-12,EUR,510.10,4,Italy
2023-12-02,EUR,549.80,5,France
2023-12-18,EUR,570.25,5,Germany
2023-12-14,EUR,610.04,5,Germany
2023-12-22,EUR,114.65,1,Italy
2023-12-07,USD,124.17,1,United States
2023-12-09,USD,384.29,3,United States
2023-12-28,USD,497.29,4,United States
2023-12-23,USD,380.48,3,United States
2023-12-15,USD,136.52,1,United States
2023-12-27,USD,660.30,5,United States
2023-12-20,USD,133.20,1,United States
2023-12-14,USD,139.26,1,United States
2023-12-04,USD,651.55,5,United States
2023-12-26,USD,126.89,1,United States
2023-12-19,USD,142.73,1,United States
2023-12-23,USD,422.25,3,United States
2023-12-22,USD,477.96,4,United States
2023-12-03,USD,264.94,2,United States
2023-12-20,USD,428.06,3,United States
2023-12-15,USD,546.53,4,United States
2023-12-06,USD,723.48,5,United States
2023-12-12,USD,675.03,5,United States
2023-12-07,USD,546.29,4,United States
2023-12-05,USD,535.93,4,United States
2023-12-22,USD,651.09,5,United States
2023-12-14,USD,359.83,3,United States
2023-12-26,USD,632.77,5,United States
2023-12-02,USD,408.48,3,United States
2023-12-13,USD,270.93,2,United States
2023-12-17,USD,123.39,1,United States
2023-12-18,USD,141.70,1,United States
2023-12-20,USD,598.69,5,United States
2023-12-04,USD,541.53,4,United States
2023-12-27,USD,518.00,4,United States
2023-12-15,GBP,96.68,1,United Kingdom
2023-12-09,GBP,187.74,2,United Kingdom
2023-12-03,GBP,557.38,5,United Kingdom
2023-12-04,GBP,202.35,2,United Kingdom
2023-12-01,GBP,99.83,1,United Kingdom
2023-12-21,GBP,299.33,3,United Kingdom
2023-12-01,GBP,305.53,3,United Kingdom
2023-12-09,GBP,329.30,3,United Kingdom
2023-12-21,GBP,461.50,5,United Kingdom
2023-12-25,GBP,489.72,5,United Kingdom
2023-12-16,GBP,305.43,3,United Kingdom
2023-12-13,GBP,319.23,3,United Kingdom
2023-12-02,GBP,108.10,1,United Kingdom
2024-01-02,EUR,329.20,3,Italy
2024-01-02,EUR,511.58,4,Germany
2024-01-04,EUR,327.95,3,Germany
2024-01-07,EUR,119.81,1,Italy
2024-01-26,EUR,125.27,1,Germany
2024-01-16,EUR,638.01,5,Germany
2024-01-11,EUR,490.82,4,Italy
2024-01-02,EUR,223.59,2,Spain
2024-01-05,EUR,227.75,2,Spain
2024-01-18,EUR,112.99,1,Spain
2024-01-08,EUR,355.61,3,Spain
2024-01-15,EUR,324.10,3,Italy
2024-01-10,EUR,130.42,1,Spain
2024-01-20,EUR,454.62,4,Spain
2024-01-11,EUR,127.74,1,Spain
2024-01-07,EUR,579.72,5,Italy
2024-01-24,EUR,500.66,4,Spain
2024-01-19,EUR,110.24,1,Spain
2024-01-13,EUR,126.60,1,Italy
2024-01-27,EUR,127.54,1,Germany
2024-01-26,EUR,260.17,2,France
2024-01-09,EUR,459.05,4,Spain
2024-01-26,EUR,440.57,4,Italy
2024-01-26,EUR,111.80,1,Spain
2024-01-22,EUR,121.27,1,France
2024-01-27,EUR,509.47,4,Spain
2024-01-14,EUR,256.20,2,Spain
2024-01-25,EUR,327.67,3,Italy
2024-01-06,EUR,233.09,2,France
2024-01-18,EUR,659.78,5,Italy
2024-01-22,EUR,257.72,2,Germany
2024-01-15,EUR,510.36,4,Germany
2024-01-13,EUR,560.99,5,France
2024-01-22,EUR,432.64,4,Spain
2024-01-26,EUR,130.30,1,Spain
2024-01-19,EUR,482.58,4,Italy
2024-01-12,EUR,388.56,3,Germany
2024-01-08,EUR,131.67,1,Germany
2024-01-04,EUR,242.76,2,Germany
2024-01-17,EUR,593.63,5,France
2024-01-07,EUR,261.92,2,Spain
2024-01-23,EUR,363.51,3,Spain
2024-01-02,EUR,247.51,2,France
2024-01-06,EUR,564.32,5,Germany
2024-01-09,EUR,131.54,1,France
2024-01-06,USD,126.01,1,United States
2024-01-12,USD,683.21,5,United States
2024-01-10,USD,418.82,3,United States
2024-01-19,USD,598.70,5,United States
2024-01-03,USD,607.68,5,United States
2024-01-03,USD,279.34,2,United States
2024-01-12,USD,636.60,5,United States
2024-01-28,USD,285.26,2,United States
2024-01-13,USD,282.21,2,United States
2024-01-28,USD,577.66,4,United States
2024-01-13,USD,641.26,5,United States
2024-01-23,USD,479.79,4,United States
2024-01-24,USD,643.30,5,United States
2024-01-03,USD,576.65,4,United States
2024-01-13,USD,432.86,3,United States
2024-01-22,USD,382.17,3,United States
2024-01-20,USD,395.19,3,United States
2024-01-22,USD,559.81,4,United States
2024-01-18,USD,538.15,4,United States
2024-01-20,USD,515.21,4,United States
2024-01-04,USD,623.81,5,United States
2024-01-02,USD,577.85,4,United States
2024-01-04,USD,481.91,4,United States
2024-01-05,USD,357.30,3,United States
2024-01-22,USD,600.69,5,United States
2024-01-20,USD,129.16,1,United States
2024-01-08,USD,415.44,3,United States
2024-01-03,USD,415.87,3,United States
2024-01-02,USD,714.50,5,United States
2024-01-10,USD,570.98,4,United States
2024-01-02,USD,119.42,1,United States
2024-01-28,USD,488.00,4,United States
2024-01-18,USD,617.61,5,United States
2024-01-01,USD,635.54,5,United States
2024-01-14,GBP,532.29,5,United Kingdom
2024-01-05,GBP,292.74,3,United Kingdom
2024-01-04,GBP,284.87,3,United Kingdom
2024-01-27,GBP,203.58,2,United Kingdom
2024-01-11,GBP,93.17,1,United Kingdom
2024-01-22,GBP,195.67,2,United Kingdom
2024-01-12,GBP,187.60,2,United Kingdom
2024-01-05,GBP,324.34,3,United Kingdom
2024-01-16,GBP,208.48,2,United Kingdom
2024-01-13,GBP,288.56,3,United Kingdom
2024-01-23,GBP,436.53,4,United Kingdom
2024-01-10,GBP,410.78,4,United Kingdom
2024-01-10,GBP,93.08,1,United Kingdom
2024-01-21,GBP,111.76,1,United Kingdom
2024-02-13,EUR,228.24,2,Germany
2024-02-17,EUR,235.33,2,Italy
2024-02-12,EUR,252.34,2,Italy
2024-02-08,EUR,643.31,5,France
2024-02-07,EUR,599.18,5,Spain
2024-02-22,EUR,232.88,2,France
2024-02-02,EUR,602.11,5,France
2024-02-27,EUR,227.59,2,Germany
2024-02-16,EUR,124.57,1,France
2024-02-12,EUR,390.03,3,Italy
2024-02-19,EUR,469.31,4,France
2024-02-10,EUR,647.27,5,Italy
2024-02-26,EUR,369.62,3,Germany
2024-02-23,EUR,257.29,2,Germany
2024-02-19,EUR,238.10,2,Italy
2024-02-06,EUR,512.34,4,Italy
2024-02-05,EUR,543.69,5,Italy
2024-02-24,EUR,115.97,1,Spain
2024-02-08,EUR,257.16,2,Italy
2024-02-12,EUR,474.98,4,Spain
2024-02-27,EUR,217.95,2,Spain
2024-02-12,EUR,582.47,5,Germany
2024-02-09,EUR,460.04,4,Germany
2024-02-04,EUR,489.88,4,Spain
2024-02-12,EUR,488.32,4,Spain
2024-02-17,EUR,603.96,5,Germany
2024-02-07,EUR,506.27,4,Italy
2024-02-23,EUR,346.55,3,Germany
2024-02-06,EUR,558.41,5,Germany
2024-02-12,EUR,112.64,1,France
2024-02-20,EUR,591.54,5,Italy
2024-02-08,EUR,450.14,4,Italy
2024-02-06,EUR,254.12,2,France
2024-02-20,EUR,114.53,1,Italy
2024-02-06,EUR,637.40,5,Germany
2024-02-11,EUR,592.32,5,Germany
2024-02-18,EUR,228.34,2,Spain
2024-02-23,EUR,523.15,4,Spain
2024-02-18,EUR,458.26,4,Spain
2024-02-10,EUR,219.74,2,Spain
2024-02-28,EUR,484.43,4,Germany
2024-02-23,EUR,261.86,2,France
2024-02-16,EUR,251.22,2,Spain
2024-02-28,EUR,343.97,3,Spain
2024-02-20,USD,572.07,4,United States
2024-02-07,USD,572.97,4,United States
2024-02-19,USD,120.22,1,United States
2024-02-09,USD,122.64,1,United States
2024-02-07,USD,252.44,2,United States
2024-02-25,USD,488.61,4,United States
2024-02-27,USD,391.77,3,United States
2024-02-18,USD,360.19,3,United States
2024-02-06,USD,127.50,1,United States
2024-02-12,USD,276.85,2,United States
2024-02-19,USD,418.16,3,United States
2024-02-09,USD,715.13,5,United States
2024-02-12,USD,264.36,2,United States
2024-02-13,USD,698.59,5,United States
2024-02-03,USD,268.00,2,United States
2024-02-22,USD,519.77,4,United States
2024-02-11,USD,431.68,3,United States
2024-02-16,USD,479.71,4,United States
2024-02-12,USD,724.90,5,United States
2024-02-26,USD,568.92,4,United States
2024-02-15,USD,486.78,4,United States
2024-02-25,USD,366.99,3,United States
2024-02-28,USD,708.09,5,United States
2024-02-28,USD,246.88,2,United States
2024-02-04,USD,131.21,1,United States
2024-02-19,USD,144.03,1,United States
2024-02-17,USD,134.55,1,United States
2024-02-20,USD,493.62,4,United States
2024-02-20,GBP,293.86,3,United Kingdom
2024-02-26,GBP,96.24,1,United Kingdom
2024-02-09,GBP,212.06,2,United Kingdom
2024-02-10,GBP,335.72,3,United Kingdom
2024-02-22,GBP,299.31,3,United Kingdom
2024-02-11,GBP,108.45,1,United Kingdom
2024-02-08,GBP,282.64,3,United Kingdom
2024-02-21,GBP,104.47,1,United Kingdom
2024-02-19,GBP,413.71,4,United Kingdom
2024-02-08,GBP,215.17,2,United Kingdom
2024-03-06,EUR,590.70,5,France
2024-03-06,EUR,638.94,5,Italy
2024-03-04,EUR,646.37,5,Spain
2024-03-20,EUR,108.11,1,Italy
2024-03-15,EUR,481.61,4,Germany
2024-03-16,EUR,262.29,2,France
2024-03-22,EUR,123.51,1,Germany
2024-03-23,EUR,510.37,4,Italy
2024-03-22,EUR,338.14,3,France
2024-03-13,EUR,109.92,1,France
2024-03-11,EUR,374.01,3,Italy
2024-03-01,EUR,353.94,3,Italy
2024-03-20,EUR,325.76,3,France
2024-03-20,EUR,226.12,2,Germany
2024-03-10,EUR,525.34,4,Germany
2024-03-06,EUR,115.50,1,Spain
2024-03-23,EUR,118.03,1,France
2024-03-12,EUR,112.58,1,Italy
2024-03-14,EUR,261.89,2,Italy
2024-03-09,EUR,598.90,5,Spain
2024-03-25,EUR,122.50,1,Italy
2024-03-25,EUR,624.17,5,Germany
2024-03-03,EUR,574.88,5,France
2024-03-18,EUR,226.41,2,Germany
2024-03-27,EUR,260.04,2,Spain
2024-03-09,EUR,350.29,3,Germany
2024-03-15,EUR,246.30,2,France
2024-03-27,EUR,131.22,1,Spain
2024-03-24,EUR,109.92,1,Germany
2024-03-27,EUR,610.13,5,Germany
2024-03-21,EUR,109.52,1,Italy
2024-03-12,EUR,127.86,1,Italy
2024-03-23,EUR,109.36,1,Spain
2024-03-19,EUR,338.49,3,Germany
2024-03-19,EUR,343.79,3,Spain
2024-03-07,EUR,501.48,4,France
2024-03-19,EUR,116.72,1,Italy
2024-03-15,EUR,625.30,5,Spain
2024-03-07,EUR,232.35,2,Germany
2024-03-20,EUR,500.64,4,France
2024-03-26,EUR,118.55,1,Spain
2024-03-18,EUR,655.18,5,Italy
2024-03-09,EUR,118.40,1,Germany
2024-03-08,EUR,495.27,4,France
2024-03-16,EUR,121.49,1,Spain
2024-03-01,USD,144.91,1,United States
2024-03-01,USD,524.68,4,United States
2024-03-14,USD,531.48,4,United States
2024-03-22,USD,143.15,1,United States
2024-03-02,USD,398.22,3,United States
2024-03-01,USD,277.78,2,United States
2024-03-02,USD,127.36,1,United States
2024-03-22,USD,496.24,4,United States
2024-03-03,USD,372.80,3,United States
2024-03-24,USD,435.59,3,United States
2024-03-21,USD,126.28,1,United States
2024-03-19,USD,121.21,1,United States
2024-03-27,USD,618.35,5,United States
2024-03-10,USD,131.38,1,United States
2024-03-05,USD,645.33,5,United States
2024-03-07,USD,121.26,1,United States
2024-03-13,USD,126.23,1,United States
2024-03-04,USD,623.17,5,United States
2024-03-15,USD,498.87,4,United States
2024-03-05,USD,603.26,5,United States
2024-03-08,USD,281.68,2,United States
2024-03-22,USD,625.62,5,United States
2024-03-13,USD,561.92,4,United States
2024-03-11,USD,530.26,4,United States
2024-03-16,USD,491.89,4,United States
2024-03-21,USD,374.26,3,United States
2024-03-18,USD,132.19,1,United States
2024-03-18,USD,422.62,3,United States
2024-03-23,USD,125.36,1,United States
2024-03-12,USD,143.04,1,United States
2024-03-06,USD,557.41,4,United States
2024-03-04,USD,677.65,5,United States
2024-03-24,USD,132.99,1,United States
2024-03-03,USD,250.16,2,United States
2024-03-10,GBP,94.86,1,United Kingdom
2024-03-04,GBP,485.91,5,United Kingdom
2024-03-25,GBP,199.61,2,United Kingdom
2024-03-12,GBP,97.33,1,United Kingdom
2024-03-02,GBP,108.51,1,United Kingdom
2024-03-21,GBP,488.45,5,United Kingdom
2024-03-03,GBP,202.35,2,United Kingdom
2024-03-27,GBP,189.59,2,United Kingdom
2024-04-04,EUR,511.24,4,Italy
2024-04-28,EUR,237.77,2,Germany
2024-04-16,EUR,457.27,4,Spain
2024-04-01,EUR,121.81,1,Spain
2024-04-07,EUR,250.17,2,Germany
2024-04-16,EUR,375.95,3,Germany
2024-04-10,EUR,131.37,1,France
2024-04-18,EUR,591.42,5,Germany
2024-04-19,EUR,467.20,4,Spain
2024-04-10,EUR,232.91,2,Italy
2024-04-06,EUR,369.63,3,Spain
2024-04-22,EUR,226.13,2,Italy
2024-04-02,EUR,650.98,5,Spain
2024-04-03,EUR,245.41,2,Spain
2024-04-23,EUR,604.99,5,Spain
2024-04-05,EUR,226.69,2,Germany
2024-04-26,EUR,547.99,5,Italy
2024-04-23,EUR,383.62,3,Italy
2024-04-13,EUR,112.26,1,France
2024-04-22,EUR,557.20,5,Germany
2024-04-10,EUR,623.04,5,France
2024-04-14,EUR,113.54,1,France
2024-04-12,EUR,250.95,2,France
2024-04-20,EUR,513.35,4,Italy
2024-04-03,EUR,433.60,4,Spain
2024-04-13,EUR,445.54,4,Germany
2024-04-03,EUR,111.01,1,Germany
2024-04-28,EUR,477.40,4,France
2024-04-02,EUR,508.38,4,France
2024-04-27,EUR,629.36,5,Germany
2024-04-27,EUR,131.00,1,Spain
2024-04-23,EUR,384.72,3,Italy
2024-04-05,EUR,389.67,3,France
2024-04-01,EUR,236.39,2,Italy
2024-04-07,EUR,220.82,2,Italy
2024-04-12,EUR,122.15,1,Italy
2024-04-19,EUR,236.74,2,Germany
2024-04-17,EUR,382.16,3,Germany
2024-04-17,EUR,546.62,5,Italy
2024-04-22,EUR,240.54,2,Spain
2024-04-25,EUR,345.68,3,France
2024-04-06,EUR,248.60,2,Germany
2024-04-26,EUR,117.22,1,France
2024-04-04,EUR,527.02,4,Spain
2024-04-27,EUR,128.54,1,Italy
2024-04-24,USD,402.15,3,United States
2024-04-04,USD,283.58,2,United States
2024-04-09,USD,480.54,4,United States
2024-04-09,USD,138.22,1,United States
2024-04-09,USD,409.87,3,United States
2024-04-12,USD,275.34,2,United States
2024-04-07,USD,281.10,2,United States
2024-04-13,USD,408.14,3,United States
2024-04-09,USD,252.61,2,United States
2024-04-07,USD,284.90,2,United States
2024-04-11,USD,134.99,1,United States
2024-04-24,USD,548.66,4,United States
2024-04-13,USD,283.37,2,United States
2024-04-27,USD,120.08,1,United States
2024-04-09,USD,502.51,4,United States
2024-04-28,USD,248.27,2,United States
2024-04-19,USD,580.55,4,United States
2024-04-28,USD,608.69,5,United States
2024-04-10,USD,420.69,3,United States
2024-04-20,USD,523.15,4,United States
2024-04-12,USD,238.18,2,United States
2024-04-10,USD,665.72,5,United States
2024-04-18,USD,578.17,4,United States
2024-04-20,USD,268.46,2,United States
2024-04-20,USD,121.42,1,United States
2024-04-06,USD,271.80,2,United States
2024-04-21,USD,497.18,4,United States
2024-04-22,USD,371.17,3,United States
2024-04-13,USD,266.97,2,United States
2024-04-03,GBP,196.76,2,United Kingdom
2024-04-14,GBP,512.95,5,United Kingdom
2024-04-20,GBP,501.88,5,United Kingdom
2024-04-27,GBP,198.78,2,United Kingdom
2024-04-21,GBP,300.22,3,United Kingdom
2024-04-10,GBP,435.91,4,United Kingdom
2024-04-05,GBP,278.89,3,United Kingdom
2024-04-12,GBP,421.78,4,United Kingdom
2024-04-02,GBP,494.02,5,United Kingdom
2024-05-21,EUR,391.03,3,Italy
2024-05-12,EUR,234.99,2,France
2024-05-15,EUR,390.69,3,Germany
2024-05-16,EUR,245.69,2,France
2024-05-03,EUR,633.32,5,Spain
2024-05-01,EUR,335.82,3,Spain
2024-05-16,EUR,632.62,5,Italy
2024-05-15,EUR,572.32,5,France
2024-05-06,EUR,632.24,5,Germany
2024-05-20,EUR,128.14,1,France
2024-05-26,EUR,131.11,1,Germany
2024-05-18,EUR,237.35,2,France
2024-05-24,EUR,477.42,4,France
2024-05-04,EUR,225.53,2,Germany
2024-05-09,EUR,348.98,3,Spain
2024-05-03,EUR,238.93,2,Italy
2024-05-02,EUR,218.73,2,Germany
2024-05-21,EUR,382.73,3,Italy
2024-05-17,EUR,117.74,1,Spain
2024-05-26,EUR,227.27,2,Italy
2024-05-15,EUR,113.00,1,France
2024-05-17,EUR,232.22,2,Italy
2024-05-03,EUR,110.52,1,Germany
2024-05-26,EUR,120.55,1,Germany
2024-05-18,EUR,523.25,4,France
2024-05-22,EUR,630.52,5,France
2024-05-10,EUR,633.70,5,Germany
2024-05-09,EUR,221.67,2,Italy
2024-05-18,EUR,653.83,5,Spain
2024-05-01,EUR,475.11,4,Germany
2024-05-01,EUR,346.17,3,France
2024-05-27,EUR,441.83,4,Spain
2024-05-25,EUR,494.78,4,Spain
2024-05-11,EUR,505.63,4,Spain
2024-05-03,EUR,509.70,4,Spain
2024-05-27,EUR,330.70,3,Germany
2024-05-17,EUR,434.84,4,France
2024-05-01,EUR,363.69,3,Germany
2024-05-21,EUR,221.50,2,France
2024-05-15,EUR,371.13,3,Italy
2024-05-27,EUR,346.23,3,Spain
2024-05-17,EUR,562.36,5,Italy
2024-05-17,EUR,232.83,2,Germany
2024-05-15,EUR,388.37,3,Spain
2024-05-18,EUR,342.03,3,Italy
2024-05-28,EUR,518.27,4,Germany
2024-05-11,EUR,449.84,4,Spain
2024-05-01,EUR,216.20,2,Italy
2024-05-11,EUR,497.21,4,France
2024-05-14,USD,270.79,2,United States
2024-05-16,USD,273.77,2,United States
2024-05-02,USD,258.68,2,United States
2024-05-22,USD,124.23,1,United States
2024-05-04,USD,715.04,5,United States
2024-05-22,USD,373.32,3,United States
2024-05-11,USD,502.86,4,United States
2024-05-22,USD,553.54,4,United States
2024-05-10,USD,119.88,1,United States
2024-05-20,USD,497.35,4,United States
2024-05-01,USD,248.48,2,United States
2024-05-15,USD,389.50,3,United States
2024-05-28,USD,138.59,1,United States
2024-05-28,USD,375.67,3,United States
2024-05-05,USD,529.03,4,United States
2024-05-03,USD,686.11,5,United States
2024-05-01,USD,356.68,3,United States
2024-05-24,USD,278.24,2,United States
2024-05-26,USD,394.64,3,United States
2024-05-04,USD,277.17,2,United States
2024-05-17,USD,531.46,4,United States
2024-05-17,USD,505.46,4,United States
2024-05-24,USD,260.48,2,United States
2024-05-14,USD,385.73,3,United States
2024-05-21,USD,410.65,3,United States
2024-05-10,USD,524.31,4,United States
2024-05-06,USD,434.00,3,United States
2024-05-17,GBP,204.47,2,United Kingdom
2024-05-16,GBP,531.84,5,United Kingdom
2024-05-05,GBP,105.00,1,United Kingdom
2024-05-01,GBP,368.31,4,United Kingdom
2024-05-02,GBP,213.16,2,United Kingdom
2024-05-12,GBP,434.46,4,United Kingdom
2024-05-10,GBP,545.91,5,United Kingdom
2024-05-20,GBP,370.71,4,United Kingdom
2024-05-10,GBP,317.19,3,United Kingdom
2024-05-06,GBP,198.16,2,United Kingdom
2024-05-10,GBP,539.02,5,United Kingdom
2024-05-05,GBP,107.34,1,United Kingdom
2024-05-03,GBP,394.19,4,United Kingdom
2024-05-27,GBP,109.09,1,United Kingdom
2024-06-22,EUR,495.11,4,Germany
2024-06-04,EUR,117.04,1,Italy
2024-06-27,EUR,652.94,5,Spain
2024-06-26,EUR,225.05,2,Spain
2024-06-28,EUR,115.56,1,Spain
2024-06-08,EUR,123.64,1,Spain
2024-06-27,EUR,477.18,4,Germany
2024-06-24,EUR,371.45,3,France
2024-06-17,EUR,586.84,5,Italy
2024-06-13,EUR,550.76,5,Italy
2024-06-14,EUR,332.63,3,Spain
2024-06-09,EUR,645.36,5,Italy
2024-06-14,EUR,341.41,3,Spain
2024-06-10,EUR,363.00,3,Germany
2024-06-03,EUR,352.33,3,Italy
2024-06-26,EUR,389.12,3,Italy
2024-06-21,EUR,478.17,4,Italy
2024-06-18,EUR,239.43,2,France
2024-06-01,EUR,458.62,4,Italy
2024-06-27,EUR,332.94,3,Italy
2024-06-16,EUR,129.65,1,Italy
2024-06-10,EUR,341.89,3,Spain
2024-06-05,EUR,563.09,5,France
2024-06-02,EUR,223.87,2,Germany
2024-06-02,EUR,510.71,4,Germany
2024-06-10,EUR,649.88,5,Spain
2024-06-22,EUR,120.56,1,Italy
2024-06-11,EUR,578.89,5,Italy
2024-06-25,EUR,241.04,2,France
2024-06-07,EUR,346.45,3,Germany
2024-06-04,EUR,252.42,2,Spain
2024-06-15,EUR,434.23,4,Spain
2024-06-23,EUR,512.14,4,Germany
2024-06-20,EUR,489.89,4,France
2024-06-26,EUR,241.47,2,Spain
2024-06-26,EUR,376.04,3,France
2024-06-14,EUR,128.56,1,France
2024-06-03,EUR,470.87,4,Italy
2024-06-20,EUR,378.42,3,France
2024-06-18,EUR,525.14,4,Italy
2024-06-12,EUR,492.71,4,Spain
2024-06-08,USD,397.02,3,United States
2024-06-22,USD,258.71,2,United States
2024-06-19,USD,142.89,1,United States
2024-06-10,USD,257.49,2,United States
2024-06-25,USD,426.66,3,United States
2024-06-26,USD,263.94,2,United States
2024-06-06,USD,482.59,4,United States
2024-06-03,USD,256.28,2,United States
2024-06-25,USD,139.57,1,United States
2024-06-26,USD,251.96,2,United States
2024-06-09,USD,141.04,1,United States
2024-06-15,USD,414.95,3,United States
2024-06-03,USD,513.55,4,United States
2024-06-26,USD,541.87,4,United States
2024-06-12,USD,129.21,1,United States
2024-06-19,USD,252.70,2,United States
2024-06-28,USD,694.29,5,United States
2024-06-14,USD,127.38,1,United States
2024-06-05,USD,138.91,1,United States
2024-06-20,USD,672.12,5,United States
2024-06-23,USD,604.21,5,United States
2024-06-25,USD,134.89,1,United States
2024-06-13,USD,710.08,5,United States
2024-06-13,USD,418.03,3,United States
2024-06-12,USD,242.16,2,United States
2024-06-16,USD,267.96,2,United States
2024-06-11,USD,672.78,5,United States
2024-06-20,USD,492.99,4,United States
2024-06-02,USD,700.13,5,United States
2024-06-07,USD,540.55,4,United States
2024-06-11,USD,479.88,4,United States
2024-06-25,USD,596.49,5,United States
2024-06-09,USD,370.00,3,United States
2024-06-11,USD,263.35,2,United States
2024-06-21,GBP,95.81,1,United Kingdom
2024-06-11,GBP,99.20,1,United Kingdom
2024-06-21,GBP,99.14,1,United Kingdom
2024-06-24,GBP,201.26,2,United Kingdom
2024-06-19,GBP,291.63,3,United Kingdom
2024-06-14,GBP,552.11,5,United Kingdom
2024-06-21,GBP,370.77,4,United Kingdom
2024-06-03,GBP,111.27,1,United Kingdom
2024-06-18,GBP,435.49,4,United Kingdom
2024-06-05,GBP,396.02,4,United Kingdom
2024-06-14,GBP,502.05,5,United Kingdom
2024-06-16,GBP,108.04,1,United Kingdom
2024-07-24,EUR,571.78,5,Germany
2024-07-03,EUR,640.77,5,Germany
2024-07-04,EUR,555.50,5,Spain
2024-07-21,EUR,471.11,4,Germany
2024-07-27,EUR,235.62,2,Italy
2024-07-01,EUR,589.05,5,Germany
2024-07-06,EUR,261.26,2,Italy
2024-07-05,EUR,121.69,1,Italy
2024-07-07,EUR,447.26,4,Germany
2024-07-14,EUR,489.74,4,Italy
2024-07-02,EUR,598.59,5,France
2024-07-07,EUR,496.67,4,Italy
2024-07-10,EUR,219.88,2,France
2024-07-27,EUR,124.70,1,Spain
2024-07-28,EUR,585.28,5,Germany
2024-07-20,EUR,440.68,4,Germany
2024-07-02,EUR,244.25,2,Spain
2024-07-15,EUR,124.27,1,Spain
2024-07-27,EUR,330.64,3,Italy
2024-07-04,EUR,389.46,3,Spain
2024-07-01,EUR,116.63,1,Spain
2024-07-19,EUR,111.25,1,Germany
2024-07-24,EUR,643.95,5,France
2024-07-07,EUR,523.85,4,Germany
2024-07-23,EUR,647.87,5,Spain
2024-07-07,EUR,464.64,4,Spain
2024-07-07,EUR,129.61,1,Spain
2024-07-10,EUR,364.32,3,Spain
2024-07-09,EUR,222.56,2,Italy
2024-07-18,EUR,126.78,1,Spain
2024-07-16,EUR,114.06,1,Germany
2024-07-02,EUR,245.69,2,Spain
2024-07-08,EUR,221.22,2,Germany
2024-07-24,EUR,112.97,1,Italy
2024-07-03,EUR,336.55,3,Italy
2024-07-14,EUR,608.02,5,Italy
2024-07-22,EUR,110.39,1,France
2024-07-09,EUR,639.56,5,Spain
2024-07-20,EUR,117.41,1,Spain
2024-07-17,EUR,114.45,1,Germany
2024-07-04,EUR,376.82,3,Spain
2024-07-23,EUR,129.14,1,Italy
2024-07-02,EUR,122.39,1,Germany
2024-07-10,EUR,641.51,5,Spain
2024-07-17,USD,258.62,2,United States
2024-07-27,USD,274.10,2,United States
2024-07-12,USD,411.04,3,United States
2024-07-02,USD,143.19,1,United States
2024-07-21,USD,516.31,4,United States
2024-07-23,USD,371.39,3,United States
2024-07-06,USD,534.40,4,United States
2024-07-21,USD,493.52,4,United States
2024-07-13,USD,265.90,2,United States
2024-07-02,USD,478.41,4,United States
2024-07-01,USD,647.45,5,United States
2024-07-01,USD,565.90,4,United States
2024-07-18,USD,130.52,1,United States
2024-07-22,USD,127.42,1,United States
2024-07-03,USD,131.20,1,United States
2024-07-05,USD,683.87,5,United States
2024-07-19,USD,132.79,1,United States
2024-07-09,USD,143.93,1,United States
2024-07-22,USD,376.77,3,United States
2024-07-03,USD,370.63,3,United States
2024-07-24,USD,648.61,5,United States
2024-07-24,USD,541.83,4,United States
2024-07-10,USD,721.28,5,United States
2024-07-09,USD,679.32,5,United States
2024-07-09,USD,142.32,1,United States
2024-07-10,USD,129.03,1,United States
2024-07-23,USD,519.79,4,United States
2024-07-19,USD,428.29,3,United States
2024-07-15,GBP,299.08,3,United Kingdom
2024-07-08,GBP,501.73,5,United Kingdom
2024-07-20,GBP,183.66,2,United Kingdom
2024-07-13,GBP,301.22,3,United Kingdom
2024-07-17,GBP,93.13,1,United Kingdom
2024-07-02,GBP,405.16,4,United Kingdom
2024-07-01,GBP,96.52,1,United Kingdom
2024-07-24,GBP,317.04,3,United Kingdom
2024-07-03,GBP,446.15,4,United Kingdom
2024-07-10,GBP,291.68,3,United Kingdom
2024-07-20,GBP,206.20,2,United Kingdom
2024-07-07,GBP,198.94,2,United Kingdom
2024-08-03,EUR,343.57,3,Italy
2024-08-09,EUR,125.70,1,France
2024-08-03,EUR,111.29,1,Germany
2024-08-24,EUR,355.20,3,Italy
2024-08-05,EUR,236.80,2,Germany
2024-08-03,EUR,357.27,3,Italy
2024-08-22,EUR,221.09,2,France
2024-08-14,EUR,466.02,4,Italy
2024-08-13,EUR,370.78,3,France
2024-08-24,EUR,254.67,2,Italy
2024-08-19,EUR,115.34,1,Italy
2024-08-02,EUR,336.17,3,Spain
2024-08-14,EUR,503.90,4,France
2024-08-16,EUR,242.10,2,Spain
2024-08-12,EUR,545.76,5,Italy
2024-08-08,EUR,646.49,5,Germany
2024-08-26,EUR,232.65,2,Spain
2024-08-18,EUR,231.16,2,Italy
2024-08-04,EUR,518.21,4,Spain
2024-08-23,EUR,478.02,4,Spain
2024-08-21,EUR,629.39,5,France
2024-08-19,EUR,346.72,3,Italy
2024-08-15,EUR,122.01,1,Germany
2024-08-27,EUR,122.12,1,Spain
2024-08-14,EUR,520.55,4,Italy
2024-08-26,EUR,449.40,4,Italy
2024-08-22,EUR,223.63,2,Italy
2024-08-25,EUR,471.44,4,Germany
2024-08-10,EUR,540.25,5,France
2024-08-18,EUR,223.56,2,Italy
2024-08-17,EUR,460.35,4,France
2024-08-06,EUR,487.74,4,Germany
2024-08-21,EUR,483.15,4,Italy
2024-08-26,EUR,640.29,5,Germany
2024-08-16,EUR,217.42,2,Spain
2024-08-10,EUR,440.97,4,Germany
2024-08-18,EUR,259.34,2,Germany
2024-08-25,EUR,566.71,5,Spain
2024-08-14,EUR,436.81,4,France
2024-08-09,EUR,120.14,1,Italy
2024-08-03,EUR,518.19,4,Germany
2024-08-22,EUR,465.39,4,Germany
2024-08-10,EUR,110.02,1,Italy
2024-08-20,EUR,389.00,3,France
2024-08-12,EUR,113.58,1,France
2024-08-16,EUR,369.05,3,France
2024-08-26,EUR,651.26,5,France
2024-08-15,EUR,126.98,1,Germany
2024-08-18,USD,286.79,2,United States
2024-08-15,USD,648.93,5,United States
2024-08-21,USD,569.27,4,United States
2024-08-10,USD,550.13,4,United States
2024-08-02,USD,429.73,3,United States
2024-08-07,USD,418.76,3,United States
2024-08-05,USD,540.64,4,United States
2024-08-28,USD,417.63,3,United States
2024-08-19,USD,273.42,2,United States
2024-08-21,USD,407.68,3,United States
2024-08-10,USD,667.84,5,United States
2024-08-02,USD,696.34,5,United States
2024-08-15,USD,125.67,1,United States
2024-08-01,USD,704.52,5,United States
2024-08-06,USD,533.82,4,United States
2024-08-26,USD,510.39,4,United States
2024-08-03,USD,363.02,3,United States
2024-08-22,USD,373.78,3,United States
2024-08-10,USD,600.27,5,United States
2024-08-11,USD,271.26,2,United States
2024-08-02,USD,362.84,3,United States
2024-08-18,USD,418.68,3,United States
2024-08-21,USD,550.08,4,United States
2024-08-21,USD,281.93,2,United States
2024-08-17,USD,596.62,5,United States
2024-08-14,USD,126.56,1,United States
2024-08-10,USD,675.18,5,United States
2024-08-10,USD,687.34,5,United States
2024-08-23,USD,683.51,5,United States
2024-08-11,USD,498.59,4,United States
2024-08-23,GBP,283.47,3,United Kingdom
2024-08-06,GBP,199.29,2,United Kingdom
2024-08-23,GBP,216.19,2,United Kingdom
2024-08-09,GBP,332.65,3,United Kingdom
2024-08-08,GBP,517.14,5,United Kingdom
2024-08-05,GBP,94.73,1,United Kingdom
2024-08-15,GBP,187.28,2,United Kingdom
2024-08-24,GBP,311.48,3,United Kingdom
2024-08-22,GBP,186.46,2,United Kingdom
2024-09-23,EUR,335.03,3,Germany
2024-09-07,EUR,577.41,5,Germany
2024-09-04,EUR,391.15,3,Spain
2024-09-02,EUR,650.52,5,Spain
2024-09-27,EUR,224.77,2,Spain
2024-09-13,EUR,598.69,5,France
2024-09-25,EUR,506.73,4,Italy
2024-09-11,EUR,116.93,1,Germany
2024-09-23,EUR,446.63,4,Spain
2024-09-25,EUR,654.52,5,France
2024-09-21,EUR,639.60,5,Germany
2024-09-12,EUR,123.28,1,Germany
2024-09-05,EUR,358.42,3,Italy
2024-09-14,EUR,491.47,4,France
2024-09-11,EUR,512.15,4,Spain
2024-09-04,EUR,509.47,4,Spain
2024-09-12,EUR,620.98,5,Spain
2024-09-09,EUR,504.28,4,Germany
2024-09-03,EUR,596.86,5,Germany
2024-09-13,EUR,442.24,4,Italy
2024-09-07,EUR,245.02,2,France
2024-09-03,EUR,260.59,2,Germany
2024-09-02,EUR,222.59,2,Spain
2024-09-07,EUR,566.71,5,France
2024-09-03,EUR,233.90,2,Germany
2024-09-03,EUR,501.51,4,Spain
2024-09-22,EUR,562.45,5,Italy
2024-09-14,EUR,500.59,4,France
2024-09-17,EUR,117.65,1,Italy
2024-09-07,EUR,231.32,2,France
2024-09-04,EUR,337.27,3,France
2024-09-17,EUR,334.72,3,France
2024-09-23,EUR,241.84,2,Italy
2024-09-08,EUR,222.41,2,Italy
2024-09-14,EUR,131.71,1,Spain
2024-09-20,EUR,342.26,3,Spain
2024-09-02,EUR,344.78,3,France
2024-09-11,EUR,521.70,4,France
2024-09-26,EUR,354.79,3,Spain
2024-09-20,EUR,631.74,5,Germany
2024-09-13,EUR,384.76,3,Germany
2024-09-13,EUR,249.93,2,Spain
2024-09-07,EUR,109.15,1,France
2024-09-27,EUR,377.22,3,Germany
2024-09-07,EUR,249.31,2,France
2024-09-14,USD,705.89,5,United States
2024-09-22,USD,542.62,4,United States
2024-09-13,USD,134.83,1,United States
2024-09-20,USD,119.29,1,United States
2024-09-23,USD,127.30,1,United States
2024-09-15,USD,604.90,5,United States
2024-09-20,USD,279.45,2,United States
2024-09-21,USD,255.52,2,United States
2024-09-11,USD,575.12,4,United States
2024-09-23,USD,483.53,4,United States
2024-09-26,USD,723.23,5,United States
2024-09-20,USD,407.88,3,United States
2024-09-21,USD,579.65,4,United States
2024-09-17,USD,409.55,3,United States
2024-09-11,USD,669.97,5,United States
2024-09-27,USD,649.59,5,United States
2024-09-03,USD,262.50,2,United States
2024-09-22,USD,402.09,3,United States
2024-09-16,USD,430.19,3,United States
2024-09-10,USD,289.56,2,United States
2024-09-04,USD,635.74,5,United States
2024-09-22,USD,559.47,4,United States
2024-09-07,USD,595.16,5,United States
2024-09-26,USD,555.83,4,United States
2024-09-05,USD,290.01,2,United States
2024-09-04,USD,406.45,3,United States
2024-09-11,USD,386.09,3,United States
2024-09-08,USD,124.82,1,United States
2024-09-16,USD,429.76,3,United States
2024-09-22,USD,250.63,2,United States
2024-09-06,USD,138.69,1,United States
2024-09-05,GBP,209.07,2,United Kingdom
2024-09-27,GBP,284.79,3,United Kingdom
2024-09-15,GBP,102.14,1,United Kingdom
2024-09-12,GBP,461.62,5,United Kingdom
2024-09-16,GBP,190.64,2,United Kingdom
2024-09-20,GBP,328.74,3,United Kingdom
2024-09-13,GBP,519.97,5,United Kingdom
2024-09-10,GBP,476.53,5,United Kingdom
2024-09-09,GBP,103.89,1,United Kingdom
2024-09-23,GBP,216.90,2,United Kingdom
2024-09-21,GBP,214.57,2,United Kingdom
2024-10-01,EUR,372.79,3,Spain
2024-10-12,EUR,228.02,2,France
2024-10-08,EUR,128.63,1,Italy
2024-10-02,EUR,552.94,5,Spain
2024-10-13,EUR,468.61,4,Italy
2024-10-25,EUR,347.04,3,Spain
2024-10-18,EUR,369.69,3,Spain
2024-10-18,EUR,617.39,5,Spain
2024-10-04,EUR,472.88,4,Spain
2024-10-18,EUR,574.30,5,Germany
2024-10-27,EUR,110.79,1,Spain
2024-10-17,EUR,386.30,3,Italy
2024-10-24,EUR,598.16,5,Germany
2024-10-01,EUR,127.62,1,Germany
2024-10-28,EUR,468.67,4,France
2024-10-11,EUR,358.84,3,Spain
2024-10-19,EUR,370.17,3,Spain
2024-10-13,EUR,462.39,4,Italy
2024-10-17,EUR,519.76,4,Germany
2024-10-10,EUR,578.56,5,France
2024-10-28,EUR,244.31,2,Germany
2024-10-19,EUR,348.06,3,Italy
2024-10-28,EUR,485.26,4,Germany
2024-10-17,EUR,520.00,4,Spain
2024-10-19,EUR,111.43,1,France
2024-10-08,EUR,255.29,2,Spain
2024-10-23,EUR,440.27,4,France
2024-10-18,EUR,520.76,4,Spain
2024-10-01,EUR,630.16,5,Germany
2024-10-02,EUR,118.95,1,Germany
2024-10-21,EUR,589.98,5,France
2024-10-02,EUR,549.66,5,Spain
2024-10-27,EUR,605.94,5,Germany
2024-10-14,EUR,125.80,1,Spain
2024-10-03,EUR,131.14,1,Spain
2024-10-18,EUR,580.06,5,Germany
2024-10-24,EUR,217.04,2,France
2024-10-04,EUR,119.03,1,Spain
2024-10-06,EUR,242.42,2,Germany
2024-10-07,EUR,241.85,2,Germany
2024-10-26,EUR,652.51,5,Germany
2024-10-01,EUR,227.86,2,Germany
2024-10-25,EUR,216.70,2,France
2024-10-07,EUR,262.35,2,France
2024-10-21,EUR,467.43,4,Germany
2024-10-09,EUR,237.89,2,Germany
2024-10-26,EUR,587.44,5,France
2024-10-21,USD,626.72,5,United States
2024-10-17,USD,249.05,2,United States
2024-10-04,USD,493.69,4,United States
2024-10-17,USD,507.34,4,United States
2024-10-13,USD,266.81,2,United States
2024-10-24,USD,407.60,3,United States
2024-10-15,USD,530.83,4,United States
2024-10-10,USD,239.40,2,United States
2024-10-20,USD,380.92,3,United States
2024-10-23,USD,577.63,4,United States
2024-10-06,USD,494.47,4,United States
2024-10-19,USD,640.15,5,United States
2024-10-06,USD,262.01,2,United States
2024-10-27,USD,526.79,4,United States
2024-10-18,USD,136.41,1,United States
2024-10-25,USD,259.04,2,United States
2024-10-12,USD,242.74,2,United States
2024-10-17,USD,551.45,4,United States
2024-10-14,USD,128.71,1,United States
2024-10-02,USD,128.76,1,United States
2024-10-04,USD,383.46,3,United States
2024-10-14,USD,484.29,4,United States
2024-10-18,USD,126.14,1,United States
2024-10-11,USD,512.57,4,United States
2024-10-08,USD,366.68,3,United States
2024-10-02,USD,265.87,2,United States
2024-10-27,USD,494.67,4,United States
2024-10-19,USD,143.75,1,United States
2024-10-23,USD,611.32,5,United States
2024-10-09,USD,262.65,2,United States
2024-10-26,GBP,383.77,4,United Kingdom
2024-10-18,GBP,100.94,1,United Kingdom
2024-10-05,GBP,202.41,2,United Kingdom
2024-10-06,GBP,292.00,3,United Kingdom
2024-10-14,GBP,112.07,1,United Kingdom
2024-10-21,GBP,197.81,2,United Kingdom
2024-10-08,GBP,103.62,1,United Kingdom
2024-10-08,GBP,304.87,3,United Kingdom
2024-10-24,GBP,205.25,2,United Kingdom
2024-10-03,GBP,205.45,2,United Kingdom
2024-10-28,GBP,286.10,3,United Kingdom
2024-10-19,GBP,218.37,2,United Kingdom
2024-11-07,EUR,456.39,4,France
2024-11-11,EUR,439.02,4,France
2024-11-01,EUR,469.40,4,Germany
2024-11-06,EUR,563.73,5,Italy
2024-11-09,EUR,115.57,1,Germany
2024-11-08,EUR,238.36,2,Spain
2024-11-06,EUR,458.42,4,Spain
2024-11-06,EUR,360.12,3,Germany
2024-11-08,EUR,588.84,5,Germany
2024-11-13,EUR,489.10,4,Spain
2024-11-02,EUR,542.27,5,Germany
2024-11-23,EUR,219.00,2,Italy
2024-11-13,EUR,368.35,3,Italy
2024-11-13,EUR,368.37,3,France
2024-11-05,EUR,480.07,4,Germany
2024-11-20,EUR,260.39,2,Germany
2024-11-04,EUR,119.41,1,Italy
2024-11-10,EUR,468.61,4,Germany
2024-11-25,EUR,115.58,1,Italy
2024-11-26,EUR,439.73,4,Germany
2024-11-10,EUR,461.20,4,France
2024-11-20,EUR,359.90,3,France
2024-11-17,EUR,474.75,4,France
2024-11-01,EUR,329.38,3,Spain
2024-11-18,EUR,123.49,1,Spain
2024-11-03,EUR,117.39,1,France
2024-11-22,EUR,433.50,4,Germany
2024-11-25,EUR,351.74,3,France
2024-11-09,EUR,254.36,2,Italy
2024-11-04,EUR,111.79,1,Italy
2024-11-02,EUR,255.62,2,France
2024-11-01,EUR,391.07,3,Spain
2024-11-12,EUR,226.61,2,Germany
2024-11-25,EUR,328.07,3,Italy
2024-11-23,EUR,379.79,3,France
2024-11-18,EUR,495.84,4,France
2024-11-19,EUR,507.51,4,Germany
2024-11-25,EUR,389.81,3,Italy
2024-11-04,EUR,345.11,3,Germany
2024-11-18,EUR,522.41,4,Germany
2024-11-18,EUR,514.68,4,Germany
2024-11-28,EUR,251.03,2,France
2024-11-17,EUR,507.08,4,Spain
2024-11-04,USD,577.81,4,United States
2024-11-28,USD,632.18,5,United States
2024-11-20,USD,660.82,5,United States
2024-11-02,USD,538.79,4,United States
2024-11-25,USD,356.88,3,United States
2024-11-16,USD,264.25,2,United States
2024-11-05,USD,509.75,4,United States
2024-11-18,USD,140.56,1,United States
2024-11-14,USD,285.39,2,United States
2024-11-05,USD,252.16,2,United States
2024-11-18,USD,251.10,2,United States
2024-11-10,USD,403.28,3,United States
2024-11-28,USD,274.07,2,United States
2024-11-07,USD,290.11,2,United States
2024-11-20,USD,121.14,1,United States
2024-11-22,USD,529.85,4,United States
2024-11-21,USD,554.92,4,United States
2024-11-14,USD,574.60,4,United States
2024-11-22,USD,122.40,1,United States
2024-11-16,USD,564.32,4,United States
2024-11-18,USD,248.61,2,United States
2024-11-24,USD,123.56,1,United States
2024-11-18,USD,432.39,3,United States
2024-11-09,USD,119.47,1,United States
2024-11-04,USD,247.17,2,United States
2024-11-08,USD,398.61,3,United States
2024-11-28,USD,373.47,3,United States
2024-11-13,USD,288.85,2,United States
2024-11-17,USD,123.55,1,United States
2024-11-26,USD,570.66,4,United States
2024-11-01,USD,630.47,5,United States
2024-11-03,USD,290.23,2,United States
2024-11-06,USD,507.41,4,United States
2024-11-17,GBP,279.61,3,United Kingdom
2024-11-03,GBP,297.29,3,United Kingdom
2024-11-09,GBP,213.64,2,United Kingdom
2024-11-09,GBP,333.99,3,United Kingdom
2024-11-28,GBP,328.82,3,United Kingdom
2024-11-01,GBP,468.66,5,United Kingdom
2024-11-20,GBP,425.96,4,United Kingdom
2024-11-22,GBP,536.21,5,United Kingdom
2024-11-10,GBP,99.90,1,United Kingdom
2024-11-16,GBP,437.46,4,United Kingdom
2024-12-02,EUR,122.22,1,Germany
2024-12-20,EUR,387.28,3,Spain
2024-12-02,EUR,334.88,3,Germany
2024-12-03,EUR,380.46,3,Germany
2024-12-01,EUR,123.25,1,Spain
2024-12-24,EUR,489.91,4,France
2024-12-01,EUR,124.80,1,Spain
2024-12-21,EUR,541.53,5,Spain
2024-12-05,EUR,341.52,3,Spain
2024-12-25,EUR,251.04,2,Italy
2024-12-18,EUR,258.61,2,Spain
2024-12-06,EUR,495.80,4,Germany
2024-12-27,EUR,517.03,4,Spain
2024-12-18,EUR,336.88,3,France
2024-12-14,EUR,247.79,2,France
2024-12-11,EUR,226.18,2,Italy
2024-12-11,EUR,465.45,4,Italy
2024-12-26,EUR,379.99,3,Italy
2024-12-04,EUR,374.14,3,Germany
2024-12-04,EUR,344.02,3,France
2024-12-24,EUR,339.24,3,France
2024-12-09,EUR,110.31,1,Spain
2024-12-04,EUR,484.06,4,Germany
2024-12-10,EUR,389.56,3,France
2024-12-15,EUR,561.45,5,Spain
2024-12-05,EUR,603.88,5,Germany
2024-12-12,EUR,126.91,1,France
2024-12-07,EUR,354.24,3,Italy
2024-12-02,EUR,546.26,5,Germany
2024-12-26,EUR,602.31,5,Italy
2024-12-12,EUR,227.16,2,Spain
2024-12-06,EUR,120.65,1,Spain
2024-12-19,EUR,492.46,4,Germany
2024-12-03,EUR,225.95,2,Spain
2024-12-10,EUR,110.15,1,Spain
2024-12-15,EUR,108.91,1,Italy
2024-12-13,EUR,242.94,2,France
2024-12-17,EUR,554.60,5,Germany
2024-12-16,EUR,495.36,4,Spain
2024-12-24,EUR,606.98,5,Spain
2024-12-24,EUR,124.59,1,France
2024-12-17,EUR,108.14,1,Germany
2024-12-24,EUR,389.91,3,Spain
2024-12-23,EUR,128.57,1,Spain
2024-12-03,EUR,518.93,4,Italy
2024-12-05,EUR,246.06,2,Spain
2024-12-04,EUR,599.47,5,Italy
2024-12-02,EUR,601.20,5,Italy
2024-12-01,USD,626.67,5,United States
2024-12-21,USD,687.16,5,United States
2024-12-24,USD,532.20,4,United States
2024-12-01,USD,250.57,2,United States
2024-12-02,USD,361.25,3,United States
2024-12-28,USD,430.37,3,United States
2024-12-09,USD,695.69,5,United States
2024-12-10,USD,388.29,3,United States
2024-12-27,USD,710.30,5,United States
2024-12-28,USD,358.73,3,United States
2024-12-27,USD,429.90,3,United States
2024-12-01,USD,393.15,3,United States
2024-12-23,USD,497.04,4,United States
2024-12-20,USD,579.67,4,United States
2024-12-27,USD,525.35,4,United States
2024-12-02,USD,123.04,1,United States
2024-12-11,USD,412.44,3,United States
2024-12-05,USD,686.01,5,United States
2024-12-03,USD,259.19,2,United States
2024-12-28,USD,141.97,1,United States
2024-12-19,USD,373.68,3,United States
2024-12-20,USD,271.68,2,United States
2024-12-08,USD,689.15,5,United States
2024-12-07,USD,429.44,3,United States
2024-12-23,USD,416.70,3,United States
2024-12-18,USD,132.39,1,United States
2024-12-14,USD,387.90,3,United States
2024-12-21,USD,402.66,3,United States
2024-12-28,USD,137.13,1,United States
2024-12-11,USD,598.79,5,United States
2024-12-24,USD,414.98,3,United States
2024-12-01,GBP,376.30,4,United Kingdom
2024-12-26,GBP,391.03,4,United Kingdom
2024-12-25,GBP,112.02,1,United Kingdom
2024-12-17,GBP,330.02,3,United Kingdom
2024-12-07,GBP,309.36,3,United Kingdom
2024-12-18,GBP,224.10,2,United Kingdom
2024-12-05,GBP,521.30,5,United Kingdom
2024-12-14,GBP,218.02,2,United Kingdom
2024-12-19,GBP,442.88,4,United Kingdom
2024-12-20,GBP,383.58,4,United Kingdom
2024-12-11,GBP,391.86,4,United Kingdom
2025-01-23,EUR,659.47,5,France
2025-01-18,EUR,284.88,2,Italy
2025-01-24,EUR,135.95,1,Germany
2025-01-11,EUR,602.71,4,Spain
2025-01-28,EUR,452.12,3,Italy
2025-01-16,EUR,577.69,4,Germany
2025-01-03,EUR,602.48,4,France
2025-01-17,EUR,734.99,5,Germany
2025-01-16,EUR,751.51,5,Italy
2025-01-24,EUR,698.11,5,Italy
2025-01-11,EUR,604.50,4,Spain
2025-01-05,EUR,620.64,4,Spain
2025-01-19,EUR,651.60,5,France
2025-01-16,EUR,434.61,3,Spain
2025-01-19,EUR,137.37,1,Italy
2025-01-07,EUR,717.21,5,Germany
2025-01-16,EUR,666.62,5,Spain
2025-01-16,EUR,140.16,1,Spain
2025-01-22,EUR,155.55,1,Spain
2025-01-04,EUR,137.50,1,Germany
2025-01-20,EUR,397.80,3,France
2025-01-23,EUR,148.72,1,France
2025-01-13,EUR,646.17,5,Germany
2025-01-06,EUR,292.67,2,France
2025-01-04,EUR,146.31,1,Spain
2025-01-06,EUR,583.55,4,Italy
2025-01-28,EUR,285.31,2,France
2025-01-15,EUR,294.08,2,Germany
2025-01-07,EUR,148.94,1,Germany
2025-01-19,EUR,562.16,4,Spain
2025-01-11,EUR,583.48,4,France
2025-01-28,EUR,417.90,3,Italy
2025-01-17,EUR,678.51,5,Italy
2025-01-15,EUR,769.57,5,France
2025-01-23,EUR,609.76,4,Italy
2025-01-16,EUR,294.60,2,Italy
2025-01-19,EUR,547.20,4,Germany
2025-01-18,EUR,137.81,1,Germany
2025-01-15,EUR,597.39,4,Spain
2025-01-14,EUR,717.57,5,Spain
2025-01-12,EUR,549.83,4,Spain
2025-01-08,EUR,429.69,3,Italy
2025-01-23,EUR,133.63,1,Italy
2025-01-05,EUR,310.67,2,Italy
2025-01-19,EUR,725.48,5,Italy
2025-01-07,EUR,417.75,3,France
2025-01-20,EUR,644.78,5,Germany
2025-01-02,EUR,576.00,4,France
2025-01-05,EUR,601.31,4,France
2025-01-19,USD,306.17,2,United States
2025-01-07,USD,498.40,3,United States
2025-01-19,USD,340.11,2,United States
2025-01-09,USD,311.26,2,United States
2025-01-10,USD,170.99,1,United States
2025-01-01,USD,642.35,4,United States
2025-01-16,USD,501.81,3,United States
2025-01-12,USD,478.70,3,United States
2025-01-12,USD,339.39,2,United States
2025-01-01,USD,712.64,5,United States
2025-01-10,USD,314.87,2,United States
2025-01-13,USD,155.35,1,United States
2025-01-18,USD,151.78,1,United States
2025-01-08,USD,832.40,5,United States
2025-01-25,USD,474.01,3,United States
2025-01-25,USD,488.16,3,United States
2025-01-18,USD,145.75,1,United States
2025-01-02,USD,648.43,4,United States
2025-01-26,USD,821.99,5,United States
2025-01-22,USD,562.31,4,United States
2025-01-21,USD,675.31,4,United States
2025-01-18,USD,149.16,1,United States
2025-01-21,USD,563.88,4,United States
2025-01-26,USD,782.29,5,United States
2025-01-05,USD,424.96,3,United States
2025-01-25,USD,768.73,5,United States
2025-01-12,USD,703.11,5,United States
2025-01-11,USD,292.75,2,United States
2025-01-17,USD,303.06,2,United States
2025-01-24,USD,335.75,2,United States
2025-01-03,USD,509.95,3,United States
2025-01-22,USD,143.96,1,United States
2025-01-23,USD,632.44,4,United States
2025-01-11,USD,320.43,2,United States
2025-01-19,GBP,396.18,3,United Kingdom
2025-01-05,GBP,365.50,3,United Kingdom
2025-01-10,GBP,643.34,5,United Kingdom
2025-01-06,GBP,119.83,1,United Kingdom
2025-01-16,GBP,515.62,4,United Kingdom
2025-01-16,GBP,642.33,5,United Kingdom
2025-01-24,GBP,232.97,2,United Kingdom
2025-01-17,GBP,482.14,4,United Kingdom
2025-01-20,GBP,593.36,5,United Kingdom
2025-01-20,GBP,122.17,1,United Kingdom
2025-01-01,GBP,571.36,5,United Kingdom
2025-01-21,GBP,630.90,5,United Kingdom
2025-01-08,GBP,228.45,2,United Kingdom
2025-01-22,GBP,379.57,3,United Kingdom
2025-02-13,EUR,598.56,4,Spain
2025-02-16,EUR,267.45,2,France
2025-02-28,EUR,714.77,5,France
2025-02-12,EUR,600.28,4,Spain
2025-02-17,EUR,646.81,5,Germany
2025-02-19,EUR,460.19,3,Germany
2025-02-22,EUR,261.91,2,Spain
2025-02-09,EUR,137.48,1,Spain
2025-02-18,EUR,133.01,1,France
2025-02-21,EUR,738.39,5,Italy
2025-02-05,EUR,617.06,4,Spain
2025-02-16,EUR,139.80,1,Italy
2025-02-21,EUR,269.43,2,Germany
2025-02-05,EUR,155.27,1,Germany
2025-02-10,EUR,581.03,4,Germany
2025-02-07,EUR,522.66,4,Spain
2025-02-20,EUR,150.58,1,Germany
2025-02-22,EUR,687.87,5,Spain
2025-02-05,EUR,727.41,5,France
2025-02-16,EUR,302.80,2,Italy
2025-02-19,EUR,605.65,4,Spain
2025-02-17,EUR,289.61,2,Germany
2025-02-13,EUR,147.03,1,France
2025-02-25,EUR,535.99,4,France
2025-02-18,EUR,650.12,5,Italy
2025-02-18,EUR,289.69,2,Germany
2025-02-07,EUR,271.07,2,Germany
2025-02-15,EUR,266.65,2,Italy
2025-02-16,EUR,707.90,5,Italy
2025-02-16,EUR,147.45,1,France
2025-02-01,EUR,292.56,2,Germany
2025-02-23,EUR,142.08,1,France
2025-02-07,EUR,661.61,5,Germany
2025-02-07,EUR,707.25,5,Germany
2025-02-07,EUR,146.90,1,France
2025-02-19,EUR,611.48,4,Germany
2025-02-23,EUR,131.53,1,Germany
2025-02-20,EUR,549.68,4,Spain
2025-02-06,EUR,432.49,3,Germany
2025-02-05,EUR,406.23,3,Italy
2025-02-20,EUR,273.26,2,Spain
2025-02-13,EUR,131.35,1,Italy
2025-02-08,EUR,637.99,5,Italy
2025-02-15,EUR,437.87,3,Germany
2025-02-14,EUR,391.35,3,Germany
2025-02-19,EUR,686.97,5,Italy
2025-02-25,EUR,288.54,2,France
2025-02-27,EUR,268.85,2,Germany
2025-02-14,EUR,461.35,3,France
2025-02-23,USD,573.46,4,United States
2025-02-02,USD,160.87,1,United States
2025-02-20,USD,784.26,5,United States
2025-02-28,USD,675.37,4,United States
2025-02-18,USD,146.14,1,United States
2025-02-22,USD,805.92,5,United States
2025-02-13,USD,678.55,4,United States
2025-02-05,USD,621.31,4,United States
2025-02-13,USD,482.02,3,United States
2025-02-26,USD,682.15,4,United States
2025-02-11,USD,291.66,2,United States
2025-02-08,USD,447.40,3,United States
2025-02-28,USD,155.62,1,United States
2025-02-19,USD,474.69,3,United States
2025-02-06,USD,764.52,5,United States
2025-02-24,USD,628.93,4,United States
2025-02-09,USD,491.57,3,United States
2025-02-05,USD,562.22,4,United States
2025-02-05,USD,284.80,2,United States
2025-02-27,USD,309.05,2,United States
2025-02-11,USD,301.52,2,United States
2025-02-24,USD,341.47,2,United States
2025-02-14,USD,140.21,1,United States
2025-02-25,USD,312.55,2,United States
2025-02-27,USD,299.88,2,United States
2025-02-13,USD,676.19,4,United States
2025-02-11,USD,442.92,3,United States
2025-02-06,USD,502.73,3,United States
2025-02-15,USD,298.98,2,United States
2025-02-21,USD,480.11,3,United States
2025-02-05,USD,167.58,1,United States
2025-02-16,USD,582.16,4,United States
2025-02-17,USD,588.47,4,United States
2025-02-04,USD,607.97,4,United States
2025-02-27,GBP,590.12,5,United Kingdom
2025-02-23,GBP,122.14,1,United Kingdom
2025-02-14,GBP,234.95,2,United Kingdom
2025-02-08,GBP,121.92,1,United Kingdom
2025-02-24,GBP,127.69,1,United Kingdom
2025-02-03,GBP,474.98,4,United Kingdom
2025-02-21,GBP,381.50,3,United Kingdom
2025-02-22,GBP,108.55,1,United Kingdom
2025-02-25,GBP,112.74,1,United Kingdom
2025-02-07,GBP,128.97,1,United Kingdom
2025-02-07,GBP,473.51,4,United Kingdom
2025-02-18,GBP,112.93,1,United Kingdom
2025-03-21,EUR,556.52,4,Italy
2025-03-21,EUR,266.50,2,Spain
2025-03-24,EUR,518.82,4,Italy
2025-03-16,EUR,589.03,4,Germany
2025-03-03,EUR,597.21,4,France
2025-03-14,EUR,144.77,1,France
2025-03-25,EUR,291.68,2,Italy
2025-03-28,EUR,684.68,5,Spain
2025-03-17,EUR,298.42,2,Italy
2025-03-04,EUR,557.73,4,Germany
2025-03-15,EUR,558.22,4,Italy
2025-03-16,EUR,450.53,3,Germany
2025-03-23,EUR,577.48,4,Spain
2025-03-10,EUR,389.02,3,France
2025-03-27,EUR,135.04,1,Italy
2025-03-03,EUR,463.08,3,France
2025-03-07,EUR,439.40,3,Germany
2025-03-05,EUR,557.43,4,Germany
2025-03-04,EUR,130.68,1,Spain
2025-03-07,EUR,423.54,3,Germany
2025-03-13,EUR,278.95,2,Germany
2025-03-21,EUR,720.90,5,France
2025-03-06,EUR,707.32,5,Spain
2025-03-25,EUR,136.67,1,Spain
2025-03-11,EUR,552.02,4,Spain
2025-03-17,EUR,654.72,5,Italy
2025-03-17,EUR,285.22,2,Italy
2025-03-19,EUR,664.56,5,France
2025-03-14,EUR,545.47,4,Germany
2025-03-02,EUR,304.83,2,France
2025-03-04,EUR,584.47,4,Italy
2025-03-04,EUR,151.69,1,France
2025-03-17,EUR,731.74,5,Spain
2025-03-15,EUR,731.72,5,Germany
2025-03-20,EUR,510.20,4,Spain
2025-03-03,EUR,753.11,5,Italy
2025-03-21,EUR,515.12,4,Germany
2025-03-06,EUR,396.13,3,Germany
2025-03-27,EUR,153.08,1,France
2025-03-15,EUR,676.69,5,Germany
2025-03-02,EUR,136.08,1,Spain
2025-03-01,EUR,745.74,5,France
2025-03-06,EUR,140.55,1,Germany
2025-03-06,EUR,681.95,5,France
2025-03-08,EUR,388.23,3,Germany
2025-03-15,USD,473.60,3,United States
2025-03-03,USD,743.06,5,United States
2025-03-28,USD,281.05,2,United States
2025-03-08,USD,144.14,1,United States
2025-03-28,USD,717.25,5,United States
2025-03-12,USD,329.35,2,United States
2025-03-08,USD,430.02,3,United States
2025-03-16,USD,718.83,5,United States
2025-03-24,USD,682.88,4,United States
2025-03-18,USD,321.27,2,United States
2025-03-02,USD,734.99,5,United States
2025-03-01,USD,680.21,4,United States
2025-03-02,USD,293.67,2,United States
2025-03-03,USD,810.84,5,United States
2025-03-14,USD,491.97,3,United States
2025-03-19,USD,450.02,3,United States
2025-03-26,USD,650.71,4,United States
2025-03-26,USD,668.48,4,United States
2025-03-21,USD,313.71,2,United States
2025-03-15,USD,612.88,4,United States
2025-03-22,USD,703.67,5,United States
2025-03-17,USD,836.74,5,United States
2025-03-04,USD,845.36,5,United States
2025-03-18,USD,562.57,4,United States
2025-03-19,USD,426.46,3,United States
2025-03-05,USD,802.24,5,United States
2025-03-28,USD,336.96,2,United States
2025-03-07,GBP,114.02,1,United Kingdom
2025-03-01,GBP,335.43,3,United Kingdom
2025-03-17,GBP,238.89,2,United Kingdom
2025-03-02,GBP,113.46,1,United Kingdom
2025-03-03,GBP,253.45,2,United Kingdom
2025-03-16,GBP,357.67,3,United Kingdom
2025-03-19,GBP,221.14,2,United Kingdom
2025-03-13,GBP,359.91,3,United Kingdom
2025-03-02,GBP,349.67,3,United Kingdom
2025-03-15,GBP,329.88,3,United Kingdom
2025-03-09,GBP,332.98,3,United Kingdom
2025-04-16,EUR,270.64,2,Spain
2025-04-07,EUR,463.18,3,Germany
2025-04-17,EUR,298.27,2,Germany
2025-04-16,EUR,389.70,3,France
2025-04-01,EUR,586.25,4,Spain
2025-04-11,EUR,727.56,5,France
2025-04-28,EUR,291.92,2,Spain
2025-04-06,EUR,400.97,3,Italy
2025-04-14,EUR,130.64,1,Spain
2025-04-18,EUR,145.42,1,Italy
2025-04-03,EUR,264.79,2,Spain
2025-04-17,EUR,454.15,3,Italy
2025-04-24,EUR,289.76,2,Germany
2025-04-17,EUR,562.96,4,Italy
2025-04-26,EUR,130.06,1,Spain
2025-04-26,EUR,620.57,4,Italy
2025-04-16,EUR,713.51,5,Germany
2025-04-11,EUR,154.28,1,France
2025-04-14,EUR,697.52,5,France
2025-04-16,EUR,399.62,3,France
2025-04-28,EUR,600.38,4,France
2025-04-04,EUR,774.53,5,Italy
2025-04-08,EUR,533.26,4,Italy
2025-04-11,EUR,283.33,2,France
2025-04-24,EUR,604.26,4,Italy
2025-04-16,EUR,426.81,3,Spain
2025-04-04,EUR,396.62,3,Germany
2025-04-09,EUR,310.33,2,Germany
2025-04-17,EUR,730.05,5,Italy
2025-04-23,EUR,551.12,4,Italy
2025-04-24,EUR,153.55,1,Italy
2025-04-17,EUR,600.80,4,Germany
2025-04-23,EUR,536.19,4,Spain
2025-04-16,EUR,130.33,1,Italy
2025-04-14,EUR,643.12,5,Italy
2025-04-07,EUR,421.47,3,Italy
2025-04-14,EUR,570.77,4,France
2025-04-21,EUR,728.84,5,France
2025-04-19,EUR,729.78,5,Italy
2025-04-21,EUR,149.01,1,Italy
2025-04-26,EUR,728.48,5,Germany
2025-04-28,EUR,689.59,5,Germany
2025-04-10,EUR,730.52,5,Italy
2025-04-23,USD,733.42,5,United States
2025-04-24,USD,613.70,4,United States
2025-04-25,USD,429.32,3,United States
2025-04-11,USD,170.11,1,United States
2025-04-17,USD,161.91,1,United States
2025-04-21,USD,304.27,2,United States
2025-04-22,USD,330.41,2,United States
2025-04-18,USD,162.09,1,United States
2025-04-26,USD,594.91,4,United States
2025-04-18,USD,491.13,3,United States
2025-04-17,USD,449.45,3,United States
2025-04-13,USD,649.12,4,United States
2025-04-06,USD,748.56,5,United States
2025-04-20,USD,313.73,2,United States
2025-04-25,USD,303.53,2,United States
2025-04-09,USD,829.15,5,United States
2025-04-24,USD,847.25,5,United States
2025-04-27,USD,299.43,2,United States
2025-04-04,USD,429.37,3,United States
2025-04-16,USD,621.41,4,United States
2025-04-08,USD,485.30,3,United States
2025-04-05,USD,732.94,5,United States
2025-04-13,USD,448.32,3,United States
2025-04-14,USD,427.51,3,United States
2025-04-16,USD,621.10,4,United States
2025-04-24,USD,146.63,1,United States
2025-04-23,USD,296.05,2,United States
2025-04-19,USD,456.17,3,United States
2025-04-20,USD,339.84,2,United States
2025-04-13,USD,703.77,5,United States
2025-04-10,USD,476.77,3,United States
2025-04-04,USD,683.82,4,United States
2025-04-01,USD,748.14,5,United States
2025-04-03,GBP,376.96,3,United Kingdom
2025-04-27,GBP,624.07,5,United Kingdom
2025-04-02,GBP,108.59,1,United Kingdom
2025-04-07,GBP,657.60,5,United Kingdom
2025-04-07,GBP,351.78,3,United Kingdom
2025-04-21,GBP,457.96,4,United Kingdom
2025-04-17,GBP,495.97,4,United Kingdom
2025-04-15,GBP,579.84,5,United Kingdom
2025-05-10,EUR,132.99,1,Spain
2025-05-10,EUR,283.71,2,Spain
2025-05-27,EUR,527.55,4,France
2025-05-22,EUR,687.48,5,Italy
2025-05-17,EUR,570.76,4,Spain
2025-05-17,EUR,750.91,5,Germany
2025-05-26,EUR,545.62,4,France
2025-05-14,EUR,421.29,3,France
2025-05-16,EUR,651.36,5,France
2025-05-12,EUR,577.13,4,Italy
2025-05-23,EUR,691.65,5,France
2025-05-13,EUR,266.96,2,Italy
2025-05-19,EUR,395.31,3,Italy
2025-05-02,EUR,262.20,2,Spain
2025-05-03,EUR,143.09,1,Germany
2025-05-27,EUR,457.65,3,Germany
2025-05-28,EUR,397.89,3,Italy
2025-05-10,EUR,142.75,1,France
2025-05-21,EUR,427.90,3,Italy
2025-05-10,EUR,756.11,5,Spain
2025-05-22,EUR,675.09,5,France
2025-05-01,EUR,749.01,5,Germany
2025-05-13,EUR,138.12,1,France
2025-05-20,EUR,575.92,4,Italy
2025-05-05,EUR,553.53,4,Spain
2025-05-15,EUR,575.34,4,Germany
2025-05-25,EUR,137.24,1,Germany
2025-05-05,EUR,150.71,1,Spain
2025-05-07,EUR,155.10,1,Italy
2025-05-17,EUR,778.74,5,Italy
2025-05-27,EUR,698.35,5,France
2025-05-13,EUR,463.28,3,Spain
2025-05-05,EUR,282.28,2,Germany
2025-05-02,EUR,297.97,2,France
2025-05-20,EUR,546.12,4,Spain
2025-05-15,EUR,742.19,5,Germany
2025-05-08,EUR,392.99,3,Spain
2025-05-11,EUR,579.43,4,Spain
2025-05-01,EUR,541.93,4,Spain
2025-05-08,EUR,542.08,4,Spain
2025-05-07,EUR,657.03,5,Germany
2025-05-23,EUR,445.98,3,Italy
2025-05-17,EUR,295.72,2,France
2025-05-04,EUR,260.13,2,Germany
2025-05-17,EUR,647.87,5,Germany
2025-05-24,EUR,422.68,3,France
2025-05-13,EUR,282.81,2,Germany
2025-05-06,EUR,543.79,4,Spain
2025-05-13,EUR,142.51,1,Italy
2025-05-10,USD,149.83,1,United States
2025-05-01,USD,302.93,2,United States
2025-05-09,USD,289.16,2,United States
2025-05-02,USD,334.88,2,United States
2025-05-17,USD,613.08,4,United States
2025-05-12,USD,156.16,1,United States
2025-05-07,USD,287.53,2,United States
2025-05-16,USD,322.23,2,United States
2025-05-21,USD,678.71,4,United States
2025-05-03,USD,333.94,2,United States
2025-05-26,USD,332.61,2,United States
2025-05-22,USD,329.24,2,United States
2025-05-09,USD,166.15,1,United States
2025-05-14,USD,291.11,2,United States
2025-05-11,USD,758.72,5,United States
2025-05-25,USD,429.70,3,United States
2025-05-04,USD,158.62,1,United States
2025-05-03,USD,319.28,2,United States
2025-05-04,USD,774.79,5,United States
2025-05-19,USD,328.71,2,United States
2025-05-22,USD,316.59,2,United States
2025-05-22,USD,810.95,5,United States
2025-05-02,USD,512.76,3,United States
2025-05-24,USD,294.19,2,United States
2025-05-02,USD,792.83,5,United States
2025-05-17,USD,778.75,5,United States
2025-05-19,USD,826.52,5,United States
2025-05-11,USD,288.36,2,United States
2025-05-20,USD,513.61,3,United States
2025-05-11,USD,311.60,2,United States
2025-05-06,GBP,445.12,4,United Kingdom
2025-05-21,GBP,450.11,4,United Kingdom
2025-05-22,GBP,230.43,2,United Kingdom
2025-05-27,GBP,127.30,1,United Kingdom
2025-05-07,GBP,523.94,4,United Kingdom
2025-05-01,GBP,380.82,3,United Kingdom
2025-05-17,GBP,262.11,2,United Kingdom
2025-05-15,GBP,118.46,1,United Kingdom
2025-05-12,GBP,594.17,5,United Kingdom
2025-05-09,GBP,362.79,3,United Kingdom
2025-06-14,EUR,133.65,1,France
2025-06-11,EUR,407.15,3,Italy
2025-06-02,EUR,560.81,4,Italy
2025-06-21,EUR,458.70,3,Germany
2025-06-17,EUR,448.78,3,Spain
2025-06-28,EUR,412.69,3,Italy
2025-06-01,EUR,412.46,3,Germany
2025-06-04,EUR,445.81,3,Spain
2025-06-16,EUR,718.63,5,Spain
2025-06-27,EUR,727.74,5,Germany
2025-06-25,EUR,388.14,3,Italy
2025-06-03,EUR,452.77,3,Germany
2025-06-16,EUR,728.84,5,Germany
2025-06-10,EUR,662.96,5,Italy
2025-06-05,EUR,405.55,3,Spain
2025-06-07,EUR,150.18,1,Germany
2025-06-14,EUR,669.08,5,Germany
2025-06-08,EUR,387.39,3,Italy
2025-06-06,EUR,268.58,2,Italy
2025-06-28,EUR,288.84,2,Italy
2025-06-17,EUR,689.69,5,Italy
2025-06-24,EUR,266.55,2,France
2025-06-18,EUR,148.59,1,France
2025-06-15,EUR,422.58,3,France
2025-06-19,EUR,131.17,1,Germany
2025-06-28,EUR,149.19,1,France
2025-06-05,EUR,610.46,4,Italy
2025-06-09,EUR,278.34,2,Italy
2025-06-04,EUR,652.43,5,France
2025-06-02,EUR,584.25,4,France
2025-06-20,EUR,573.78,4,Germany
2025-06-18,EUR,408.49,3,France
2025-06-16,EUR,440.89,3,France
2025-06-13,EUR,567.02,4,Italy
2025-06-22,EUR,153.18,1,Spain
2025-06-01,EUR,593.67,4,Spain
2025-06-24,EUR,390.24,3,Germany
2025-06-11,EUR,292.47,2,France
2025-06-01,EUR,288.36,2,Spain
2025-06-22,EUR,466.42,3,Italy
2025-06-28,EUR,390.43,3,Italy
2025-06-10,EUR,434.89,3,Italy
2025-06-10,EUR,749.63,5,Germany
2025-06-01,EUR,580.24,4,Italy
2025-06-05,EUR,683.16,5,Italy
2025-06-15,EUR,755.10,5,France
2025-06-21,EUR,134.76,1,Germany
2025-06-08,USD,431.96,3,United States
2025-06-05,USD,293.85,2,United States
2025-06-10,USD,422.22,3,United States
2025-06-05,USD,617.60,4,United States
2025-06-27,USD,834.31,5,United States
2025-06-25,USD,314.42,2,United States
2025-06-14,USD,311.98,2,United States
2025-06-08,USD,167.70,1,United States
2025-06-24,USD,163.41,1,United States
2025-06-22,USD,427.38,3,United States
2025-06-17,USD,790.00,5,United States
2025-06-02,USD,678.38,4,United States
2025-06-09,USD,140.50,1,United States
2025-06-15,USD,308.09,2,United States
2025-06-11,USD,772.45,5,United States
2025-06-07,USD,582.53,4,United States
2025-06-14,USD,287.21,2,United States
2025-06-09,USD,811.42,5,United States
2025-06-20,USD,156.32,1,United States
2025-06-02,USD,711.43,5,United States
2025-06-14,USD,791.37,5,United States
2025-06-08,USD,585.10,4,United States
2025-06-10,USD,312.48,2,United States
2025-06-22,USD,151.60,1,United States
2025-06-21,USD,637.98,4,United States
2025-06-18,USD,677.27,4,United States
2025-06-02,USD,162.12,1,United States
2025-06-23,USD,602.03,4,United States
2025-06-11,USD,489.36,3,United States
2025-06-05,USD,644.63,4,United States
2025-06-03,USD,322.20,2,United States
2025-06-17,USD,772.15,5,United States
2025-06-16,USD,481.50,3,United States
2025-06-15,USD,789.66,5,United States
2025-06-12,GBP,125.63,1,United Kingdom
2025-06-16,GBP,578.84,5,United Kingdom
2025-06-05,GBP,356.94,3,United Kingdom
2025-06-26,GBP,123.28,1,United Kingdom
2025-06-01,GBP,255.87,2,United Kingdom
2025-06-06,GBP,635.70,5,United Kingdom
2025-06-24,GBP,244.63,2,United Kingdom
2025-06-15,GBP,334.61,3,United Kingdom
2025-06-08,GBP,124.83,1,United Kingdom
2025-06-09,GBP,439.76,4,United Kingdom
2025-06-04,GBP,238.22,2,United Kingdom
2025-06-22,GBP,231.67,2,United Kingdom
2025-06-05,GBP,111.98,1,United Kingdom
2025-07-16,EUR,280.77,2,Germany
2025-07-22,EUR,310.32,2,Germany
2025-07-15,EUR,267.37,2,Italy
2025-07-19,EUR,718.13,5,France
2025-07-10,EUR,511.11,4,France
2025-07-02,EUR,155.63,1,France
2025-07-28,EUR,752.62,5,Italy
2025-07-27,EUR,582.72,4,Germany
2025-07-20,EUR,568.55,4,Germany
2025-07-22,EUR,609.53,4,Italy
2025-07-09,EUR,711.97,5,Germany
2025-07-24,EUR,133.93,1,Italy
2025-07-25,EUR,147.88,1,France
2025-07-07,EUR,450.51,3,France
2025-07-22,EUR,519.27,4,Germany
2025-07-15,EUR,756.49,5,Germany
2025-07-24,EUR,445.35,3,Italy
2025-07-26,EUR,459.06,3,France
2025-07-21,EUR,513.80,4,France
2025-07-23,EUR,140.76,1,Italy
2025-07-22,EUR,261.39,2,France
2025-07-27,EUR,734.05,5,Germany
2025-07-24,EUR,147.62,1,Germany
2025-07-10,EUR,128.49,1,Germany
2025-07-23,EUR,764.16,5,France
2025-07-19,EUR,717.95,5,Spain
2025-07-27,EUR,712.43,5,Italy
2025-07-04,EUR,734.99,5,Italy
2025-07-08,EUR,582.57,4,Italy
2025-07-27,EUR,421.51,3,France
2025-07-16,EUR,297.06,2,Italy
2025-07-16,EUR,133.06,1,Spain
2025-07-27,EUR,299.70,2,France
2025-07-16,EUR,273.31,2,France
2025-07-17,EUR,260.13,2,Italy
2025-07-10,EUR,606.28,4,Germany
2025-07-04,EUR,412.27,3,Italy
2025-07-04,EUR,296.21,2,Spain
2025-07-10,EUR,133.04,1,Spain
2025-07-01,EUR,392.42,3,Germany
2025-07-08,EUR,130.67,1,France
2025-07-15,EUR,593.56,4,Spain
2025-07-02,EUR,564.57,4,Italy
2025-07-15,EUR,566.17,4,France
2025-07-19,EUR,649.01,5,France
2025-07-19,EUR,294.16,2,Italy
2025-07-27,EUR,434.14,3,France
2025-07-14,EUR,129.71,1,Spain
2025-07-24,EUR,551.63,4,Italy
2025-07-15,USD,630.57,4,United States
2025-07-08,USD,473.81,3,United States
2025-07-24,USD,669.91,4,United States
2025-07-18,USD,457.59,3,United States
2025-07-27,USD,576.96,4,United States
2025-07-21,USD,167.36,1,United States
2025-07-02,USD,628.69,4,United States
2025-07-12,USD,601.85,4,United States
2025-07-01,USD,483.76,3,United States
2025-07-21,USD,596.34,4,United States
2025-07-06,USD,733.45,5,United States
2025-07-08,USD,513.48,3,United States
2025-07-26,USD,708.49,5,United States
2025-07-01,USD,155.81,1,United States
2025-07-01,USD,283.40,2,United States
2025-07-25,USD,146.45,1,United States
2025-07-27,USD,648.95,4,United States
2025-07-12,USD,563.89,4,United States
2025-07-14,USD,456.52,3,United States
2025-07-02,USD,790.35,5,United States
2025-07-02,USD,770.96,5,United States
2025-07-28,USD,166.79,1,United States
2025-07-18,USD,329.90,2,United States
2025-07-22,USD,162.03,1,United States
2025-07-17,USD,328.81,2,United States
2025-07-07,USD,496.11,3,United States
2025-07-27,USD,486.70,3,United States
2025-07-08,USD,753.32,5,United States
2025-07-17,USD,570.18,4,United States
2025-07-09,USD,147.64,1,United States
2025-07-17,USD,452.71,3,United States
2025-07-08,USD,438.39,3,United States
2025-07-23,GBP,588.98,5,United Kingdom
2025-07-09,GBP,112.71,1,United Kingdom
2025-07-19,GBP,445.56,4,United Kingdom
2025-07-01,GBP,627.75,5,United Kingdom
2025-07-18,GBP,120.53,1,United Kingdom
2025-07-25,GBP,326.23,3,United Kingdom
2025-07-20,GBP,392.45,3,United Kingdom
2025-07-26,GBP,119.61,1,United Kingdom
2025-08-22,EUR,152.97,1,Spain
2025-08-16,EUR,414.45,3,Spain
2025-08-22,EUR,561.89,4,Germany
2025-08-25,EUR,584.28,4,Germany
2025-08-19,EUR,611.99,4,Italy
2025-08-26,EUR,259.47,2,Germany
2025-08-01,EUR,639.58,5,Spain
2025-08-17,EUR,147.74,1,Spain
2025-08-11,EUR,750.44,5,Germany
2025-08-04,EUR,561.39,4,Germany
2025-08-12,EUR,578.04,4,Spain
2025-08-11,EUR,736.26,5,Spain
2025-08-01,EUR,150.04,1,Germany
2025-08-20,EUR,744.94,5,Italy
2025-08-05,EUR,700.76,5,Italy
2025-08-16,EUR,777.12,5,Italy
2025-08-25,EUR,296.57,2,France
2025-08-15,EUR,546.66,4,France
2025-08-23,EUR,139.35,1,France
2025-08-20,EUR,133.44,1,France
2025-08-03,EUR,149.09,1,Germany
2025-08-18,EUR,532.32,4,Spain
2025-08-22,EUR,717.38,5,France
2025-08-12,EUR,152.49,1,Germany
2025-08-22,EUR,606.03,4,France
2025-08-12,EUR,149.30,1,France
2025-08-10,EUR,150.73,1,Italy
2025-08-15,EUR,688.70,5,France
2025-08-12,EUR,569.53,4,Italy
2025-08-19,EUR,521.48,4,Italy
2025-08-11,EUR,291.68,2,Italy
2025-08-06,EUR,275.04,2,France
2025-08-11,EUR,425.15,3,Italy
2025-08-26,EUR,143.56,1,Spain
2025-08-19,EUR,545.17,4,Spain
2025-08-09,EUR,308.49,2,Italy
2025-08-23,EUR,311.30,2,Italy
2025-08-28,EUR,406.42,3,Italy
2025-08-06,EUR,435.54,3,Germany
2025-08-19,EUR,640.19,5,Germany
2025-08-16,EUR,776.92,5,France
2025-08-10,EUR,146.98,1,Germany
2025-08-11,EUR,528.32,4,Italy
2025-08-03,EUR,152.91,1,Germany
2025-08-13,EUR,129.52,1,Spain
2025-08-13,EUR,403.14,3,Italy
2025-08-17,USD,443.47,3,United States
2025-08-03,USD,324.68,2,United States
2025-08-17,USD,706.71,5,United States
2025-08-12,USD,702.12,5,United States
2025-08-22,USD,477.82,3,United States
2025-08-25,USD,300.52,2,United States
2025-08-06,USD,461.11,3,United States
2025-08-02,USD,161.96,1,United States
2025-08-03,USD,765.95,5,United States
2025-08-17,USD,771.72,5,United States
2025-08-02,USD,637.39,4,United States
2025-08-23,USD,504.25,3,United States
2025-08-24,USD,828.09,5,United States
2025-08-22,USD,153.51,1,United States
2025-08-07,USD,615.51,4,United States
2025-08-02,USD,504.40,3,United States
2025-08-24,USD,501.38,3,United States
2025-08-22,USD,635.30,4,United States
2025-08-14,USD,147.84,1,United States
2025-08-07,USD,147.82,1,United States
2025-08-19,USD,170.36,1,United States
2025-08-14,USD,330.07,2,United States
2025-08-24,USD,170.38,1,United States
2025-08-24,USD,669.33,4,United States
2025-08-24,USD,464.93,3,United States
2025-08-26,USD,340.98,2,United States
2025-08-15,USD,328.51,2,United States
2025-08-08,USD,157.80,1,United States
2025-08-22,USD,320.72,2,United States
2025-08-16,GBP,131.09,1,United Kingdom
2025-08-08,GBP,468.33,4,United Kingdom
2025-08-10,GBP,216.92,2,United Kingdom
2025-08-12,GBP,128.73,1,United Kingdom
2025-08-03,GBP,397.05,3,United Kingdom
2025-08-19,GBP,249.18,2,United Kingdom
2025-08-08,GBP,122.70,1,United Kingdom
2025-08-14,GBP,130.37,1,United Kingdom
2025-08-17,GBP,560.59,5,United Kingdom
2025-08-16,GBP,500.08,4,United Kingdom
2025-08-19,GBP,490.08,4,United Kingdom
2025-08-02,GBP,236.16,2,United Kingdom
2025-08-17,GBP,234.25,2,United Kingdom
2025-08-27,GBP,351.59,3,United Kingdom
2025-09-17,EUR,413.37,3,France
2025-09-08,EUR,721.59,5,Germany
2025-09-21,EUR,690.07,5,France
2025-09-21,EUR,276.74,2,France
2025-09-19,EUR,288.50,2,Germany
2025-09-03,EUR,262.86,2,Italy
2025-09-24,EUR,291.00,2,Italy
2025-09-05,EUR,778.16,5,Spain
2025-09-15,EUR,724.65,5,Germany
2025-09-04,EUR,545.26,4,Spain
2025-09-02,EUR,277.24,2,France
2025-09-26,EUR,136.10,1,Spain
2025-09-12,EUR,302.96,2,France
2025-09-17,EUR,280.25,2,France
2025-09-15,EUR,432.61,3,Italy
2025-09-12,EUR,753.33,5,Spain
2025-09-28,EUR,609.72,4,Spain
2025-09-05,EUR,685.83,5,Spain
2025-09-16,EUR,147.02,1,Italy
2025-09-25,EUR,155.65,1,Spain
2025-09-06,EUR,437.61,3,Italy
2025-09-09,EUR,738.40,5,France
2025-09-08,EUR,307.83,2,Germany
2025-09-07,EUR,409.77,3,France
2025-09-04,EUR,620.38,4,Italy
2025-09-15,EUR,149.92,1,Spain
2025-09-04,EUR,548.36,4,France
2025-09-21,EUR,617.14,4,Italy
2025-09-08,EUR,270.90,2,France
2025-09-25,EUR,273.18,2,France
2025-09-07,EUR,140.20,1,Germany
2025-09-10,EUR,524.63,4,Spain
2025-09-03,EUR,716.27,5,France
2025-09-03,EUR,584.82,4,France
2025-09-26,EUR,543.47,4,Germany
2025-09-13,EUR,771.13,5,France
2025-09-19,EUR,672.73,5,Germany
2025-09-05,EUR,304.33,2,France
2025-09-15,EUR,143.00,1,France
2025-09-02,EUR,548.07,4,France
2025-09-03,EUR,389.75,3,Spain
2025-09-23,EUR,307.75,2,France
2025-09-21,EUR,532.62,4,Italy
2025-09-07,EUR,127.52,1,France
2025-09-18,EUR,147.32,1,Spain
2025-09-01,EUR,548.12,4,Italy
2025-09-26,EUR,277.30,2,Spain
2025-09-01,EUR,461.28,3,Spain
2025-09-08,EUR,537.34,4,France
2025-09-25,USD,776.90,5,United States
2025-09-15,USD,599.59,4,United States
2025-09-24,USD,319.11,2,United States
2025-09-01,USD,613.68,4,United States
2025-09-02,USD,496.31,3,United States
2025-09-26,USD,638.66,4,United States
2025-09-14,USD,747.57,5,United States
2025-09-26,USD,430.48,3,United States
2025-09-17,USD,166.53,1,United States
2025-09-14,USD,622.01,4,United States
2025-09-20,USD,653.04,4,United States
2025-09-13,USD,507.33,3,United States
2025-09-22,USD,642.06,4,United States
2025-09-16,USD,463.90,3,United States
2025-09-07,USD,747.02,5,United States
2025-09-10,USD,770.28,5,United States
2025-09-14,USD,829.12,5,United States
2025-09-01,USD,786.72,5,United States
2025-09-28,USD,818.00,5,United States
2025-09-20,USD,335.13,2,United States
2025-09-11,USD,662.43,4,United States
2025-09-20,USD,791.75,5,United States
2025-09-07,USD,142.10,1,United States
2025-09-11,USD,149.08,1,United States
2025-09-08,USD,422.29,3,United States
2025-09-01,USD,572.32,4,United States
2025-09-23,USD,565.62,4,United States
2025-09-13,USD,792.49,5,United States
2025-09-27,GBP,325.38,3,United Kingdom
2025-09-07,GBP,361.49,3,United Kingdom
2025-09-18,GBP,127.01,1,United Kingdom
2025-09-28,GBP,258.99,2,United Kingdom
2025-09-05,GBP,109.47,1,United Kingdom
2025-09-04,GBP,553.47,5,United Kingdom
2025-09-21,GBP,225.29,2,United Kingdom
2025-09-09,GBP,222.88,2,United Kingdom
2025-09-27,GBP,608.51,5,United Kingdom
2025-09-13,GBP,491.93,4,United Kingdom
2025-09-01,GBP,341.29,3,United Kingdom
2025-10-21,EUR,575.22,4,France
2025-10-27,EUR,645.97,5,Italy
2025-10-10,EUR,715.51,5,Spain
2025-10-21,EUR,308.05,2,Spain
2025-10-20,EUR,278.44,2,France
2025-10-15,EUR,757.10,5,Germany
2025-10-26,EUR,409.91,3,France
2025-10-08,EUR,742.07,5,Spain
2025-10-10,EUR,409.44,3,Spain
2025-10-06,EUR,558.67,4,France
2025-10-24,EUR,562.11,4,Italy
2025-10-17,EUR,154.16,1,Spain
2025-10-22,EUR,526.76,4,Germany
2025-10-14,EUR,450.58,3,Spain
2025-10-04,EUR,254.92,2,France
2025-10-05,EUR,601.25,4,Germany
2025-10-03,EUR,686.55,5,Germany
2025-10-19,EUR,762.69,5,Italy
2025-10-12,EUR,265.03,2,Spain
2025-10-03,EUR,307.31,2,Italy
2025-10-16,EUR,275.44,2,Germany
2025-10-25,EUR,568.69,4,Germany
2025-10-16,EUR,283.34,2,Spain
2025-10-24,EUR,138.00,1,Spain
2025-10-09,EUR,432.96,3,Spain
2025-10-24,EUR,129.35,1,Spain
2025-10-27,EUR,155.10,1,Spain
2025-10-09,EUR,556.70,4,Spain
2025-10-07,EUR,138.70,1,Germany
2025-10-06,EUR,410.11,3,Germany
2025-10-21,EUR,127.84,1,Italy
2025-10-25,EUR,435.27,3,Germany
2025-10-16,EUR,128.71,1,France
2025-10-20,EUR,130.69,1,France
2025-10-09,EUR,270.43,2,Germany
2025-10-21,EUR,140.02,1,France
2025-10-06,EUR,456.75,3,France
2025-10-02,EUR,303.44,2,Spain
2025-10-07,EUR,777.16,5,Spain
2025-10-20,EUR,148.78,1,Italy
2025-10-17,EUR,730.95,5,Spain
2025-10-22,EUR,665.31,5,Italy
2025-10-06,EUR,684.19,5,Germany
2025-10-15,EUR,430.86,3,France
2025-10-25,EUR,297.69,2,France
2025-10-24,EUR,464.78,3,Germany
2025-10-17,EUR,133.02,1,Italy
2025-10-11,USD,756.54,5,United States
2025-10-23,USD,302.24,2,United States
2025-10-02,USD,641.98,4,United States
2025-10-25,USD,572.13,4,United States
2025-10-02,USD,168.36,1,United States
2025-10-03,USD,161.78,1,United States
2025-10-20,USD,294.30,2,United States
2025-10-24,USD,701.47,5,United States
2025-10-24,USD,423.66,3,United States
2025-10-08,USD,633.73,4,United States
2025-10-08,USD,463.51,3,United States
2025-10-06,USD,435.89,3,United States
2025-10-20,USD,424.36,3,United States
2025-10-09,USD,435.61,3,United States
2025-10-23,USD,780.31,5,United States
2025-10-13,USD,421.12,3,United States
2025-10-17,USD,816.14,5,United States
2025-10-07,USD,643.03,4,United States
2025-10-04,USD,575.94,4,United States
2025-10-20,USD,468.63,3,United States
2025-10-23,USD,443.48,3,United States
2025-10-06,USD,422.34,3,United States
2025-10-09,USD,830.26,5,United States
2025-10-09,USD,570.73,4,United States
2025-10-09,USD,794.35,5,United States
2025-10-11,USD,716.38,5,United States
2025-10-09,USD,337.10,2,United States
2025-10-20,USD,332.45,2,United States
2025-10-26,USD,163.84,1,United States
2025-10-21,USD,491.42,3,United States
2025-10-17,USD,662.46,4,United States
2025-10-10,USD,333.78,2,United States
2025-10-01,USD,335.73,2,United States
2025-10-12,USD,574.21,4,United States
2025-10-13,GBP,566.45,5,United Kingdom
2025-10-19,GBP,124.79,1,United Kingdom
2025-10-12,GBP,609.78,5,United Kingdom
2025-10-03,GBP,607.54,5,United Kingdom
2025-10-01,GBP,331.09,3,United Kingdom
2025-10-13,GBP,219.22,2,United Kingdom
2025-10-28,GBP,524.96,4,United Kingdom
2025-10-27,GBP,132.03,1,United Kingdom
2025-10-09,GBP,329.18,3,United Kingdom
2025-10-17,GBP,576.20,5,United Kingdom
2025-10-12,GBP,650.78,5,United Kingdom
2025-10-08,GBP,500.44,4,United Kingdom
2025-10-05,GBP,509.36,4,United Kingdom
2025-10-06,GBP,129.24,1,United Kingdom
2025-11-14,EUR,449.79,3,Italy
2025-11-07,EUR,287.61,2,Germany
2025-11-28,EUR,293.49,2,France
2025-11-02,EUR,147.21,1,France
2025-11-10,EUR,554.08,4,Germany
2025-11-27,EUR,299.64,2,France
2025-11-21,EUR,424.58,3,Spain
2025-11-05,EUR,597.02,4,France
2025-11-25,EUR,586.17,4,Germany
2025-11-20,EUR,605.34,4,Italy
2025-11-22,EUR,148.30,1,France
2025-11-09,EUR,382.50,3,Spain
2025-11-06,EUR,618.73,4,Germany
2025-11-27,EUR,453.19,3,Germany
2025-11-06,EUR,593.21,4,Germany
2025-11-20,EUR,143.98,1,Spain
2025-11-06,EUR,265.11,2,Spain
2025-11-10,EUR,406.65,3,Italy
2025-11-03,EUR,699.45,5,Spain
2025-11-21,EUR,578.16,4,France
2025-11-25,EUR,766.35,5,Spain
2025-11-13,EUR,132.43,1,France
2025-11-08,EUR,580.58,4,France
2025-11-23,EUR,255.02,2,Spain
2025-11-09,EUR,737.35,5,Italy
2025-11-15,EUR,595.77,4,Spain
2025-11-14,EUR,128.74,1,Italy
2025-11-22,EUR,719.83,5,Spain
2025-11-09,EUR,595.24,4,Italy
2025-11-27,EUR,680.10,5,Spain
2025-11-11,EUR,521.16,4,Spain
2025-11-14,EUR,140.67,1,France
2025-11-04,EUR,698.97,5,France
2025-11-26,EUR,306.69,2,Spain
2025-11-11,EUR,731.01,5,Spain
2025-11-24,EUR,136.08,1,France
2025-11-15,EUR,145.50,1,Germany
2025-11-21,EUR,147.63,1,Germany
2025-11-18,EUR,130.34,1,France
2025-11-26,EUR,756.91,5,Spain
2025-11-09,EUR,141.93,1,France
2025-11-09,EUR,439.67,3,Spain
2025-11-17,EUR,387.70,3,France
2025-11-13,EUR,255.42,2,Spain
2025-11-17,USD,323.18,2,United States
2025-11-06,USD,677.35,4,United States
2025-11-24,USD,294.42,2,United States
2025-11-08,USD,329.39,2,United States
2025-11-22,USD,158.51,1,United States
2025-11-25,USD,453.52,3,United States
2025-11-03,USD,495.99,3,United States
2025-11-27,USD,766.82,5,United States
2025-11-08,USD,602.57,4,United States
2025-11-10,USD,284.83,2,United States
2025-11-22,USD,829.86,5,United States
2025-11-23,USD,816.71,5,United States
2025-11-13,USD,290.32,2,United States
2025-11-21,USD,570.98,4,United States
2025-11-22,USD,421.62,3,United States
2025-11-07,USD,165.05,1,United States
2025-11-13,USD,326.57,2,United States
2025-11-03,USD,146.01,1,United States
2025-11-26,USD,847.09,5,United States
2025-11-19,USD,674.35,4,United States
2025-11-11,USD,814.05,5,United States
2025-11-12,USD,648.87,4,United States
2025-11-15,USD,150.70,1,United States
2025-11-21,USD,149.86,1,United States
2025-11-23,USD,650.87,4,United States
2025-11-18,USD,511.44,3,United States
2025-11-26,USD,507.69,3,United States
2025-11-05,USD,448.97,3,United States
2025-11-17,USD,757.56,5,United States
2025-11-14,USD,148.44,1,United States
2025-11-07,GBP,376.28,3,United Kingdom
2025-11-04,GBP,509.19,4,United Kingdom
2025-11-07,GBP,250.19,2,United Kingdom
2025-11-09,GBP,119.94,1,United Kingdom
2025-11-20,GBP,234.61,2,United Kingdom
2025-11-17,GBP,129.35,1,United Kingdom
2025-12-20,EUR,553.27,4,France
2025-12-07,EUR,604.18,4,France
2025-12-10,EUR,622.10,4,Italy
2025-12-03,EUR,134.52,1,France
2025-12-03,EUR,300.45,2,Spain
2025-12-21,EUR,141.14,1,Spain
2025-12-05,EUR,611.61,4,Germany
2025-12-06,EUR,552.81,4,Germany
2025-12-10,EUR,693.71,5,Spain
2025-12-08,EUR,772.27,5,Spain
2025-12-20,EUR,462.46,3,Germany
2025-12-22,EUR,422.77,3,Germany
2025-12-26,EUR,459.51,3,Germany
2025-12-22,EUR,306.86,2,Spain
2025-12-28,EUR,446.53,3,France
2025-12-03,EUR,278.10,2,Italy
2025-12-07,EUR,527.95,4,France
2025-12-26,EUR,679.93,5,France
2025-12-28,EUR,758.48,5,Spain
2025-12-20,EUR,410.38,3,Italy
2025-12-20,EUR,432.17,3,Germany
2025-12-13,EUR,270.50,2,Germany
2025-12-07,EUR,615.34,4,Italy
2025-12-01,EUR,139.59,1,Germany
2025-12-06,EUR,423.59,3,France
2025-12-06,EUR,718.61,5,France
2025-12-05,EUR,145.20,1,Germany
2025-12-21,EUR,580.88,4,Spain
2025-12-28,EUR,601.25,4,Italy
2025-12-05,EUR,667.96,5,Spain
2025-12-03,EUR,539.17,4,France
2025-12-07,EUR,549.11,4,Germany
2025-12-20,EUR,613.11,4,Italy
2025-12-08,EUR,291.55,2,Spain
2025-12-24,EUR,654.95,5,Germany
2025-12-22,EUR,154.57,1,Italy
2025-12-13,EUR,527.07,4,Germany
2025-12-09,EUR,579.69,4,Germany
2025-12-27,EUR,273.56,2,Italy
2025-12-02,EUR,660.56,5,France
2025-12-02,EUR,516.24,4,Germany
2025-12-05,EUR,466.29,3,Italy
2025-12-24,EUR,649.32,5,Italy
2025-12-20,EUR,762.25,5,Spain
2025-12-19,EUR,437.38,3,Spain
2025-12-20,EUR,412.94,3,France
2025-12-26,EUR,407.95,3,France
2025-12-07,EUR,462.38,3,Italy
2025-12-13,USD,159.80,1,United States
2025-12-21,USD,482.10,3,United States
2025-12-18,USD,331.32,2,United States
2025-12-09,USD,434.00,3,United States
2025-12-28,USD,307.80,2,United States
2025-12-26,USD,563.66,4,United States
2025-12-09,USD,143.35,1,United States
2025-12-25,USD,778.96,5,United States
2025-12-18,USD,168.42,1,United States
2025-12-01,USD,855.14,5,United States
2025-12-24,USD,601.45,4,United States
2025-12-02,USD,653.51,4,United States
2025-12-08,USD,304.34,2,United States
2025-12-19,USD,840.73,5,United States
2025-12-09,USD,757.46,5,United States
2025-12-05,USD,603.16,4,United States
2025-12-15,USD,311.27,2,United States
2025-12-13,USD,675.33,4,United States
2025-12-01,USD,335.91,2,United States
2025-12-25,USD,469.85,3,United States
2025-12-01,USD,145.69,1,United States
2025-12-21,USD,594.62,4,United States
2025-12-14,USD,680.72,4,United States
2025-12-01,USD,162.76,1,United States
2025-12-01,USD,751.62,5,United States
2025-12-23,USD,605.78,4,United States
2025-12-27,USD,591.56,4,United States
2025-12-19,USD,440.66,3,United States
2025-12-12,USD,844.91,5,United States
2025-12-18,USD,622.81,4,United States
2025-12-08,USD,501.84,3,United States
2025-12-12,USD,707.96,5,United States
2025-12-28,USD,150.14,1,United States
2025-12-01,GBP,365.17,3,United Kingdom
2025-12-14,GBP,618.86,5,United Kingdom
2025-12-05,GBP,525.30,4,United Kingdom
2025-12-25,GBP,362.04,3,United Kingdom
2025-12-26,GBP,443.14,4,United Kingdom
2025-12-25,GBP,563.29,5,United Kingdom
2025-12-14,GBP,370.11,3,United Kingdom
2025-12-23,GBP,108.66,1,United Kingdom
