logged_on,team,tickets,hours,cost,account_balance
2023-01-20,Billing,2,1.8,86.40,9975.58
2023-01-24,Billing,1,1.5,72.00,9980.30
2023-01-22,Billing,4,4.4,211.20,10040.89
2023-01-09,Billing,2,3.6,172.80,9981.57
2023-01-26,Billing,3,3.1,148.80,10013.27
2023-01-17,Billing,2,1.5,72.00,10016.54
2023-01-09,Billing,2,1.0,48.00,9956.99
2023-01-20,Billing,3,1.6,76.80,9977.41
2023-01-28,Billing,4,4.4,211.20,10049.04
2023-01-15,Billing,1,1.8,86.40,10018.69
2023-01-04,Billing,3,2.3,110.40,9959.47
2023-01-28,Billing,4,5.1,244.80,9969.38
2023-01-15,Billing,2,2.5,120.00,9978.13
2023-01-09,Billing,1,0.7,33.60,10049.92
2023-01-09,Billing,3,2.0,96.00,9966.17
2023-01-14,Billing,1,1.5,72.00,10008.59
2023-01-14,Billing,4,7.8,374.40,9966.84
2023-01-13,Billing,4,3.9,187.20,9995.98
2023-01-14,Billing,1,0.9,43.20,9989.41
2023-01-15,Billing,4,2.4,115.20,9964.33
2023-01-23,Billing,3,4.1,196.80,9951.91
2023-01-23,Billing,4,7.7,369.60,9992.31
2023-01-23,Tech,3,5.7,273.60,9976.35
2023-01-10,Tech,2,1.1,52.80,10005.99
2023-01-26,Tech,3,1.9,91.20,9959.78
2023-01-07,Tech,3,1.6,76.80,9950.04
2023-01-17,Tech,3,3.8,182.40,10030.46
2023-01-09,Tech,1,0.6,28.80,9964.62
2023-01-07,Tech,1,0.8,38.40,10037.30
2023-01-09,Tech,2,1.7,81.60,10010.39
2023-01-11,Tech,3,4.7,225.60,10039.55
2023-01-02,Tech,2,2.5,120.00,10034.14
2023-01-12,Tech,4,4.3,206.40,10046.00
2023-01-18,Tech,3,3.7,177.60,10045.23
2023-01-02,Tech,2,2.9,139.20,9992.94
2023-01-25,Tech,3,1.9,91.20,10030.72
2023-01-05,Tech,2,1.2,57.60,10042.85
2023-01-07,Tech,3,3.7,177.60,9962.57
2023-01-13,Tech,1,1.7,81.60,9975.68
2023-01-12,Tech,4,4.5,216.00,9994.49
2023-01-03,Tech,2,3.4,163.20,9967.19
2023-01-01,Tech,2,3.9,187.20,10036.01
2023-01-27,Tech,3,6.0,288.00,10009.55
2023-01-27,Tech,1,1.4,67.20,9996.84
2023-01-16,Tech,3,5.7,273.60,10036.40
2023-01-02,Tech,1,1.9,91.20,9956.86
2023-01-04,Onboarding,1,1.7,81.60,10043.12
2023-01-03,Onboarding,1,1.7,81.60,9980.52
2023-01-05,Onboarding,4,7.3,350.40,9964.99
2023-01-15,Onboarding,4,6.7,321.60,9999.53
2023-01-17,Onboarding,1,0.9,43.20,10047.14
2023-01-08,Onboarding,3,4.6,220.80,10014.58
2023-01-01,Onboarding,2,3.2,153.60,9950.77
2023-01-12,Onboarding,1,1.8,86.40,9989.78
2023-01-15,Onboarding,3,3.1,148.80,10043.60
2023-01-01,Onboarding,3,2.1,100.80,10045.64
2023-01-26,Onboarding,3,5.9,283.20,10002.36
2023-01-27,Onboarding,4,2.2,105.60,10014.61
2023-01-15,Onboarding,3,4.1,196.80,10029.43
2023-01-14,Onboarding,3,4.6,220.80,10046.78
2023-01-14,Onboarding,2,3.3,158.40,9987.66
2023-01-23,Onboarding,4,3.5,168.00,10031.40
2023-01-04,Onboarding,2,3.5,168.00,9969.51
2023-01-28,Onboarding,1,0.9,43.20,9959.05
2023-01-28,Onboarding,1,0.5,24.00,10017.52
2023-01-22,Onboarding,3,5.0,240.00,9992.39
2023-01-08,Onboarding,1,1.4,67.20,10020.38
2023-01-06,Onboarding,3,3.6,172.80,9970.25
2023-01-04,Onboarding,3,3.6,172.80,10025.46
2023-01-12,Onboarding,3,3.7,177.60,10032.85
2023-01-10,Onboarding,1,0.8,38.40,10013.66
2023-01-05,Onboarding,3,3.6,172.80,9980.49
2023-01-02,Onboarding,2,1.2,57.60,9953.05
2023-01-10,Onboarding,4,4.2,201.60,9979.58
2023-01-24,Claims,2,1.4,67.20,10049.90
2023-01-07,Claims,1,2.0,96.00,10037.60
2023-01-08,Claims,3,5.3,254.40,10009.10
2023-01-27,Claims,3,2.3,110.40,9974.66
2023-01-28,Claims,3,3.0,144.00,10002.19
2023-01-14,Claims,1,0.5,24.00,9980.53
2023-01-09,Claims,2,1.9,91.20,10030.76
2023-01-07,Claims,1,1.3,62.40,10023.88
2023-01-13,Claims,3,4.2,201.60,9961.21
2023-01-25,Claims,1,1.2,57.60,10027.03
2023-01-25,Claims,1,1.6,76.80,10004.53
2023-01-08,Claims,1,1.4,67.20,9970.55
2023-01-18,Claims,4,3.2,153.60,9958.06
2023-01-12,Claims,4,7.0,336.00,9958.07
2023-01-24,Claims,1,1.8,86.40,10008.18
2023-01-08,Claims,1,0.7,33.60,10005.53
2023-01-11,Claims,4,5.1,244.80,10014.31
2023-01-12,Claims,1,1.8,86.40,9983.88
2023-01-09,Claims,2,2.4,115.20,10047.28
2023-01-25,Claims,1,1.4,67.20,9953.96
2023-01-15,Claims,3,1.6,76.80,9956.20
2023-01-13,Claims,2,1.7,81.60,9960.40
2023-01-17,Claims,2,3.7,177.60,9992.61
2023-01-06,Claims,1,1.1,52.80,9984.30
2023-01-27,Claims,2,2.7,129.60,10045.24
2023-01-23,Claims,4,2.9,139.20,10044.33
2023-01-18,Claims,4,3.8,182.40,9974.41
2023-02-07,Billing,2,3.1,148.80,10165.37
2023-02-09,Billing,2,2.5,120.00,10105.98
2023-02-05,Billing,2,2.2,105.60,10111.27
2023-02-08,Billing,1,0.8,38.40,10167.32
2023-02-25,Billing,3,1.7,81.60,10127.58
2023-02-08,Billing,2,2.0,96.00,10113.49
2023-02-02,Billing,3,5.2,249.60,10100.29
2023-02-28,Billing,4,5.8,278.40,10127.35
2023-02-16,Billing,4,6.6,316.80,10174.62
2023-02-16,Billing,2,2.4,115.20,10171.12
2023-02-21,Billing,3,5.9,283.20,10193.62
2023-02-07,Billing,3,5.6,268.80,10149.37
2023-02-13,Billing,1,1.2,57.60,10153.19
2023-02-14,Billing,3,2.8,134.40,10132.29
2023-02-18,Billing,1,1.7,81.60,10101.44
2023-02-11,Billing,1,0.9,43.20,10195.85
2023-02-15,Billing,3,3.5,168.00,10193.73
2023-02-13,Billing,4,2.0,96.00,10157.07
2023-02-28,Billing,1,0.9,43.20,10150.94
2023-02-19,Billing,2,3.3,158.40,10174.00
2023-02-16,Billing,4,6.3,302.40,10145.43
2023-02-12,Billing,4,7.2,345.60,10147.36
2023-02-24,Billing,3,3.2,153.60,10136.54
2023-02-01,Billing,2,3.2,153.60,10128.98
2023-02-27,Tech,4,6.0,288.00,10123.29
2023-02-01,Tech,1,0.7,33.60,10164.08
2023-02-25,Tech,2,2.8,134.40,10186.84
2023-02-06,Tech,4,2.2,105.60,10129.68
2023-02-27,Tech,1,1.0,48.00,10106.41
2023-02-07,Tech,1,0.7,33.60,10108.54
2023-02-25,Tech,1,1.6,76.80,10156.10
2023-02-05,Tech,1,1.0,48.00,10157.03
2023-02-26,Tech,4,5.7,273.60,10183.09
2023-02-01,Tech,4,2.1,100.80,10185.26
2023-02-01,Tech,1,1.6,76.80,10119.23
2023-02-20,Tech,1,1.7,81.60,10112.56
2023-02-10,Tech,3,1.6,76.80,10154.40
2023-02-07,Tech,4,6.6,316.80,10132.23
2023-02-08,Tech,3,5.8,278.40,10181.67
2023-02-16,Tech,4,3.2,153.60,10148.62
2023-02-24,Tech,2,2.5,120.00,10178.41
2023-02-16,Tech,2,1.8,86.40,10147.76
2023-02-02,Tech,1,1.5,72.00,10133.48
2023-02-06,Tech,2,3.4,163.20,10152.59
2023-02-11,Tech,3,3.4,163.20,10154.68
2023-02-01,Tech,1,1.0,48.00,10198.76
2023-02-17,Tech,2,1.1,52.80,10101.73
2023-02-02,Tech,3,1.8,86.40,10175.51
2023-02-06,Tech,3,4.2,201.60,10138.13
2023-02-19,Onboarding,2,2.0,96.00,10119.15
2023-02-05,Onboarding,4,4.4,211.20,10119.66
2023-02-04,Onboarding,3,4.3,206.40,10159.47
2023-02-21,Onboarding,3,6.0,288.00,10155.87
2023-02-15,Onboarding,2,1.1,52.80,10174.16
2023-02-20,Onboarding,4,2.7,129.60,10188.77
2023-02-13,Onboarding,4,4.0,192.00,10195.14
2023-02-03,Onboarding,3,4.4,211.20,10122.64
2023-02-28,Onboarding,2,3.5,168.00,10132.14
2023-02-23,Onboarding,4,7.5,360.00,10105.63
2023-02-18,Onboarding,3,4.0,192.00,10194.68
2023-02-05,Onboarding,3,4.0,192.00,10182.04
2023-02-23,Onboarding,3,2.7,129.60,10148.03
2023-02-04,Onboarding,4,4.8,230.40,10176.04
2023-02-01,Onboarding,3,4.4,211.20,10192.13
2023-02-09,Onboarding,3,4.7,225.60,10114.16
2023-02-03,Onboarding,3,4.2,201.60,10188.67
2023-02-28,Onboarding,2,3.8,182.40,10175.27
2023-02-20,Onboarding,2,3.1,148.80,10181.06
2023-02-13,Onboarding,3,3.2,153.60,10131.27
2023-02-04,Onboarding,1,1.9,91.20,10150.04
2023-02-11,Onboarding,1,0.8,38.40,10197.67
2023-02-13,Onboarding,4,2.2,105.60,10156.71
2023-02-26,Onboarding,3,5.4,259.20,10176.31
2023-02-20,Onboarding,3,3.6,172.80,10174.31
2023-02-09,Claims,3,3.6,172.80,10179.89
2023-02-06,Claims,3,4.8,230.40,10121.05
2023-02-14,Claims,4,8.0,384.00,10155.66
2023-02-15,Claims,3,2.3,110.40,10189.78
2023-02-16,Claims,3,2.1,100.80,10110.85
2023-02-08,Claims,1,1.9,91.20,10102.19
2023-02-24,Claims,2,2.7,129.60,10183.61
2023-02-28,Claims,1,1.4,67.20,10197.87
2023-02-27,Claims,1,1.3,62.40,10148.45
2023-02-07,Claims,2,3.1,148.80,10121.56
2023-02-16,Claims,3,2.1,100.80,10102.75
2023-02-26,Claims,4,4.7,225.60,10111.58
2023-02-04,Claims,4,3.4,163.20,10173.65
2023-02-07,Claims,3,3.7,177.60,10134.13
2023-02-05,Claims,3,2.7,129.60,10126.40
2023-02-17,Claims,2,2.3,110.40,10129.32
2023-02-08,Claims,3,3.1,148.80,10153.10
2023-02-17,Claims,1,0.6,28.80,10143.97
2023-02-28,Claims,3,1.8,86.40,10102.14
2023-02-18,Claims,1,1.5,72.00,10190.88
2023-02-26,Claims,4,4.9,235.20,10164.68
2023-02-28,Claims,2,1.6,76.80,10137.22
2023-02-17,Claims,1,0.7,33.60,10170.90
2023-02-10,Claims,3,5.1,244.80,10177.36
2023-02-02,Claims,1,0.6,28.80,10103.25
2023-03-08,Billing,1,1.3,62.40,10348.35
2023-03-19,Billing,3,3.6,172.80,10276.11
2023-03-05,Billing,3,4.0,192.00,10282.29
2023-03-08,Billing,3,5.2,249.60,10257.58
2023-03-20,Billing,4,7.1,340.80,10289.47
2023-03-25,Billing,4,2.1,100.80,10301.85
2023-03-24,Billing,4,6.0,288.00,10307.56
2023-03-18,Billing,3,1.8,86.40,10252.95
2023-03-26,Billing,3,4.7,225.60,10309.92
2023-03-15,Billing,1,1.7,81.60,10291.20
2023-03-03,Billing,2,2.8,134.40,10339.27
2023-03-14,Billing,1,1.4,67.20,10332.92
2023-03-22,Billing,1,0.6,28.80,10339.79
2023-03-22,Billing,2,2.1,100.80,10274.06
2023-03-05,Billing,1,1.8,86.40,10274.39
2023-03-23,Billing,2,2.7,129.60,10284.06
2023-03-19,Billing,4,3.3,158.40,10268.35
2023-03-02,Billing,4,2.6,124.80,10331.95
2023-03-09,Billing,4,2.7,129.60,10289.88
2023-03-15,Billing,3,1.6,76.80,10285.84
2023-03-25,Billing,2,2.6,124.80,10332.70
2023-03-24,Billing,2,2.0,96.00,10348.71
2023-03-01,Billing,4,3.3,158.40,10290.46
2023-03-17,Billing,3,2.1,100.80,10255.84
2023-03-08,Billing,1,0.6,28.80,10325.12
2023-03-07,Tech,3,2.0,96.00,10312.59
2023-03-08,Tech,3,4.3,206.40,10324.20
2023-03-23,Tech,4,2.5,120.00,10298.06
2023-03-27,Tech,1,0.6,28.80,10343.89
2023-03-04,Tech,1,0.7,33.60,10250.82
2023-03-28,Tech,1,0.6,28.80,10287.78
2023-03-06,Tech,4,6.3,302.40,10341.96
2023-03-28,Tech,1,1.7,81.60,10323.10
2023-03-13,Tech,2,1.8,86.40,10266.83
2023-03-27,Tech,4,4.1,196.80,10346.19
2023-03-26,Tech,1,1.7,81.60,10331.59
2023-03-04,Tech,3,3.9,187.20,10256.17
2023-03-28,Tech,2,2.3,110.40,10340.66
2023-03-12,Tech,3,3.2,153.60,10308.50
2023-03-18,Tech,3,6.0,288.00,10337.31
2023-03-10,Tech,1,1.9,91.20,10327.60
2023-03-04,Tech,3,3.2,153.60,10305.22
2023-03-04,Tech,1,0.7,33.60,10303.46
2023-03-10,Tech,1,1.3,62.40,10299.44
2023-03-26,Tech,1,0.5,24.00,10316.30
2023-03-11,Tech,2,2.4,115.20,10337.24
2023-03-16,Tech,2,2.4,115.20,10336.08
2023-03-17,Tech,2,2.8,134.40,10263.79
2023-03-22,Onboarding,2,1.9,91.20,10297.69
2023-03-05,Onboarding,4,3.5,168.00,10256.58
2023-03-24,Onboarding,4,7.5,360.00,10329.53
2023-03-24,Onboarding,4,4.4,211.20,10268.77
2023-03-25,Onboarding,2,2.1,100.80,10272.48
2023-03-19,Onboarding,4,5.9,283.20,10273.09
2023-03-05,Onboarding,1,1.6,76.80,10348.53
2023-03-24,Onboarding,4,6.5,312.00,10328.26
2023-03-06,Onboarding,1,0.7,33.60,10345.25
2023-03-03,Onboarding,3,4.8,230.40,10311.24
2023-03-08,Onboarding,3,4.4,211.20,10325.33
2023-03-10,Onboarding,1,1.6,76.80,10320.09
2023-03-06,Onboarding,4,6.6,316.80,10343.58
2023-03-28,Onboarding,2,3.8,182.40,10293.21
2023-03-22,Onboarding,2,3.0,144.00,10288.04
2023-03-16,Onboarding,2,3.3,158.40,10348.95
2023-03-09,Onboarding,1,0.8,38.40,10263.17
2023-03-09,Onboarding,3,4.1,196.80,10258.04
2023-03-20,Onboarding,4,5.2,249.60,10295.47
2023-03-26,Onboarding,3,4.6,220.80,10333.42
2023-03-02,Onboarding,3,2.1,100.80,10283.86
2023-03-01,Onboarding,3,1.9,91.20,10297.24
2023-03-15,Onboarding,4,5.1,244.80,10270.94
2023-03-22,Onboarding,2,2.8,134.40,10341.70
2023-03-05,Onboarding,3,4.8,230.40,10345.66
2023-03-28,Onboarding,1,0.6,28.80,10282.03
2023-03-23,Onboarding,2,3.4,163.20,10280.39
2023-03-26,Claims,2,3.6,172.80,10268.40
2023-03-04,Claims,3,4.9,235.20,10300.26
2023-03-22,Claims,2,1.9,91.20,10275.28
2023-03-13,Claims,3,2.7,129.60,10273.19
2023-03-22,Claims,3,1.8,86.40,10280.04
2023-03-09,Claims,3,4.7,225.60,10340.10
2023-03-21,Claims,3,2.3,110.40,10334.25
2023-03-20,Claims,3,4.7,225.60,10298.52
2023-03-25,Claims,2,2.8,134.40,10268.95
2023-03-02,Claims,4,4.0,192.00,10340.12
2023-03-13,Claims,3,2.0,96.00,10278.27
2023-03-17,Claims,1,1.3,62.40,10300.56
2023-03-23,Claims,3,3.6,172.80,10335.30
2023-03-22,Claims,1,1.5,72.00,10316.32
2023-03-01,Claims,3,2.4,115.20,10264.84
2023-03-26,Claims,3,5.2,249.60,10314.51
2023-03-13,Claims,4,5.3,254.40,10348.56
2023-03-10,Claims,3,3.7,177.60,10279.52
2023-03-07,Claims,4,4.2,201.60,10333.21
2023-03-27,Claims,1,1.5,72.00,10316.07
2023-03-02,Claims,3,4.6,220.80,10294.89
2023-03-21,Claims,4,5.5,264.00,10346.61
2023-03-16,Claims,1,1.4,67.20,10338.38
2023-03-12,Claims,1,1.1,52.80,10316.07
2023-03-23,Claims,1,1.6,76.80,10290.72
2023-03-09,Claims,4,6.6,316.80,10322.07
2023-04-09,Billing,1,0.6,28.80,10499.88
2023-04-27,Billing,4,7.7,369.60,10401.08
2023-04-10,Billing,4,5.2,249.60,10436.44
2023-04-07,Billing,1,1.2,57.60,10422.39
2023-04-24,Billing,3,2.7,129.60,10416.66
2023-04-07,Billing,1,1.0,48.00,10482.42
2023-04-18,Billing,3,5.8,278.40,10420.66
2023-04-02,Billing,3,3.0,144.00,10480.31
2023-04-26,Billing,4,3.0,144.00,10421.10
2023-04-27,Billing,1,1.8,86.40,10412.07
2023-04-16,Billing,2,2.6,124.80,10422.90
2023-04-26,Billing,1,0.5,24.00,10448.49
2023-04-03,Billing,1,1.8,86.40,10462.51
2023-04-05,Billing,2,2.7,129.60,10476.78
2023-04-01,Billing,2,3.5,168.00,10488.09
2023-04-22,Billing,2,2.5,120.00,10419.59
2023-04-02,Billing,1,0.6,28.80,10424.31
2023-04-22,Billing,2,3.0,144.00,10480.47
2023-04-26,Billing,1,0.7,33.60,10490.67
2023-04-10,Billing,1,1.8,86.40,10436.34
2023-04-16,Billing,2,1.1,52.80,10445.45
2023-04-22,Billing,3,5.6,268.80,10455.73
2023-04-26,Billing,3,4.3,206.40,10401.80
2023-04-13,Billing,1,1.1,52.80,10494.59
2023-04-09,Billing,3,3.1,148.80,10462.59
2023-04-25,Billing,1,1.8,86.40,10480.38
2023-04-28,Tech,3,4.6,220.80,10475.34
2023-04-19,Tech,1,1.9,91.20,10480.31
2023-04-01,Tech,1,0.6,28.80,10449.35
2023-04-17,Tech,3,3.7,177.60,10478.92
2023-04-27,Tech,2,1.5,72.00,10481.70
2023-04-05,Tech,4,3.0,144.00,10432.68
2023-04-21,Tech,3,4.8,230.40,10435.07
2023-04-28,Tech,4,7.9,379.20,10415.86
2023-04-24,Tech,1,1.0,48.00,10488.76
2023-04-09,Tech,2,3.1,148.80,10449.26
2023-04-15,Tech,4,2.3,110.40,10465.93
2023-04-21,Tech,3,3.2,153.60,10414.64
2023-04-09,Tech,1,0.8,38.40,10437.12
2023-04-23,Tech,1,1.1,52.80,10468.65
2023-04-07,Tech,4,3.6,172.80,10463.90
2023-04-04,Tech,3,3.8,182.40,10468.55
2023-04-02,Tech,1,1.6,76.80,10496.42
2023-04-16,Tech,1,0.7,33.60,10484.20
2023-04-19,Tech,2,1.5,72.00,10436.37
2023-04-07,Tech,4,2.1,100.80,10470.26
2023-04-04,Tech,1,1.4,67.20,10407.09
2023-04-03,Tech,1,0.6,28.80,10466.68
2023-04-19,Tech,3,4.3,206.40,10498.35
2023-04-11,Tech,4,5.1,244.80,10437.07
2023-04-25,Tech,2,3.6,172.80,10490.22
2023-04-06,Tech,2,3.7,177.60,10444.21
2023-04-26,Onboarding,3,2.0,96.00,10465.37
2023-04-15,Onboarding,1,0.6,28.80,10407.55
2023-04-20,Onboarding,1,1.5,72.00,10425.57
2023-04-11,Onboarding,2,3.1,148.80,10407.62
2023-04-13,Onboarding,4,2.7,129.60,10471.97
2023-04-26,Onboarding,2,3.7,177.60,10426.12
2023-04-12,Onboarding,2,2.3,110.40,10466.36
2023-04-10,Onboarding,1,1.2,57.60,10475.31
2023-04-23,Onboarding,3,3.6,172.80,10416.98
2023-04-09,Onboarding,1,0.6,28.80,10460.49
2023-04-06,Onboarding,2,1.1,52.80,10472.80
2023-04-08,Onboarding,1,0.7,33.60,10445.76
2023-04-08,Onboarding,4,6.7,321.60,10465.58
2023-04-15,Onboarding,2,3.3,158.40,10465.27
2023-04-14,Onboarding,4,5.3,254.40,10443.77
2023-04-21,Onboarding,4,6.6,316.80,10495.30
2023-04-01,Onboarding,3,1.8,86.40,10411.39
2023-04-02,Onboarding,3,3.8,182.40,10432.56
2023-04-08,Onboarding,4,7.2,345.60,10442.32
2023-04-26,Onboarding,2,1.1,52.80,10474.85
2023-04-17,Onboarding,4,6.3,302.40,10427.46
2023-04-15,Onboarding,4,3.4,163.20,10428.16
2023-04-01,Onboarding,1,0.9,43.20,10421.80
2023-04-14,Onboarding,3,3.4,163.20,10438.07
2023-04-28,Onboarding,4,6.5,312.00,10424.75
2023-04-09,Claims,3,3.7,177.60,10497.12
2023-04-09,Claims,3,2.7,129.60,10418.69
2023-04-22,Claims,4,7.1,340.80,10476.19
2023-04-26,Claims,4,4.7,225.60,10497.33
2023-04-08,Claims,3,2.8,134.40,10416.76
2023-04-16,Claims,1,2.0,96.00,10420.45
2023-04-07,Claims,3,3.1,148.80,10466.88
2023-04-06,Claims,2,3.6,172.80,10410.05
2023-04-04,Claims,1,1.3,62.40,10478.43
2023-04-16,Claims,2,3.2,153.60,10425.15
2023-04-01,Claims,1,1.6,76.80,10418.16
2023-04-23,Claims,1,1.0,48.00,10491.58
2023-04-02,Claims,2,3.3,158.40,10415.13
2023-04-02,Claims,3,2.0,96.00,10427.29
2023-04-16,Claims,2,2.3,110.40,10410.01
2023-04-08,Claims,3,1.5,72.00,10477.92
2023-04-10,Claims,1,0.9,43.20,10440.23
2023-04-17,Claims,2,1.2,57.60,10429.58
2023-04-04,Claims,3,4.7,225.60,10423.65
2023-04-05,Claims,3,4.3,206.40,10415.87
2023-04-01,Claims,3,3.0,144.00,10429.16
2023-04-06,Claims,4,5.3,254.40,10421.55
2023-04-05,Claims,4,6.9,331.20,10486.48
2023-04-16,Claims,2,3.6,172.80,10416.44
2023-04-06,Claims,1,1.0,48.00,10437.58
2023-04-04,Claims,4,5.5,264.00,10472.15
2023-04-03,Claims,3,2.8,134.40,10405.04
2023-05-18,Billing,2,2.1,100.80,10574.77
2023-05-14,Billing,4,5.3,254.40,10564.01
2023-05-09,Billing,1,1.7,81.60,10645.65
2023-05-10,Billing,3,2.1,100.80,10597.62
2023-05-21,Billing,1,1.8,86.40,10641.28
2023-05-28,Billing,2,3.0,144.00,10555.77
2023-05-24,Billing,4,2.7,129.60,10640.42
2023-05-22,Billing,3,1.5,72.00,10572.30
2023-05-26,Billing,4,7.8,374.40,10573.50
2023-05-23,Billing,2,2.4,115.20,10599.29
2023-05-15,Billing,1,0.7,33.60,10632.22
2023-05-13,Billing,3,3.4,163.20,10633.63
2023-05-19,Billing,2,3.8,182.40,10567.50
2023-05-24,Billing,4,7.2,345.60,10604.94
2023-05-17,Billing,3,4.4,211.20,10627.54
2023-05-15,Billing,1,0.6,28.80,10636.18
2023-05-08,Billing,3,2.5,120.00,10592.11
2023-05-28,Billing,3,2.3,110.40,10634.21
2023-05-10,Billing,4,4.4,211.20,10638.32
2023-05-22,Billing,1,0.6,28.80,10571.27
2023-05-09,Billing,4,2.2,105.60,10593.18
2023-05-23,Billing,3,4.4,211.20,10607.83
2023-05-09,Billing,2,3.4,163.20,10569.30
2023-05-09,Billing,1,1.4,67.20,10592.59
2023-05-03,Billing,1,1.2,57.60,10605.61
2023-05-12,Tech,3,3.0,144.00,10646.50
2023-05-02,Tech,3,4.0,192.00,10639.18
2023-05-10,Tech,1,2.0,96.00,10551.10
2023-05-14,Tech,4,2.6,124.80,10622.22
2023-05-19,Tech,4,6.3,302.40,10551.22
2023-05-28,Tech,3,2.8,134.40,10589.46
2023-05-06,Tech,1,1.4,67.20,10648.24
2023-05-18,Tech,2,3.1,148.80,10599.38
2023-05-21,Tech,3,2.5,120.00,10638.62
2023-05-13,Tech,2,1.4,67.20,10598.72
2023-05-08,Tech,4,4.3,206.40,10577.88
2023-05-07,Tech,2,3.4,163.20,10595.49
2023-05-23,Tech,3,5.0,240.00,10565.65
2023-05-02,Tech,4,3.6,172.80,10597.92
2023-05-15,Tech,3,3.6,172.80,10597.77
2023-05-23,Tech,3,2.3,110.40,10642.62
2023-05-21,Tech,1,1.8,86.40,10616.93
2023-05-19,Tech,3,2.5,120.00,10626.62
2023-05-26,Tech,4,5.9,283.20,10630.22
2023-05-02,Tech,3,5.3,254.40,10551.10
2023-05-21,Tech,3,5.3,254.40,10551.24
2023-05-24,Tech,4,7.2,345.60,10566.22
2023-05-28,Tech,3,5.9,283.20,10582.92
2023-05-15,Tech,1,0.7,33.60,10578.43
2023-05-20,Tech,4,5.7,273.60,10589.09
2023-05-03,Tech,3,5.6,268.80,10646.10
2023-05-19,Tech,2,3.2,153.60,10631.26
2023-05-13,Onboarding,1,1.1,52.80,10579.72
2023-05-07,Onboarding,2,1.1,52.80,10585.47
2023-05-08,Onboarding,2,1.5,72.00,10635.80
2023-05-18,Onboarding,3,4.2,201.60,10587.08
2023-05-26,Onboarding,3,3.0,144.00,10570.46
2023-05-12,Onboarding,4,3.5,168.00,10621.51
2023-05-16,Onboarding,1,1.2,57.60,10607.10
2023-05-05,Onboarding,1,1.7,81.60,10609.05
2023-05-06,Onboarding,2,3.0,144.00,10571.17
2023-05-21,Onboarding,4,2.4,115.20,10621.13
2023-05-14,Onboarding,1,1.1,52.80,10568.60
2023-05-01,Onboarding,1,0.8,38.40,10603.42
2023-05-18,Onboarding,4,7.9,379.20,10563.06
2023-05-24,Onboarding,1,1.9,91.20,10631.08
2023-05-22,Onboarding,4,4.2,201.60,10585.19
2023-05-27,Onboarding,3,5.2,249.60,10576.58
2023-05-06,Onboarding,3,1.7,81.60,10561.14
2023-05-03,Onboarding,2,2.8,134.40,10557.55
2023-05-06,Onboarding,4,6.8,326.40,10636.79
2023-05-18,Onboarding,2,2.9,139.20,10565.19
2023-05-02,Onboarding,3,5.2,249.60,10597.82
2023-05-22,Onboarding,3,2.2,105.60,10616.52
2023-05-05,Onboarding,1,1.7,81.60,10606.88
2023-05-04,Onboarding,3,5.0,240.00,10638.27
2023-05-21,Onboarding,2,3.2,153.60,10574.68
2023-05-20,Onboarding,3,1.6,76.80,10607.85
2023-05-20,Claims,4,4.4,211.20,10578.02
2023-05-18,Claims,2,2.4,115.20,10585.90
2023-05-28,Claims,3,4.3,206.40,10626.01
2023-05-23,Claims,3,1.8,86.40,10634.91
2023-05-08,Claims,1,1.3,62.40,10615.18
2023-05-04,Claims,3,4.2,201.60,10569.73
2023-05-10,Claims,1,1.4,67.20,10636.06
2023-05-27,Claims,1,1.9,91.20,10620.23
2023-05-02,Claims,4,4.3,206.40,10610.53
2023-05-21,Claims,1,1.6,76.80,10608.31
2023-05-06,Claims,3,1.8,86.40,10625.21
2023-05-12,Claims,3,5.8,278.40,10643.87
2023-05-02,Claims,4,2.9,139.20,10571.53
2023-05-01,Claims,4,7.8,374.40,10614.41
2023-05-11,Claims,4,6.3,302.40,10622.90
2023-05-04,Claims,4,2.4,115.20,10562.90
2023-05-16,Claims,2,2.7,129.60,10564.49
2023-05-14,Claims,2,3.4,163.20,10604.11
2023-05-23,Claims,2,1.4,67.20,10616.32
2023-05-02,Claims,1,1.2,57.60,10556.29
2023-05-18,Claims,1,1.1,52.80,10614.68
2023-05-23,Claims,2,1.8,86.40,10578.06
2023-05-16,Claims,2,2.2,105.60,10569.92
2023-05-04,Claims,4,4.2,201.60,10645.92
2023-05-11,Claims,3,3.5,168.00,10565.96
2023-05-21,Claims,4,6.6,316.80,10643.15
2023-05-06,Claims,2,3.5,168.00,10623.20
2023-06-22,Billing,1,1.2,57.60,10796.26
2023-06-05,Billing,3,3.0,144.00,10716.41
2023-06-14,Billing,1,0.6,28.80,10708.07
2023-06-25,Billing,1,1.0,48.00,10722.05
2023-06-20,Billing,1,1.1,52.80,10705.72
2023-06-17,Billing,3,4.0,192.00,10793.54
2023-06-08,Billing,3,1.6,76.80,10749.40
2023-06-18,Billing,2,1.9,91.20,10715.98
2023-06-01,Billing,3,4.5,216.00,10775.36
2023-06-02,Billing,1,1.5,72.00,10788.30
2023-06-11,Billing,2,3.8,182.40,10783.53
2023-06-08,Billing,2,1.2,57.60,10738.16
2023-06-04,Billing,4,7.5,360.00,10752.88
2023-06-14,Billing,4,4.8,230.40,10703.67
2023-06-26,Billing,1,1.8,86.40,10713.62
2023-06-23,Billing,4,6.6,316.80,10723.57
2023-06-04,Billing,4,3.6,172.80,10767.78
2023-06-14,Billing,4,3.0,144.00,10785.21
2023-06-10,Billing,3,3.7,177.60,10780.04
2023-06-17,Billing,2,2.7,129.60,10718.53
2023-06-16,Billing,4,3.9,187.20,10717.66
2023-06-21,Billing,3,2.3,110.40,10725.43
2023-06-17,Tech,3,3.1,148.80,10796.56
2023-06-28,Tech,3,3.4,163.20,10725.82
2023-06-15,Tech,1,0.8,38.40,10747.32
2023-06-22,Tech,3,5.8,278.40,10720.11
2023-06-26,Tech,4,6.7,321.60,10752.80
2023-06-23,Tech,1,0.6,28.80,10725.03
2023-06-09,Tech,2,1.5,72.00,10717.26
2023-06-24,Tech,1,1.0,48.00,10782.40
2023-06-27,Tech,1,0.8,38.40,10741.53
2023-06-03,Tech,4,2.9,139.20,10724.59
2023-06-22,Tech,4,2.0,96.00,10773.03
2023-06-06,Tech,4,7.4,355.20,10797.90
2023-06-27,Tech,1,1.4,67.20,10785.31
2023-06-14,Tech,4,4.3,206.40,10751.58
2023-06-27,Tech,3,3.0,144.00,10754.54
2023-06-14,Tech,1,1.0,48.00,10740.63
2023-06-18,Tech,3,1.9,91.20,10775.45
2023-06-01,Tech,1,1.7,81.60,10736.36
2023-06-05,Tech,2,3.3,158.40,10749.40
2023-06-19,Tech,3,1.7,81.60,10786.66
2023-06-16,Tech,4,7.2,345.60,10713.66
2023-06-14,Tech,4,2.9,139.20,10789.52
2023-06-01,Onboarding,1,0.8,38.40,10714.93
2023-06-08,Onboarding,1,1.7,81.60,10733.33
2023-06-12,Onboarding,2,1.9,91.20,10782.25
2023-06-13,Onboarding,3,5.8,278.40,10709.50
2023-06-14,Onboarding,4,5.1,244.80,10740.75
2023-06-01,Onboarding,1,1.3,62.40,10769.42
2023-06-15,Onboarding,3,5.8,278.40,10789.99
2023-06-26,Onboarding,1,0.7,33.60,10730.36
2023-06-22,Onboarding,3,4.9,235.20,10748.75
2023-06-07,Onboarding,2,1.3,62.40,10777.33
2023-06-06,Onboarding,1,1.7,81.60,10775.25
2023-06-10,Onboarding,4,3.2,153.60,10738.17
2023-06-02,Onboarding,4,2.7,129.60,10785.00
2023-06-08,Onboarding,1,0.8,38.40,10799.12
2023-06-07,Onboarding,4,3.1,148.80,10799.43
2023-06-22,Onboarding,1,1.3,62.40,10758.76
2023-06-07,Onboarding,4,7.9,379.20,10772.18
2023-06-02,Onboarding,2,3.0,144.00,10731.68
2023-06-05,Onboarding,4,5.6,268.80,10761.22
2023-06-13,Onboarding,3,3.0,144.00,10754.00
2023-06-22,Onboarding,4,4.0,192.00,10713.12
2023-06-08,Onboarding,3,2.2,105.60,10730.50
2023-06-24,Onboarding,4,6.9,331.20,10704.24
2023-06-21,Onboarding,1,1.1,52.80,10713.11
2023-06-20,Onboarding,4,6.6,316.80,10748.82
2023-06-11,Onboarding,2,1.6,76.80,10728.41
2023-06-17,Claims,3,2.0,96.00,10743.00
2023-06-09,Claims,3,3.1,148.80,10782.92
2023-06-04,Claims,4,4.7,225.60,10729.98
2023-06-09,Claims,1,0.6,28.80,10787.48
2023-06-15,Claims,2,2.7,129.60,10747.68
2023-06-24,Claims,2,2.2,105.60,10723.69
2023-06-20,Claims,1,1.5,72.00,10751.47
2023-06-14,Claims,1,0.6,28.80,10795.53
2023-06-25,Claims,2,2.3,110.40,10793.35
2023-06-22,Claims,4,6.0,288.00,10703.88
2023-06-02,Claims,2,2.5,120.00,10754.70
2023-06-22,Claims,2,3.3,158.40,10752.77
2023-06-25,Claims,2,3.6,172.80,10777.45
2023-06-03,Claims,4,4.6,220.80,10759.37
2023-06-23,Claims,1,1.2,57.60,10756.38
2023-06-01,Claims,3,2.6,124.80,10729.50
2023-06-16,Claims,4,7.4,355.20,10716.13
2023-06-07,Claims,3,5.5,264.00,10701.47
2023-06-05,Claims,4,7.4,355.20,10729.67
2023-06-18,Claims,2,2.9,139.20,10779.86
2023-06-19,Claims,4,5.7,273.60,10712.22
2023-06-13,Claims,1,2.0,96.00,10750.73
2023-06-25,Claims,4,5.9,283.20,10701.20
2023-06-18,Claims,4,2.5,120.00,10743.28
2023-06-14,Claims,3,4.4,211.20,10729.99
2023-06-17,Claims,3,4.1,196.80,10721.14
2023-06-21,Claims,3,3.9,187.20,10727.31
2023-07-16,Billing,3,2.5,120.00,10876.57
2023-07-18,Billing,2,3.4,163.20,10928.71
2023-07-22,Billing,2,2.7,129.60,10939.40
2023-07-17,Billing,4,5.2,249.60,10925.96
2023-07-11,Billing,1,1.0,48.00,10891.56
2023-07-06,Billing,3,2.9,139.20,10905.83
2023-07-06,Billing,3,5.3,254.40,10894.99
2023-07-09,Billing,3,4.4,211.20,10939.78
2023-07-11,Billing,2,2.2,105.60,10944.70
2023-07-15,Billing,2,1.0,48.00,10915.04
2023-07-18,Billing,1,0.6,28.80,10867.16
2023-07-28,Billing,2,3.1,148.80,10911.55
2023-07-12,Billing,1,0.6,28.80,10882.31
2023-07-17,Billing,4,6.0,288.00,10851.16
2023-07-26,Billing,3,4.8,230.40,10874.84
2023-07-04,Billing,4,2.8,134.40,10889.56
2023-07-08,Billing,4,7.7,369.60,10915.86
2023-07-22,Billing,4,3.7,177.60,10937.46
2023-07-04,Billing,3,2.9,139.20,10857.00
2023-07-05,Billing,1,1.0,48.00,10922.96
2023-07-24,Billing,3,4.1,196.80,10901.57
2023-07-08,Billing,2,2.1,100.80,10909.83
2023-07-01,Tech,2,1.8,86.40,10919.04
2023-07-12,Tech,3,1.6,76.80,10924.34
2023-07-12,Tech,1,1.2,57.60,10850.13
2023-07-19,Tech,1,1.8,86.40,10864.86
2023-07-13,Tech,1,0.6,28.80,10884.11
2023-07-23,Tech,4,4.9,235.20,10940.20
2023-07-09,Tech,1,1.2,57.60,10945.34
2023-07-18,Tech,2,3.6,172.80,10877.36
2023-07-02,Tech,2,2.7,129.60,10874.33
2023-07-14,Tech,1,1.1,52.80,10939.99
2023-07-20,Tech,4,3.5,168.00,10928.85
2023-07-14,Tech,3,5.3,254.40,10882.18
2023-07-25,Tech,1,1.7,81.60,10873.36
2023-07-18,Tech,3,4.7,225.60,10947.30
2023-07-18,Tech,1,0.8,38.40,10936.55
2023-07-01,Tech,1,1.8,86.40,10909.12
2023-07-01,Tech,4,6.7,321.60,10865.63
2023-07-25,Tech,3,2.4,115.20,10944.68
2023-07-03,Tech,4,6.2,297.60,10925.40
2023-07-11,Tech,2,3.5,168.00,10939.46
2023-07-06,Tech,2,1.7,81.60,10875.47
2023-07-23,Tech,2,3.5,168.00,10856.89
2023-07-06,Tech,2,2.1,100.80,10935.29
2023-07-12,Tech,2,3.1,148.80,10898.16
2023-07-18,Tech,3,3.8,182.40,10877.00
2023-07-04,Tech,3,3.3,158.40,10949.16
2023-07-15,Tech,4,7.0,336.00,10861.69
2023-07-17,Tech,3,2.0,96.00,10923.93
2023-07-22,Onboarding,1,1.5,72.00,10873.78
2023-07-19,Onboarding,1,1.4,67.20,10887.53
2023-07-21,Onboarding,2,2.2,105.60,10930.11
2023-07-11,Onboarding,2,1.1,52.80,10915.19
2023-07-06,Onboarding,2,2.7,129.60,10877.64
2023-07-02,Onboarding,3,5.5,264.00,10878.05
2023-07-12,Onboarding,4,5.1,244.80,10860.64
2023-07-20,Onboarding,3,4.6,220.80,10925.96
2023-07-14,Onboarding,4,7.5,360.00,10850.49
2023-07-23,Onboarding,4,4.1,196.80,10916.21
2023-07-14,Onboarding,2,3.8,182.40,10872.78
2023-07-21,Onboarding,4,3.8,182.40,10858.90
2023-07-20,Onboarding,4,5.5,264.00,10918.70
2023-07-20,Onboarding,1,0.7,33.60,10920.19
2023-07-24,Onboarding,3,2.7,129.60,10902.62
2023-07-23,Onboarding,4,4.4,211.20,10940.87
2023-07-16,Onboarding,2,1.8,86.40,10875.34
2023-07-20,Onboarding,3,5.2,249.60,10905.02
2023-07-05,Onboarding,3,4.0,192.00,10949.18
2023-07-13,Onboarding,2,1.2,57.60,10877.99
2023-07-20,Onboarding,2,1.2,57.60,10881.99
2023-07-27,Onboarding,3,4.9,235.20,10928.30
2023-07-20,Onboarding,4,3.5,168.00,10859.24
2023-07-14,Claims,2,2.1,100.80,10888.11
2023-07-14,Claims,2,2.2,105.60,10938.39
2023-07-06,Claims,3,2.5,120.00,10856.73
2023-07-08,Claims,2,2.0,96.00,10863.53
2023-07-07,Claims,4,2.9,139.20,10857.28
2023-07-12,Claims,1,1.5,72.00,10903.35
2023-07-17,Claims,3,3.2,153.60,10928.21
2023-07-26,Claims,3,1.9,91.20,10904.13
2023-07-25,Claims,2,2.5,120.00,10873.76
2023-07-06,Claims,4,4.9,235.20,10908.00
2023-07-15,Claims,3,2.9,139.20,10946.98
2023-07-03,Claims,3,2.4,115.20,10879.58
2023-07-04,Claims,3,1.6,76.80,10917.84
2023-07-23,Claims,1,1.8,86.40,10912.50
2023-07-21,Claims,4,2.5,120.00,10884.24
2023-07-22,Claims,2,3.6,172.80,10888.99
2023-07-15,Claims,2,1.5,72.00,10936.60
2023-07-12,Claims,1,1.3,62.40,10929.37
2023-07-26,Claims,1,1.2,57.60,10881.77
2023-07-02,Claims,4,2.8,134.40,10860.99
2023-07-15,Claims,2,3.4,163.20,10940.24
2023-07-17,Claims,2,1.8,86.40,10939.60
2023-08-03,Billing,4,5.0,240.00,11067.75
2023-08-23,Billing,4,5.8,278.40,11031.43
2023-08-13,Billing,3,2.0,96.00,11016.82
2023-08-16,Billing,4,6.9,331.20,11099.62
2023-08-19,Billing,2,2.0,96.00,11048.08
2023-08-05,Billing,4,7.8,374.40,11040.62
2023-08-10,Billing,2,4.0,192.00,11083.20
2023-08-02,Billing,3,2.5,120.00,11016.90
2023-08-12,Billing,2,2.4,115.20,11015.15
2023-08-03,Billing,3,5.3,254.40,11091.53
2023-08-05,Billing,3,3.7,177.60,11067.13
2023-08-04,Billing,4,5.6,268.80,11021.16
2023-08-11,Billing,2,1.6,76.80,11037.70
2023-08-26,Billing,4,5.8,278.40,11076.85
2023-08-05,Billing,2,2.1,100.80,11048.43
2023-08-23,Billing,3,5.5,264.00,11040.71
2023-08-01,Billing,3,5.3,254.40,11080.47
2023-08-17,Billing,1,0.7,33.60,11038.68
2023-08-24,Billing,4,4.8,230.40,11058.11
2023-08-23,Billing,4,4.1,196.80,11087.70
2023-08-19,Billing,1,1.6,76.80,11088.16
2023-08-13,Billing,2,3.8,182.40,11033.82
2023-08-22,Billing,1,1.9,91.20,11097.93
2023-08-02,Billing,1,1.3,62.40,11047.29
2023-08-09,Billing,1,2.0,96.00,11023.48
2023-08-04,Billing,4,4.1,196.80,11061.26
2023-08-17,Billing,3,5.3,254.40,11091.11
2023-08-13,Billing,2,1.5,72.00,11036.20
2023-08-19,Tech,2,1.2,57.60,11074.07
2023-08-20,Tech,1,1.8,86.40,11009.46
2023-08-25,Tech,1,1.4,67.20,11025.74
2023-08-03,Tech,4,6.2,297.60,11097.17
2023-08-19,Tech,4,5.9,283.20,11034.71
2023-08-15,Tech,2,3.9,187.20,11057.30
2023-08-11,Tech,1,0.6,28.80,11089.68
2023-08-17,Tech,3,2.1,100.80,11043.56
2023-08-08,Tech,2,2.7,129.60,11066.57
2023-08-17,Tech,3,4.3,206.40,11047.92
2023-08-28,Tech,3,2.6,124.80,11087.65
2023-08-13,Tech,3,5.0,240.00,11097.42
2023-08-16,Tech,4,6.5,312.00,11057.93
2023-08-06,Tech,1,1.2,57.60,11098.46
2023-08-21,Tech,4,6.6,316.80,11086.07
2023-08-07,Tech,4,3.7,177.60,11050.25
2023-08-18,Tech,4,2.4,115.20,11027.96
2023-08-16,Tech,2,1.9,91.20,11025.94
2023-08-16,Tech,1,0.6,28.80,11085.04
2023-08-06,Tech,3,4.9,235.20,11027.74
2023-08-02,Tech,3,6.0,288.00,11087.10
2023-08-14,Tech,2,3.6,172.80,11020.13
2023-08-14,Tech,3,4.3,206.40,11019.10
2023-08-16,Tech,2,3.3,158.40,11020.45
2023-08-21,Tech,1,1.6,76.80,11089.60
2023-08-10,Onboarding,3,2.2,105.60,11047.48
2023-08-13,Onboarding,4,5.0,240.00,11007.47
2023-08-06,Onboarding,2,3.5,168.00,11086.36
2023-08-15,Onboarding,2,3.5,168.00,11038.91
2023-08-15,Onboarding,1,1.9,91.20,11009.84
2023-08-23,Onboarding,3,5.6,268.80,11056.86
2023-08-21,Onboarding,2,3.8,182.40,11082.64
2023-08-15,Onboarding,2,3.4,163.20,11098.43
2023-08-26,Onboarding,1,1.8,86.40,11076.58
2023-08-21,Onboarding,2,3.9,187.20,11072.46
2023-08-11,Onboarding,1,1.9,91.20,11010.38
2023-08-14,Onboarding,3,3.2,153.60,11022.66
2023-08-07,Onboarding,3,3.7,177.60,11047.02
2023-08-16,Onboarding,2,2.7,129.60,11040.96
2023-08-11,Onboarding,4,6.0,288.00,11056.24
2023-08-02,Onboarding,3,3.2,153.60,11083.39
2023-08-01,Onboarding,2,1.1,52.80,11002.86
2023-08-28,Onboarding,1,1.6,76.80,11024.04
2023-08-13,Onboarding,2,3.1,148.80,11027.11
2023-08-22,Onboarding,4,2.6,124.80,11093.14
2023-08-05,Onboarding,1,0.8,38.40,11035.65
2023-08-12,Onboarding,3,1.9,91.20,11058.52
2023-08-04,Onboarding,1,2.0,96.00,11053.27
2023-08-20,Onboarding,3,3.0,144.00,11050.85
2023-08-23,Onboarding,2,2.0,96.00,11087.59
2023-08-27,Claims,2,3.3,158.40,11078.19
2023-08-27,Claims,1,0.6,28.80,11064.59
2023-08-01,Claims,2,2.3,110.40,11056.48
2023-08-17,Claims,4,4.2,201.60,11018.88
2023-08-05,Claims,2,1.6,76.80,11092.83
2023-08-16,Claims,1,0.5,24.00,11029.55
2023-08-15,Claims,3,2.4,115.20,11025.54
2023-08-15,Claims,2,1.9,91.20,11001.82
2023-08-01,Claims,1,0.7,33.60,11065.98
2023-08-19,Claims,1,1.6,76.80,11091.21
2023-08-16,Claims,2,2.1,100.80,11039.68
2023-08-08,Claims,3,4.0,192.00,11005.33
2023-08-03,Claims,1,1.8,86.40,11002.72
2023-08-28,Claims,2,3.4,163.20,11007.22
2023-08-28,Claims,3,2.3,110.40,11024.92
2023-08-10,Claims,2,3.8,182.40,11055.51
2023-08-03,Claims,1,0.8,38.40,11023.25
2023-08-07,Claims,4,6.2,297.60,11091.87
2023-08-21,Claims,1,1.3,62.40,11095.08
2023-08-05,Claims,4,7.6,364.80,11095.30
2023-08-26,Claims,2,1.9,91.20,11069.85
2023-08-03,Claims,2,3.2,153.60,11082.85
2023-08-05,Claims,3,5.9,283.20,11024.02
2023-08-21,Claims,3,4.0,192.00,11096.65
2023-08-23,Claims,3,5.0,240.00,11079.52
2023-08-19,Claims,2,1.1,52.80,11067.63
2023-08-03,Claims,1,1.8,86.40,11037.73
2023-09-10,Billing,4,3.3,158.40,11164.22
2023-09-21,Billing,4,6.6,316.80,11157.30
2023-09-26,Billing,1,1.8,86.40,11205.18
2023-09-23,Billing,3,1.8,86.40,11178.28
2023-09-06,Billing,2,1.6,76.80,11234.95
2023-09-22,Billing,1,2.0,96.00,11221.67
2023-09-11,Billing,3,5.5,264.00,11225.96
2023-09-12,Billing,2,1.3,62.40,11162.66
2023-09-14,Billing,4,7.4,355.20,11183.42
2023-09-14,Billing,3,5.7,273.60,11155.42
2023-09-09,Billing,1,1.9,91.20,11206.92
2023-09-12,Billing,1,1.3,62.40,11229.07
2023-09-13,Billing,2,1.5,72.00,11221.37
2023-09-23,Billing,1,1.0,48.00,11207.83
2023-09-23,Billing,3,4.3,206.40,11234.32
2023-09-15,Billing,3,2.1,100.80,11222.97
2023-09-13,Billing,4,7.0,336.00,11212.00
2023-09-02,Billing,3,4.1,196.80,11160.04
2023-09-23,Billing,1,1.1,52.80,11245.79
2023-09-26,Billing,4,7.3,350.40,11157.46
2023-09-14,Billing,2,2.8,134.40,11213.81
2023-09-15,Billing,2,1.6,76.80,11222.98
2023-09-17,Billing,4,4.5,216.00,11200.45
2023-09-26,Tech,4,7.9,379.20,11165.83
2023-09-03,Tech,4,6.9,331.20,11207.09
2023-09-03,Tech,4,5.3,254.40,11197.92
2023-09-14,Tech,1,1.2,57.60,11197.19
2023-09-14,Tech,3,1.8,86.40,11150.71
2023-09-02,Tech,4,7.9,379.20,11188.23
2023-09-10,Tech,3,3.4,163.20,11246.28
2023-09-26,Tech,1,1.6,76.80,11189.03
2023-09-28,Tech,3,5.1,244.80,11172.70
2023-09-26,Tech,2,2.2,105.60,11176.12
2023-09-26,Tech,2,1.7,81.60,11193.03
2023-09-11,Tech,4,6.3,302.40,11238.63
2023-09-01,Tech,1,1.6,76.80,11241.69
2023-09-26,Tech,4,5.2,249.60,11232.77
2023-09-24,Tech,3,2.1,100.80,11227.28
2023-09-01,Tech,1,1.8,86.40,11213.12
2023-09-11,Tech,1,0.7,33.60,11194.76
2023-09-18,Tech,3,2.4,115.20,11223.36
2023-09-08,Tech,4,2.3,110.40,11195.12
2023-09-06,Tech,3,3.0,144.00,11235.79
2023-09-16,Tech,2,3.2,153.60,11242.31
2023-09-17,Tech,3,1.7,81.60,11217.42
2023-09-19,Tech,2,2.3,110.40,11228.38
2023-09-10,Tech,2,3.3,158.40,11217.30
2023-09-09,Onboarding,2,3.3,158.40,11202.83
2023-09-21,Onboarding,1,1.1,52.80,11175.88
2023-09-25,Onboarding,2,3.9,187.20,11208.03
2023-09-03,Onboarding,3,5.0,240.00,11182.82
2023-09-28,Onboarding,4,3.5,168.00,11188.24
2023-09-14,Onboarding,1,2.0,96.00,11196.05
2023-09-15,Onboarding,1,1.2,57.60,11206.05
2023-09-09,Onboarding,1,1.3,62.40,11249.79
2023-09-17,Onboarding,4,7.3,350.40,11192.06
2023-09-18,Onboarding,4,4.3,206.40,11157.11
2023-09-04,Onboarding,2,3.9,187.20,11216.95
2023-09-05,Onboarding,2,1.4,67.20,11229.74
2023-09-17,Onboarding,1,1.2,57.60,11204.73
2023-09-16,Onboarding,1,1.4,67.20,11193.51
2023-09-13,Onboarding,2,2.7,129.60,11226.53
2023-09-09,Onboarding,4,5.0,240.00,11197.70
2023-09-18,Onboarding,1,1.0,48.00,11213.50
2023-09-26,Onboarding,1,0.7,33.60,11221.60
2023-09-19,Onboarding,4,7.6,364.80,11212.07
2023-09-23,Onboarding,4,7.8,374.40,11241.28
2023-09-22,Onboarding,1,1.4,67.20,11191.79
2023-09-19,Onboarding,4,3.4,163.20,11217.22
2023-09-01,Onboarding,4,3.4,163.20,11170.99
2023-09-01,Onboarding,3,5.7,273.60,11224.46
2023-09-03,Onboarding,2,3.3,158.40,11154.65
2023-09-12,Onboarding,4,3.6,172.80,11239.11
2023-09-22,Onboarding,3,4.8,230.40,11233.52
2023-09-09,Claims,4,6.5,312.00,11212.65
2023-09-28,Claims,3,4.9,235.20,11184.78
2023-09-16,Claims,3,2.2,105.60,11180.23
2023-09-21,Claims,1,0.5,24.00,11232.56
2023-09-07,Claims,2,4.0,192.00,11161.35
2023-09-20,Claims,2,2.8,134.40,11235.21
2023-09-16,Claims,2,3.8,182.40,11161.79
2023-09-02,Claims,2,3.3,158.40,11159.25
2023-09-24,Claims,2,3.4,163.20,11241.64
2023-09-15,Claims,2,2.7,129.60,11158.04
2023-09-22,Claims,4,5.7,273.60,11202.39
2023-09-19,Claims,4,2.9,139.20,11150.32
2023-09-15,Claims,2,3.7,177.60,11158.29
2023-09-07,Claims,3,5.6,268.80,11155.68
2023-09-14,Claims,1,1.2,57.60,11165.82
2023-09-13,Claims,2,1.1,52.80,11244.05
2023-09-01,Claims,1,0.7,33.60,11199.96
2023-09-02,Claims,2,2.5,120.00,11210.59
2023-09-21,Claims,4,3.5,168.00,11165.48
2023-09-25,Claims,4,4.4,211.20,11195.51
2023-09-13,Claims,1,1.9,91.20,11241.41
2023-09-04,Claims,3,3.7,177.60,11205.33
2023-09-12,Claims,3,4.9,235.20,11190.91
2023-09-03,Claims,1,1.0,48.00,11189.29
2023-10-25,Billing,3,1.7,81.60,11317.71
2023-10-16,Billing,1,1.4,67.20,11379.34
2023-10-24,Billing,1,1.7,81.60,11386.25
2023-10-22,Billing,3,3.5,168.00,11352.06
2023-10-02,Billing,1,0.9,43.20,11358.45
2023-10-06,Billing,1,0.7,33.60,11307.80
2023-10-05,Billing,2,1.3,62.40,11384.27
2023-10-14,Billing,4,5.1,244.80,11354.41
2023-10-05,Billing,2,2.9,139.20,11325.44
2023-10-25,Billing,1,1.3,62.40,11319.12
2023-10-25,Billing,4,5.9,283.20,11304.28
2023-10-24,Billing,2,3.1,148.80,11320.61
2023-10-08,Billing,3,2.3,110.40,11380.27
2023-10-27,Billing,1,1.0,48.00,11370.57
2023-10-27,Billing,1,1.0,48.00,11363.74
2023-10-12,Billing,1,1.9,91.20,11343.96
2023-10-05,Billing,1,1.7,81.60,11399.26
2023-10-24,Billing,3,2.7,129.60,11383.02
2023-10-24,Billing,4,3.7,177.60,11351.85
2023-10-07,Billing,4,6.3,302.40,11317.07
2023-10-18,Billing,2,3.0,144.00,11354.03
2023-10-20,Billing,3,5.6,268.80,11300.88
2023-10-24,Billing,4,4.7,225.60,11301.26
2023-10-08,Billing,4,7.5,360.00,11367.91
2023-10-24,Billing,2,1.9,91.20,11300.65
2023-10-02,Billing,3,2.4,115.20,11369.64
2023-10-27,Billing,4,4.3,206.40,11320.96
2023-10-08,Tech,1,0.6,28.80,11322.05
2023-10-13,Tech,1,2.0,96.00,11360.21
2023-10-23,Tech,4,2.1,100.80,11384.18
2023-10-16,Tech,3,4.2,201.60,11369.17
2023-10-24,Tech,3,5.4,259.20,11373.33
2023-10-15,Tech,3,4.9,235.20,11357.77
2023-10-14,Tech,4,7.1,340.80,11341.38
2023-10-13,Tech,3,2.4,115.20,11346.98
2023-10-11,Tech,1,1.8,86.40,11357.66
2023-10-02,Tech,2,1.0,48.00,11382.40
2023-10-03,Tech,2,2.8,134.40,11340.51
2023-10-14,Tech,1,1.5,72.00,11397.19
2023-10-04,Tech,1,1.8,86.40,11313.47
2023-10-23,Tech,4,4.5,216.00,11343.45
2023-10-02,Tech,2,1.1,52.80,11365.06
2023-10-11,Tech,1,1.3,62.40,11319.37
2023-10-12,Tech,2,3.1,148.80,11346.54
2023-10-28,Tech,1,1.1,52.80,11363.07
2023-10-17,Tech,4,2.8,134.40,11387.18
2023-10-04,Tech,3,3.6,172.80,11393.40
2023-10-06,Tech,1,1.6,76.80,11311.31
2023-10-07,Tech,3,1.7,81.60,11311.29
2023-10-03,Tech,3,5.7,273.60,11333.84
2023-10-25,Tech,4,2.7,129.60,11371.21
2023-10-22,Tech,1,1.7,81.60,11303.39
2023-10-24,Tech,4,7.2,345.60,11303.47
2023-10-23,Tech,4,4.6,220.80,11328.90
2023-10-28,Onboarding,3,3.0,144.00,11392.78
2023-10-21,Onboarding,4,6.2,297.60,11387.69
2023-10-14,Onboarding,1,1.5,72.00,11367.52
2023-10-07,Onboarding,1,1.6,76.80,11319.92
2023-10-04,Onboarding,1,1.4,67.20,11340.05
2023-10-04,Onboarding,4,5.2,249.60,11365.45
2023-10-12,Onboarding,2,3.4,163.20,11316.93
2023-10-23,Onboarding,2,2.5,120.00,11308.54
2023-10-28,Onboarding,1,1.0,48.00,11368.48
2023-10-18,Onboarding,1,1.1,52.80,11372.45
2023-10-24,Onboarding,3,4.2,201.60,11304.31
2023-10-22,Onboarding,1,1.9,91.20,11366.65
2023-10-01,Onboarding,2,1.0,48.00,11348.90
2023-10-08,Onboarding,4,3.2,153.60,11306.48
2023-10-20,Onboarding,2,2.5,120.00,11380.20
2023-10-08,Onboarding,1,2.0,96.00,11370.13
2023-10-11,Onboarding,3,3.0,144.00,11396.96
2023-10-14,Onboarding,3,5.7,273.60,11348.79
2023-10-16,Onboarding,4,5.8,278.40,11371.19
2023-10-13,Onboarding,2,2.6,124.80,11351.63
2023-10-19,Onboarding,2,1.4,67.20,11331.40
2023-10-08,Onboarding,4,3.5,168.00,11304.78
2023-10-04,Onboarding,3,5.9,283.20,11349.16
2023-10-26,Onboarding,1,1.2,57.60,11347.92
2023-10-24,Onboarding,4,3.9,187.20,11396.10
2023-10-22,Claims,4,5.1,244.80,11302.94
2023-10-03,Claims,1,1.6,76.80,11328.51
2023-10-04,Claims,4,5.9,283.20,11341.92
2023-10-25,Claims,4,2.1,100.80,11346.26
2023-10-19,Claims,2,3.1,148.80,11352.44
2023-10-02,Claims,4,6.3,302.40,11387.66
2023-10-08,Claims,4,6.4,307.20,11303.98
2023-10-11,Claims,2,2.1,100.80,11370.80
2023-10-03,Claims,3,5.4,259.20,11350.58
2023-10-07,Claims,1,1.9,91.20,11372.11
2023-10-05,Claims,1,1.7,81.60,11360.88
2023-10-05,Claims,2,3.5,168.00,11320.51
2023-10-07,Claims,4,2.9,139.20,11319.95
2023-10-16,Claims,3,2.2,105.60,11358.53
2023-10-04,Claims,1,1.8,86.40,11326.78
2023-10-19,Claims,2,1.4,67.20,11390.34
2023-10-09,Claims,2,2.3,110.40,11365.90
2023-10-05,Claims,2,2.5,120.00,11387.52
2023-10-04,Claims,3,2.5,120.00,11348.86
2023-10-06,Claims,1,1.4,67.20,11313.01
2023-10-18,Claims,2,3.2,153.60,11326.19
2023-10-04,Claims,4,7.1,340.80,11357.98
2023-11-03,Billing,2,1.1,52.80,11498.78
2023-11-19,Billing,3,5.7,273.60,11494.12
2023-11-25,Billing,3,5.8,278.40,11477.15
2023-11-15,Billing,1,1.3,62.40,11549.88
2023-11-09,Billing,2,2.5,120.00,11451.16
2023-11-06,Billing,4,2.8,134.40,11527.82
2023-11-15,Billing,2,2.0,96.00,11548.03
2023-11-14,Billing,1,0.9,43.20,11468.59
2023-11-12,Billing,2,2.9,139.20,11514.78
2023-11-17,Billing,2,1.7,81.60,11488.30
2023-11-19,Billing,1,1.8,86.40,11491.54
2023-11-18,Billing,3,3.7,177.60,11510.64
2023-11-11,Billing,1,1.2,57.60,11478.63
2023-11-25,Billing,2,1.9,91.20,11538.94
2023-11-15,Billing,1,1.9,91.20,11472.26
2023-11-05,Billing,4,2.6,124.80,11505.67
2023-11-12,Billing,1,1.8,86.40,11501.52
2023-11-22,Billing,3,1.7,81.60,11487.81
2023-11-05,Billing,2,2.3,110.40,11474.21
2023-11-19,Billing,3,2.4,115.20,11473.12
2023-11-20,Billing,2,1.9,91.20,11475.96
2023-11-07,Billing,2,2.9,139.20,11498.20
2023-11-07,Billing,1,2.0,96.00,11524.00
2023-11-12,Tech,4,2.9,139.20,11542.71
2023-11-10,Tech,4,5.6,268.80,11479.83
2023-11-25,Tech,2,2.0,96.00,11492.23
2023-11-11,Tech,2,2.4,115.20,11497.98
2023-11-07,Tech,1,1.8,86.40,11499.09
2023-11-21,Tech,4,3.7,177.60,11482.43
2023-11-17,Tech,4,3.4,163.20,11467.38
2023-11-24,Tech,1,1.5,72.00,11452.37
2023-11-08,Tech,4,2.5,120.00,11493.73
2023-11-27,Tech,4,6.3,302.40,11536.53
2023-11-11,Tech,4,3.9,187.20,11527.38
2023-11-04,Tech,2,1.8,86.40,11458.08
2023-11-09,Tech,1,1.8,86.40,11543.40
2023-11-08,Tech,2,2.6,124.80,11520.72
2023-11-27,Tech,3,3.2,153.60,11511.97
2023-11-14,Tech,2,3.6,172.80,11486.43
2023-11-09,Tech,4,3.2,153.60,11512.67
2023-11-17,Tech,4,2.7,129.60,11471.28
2023-11-20,Tech,3,4.0,192.00,11514.07
2023-11-21,Tech,1,1.9,91.20,11509.33
2023-11-18,Tech,1,1.6,76.80,11516.56
2023-11-09,Tech,2,1.4,67.20,11464.30
2023-11-27,Tech,1,0.5,24.00,11549.24
2023-11-19,Tech,2,1.7,81.60,11462.62
2023-11-24,Tech,1,1.3,62.40,11458.68
2023-11-25,Tech,3,2.4,115.20,11514.23
2023-11-09,Tech,4,7.5,360.00,11504.05
2023-11-26,Tech,2,2.8,134.40,11470.69
2023-11-03,Onboarding,1,0.9,43.20,11508.30
2023-11-05,Onboarding,4,6.1,292.80,11518.97
2023-11-17,Onboarding,2,2.2,105.60,11480.74
2023-11-18,Onboarding,3,1.9,91.20,11482.42
2023-11-05,Onboarding,2,2.7,129.60,11460.61
2023-11-18,Onboarding,2,2.4,115.20,11455.41
2023-11-17,Onboarding,2,1.3,62.40,11475.37
2023-11-27,Onboarding,3,2.9,139.20,11459.79
2023-11-02,Onboarding,1,0.7,33.60,11452.79
2023-11-12,Onboarding,1,1.5,72.00,11515.66
2023-11-01,Onboarding,2,2.8,134.40,11479.63
2023-11-06,Onboarding,4,5.6,268.80,11451.37
2023-11-09,Onboarding,3,2.9,139.20,11512.97
2023-11-10,Onboarding,4,5.2,249.60,11528.31
2023-11-12,Onboarding,1,1.0,48.00,11454.75
2023-11-22,Onboarding,4,5.7,273.60,11467.92
2023-11-05,Onboarding,1,1.1,52.80,11515.40
2023-11-13,Onboarding,4,2.9,139.20,11531.11
2023-11-22,Onboarding,2,2.6,124.80,11455.43
2023-11-08,Onboarding,4,7.9,379.20,11483.18
2023-11-15,Onboarding,3,4.8,230.40,11514.84
2023-11-02,Onboarding,3,1.9,91.20,11527.75
2023-11-22,Onboarding,2,1.9,91.20,11513.87
2023-11-25,Onboarding,4,5.5,264.00,11453.45
2023-11-07,Onboarding,1,1.4,67.20,11463.15
2023-11-16,Onboarding,4,6.1,292.80,11460.04
2023-11-14,Onboarding,1,1.6,76.80,11508.89
2023-11-07,Claims,2,2.7,129.60,11532.02
2023-11-13,Claims,2,3.7,177.60,11481.83
2023-11-20,Claims,3,5.7,273.60,11457.77
2023-11-13,Claims,2,3.1,148.80,11514.12
2023-11-19,Claims,3,5.3,254.40,11451.74
2023-11-16,Claims,2,3.7,177.60,11457.72
2023-11-19,Claims,1,0.6,28.80,11489.05
2023-11-12,Claims,2,3.6,172.80,11518.15
2023-11-10,Claims,3,4.6,220.80,11536.03
2023-11-14,Claims,1,0.9,43.20,11474.84
2023-11-10,Claims,1,0.9,43.20,11546.61
2023-11-09,Claims,1,1.6,76.80,11466.31
2023-11-20,Claims,1,1.0,48.00,11465.31
2023-11-27,Claims,4,2.1,100.80,11454.18
2023-11-19,Claims,3,4.4,211.20,11511.91
2023-11-13,Claims,3,3.5,168.00,11518.04
2023-11-18,Claims,2,1.8,86.40,11489.90
2023-11-25,Claims,2,2.7,129.60,11499.02
2023-11-14,Claims,4,3.1,148.80,11499.62
2023-11-24,Claims,4,2.0,96.00,11516.33
2023-11-27,Claims,2,2.8,134.40,11546.76
2023-11-13,Claims,4,4.4,211.20,11475.15
2023-12-12,Billing,3,2.4,115.20,11625.86
2023-12-20,Billing,1,1.2,57.60,11646.50
2023-12-11,Billing,1,1.7,81.60,11638.38
2023-12-13,Billing,3,4.3,206.40,11631.40
2023-12-10,Billing,4,4.0,192.00,11614.39
2023-12-02,Billing,1,1.0,48.00,11658.11
2023-12-02,Billing,3,3.8,182.40,11609.97
2023-12-07,Billing,1,1.3,62.40,11643.22
2023-12-10,Billing,3,2.9,139.20,11661.57
2023-12-02,Billing,1,1.8,86.40,11629.59
2023-12-13,Billing,3,3.6,172.80,11648.02
2023-12-10,Billing,1,1.9,91.20,11680.87
2023-12-11,Billing,3,3.2,153.60,11692.03
2023-12-12,Billing,2,1.2,57.60,11657.61
2023-12-19,Billing,1,1.2,57.60,11638.05
2023-12-10,Billing,3,3.3,158.40,11654.98
2023-12-22,Billing,2,1.8,86.40,11623.00
2023-12-05,Billing,1,2.0,96.00,11649.61
2023-12-05,Billing,1,0.5,24.00,11688.79
2023-12-25,Billing,3,4.1,196.80,11602.62
2023-12-20,Billing,1,0.5,24.00,11652.74
2023-12-03,Billing,3,3.5,168.00,11628.96
2023-12-04,Billing,3,5.1,244.80,11693.54
2023-12-11,Billing,2,3.2,153.60,11694.19
2023-12-24,Billing,2,2.8,134.40,11612.47
2023-12-03,Billing,2,1.7,81.60,11630.22
2023-12-18,Billing,3,4.3,206.40,11682.50
2023-12-26,Billing,4,7.5,360.00,11602.64
2023-12-22,Tech,4,3.7,177.60,11651.56
2023-12-27,Tech,1,1.8,86.40,11657.62
2023-12-10,Tech,2,3.7,177.60,11646.37
2023-12-04,Tech,2,1.8,86.40,11694.54
2023-12-12,Tech,3,4.6,220.80,11659.85
2023-12-05,Tech,1,1.9,91.20,11683.24
2023-12-18,Tech,4,3.1,148.80,11692.09
2023-12-09,Tech,1,0.7,33.60,11630.92
2023-12-28,Tech,3,1.8,86.40,11647.48
2023-12-05,Tech,1,1.0,48.00,11644.30
2023-12-07,Tech,1,0.6,28.80,11651.31
2023-12-03,Tech,3,4.1,196.80,11609.39
2023-12-25,Tech,1,0.9,43.20,11632.05
2023-12-13,Tech,2,3.2,153.60,11669.44
2023-12-15,Tech,4,6.4,307.20,11638.94
2023-12-17,Tech,3,5.1,244.80,11686.83
2023-12-12,Tech,1,0.7,33.60,11684.98
2023-12-04,Tech,1,1.9,91.20,11677.58
2023-12-21,Tech,4,2.3,110.40,11669.13
2023-12-24,Tech,3,2.0,96.00,11635.11
2023-12-22,Tech,1,0.8,38.40,11677.36
2023-12-23,Tech,2,3.9,187.20,11694.20
2023-12-14,Onboarding,4,4.5,216.00,11615.74
2023-12-04,Onboarding,2,2.6,124.80,11696.73
2023-12-15,Onboarding,3,3.8,182.40,11692.96
2023-12-10,Onboarding,2,1.8,86.40,11652.54
2023-12-10,Onboarding,3,3.5,168.00,11609.31
2023-12-12,Onboarding,2,1.0,48.00,11642.95
2023-12-02,Onboarding,4,2.1,100.80,11628.32
2023-12-15,Onboarding,3,1.5,72.00,11691.66
2023-12-27,Onboarding,1,2.0,96.00,11664.55
2023-12-15,Onboarding,2,3.3,158.40,11641.74
2023-12-10,Onboarding,4,5.2,249.60,11656.25
2023-12-26,Onboarding,2,3.1,148.80,11637.76
2023-12-23,Onboarding,3,3.9,187.20,11619.67
2023-12-12,Onboarding,2,1.6,76.80,11666.83
2023-12-18,Onboarding,2,1.5,72.00,11684.60
2023-12-08,Onboarding,4,2.3,110.40,11642.27
2023-12-25,Onboarding,4,4.3,206.40,11626.96
2023-12-06,Onboarding,2,2.8,134.40,11694.32
2023-12-21,Onboarding,1,1.9,91.20,11631.85
2023-12-26,Onboarding,1,2.0,96.00,11687.86
2023-12-22,Onboarding,1,0.8,38.40,11632.58
2023-12-06,Onboarding,4,4.8,230.40,11618.11
2023-12-06,Onboarding,4,3.2,153.60,11653.63
2023-12-22,Onboarding,3,4.6,220.80,11695.94
2023-12-04,Claims,2,1.3,62.40,11681.37
2023-12-02,Claims,1,1.9,91.20,11648.72
2023-12-17,Claims,3,5.1,244.80,11663.90
2023-12-26,Claims,3,1.8,86.40,11620.58
2023-12-18,Claims,2,1.5,72.00,11696.76
2023-12-27,Claims,4,4.8,230.40,11602.97
2023-12-02,Claims,3,3.2,153.60,11665.21
2023-12-04,Claims,2,2.7,129.60,11678.09
2023-12-05,Claims,1,1.4,67.20,11682.00
2023-12-06,Claims,4,4.3,206.40,11654.51
2023-12-22,Claims,3,4.5,216.00,11653.54
2023-12-03,Claims,4,3.5,168.00,11632.93
2023-12-17,Claims,1,2.0,96.00,11634.93
2023-12-23,Claims,2,3.3,158.40,11679.37
2023-12-20,Claims,4,5.6,268.80,11684.03
2023-12-24,Claims,2,2.0,96.00,11651.62
2023-12-27,Claims,1,0.7,33.60,11682.10
2023-12-22,Claims,4,3.5,168.00,11602.52
2023-12-25,Claims,2,4.0,192.00,11685.59
2023-12-26,Claims,2,4.0,192.00,11673.52
2023-12-17,Claims,4,3.0,144.00,11679.69
2023-12-19,Claims,3,5.7,273.60,11604.16
2023-12-02,Claims,2,2.8,134.40,11664.07
2023-12-11,Claims,2,2.9,139.20,11643.11
2023-12-22,Claims,2,2.2,105.60,11603.11
2023-12-20,Claims,1,1.4,67.20,11623.93
2023-12-07,Claims,1,0.8,38.40,11616.23
2023-12-19,Claims,4,4.1,196.80,11667.26
2024-01-26,Billing,4,3.8,182.40,11848.11
2024-01-15,Billing,2,1.3,62.40,11769.26
2024-01-15,Billing,3,2.1,100.80,11803.23
2024-01-03,Billing,3,4.3,206.40,11765.80
2024-01-13,Billing,4,5.2,249.60,11782.86
2024-01-08,Billing,2,2.5,120.00,11810.54
2024-01-26,Billing,4,7.2,345.60,11772.08
2024-01-12,Billing,2,2.3,110.40,11836.22
2024-01-24,Billing,3,4.9,235.20,11823.97
2024-01-27,Billing,3,4.0,192.00,11816.36
2024-01-17,Billing,3,4.7,225.60,11833.55
2024-01-17,Billing,4,4.2,201.60,11781.32
2024-01-03,Billing,2,2.5,120.00,11839.47
2024-01-18,Billing,1,1.3,62.40,11770.67
2024-01-04,Billing,3,3.8,182.40,11788.31
2024-01-27,Billing,4,4.9,235.20,11793.12
2024-01-21,Billing,1,1.9,91.20,11824.93
2024-01-11,Billing,3,4.9,235.20,11844.70
2024-01-11,Billing,1,1.7,81.60,11820.50
2024-01-06,Billing,1,1.2,57.60,11812.67
2024-01-26,Billing,2,1.3,62.40,11752.14
2024-01-08,Billing,1,1.8,86.40,11822.22
2024-01-26,Billing,4,2.1,100.80,11833.17
2024-01-08,Billing,2,2.5,120.00,11806.74
2024-01-08,Tech,3,1.9,91.20,11836.06
2024-01-20,Tech,1,0.6,28.80,11810.37
2024-01-16,Tech,2,2.4,115.20,11844.89
2024-01-10,Tech,3,5.5,264.00,11790.14
2024-01-20,Tech,1,0.9,43.20,11785.18
2024-01-01,Tech,3,4.5,216.00,11815.13
2024-01-25,Tech,2,3.0,144.00,11772.96
2024-01-11,Tech,3,2.8,134.40,11819.97
2024-01-25,Tech,3,4.6,220.80,11838.88
2024-01-12,Tech,2,1.9,91.20,11816.38
2024-01-20,Tech,3,5.3,254.40,11830.57
2024-01-15,Tech,3,1.7,81.60,11800.34
2024-01-14,Tech,1,1.9,91.20,11844.46
2024-01-05,Tech,4,6.9,331.20,11816.92
2024-01-10,Tech,1,1.9,91.20,11776.77
2024-01-13,Tech,4,5.8,278.40,11804.03
2024-01-13,Tech,1,1.3,62.40,11818.46
2024-01-14,Tech,4,4.8,230.40,11849.91
2024-01-23,Tech,4,7.6,364.80,11782.34
2024-01-09,Tech,4,7.2,345.60,11766.78
2024-01-06,Tech,4,3.8,182.40,11818.20
2024-01-28,Tech,4,7.1,340.80,11783.09
2024-01-01,Onboarding,4,7.7,369.60,11765.29
2024-01-26,Onboarding,2,1.3,62.40,11811.01
2024-01-08,Onboarding,1,0.7,33.60,11797.97
2024-01-13,Onboarding,1,0.8,38.40,11816.63
2024-01-27,Onboarding,2,1.9,91.20,11771.27
2024-01-03,Onboarding,2,3.0,144.00,11808.80
2024-01-24,Onboarding,3,3.1,148.80,11796.05
2024-01-26,Onboarding,4,7.5,360.00,11784.51
2024-01-01,Onboarding,4,5.7,273.60,11844.19
2024-01-19,Onboarding,2,1.7,81.60,11778.75
2024-01-11,Onboarding,4,4.9,235.20,11801.65
2024-01-25,Onboarding,2,2.8,134.40,11847.41
2024-01-09,Onboarding,1,0.8,38.40,11784.20
2024-01-16,Onboarding,4,2.2,105.60,11802.80
2024-01-22,Onboarding,3,4.4,211.20,11765.93
2024-01-02,Onboarding,1,1.6,76.80,11765.99
2024-01-19,Onboarding,3,2.3,110.40,11808.77
2024-01-05,Onboarding,2,1.3,62.40,11803.02
2024-01-28,Onboarding,1,1.2,57.60,11837.59
2024-01-06,Onboarding,4,6.1,292.80,11847.11
2024-01-27,Onboarding,1,1.1,52.80,11801.79
2024-01-21,Onboarding,1,1.3,62.40,11849.93
2024-01-11,Onboarding,2,3.8,182.40,11803.25
2024-01-14,Onboarding,1,1.1,52.80,11841.61
2024-01-14,Onboarding,4,6.6,316.80,11803.58
2024-01-17,Onboarding,2,2.2,105.60,11848.87
2024-01-18,Onboarding,3,3.6,172.80,11844.97
2024-01-22,Claims,2,1.2,57.60,11759.57
2024-01-10,Claims,3,4.7,225.60,11829.21
2024-01-21,Claims,1,0.6,28.80,11788.10
2024-01-06,Claims,2,2.0,96.00,11800.74
2024-01-01,Claims,3,3.9,187.20,11793.34
2024-01-28,Claims,4,5.7,273.60,11815.79
2024-01-09,Claims,4,7.1,340.80,11759.34
2024-01-11,Claims,3,2.9,139.20,11765.15
2024-01-26,Claims,4,2.5,120.00,11845.87
2024-01-04,Claims,3,5.4,259.20,11821.64
2024-01-19,Claims,1,1.5,72.00,11791.25
2024-01-21,Claims,3,5.4,259.20,11831.60
2024-01-20,Claims,3,4.7,225.60,11824.58
2024-01-02,Claims,2,2.0,96.00,11849.48
2024-01-01,Claims,4,7.7,369.60,11819.21
2024-01-14,Claims,3,5.3,254.40,11780.04
2024-01-13,Claims,4,2.5,120.00,11806.93
2024-01-09,Claims,3,4.6,220.80,11838.97
2024-01-06,Claims,2,3.1,148.80,11797.84
2024-01-11,Claims,2,3.8,182.40,11757.02
2024-01-11,Claims,1,0.9,43.20,11836.01
2024-01-28,Claims,1,2.0,96.00,11793.88
2024-02-19,Billing,1,1.0,48.00,11972.10
2024-02-19,Billing,2,3.2,153.60,11962.81
2024-02-15,Billing,2,3.8,182.40,11931.54
2024-02-14,Billing,2,1.7,81.60,11969.85
2024-02-15,Billing,4,5.6,268.80,11943.52
2024-02-06,Billing,2,2.1,100.80,11910.51
2024-02-11,Billing,4,4.4,211.20,11939.73
2024-02-20,Billing,4,7.0,336.00,11919.91
2024-02-03,Billing,3,2.7,129.60,11990.01
2024-02-24,Billing,3,3.9,187.20,11939.74
2024-02-20,Billing,1,1.1,52.80,11944.35
2024-02-05,Billing,3,2.1,100.80,11957.15
2024-02-08,Billing,4,3.7,177.60,11979.30
2024-02-07,Billing,3,5.7,273.60,11936.50
2024-02-06,Billing,4,5.9,283.20,11991.11
2024-02-09,Billing,3,2.3,110.40,11957.82
2024-02-26,Billing,2,2.3,110.40,11943.73
2024-02-28,Billing,2,1.9,91.20,11967.19
2024-02-20,Billing,3,2.1,100.80,11964.15
2024-02-05,Billing,3,3.4,163.20,11922.65
2024-02-21,Billing,4,5.5,264.00,11937.96
2024-02-05,Billing,4,3.2,153.60,11954.75
2024-02-01,Billing,4,3.6,172.80,11955.62
2024-02-24,Tech,4,4.0,192.00,11997.60
2024-02-10,Tech,4,6.6,316.80,11932.70
2024-02-17,Tech,4,4.3,206.40,11927.92
2024-02-16,Tech,3,5.5,264.00,11952.02
2024-02-20,Tech,1,1.7,81.60,11927.46
2024-02-08,Tech,2,2.0,96.00,11934.34
2024-02-07,Tech,3,4.9,235.20,11918.45
2024-02-07,Tech,2,3.5,168.00,11978.55
2024-02-22,Tech,4,3.7,177.60,11972.96
2024-02-20,Tech,3,3.9,187.20,11902.68
2024-02-09,Tech,3,4.6,220.80,11993.79
2024-02-23,Tech,2,2.8,134.40,11915.55
2024-02-10,Tech,4,4.8,230.40,11998.36
2024-02-28,Tech,4,5.7,273.60,11969.21
2024-02-25,Tech,2,2.4,115.20,11938.29
2024-02-10,Tech,2,1.9,91.20,11912.66
2024-02-07,Tech,4,2.5,120.00,11987.39
2024-02-28,Tech,3,6.0,288.00,11991.00
2024-02-10,Tech,3,5.0,240.00,11928.25
2024-02-17,Tech,4,3.6,172.80,11997.88
2024-02-17,Tech,1,0.7,33.60,11941.64
2024-02-04,Tech,4,4.4,211.20,11925.31
2024-02-15,Tech,3,3.8,182.40,11975.92
2024-02-13,Tech,4,5.7,273.60,11908.19
2024-02-26,Onboarding,1,1.6,76.80,11919.81
2024-02-17,Onboarding,2,1.9,91.20,11962.06
2024-02-19,Onboarding,4,3.6,172.80,11996.37
2024-02-02,Onboarding,2,2.6,124.80,11993.25
2024-02-06,Onboarding,3,5.5,264.00,11958.81
2024-02-21,Onboarding,1,0.6,28.80,11978.02
2024-02-13,Onboarding,2,3.8,182.40,11987.12
2024-02-01,Onboarding,2,4.0,192.00,11940.59
2024-02-06,Onboarding,2,3.6,172.80,11942.31
2024-02-06,Onboarding,2,2.7,129.60,11916.00
2024-02-06,Onboarding,4,3.9,187.20,11959.54
2024-02-18,Onboarding,3,4.4,211.20,11977.71
2024-02-10,Onboarding,4,3.9,187.20,11938.63
2024-02-12,Onboarding,4,6.0,288.00,11997.53
2024-02-05,Onboarding,3,5.9,283.20,11968.53
2024-02-09,Onboarding,4,6.0,288.00,11917.97
2024-02-28,Onboarding,4,3.8,182.40,11960.48
2024-02-14,Onboarding,2,1.5,72.00,11992.11
2024-02-15,Onboarding,4,6.7,321.60,11953.51
2024-02-19,Onboarding,1,1.1,52.80,11917.93
2024-02-24,Onboarding,1,0.8,38.40,11980.97
2024-02-21,Onboarding,1,1.8,86.40,11945.30
2024-02-08,Onboarding,1,0.6,28.80,11948.33
2024-02-28,Onboarding,1,1.2,57.60,11940.18
2024-02-13,Onboarding,1,1.5,72.00,11951.51
2024-02-07,Onboarding,1,2.0,96.00,11946.45
2024-02-03,Claims,4,7.7,369.60,11917.42
2024-02-13,Claims,2,1.9,91.20,11929.56
2024-02-05,Claims,2,1.9,91.20,11948.75
2024-02-25,Claims,1,1.8,86.40,11949.63
2024-02-17,Claims,2,2.5,120.00,11934.80
2024-02-20,Claims,2,1.2,57.60,11915.98
2024-02-19,Claims,3,5.1,244.80,11955.94
2024-02-08,Claims,1,0.7,33.60,11994.15
2024-02-05,Claims,4,2.7,129.60,11923.87
2024-02-27,Claims,2,3.2,153.60,11945.76
2024-02-22,Claims,4,6.6,316.80,11912.58
2024-02-01,Claims,1,1.5,72.00,11900.57
2024-02-07,Claims,2,3.7,177.60,11905.34
2024-02-14,Claims,1,1.2,57.60,11969.10
2024-02-24,Claims,4,2.9,139.20,11910.78
2024-02-23,Claims,4,7.8,374.40,11995.18
2024-02-22,Claims,1,1.4,67.20,11983.93
2024-02-16,Claims,1,1.0,48.00,11902.70
2024-02-25,Claims,4,7.9,379.20,11966.82
2024-02-10,Claims,3,5.7,273.60,11911.07
2024-02-23,Claims,3,1.9,91.20,11942.76
2024-02-12,Claims,2,1.2,57.60,11995.76
2024-02-19,Claims,3,5.3,254.40,11914.66
2024-02-07,Claims,2,2.5,120.00,11959.24
2024-03-28,Billing,3,2.6,124.80,12087.26
2024-03-19,Billing,2,1.4,67.20,12076.68
2024-03-09,Billing,3,1.6,76.80,12106.21
2024-03-11,Billing,2,3.5,168.00,12098.28
2024-03-14,Billing,4,3.2,153.60,12053.43
2024-03-23,Billing,4,7.3,350.40,12068.21
2024-03-20,Billing,1,1.2,57.60,12092.57
2024-03-08,Billing,3,3.2,153.60,12077.08
2024-03-08,Billing,3,5.4,259.20,12117.57
2024-03-04,Billing,3,2.8,134.40,12107.56
2024-03-03,Billing,2,2.7,129.60,12077.63
2024-03-04,Billing,3,5.6,268.80,12145.16
2024-03-15,Billing,2,1.5,72.00,12053.69
2024-03-05,Billing,4,6.7,321.60,12115.38
2024-03-09,Billing,1,1.9,91.20,12145.04
2024-03-11,Billing,2,2.2,105.60,12109.07
2024-03-28,Billing,4,2.1,100.80,12062.16
2024-03-22,Billing,4,2.4,115.20,12087.08
2024-03-28,Billing,2,1.0,48.00,12136.87
2024-03-09,Billing,1,1.7,81.60,12077.38
2024-03-27,Billing,2,3.2,153.60,12114.46
2024-03-25,Billing,4,6.3,302.40,12095.39
2024-03-07,Billing,3,2.5,120.00,12055.45
2024-03-23,Billing,2,2.7,129.60,12065.75
2024-03-06,Billing,2,1.4,67.20,12102.33
2024-03-21,Tech,3,3.6,172.80,12118.63
2024-03-20,Tech,2,3.7,177.60,12138.38
2024-03-24,Tech,2,2.9,139.20,12101.45
2024-03-22,Tech,3,5.7,273.60,12092.82
2024-03-05,Tech,2,2.6,124.80,12090.25
2024-03-21,Tech,4,6.1,292.80,12120.69
2024-03-23,Tech,2,3.2,153.60,12109.62
2024-03-25,Tech,2,3.0,144.00,12057.77
2024-03-10,Tech,2,3.4,163.20,12101.29
2024-03-13,Tech,4,2.8,134.40,12136.42
2024-03-18,Tech,4,6.4,307.20,12072.16
2024-03-04,Tech,3,3.7,177.60,12134.57
2024-03-04,Tech,2,1.1,52.80,12112.27
2024-03-03,Tech,4,5.1,244.80,12085.06
2024-03-19,Tech,1,0.8,38.40,12135.66
2024-03-24,Tech,1,0.8,38.40,12080.94
2024-03-13,Tech,3,3.9,187.20,12055.82
2024-03-27,Tech,4,4.5,216.00,12143.72
2024-03-12,Tech,2,2.7,129.60,12131.63
2024-03-16,Tech,2,2.2,105.60,12089.69
2024-03-03,Tech,2,1.9,91.20,12051.58
2024-03-02,Tech,4,4.4,211.20,12097.51
2024-03-01,Tech,1,1.8,86.40,12120.94
2024-03-13,Tech,4,3.5,168.00,12123.05
2024-03-09,Onboarding,1,1.7,81.60,12134.01
2024-03-26,Onboarding,4,2.5,120.00,12134.78
2024-03-05,Onboarding,3,5.6,268.80,12054.57
2024-03-26,Onboarding,3,5.7,273.60,12082.44
2024-03-27,Onboarding,3,2.1,100.80,12052.41
2024-03-14,Onboarding,1,1.3,62.40,12114.03
2024-03-13,Onboarding,2,2.3,110.40,12052.41
2024-03-14,Onboarding,1,1.1,52.80,12091.41
2024-03-09,Onboarding,4,2.0,96.00,12057.23
2024-03-04,Onboarding,1,1.0,48.00,12059.59
2024-03-14,Onboarding,1,0.6,28.80,12145.66
2024-03-12,Onboarding,2,3.3,158.40,12129.98
2024-03-09,Onboarding,2,3.1,148.80,12079.03
2024-03-14,Onboarding,1,1.7,81.60,12093.79
2024-03-24,Onboarding,4,3.7,177.60,12063.94
2024-03-22,Onboarding,2,2.5,120.00,12133.05
2024-03-15,Onboarding,3,4.8,230.40,12117.31
2024-03-03,Onboarding,2,3.8,182.40,12092.09
2024-03-21,Onboarding,4,4.2,201.60,12055.97
2024-03-15,Onboarding,2,1.2,57.60,12108.94
2024-03-01,Onboarding,3,3.1,148.80,12137.28
2024-03-09,Onboarding,1,1.6,76.80,12121.61
2024-03-11,Onboarding,4,7.6,364.80,12069.34
2024-03-07,Onboarding,2,3.3,158.40,12140.56
2024-03-26,Onboarding,1,1.8,86.40,12140.86
2024-03-07,Claims,2,1.4,67.20,12119.74
2024-03-28,Claims,4,3.5,168.00,12098.25
2024-03-23,Claims,2,3.6,172.80,12116.65
2024-03-23,Claims,4,3.0,144.00,12070.92
2024-03-15,Claims,2,2.4,115.20,12072.84
2024-03-09,Claims,1,1.1,52.80,12082.21
2024-03-09,Claims,2,3.4,163.20,12092.63
2024-03-20,Claims,3,1.7,81.60,12116.24
2024-03-19,Claims,1,1.8,86.40,12120.86
2024-03-13,Claims,4,6.4,307.20,12086.64
2024-03-28,Claims,2,2.7,129.60,12126.10
2024-03-15,Claims,2,2.1,100.80,12088.80
2024-03-21,Claims,1,0.8,38.40,12140.34
2024-03-15,Claims,1,1.0,48.00,12144.75
2024-03-04,Claims,1,1.9,91.20,12138.70
2024-03-03,Claims,2,2.8,134.40,12065.07
2024-03-15,Claims,3,4.3,206.40,12080.42
2024-03-05,Claims,1,1.1,52.80,12105.73
2024-03-16,Claims,3,1.8,86.40,12095.78
2024-03-22,Claims,1,1.4,67.20,12081.50
2024-03-03,Claims,2,3.0,144.00,12142.43
2024-03-07,Claims,1,0.7,33.60,12116.83
2024-03-05,Claims,4,4.8,230.40,12050.27
2024-03-19,Claims,2,2.4,115.20,12084.33
2024-03-07,Claims,3,4.2,201.60,12079.62
2024-03-28,Claims,4,7.9,379.20,12144.03
2024-03-13,Claims,3,3.9,187.20,12076.83
2024-03-19,Claims,1,1.6,76.80,12110.16
2024-04-09,Billing,1,0.8,38.40,12297.39
2024-04-01,Billing,1,1.8,86.40,12240.91
2024-04-21,Billing,2,1.8,86.40,12264.55
2024-04-20,Billing,4,7.3,350.40,12223.51
2024-04-19,Billing,4,7.3,350.40,12227.54
2024-04-28,Billing,4,4.5,216.00,12286.05
2024-04-22,Billing,1,1.1,52.80,12256.14
2024-04-11,Billing,2,1.3,62.40,12262.64
2024-04-08,Billing,2,3.7,177.60,12230.82
2024-04-16,Billing,1,1.4,67.20,12226.40
2024-04-11,Billing,2,2.6,124.80,12258.94
2024-04-11,Billing,4,8.0,384.00,12231.40
2024-04-19,Billing,1,1.4,67.20,12234.79
2024-04-19,Billing,2,1.1,52.80,12234.16
2024-04-05,Billing,1,1.8,86.40,12237.80
2024-04-19,Billing,3,1.7,81.60,12234.00
2024-04-11,Billing,2,3.0,144.00,12225.70
2024-04-05,Billing,3,4.6,220.80,12293.86
2024-04-05,Billing,1,1.4,67.20,12239.29
2024-04-23,Billing,2,2.9,139.20,12237.97
2024-04-03,Billing,4,5.9,283.20,12262.24
2024-04-02,Billing,1,1.3,62.40,12211.48
2024-04-23,Billing,4,2.8,134.40,12233.37
2024-04-09,Billing,2,2.0,96.00,12276.64
2024-04-04,Billing,2,4.0,192.00,12254.85
2024-04-13,Billing,2,1.4,67.20,12248.03
2024-04-10,Tech,1,1.1,52.80,12263.46
2024-04-16,Tech,2,1.1,52.80,12297.17
2024-04-11,Tech,3,4.4,211.20,12292.84
2024-04-05,Tech,1,0.7,33.60,12231.87
2024-04-16,Tech,4,5.0,240.00,12281.85
2024-04-01,Tech,1,1.3,62.40,12245.25
2024-04-01,Tech,3,4.9,235.20,12252.45
2024-04-18,Tech,2,1.8,86.40,12221.07
2024-04-28,Tech,2,4.0,192.00,12241.28
2024-04-21,Tech,3,4.3,206.40,12286.25
2024-04-07,Tech,4,6.6,316.80,12262.29
2024-04-26,Tech,1,0.5,24.00,12294.91
2024-04-12,Tech,2,1.4,67.20,12245.89
2024-04-06,Tech,3,3.6,172.80,12204.24
2024-04-04,Tech,4,5.6,268.80,12247.19
2024-04-28,Tech,4,3.1,148.80,12284.53
2024-04-11,Tech,3,4.8,230.40,12231.62
2024-04-08,Tech,3,2.1,100.80,12262.58
2024-04-24,Tech,1,1.7,81.60,12237.93
2024-04-25,Tech,3,3.7,177.60,12250.44
2024-04-04,Tech,2,3.3,158.40,12221.09
2024-04-25,Tech,4,5.6,268.80,12244.38
2024-04-25,Tech,3,4.0,192.00,12213.37
2024-04-03,Tech,3,3.6,172.80,12270.38
2024-04-06,Tech,2,1.4,67.20,12203.55
2024-04-26,Onboarding,2,2.8,134.40,12223.74
2024-04-15,Onboarding,3,4.2,201.60,12290.57
2024-04-24,Onboarding,4,3.6,172.80,12244.09
2024-04-10,Onboarding,2,2.7,129.60,12291.49
2024-04-24,Onboarding,1,2.0,96.00,12205.61
2024-04-15,Onboarding,3,3.9,187.20,12281.62
2024-04-02,Onboarding,1,0.6,28.80,12237.77
2024-04-15,Onboarding,1,1.8,86.40,12285.35
2024-04-06,Onboarding,1,0.6,28.80,12275.89
2024-04-15,Onboarding,3,5.2,249.60,12212.74
2024-04-28,Onboarding,3,4.4,211.20,12205.10
2024-04-23,Onboarding,3,2.0,96.00,12275.73
2024-04-02,Onboarding,2,2.1,100.80,12226.93
2024-04-13,Onboarding,2,2.2,105.60,12243.51
2024-04-13,Onboarding,2,3.4,163.20,12235.68
2024-04-23,Onboarding,4,6.0,288.00,12258.99
2024-04-04,Onboarding,1,1.2,57.60,12242.79
2024-04-22,Onboarding,1,1.7,81.60,12253.94
2024-04-05,Onboarding,2,1.4,67.20,12244.73
2024-04-04,Onboarding,4,7.4,355.20,12267.83
2024-04-09,Onboarding,3,4.1,196.80,12259.34
2024-04-07,Onboarding,4,5.0,240.00,12290.09
2024-04-23,Onboarding,4,7.3,350.40,12258.92
2024-04-26,Onboarding,1,1.2,57.60,12233.24
2024-04-24,Onboarding,4,5.8,278.40,12259.35
2024-04-16,Onboarding,1,1.2,57.60,12276.14
2024-04-20,Claims,3,5.5,264.00,12289.07
2024-04-01,Claims,3,2.6,124.80,12299.55
2024-04-04,Claims,2,1.3,62.40,12260.02
2024-04-22,Claims,3,4.0,192.00,12289.91
2024-04-01,Claims,3,2.4,115.20,12249.79
2024-04-25,Claims,3,5.2,249.60,12202.28
2024-04-20,Claims,2,1.4,67.20,12221.74
2024-04-17,Claims,3,5.0,240.00,12269.16
2024-04-07,Claims,2,2.5,120.00,12260.22
2024-04-03,Claims,3,2.2,105.60,12212.21
2024-04-05,Claims,1,2.0,96.00,12268.59
2024-04-04,Claims,2,1.4,67.20,12266.38
2024-04-01,Claims,1,2.0,96.00,12289.68
2024-04-10,Claims,2,3.3,158.40,12226.85
2024-04-15,Claims,1,1.9,91.20,12219.92
2024-04-28,Claims,1,0.9,43.20,12216.61
2024-04-22,Claims,4,2.1,100.80,12282.20
2024-04-21,Claims,1,1.5,72.00,12248.83
2024-04-08,Claims,3,2.0,96.00,12259.74
2024-04-14,Claims,3,5.2,249.60,12245.04
2024-04-10,Claims,3,1.7,81.60,12279.74
2024-04-28,Claims,4,7.6,364.80,12205.50
2024-04-02,Claims,1,0.7,33.60,12219.13
2024-04-27,Claims,4,5.2,249.60,12212.48
2024-04-06,Claims,4,2.1,100.80,12296.27
2024-05-09,Billing,2,1.8,86.40,12379.64
2024-05-09,Billing,3,3.0,144.00,12397.06
2024-05-21,Billing,1,0.5,24.00,12371.13
2024-05-02,Billing,1,1.5,72.00,12439.40
2024-05-26,Billing,1,1.2,57.60,12446.32
2024-05-05,Billing,3,3.2,153.60,12372.67
2024-05-27,Billing,4,4.3,206.40,12392.99
2024-05-04,Billing,2,1.9,91.20,12362.23
2024-05-18,Billing,3,4.9,235.20,12439.35
2024-05-17,Billing,4,5.9,283.20,12431.35
2024-05-04,Billing,2,1.7,81.60,12442.87
2024-05-26,Billing,2,3.6,172.80,12426.54
2024-05-05,Billing,4,2.9,139.20,12393.47
2024-05-18,Billing,2,1.9,91.20,12367.79
2024-05-08,Billing,3,2.4,115.20,12406.20
2024-05-07,Billing,2,2.1,100.80,12437.77
2024-05-15,Billing,4,6.9,331.20,12389.77
2024-05-05,Billing,2,2.4,115.20,12397.17
2024-05-28,Billing,4,5.8,278.40,12415.35
2024-05-28,Billing,2,2.1,100.80,12448.13
2024-05-16,Billing,4,3.8,182.40,12377.38
2024-05-02,Billing,3,3.1,148.80,12368.86
2024-05-23,Tech,3,2.8,134.40,12410.96
2024-05-18,Tech,4,4.0,192.00,12351.88
2024-05-04,Tech,2,1.6,76.80,12363.25
2024-05-15,Tech,4,7.1,340.80,12383.96
2024-05-26,Tech,3,6.0,288.00,12434.49
2024-05-07,Tech,3,1.7,81.60,12359.52
2024-05-26,Tech,4,3.7,177.60,12436.85
2024-05-12,Tech,2,3.7,177.60,12449.83
2024-05-08,Tech,1,1.5,72.00,12379.75
2024-05-02,Tech,3,2.8,134.40,12437.66
2024-05-04,Tech,4,7.9,379.20,12351.92
2024-05-28,Tech,3,5.4,259.20,12391.30
2024-05-12,Tech,1,1.5,72.00,12389.12
2024-05-14,Tech,2,2.1,100.80,12395.90
2024-05-28,Tech,4,5.0,240.00,12411.58
2024-05-27,Tech,4,6.2,297.60,12425.95
2024-05-19,Tech,3,4.4,211.20,12423.77
2024-05-13,Tech,3,5.8,278.40,12367.03
2024-05-07,Tech,1,0.6,28.80,12409.74
2024-05-09,Tech,3,5.5,264.00,12422.64
2024-05-10,Tech,4,6.1,292.80,12384.87
2024-05-23,Tech,1,1.5,72.00,12377.00
2024-05-16,Tech,1,0.9,43.20,12430.10
2024-05-03,Tech,4,2.8,134.40,12407.50
2024-05-10,Tech,1,1.8,86.40,12370.93
2024-05-19,Tech,1,1.5,72.00,12403.34
2024-05-04,Tech,2,2.7,129.60,12406.76
2024-05-13,Onboarding,4,4.1,196.80,12395.44
2024-05-04,Onboarding,1,1.5,72.00,12428.26
2024-05-17,Onboarding,3,4.3,206.40,12408.56
2024-05-18,Onboarding,3,4.1,196.80,12439.34
2024-05-16,Onboarding,1,2.0,96.00,12406.78
2024-05-15,Onboarding,1,1.0,48.00,12356.94
2024-05-27,Onboarding,1,1.9,91.20,12429.47
2024-05-27,Onboarding,4,3.0,144.00,12375.20
2024-05-16,Onboarding,1,1.3,62.40,12384.57
2024-05-12,Onboarding,1,1.7,81.60,12428.61
2024-05-19,Onboarding,1,1.7,81.60,12369.81
2024-05-26,Onboarding,3,2.0,96.00,12375.82
2024-05-12,Onboarding,1,1.5,72.00,12410.69
2024-05-03,Onboarding,2,3.1,148.80,12433.33
2024-05-22,Onboarding,3,3.9,187.20,12382.09
2024-05-26,Onboarding,3,5.2,249.60,12416.83
2024-05-01,Onboarding,1,1.0,48.00,12371.83
2024-05-11,Onboarding,1,0.9,43.20,12392.35
2024-05-03,Onboarding,3,1.8,86.40,12370.76
2024-05-23,Onboarding,3,5.7,273.60,12367.47
2024-05-06,Onboarding,4,5.3,254.40,12381.22
2024-05-26,Onboarding,2,1.4,67.20,12437.35
2024-05-16,Onboarding,3,3.1,148.80,12400.63
2024-05-15,Onboarding,2,1.8,86.40,12448.51
2024-05-16,Claims,1,1.6,76.80,12387.85
2024-05-07,Claims,3,1.9,91.20,12377.10
2024-05-27,Claims,2,3.9,187.20,12355.85
2024-05-26,Claims,2,1.7,81.60,12363.13
2024-05-07,Claims,4,4.7,225.60,12414.12
2024-05-23,Claims,2,3.2,153.60,12360.67
2024-05-23,Claims,1,0.5,24.00,12447.97
2024-05-14,Claims,1,1.8,86.40,12431.77
2024-05-19,Claims,2,2.6,124.80,12416.79
2024-05-12,Claims,1,1.9,91.20,12443.46
2024-05-03,Claims,2,2.0,96.00,12384.48
2024-05-12,Claims,2,1.2,57.60,12407.54
2024-05-26,Claims,4,6.9,331.20,12446.17
2024-05-25,Claims,2,2.4,115.20,12365.08
2024-05-20,Claims,2,3.7,177.60,12385.70
2024-05-27,Claims,4,3.1,148.80,12413.82
2024-05-01,Claims,1,1.1,52.80,12420.64
2024-05-21,Claims,3,5.6,268.80,12437.45
2024-05-28,Claims,3,4.2,201.60,12407.57
2024-05-09,Claims,2,3.3,158.40,12409.90
2024-05-06,Claims,1,1.3,62.40,12446.01
2024-05-20,Claims,2,2.5,120.00,12368.84
2024-05-27,Claims,2,1.2,57.60,12418.17
2024-05-13,Claims,4,6.2,297.60,12448.92
2024-05-04,Claims,3,5.4,259.20,12371.06
2024-05-03,Claims,4,2.7,129.60,12386.08
2024-05-22,Claims,4,3.8,182.40,12422.58
2024-06-05,Billing,2,1.4,67.20,12540.38
2024-06-25,Billing,3,5.2,249.60,12597.63
2024-06-11,Billing,2,3.5,168.00,12550.31
2024-06-11,Billing,3,5.6,268.80,12545.64
2024-06-20,Billing,2,3.4,163.20,12510.01
2024-06-10,Billing,3,3.2,153.60,12567.17
2024-06-05,Billing,1,1.7,81.60,12502.98
2024-06-04,Billing,2,2.9,139.20,12569.21
2024-06-11,Billing,2,1.9,91.20,12569.33
2024-06-17,Billing,1,1.1,52.80,12556.93
2024-06-26,Billing,4,5.7,273.60,12599.45
2024-06-18,Billing,3,1.6,76.80,12579.96
2024-06-05,Billing,4,6.9,331.20,12562.17
2024-06-15,Billing,2,2.6,124.80,12588.29
2024-06-09,Billing,3,4.5,216.00,12549.76
2024-06-22,Billing,4,2.4,115.20,12549.79
2024-06-15,Billing,1,1.8,86.40,12548.59
2024-06-15,Billing,2,3.4,163.20,12563.39
2024-06-14,Billing,2,2.2,105.60,12529.87
2024-06-11,Billing,2,2.9,139.20,12527.41
2024-06-05,Billing,2,2.8,134.40,12585.18
2024-06-15,Billing,4,7.5,360.00,12577.71
2024-06-05,Billing,2,3.8,182.40,12540.16
2024-06-28,Billing,4,2.5,120.00,12574.33
2024-06-08,Tech,2,1.9,91.20,12553.11
2024-06-06,Tech,2,1.2,57.60,12548.74
2024-06-28,Tech,3,1.9,91.20,12514.09
2024-06-06,Tech,4,7.8,374.40,12591.05
2024-06-18,Tech,1,1.9,91.20,12520.19
2024-06-28,Tech,2,1.8,86.40,12597.34
2024-06-28,Tech,2,3.7,177.60,12527.63
2024-06-02,Tech,4,2.7,129.60,12556.59
2024-06-07,Tech,1,1.9,91.20,12527.59
2024-06-18,Tech,1,1.4,67.20,12573.87
2024-06-16,Tech,1,1.6,76.80,12517.38
2024-06-17,Tech,1,1.5,72.00,12524.39
2024-06-01,Tech,2,1.1,52.80,12536.90
2024-06-04,Tech,4,2.5,120.00,12567.75
2024-06-04,Tech,1,0.6,28.80,12597.45
2024-06-13,Tech,3,4.2,201.60,12502.23
2024-06-15,Tech,3,2.3,110.40,12518.43
2024-06-25,Tech,1,0.7,33.60,12504.28
2024-06-04,Tech,4,5.5,264.00,12576.72
2024-06-04,Tech,1,1.8,86.40,12588.38
2024-06-24,Tech,1,0.8,38.40,12506.97
2024-06-21,Tech,3,3.8,182.40,12585.79
2024-06-06,Tech,2,1.5,72.00,12564.46
2024-06-18,Onboarding,4,7.7,369.60,12575.81
2024-06-27,Onboarding,4,3.9,187.20,12583.00
2024-06-05,Onboarding,4,7.9,379.20,12599.03
2024-06-03,Onboarding,1,1.3,62.40,12551.44
2024-06-04,Onboarding,1,0.7,33.60,12588.44
2024-06-24,Onboarding,4,6.0,288.00,12569.53
2024-06-27,Onboarding,3,4.4,211.20,12589.55
2024-06-14,Onboarding,3,5.3,254.40,12508.48
2024-06-04,Onboarding,1,1.8,86.40,12564.63
2024-06-24,Onboarding,4,5.2,249.60,12527.03
2024-06-02,Onboarding,3,4.9,235.20,12535.01
2024-06-28,Onboarding,4,3.1,148.80,12518.33
2024-06-27,Onboarding,1,0.9,43.20,12535.77
2024-06-22,Onboarding,4,3.4,163.20,12591.01
2024-06-17,Onboarding,2,3.5,168.00,12543.03
2024-06-21,Onboarding,2,3.7,177.60,12522.22
2024-06-12,Onboarding,4,4.3,206.40,12531.11
2024-06-12,Onboarding,1,0.7,33.60,12575.01
2024-06-23,Onboarding,1,1.9,91.20,12575.45
2024-06-27,Onboarding,2,1.9,91.20,12586.52
2024-06-17,Onboarding,4,5.4,259.20,12556.17
2024-06-16,Onboarding,4,3.5,168.00,12576.24
2024-06-18,Onboarding,3,3.1,148.80,12529.62
2024-06-18,Onboarding,1,0.9,43.20,12518.91
2024-06-06,Claims,2,2.4,115.20,12572.56
2024-06-07,Claims,4,2.8,134.40,12577.27
2024-06-22,Claims,2,1.6,76.80,12555.86
2024-06-06,Claims,2,2.8,134.40,12586.45
2024-06-20,Claims,3,1.7,81.60,12598.81
2024-06-24,Claims,3,4.4,211.20,12550.36
2024-06-21,Claims,1,0.6,28.80,12550.33
2024-06-17,Claims,1,1.9,91.20,12572.54
2024-06-03,Claims,3,2.7,129.60,12521.48
2024-06-28,Claims,4,2.7,129.60,12503.61
2024-06-14,Claims,2,3.5,168.00,12544.22
2024-06-11,Claims,4,7.5,360.00,12593.02
2024-06-01,Claims,4,8.0,384.00,12571.61
2024-06-22,Claims,1,0.8,38.40,12534.91
2024-06-14,Claims,4,7.6,364.80,12596.60
2024-06-07,Claims,3,5.1,244.80,12514.99
2024-06-07,Claims,2,3.1,148.80,12572.44
2024-06-28,Claims,4,4.3,206.40,12555.36
2024-06-03,Claims,1,1.2,57.60,12582.48
2024-06-28,Claims,2,1.8,86.40,12552.89
2024-06-09,Claims,3,4.4,211.20,12548.55
2024-06-25,Claims,2,3.3,158.40,12537.25
2024-06-07,Claims,1,0.6,28.80,12569.17
2024-06-06,Claims,2,2.0,96.00,12572.97
2024-07-11,Billing,4,6.1,292.80,12706.49
2024-07-10,Billing,3,5.4,259.20,12715.46
2024-07-26,Billing,2,3.2,153.60,12719.90
2024-07-10,Billing,2,3.7,177.60,12674.63
2024-07-25,Billing,1,1.0,48.00,12669.68
2024-07-16,Billing,3,4.4,211.20,12736.67
2024-07-19,Billing,1,0.7,33.60,12707.40
2024-07-27,Billing,3,5.3,254.40,12665.56
2024-07-11,Billing,1,0.5,24.00,12668.11
2024-07-26,Billing,1,0.9,43.20,12650.91
2024-07-21,Billing,4,6.1,292.80,12676.04
2024-07-28,Billing,2,3.8,182.40,12712.31
2024-07-19,Billing,4,2.1,100.80,12699.63
2024-07-16,Billing,3,4.4,211.20,12663.96
2024-07-01,Billing,4,3.4,163.20,12702.00
2024-07-03,Billing,3,2.4,115.20,12741.13
2024-07-18,Billing,3,3.2,153.60,12677.20
2024-07-27,Billing,1,1.5,72.00,12656.48
2024-07-14,Billing,4,3.9,187.20,12677.41
2024-07-07,Billing,4,3.9,187.20,12737.91
2024-07-08,Billing,4,4.6,220.80,12663.39
2024-07-11,Billing,4,5.9,283.20,12742.80
2024-07-14,Billing,3,3.3,158.40,12710.27
2024-07-05,Billing,1,0.9,43.20,12695.07
2024-07-07,Billing,3,5.7,273.60,12683.64
2024-07-11,Billing,2,2.7,129.60,12697.35
2024-07-06,Billing,1,1.1,52.80,12691.66
2024-07-14,Tech,4,4.5,216.00,12653.57
2024-07-14,Tech,1,0.8,38.40,12665.33
2024-07-08,Tech,3,1.9,91.20,12673.11
2024-07-03,Tech,4,4.6,220.80,12675.16
2024-07-04,Tech,3,2.2,105.60,12685.67
2024-07-04,Tech,4,2.5,120.00,12729.76
2024-07-01,Tech,2,2.0,96.00,12699.23
2024-07-21,Tech,3,2.8,134.40,12683.52
2024-07-21,Tech,3,2.0,96.00,12730.32
2024-07-03,Tech,1,0.6,28.80,12696.51
2024-07-06,Tech,2,1.8,86.40,12680.47
2024-07-18,Tech,3,5.4,259.20,12651.41
2024-07-16,Tech,3,2.4,115.20,12710.81
2024-07-18,Tech,1,1.3,62.40,12652.41
2024-07-27,Tech,4,6.8,326.40,12673.05
2024-07-08,Tech,1,0.5,24.00,12690.96
2024-07-24,Tech,1,1.0,48.00,12691.72
2024-07-20,Tech,3,2.0,96.00,12693.46
2024-07-18,Tech,3,5.7,273.60,12689.45
2024-07-23,Tech,3,5.0,240.00,12677.45
2024-07-11,Tech,1,1.8,86.40,12686.03
2024-07-12,Tech,4,5.9,283.20,12671.94
2024-07-08,Tech,1,1.2,57.60,12662.89
2024-07-25,Tech,4,7.4,355.20,12723.52
2024-07-19,Tech,1,0.6,28.80,12704.12
2024-07-20,Tech,4,5.8,278.40,12698.20
2024-07-25,Onboarding,4,3.5,168.00,12734.02
2024-07-24,Onboarding,4,5.3,254.40,12710.41
2024-07-02,Onboarding,3,3.6,172.80,12693.41
2024-07-15,Onboarding,4,6.5,312.00,12690.05
2024-07-05,Onboarding,4,2.4,115.20,12698.80
2024-07-25,Onboarding,2,2.2,105.60,12666.85
2024-07-25,Onboarding,1,1.0,48.00,12694.90
2024-07-15,Onboarding,3,3.8,182.40,12680.64
2024-07-27,Onboarding,1,0.7,33.60,12736.59
2024-07-02,Onboarding,1,1.7,81.60,12652.28
2024-07-19,Onboarding,3,4.0,192.00,12735.81
2024-07-20,Onboarding,3,4.4,211.20,12731.26
2024-07-20,Onboarding,4,7.2,345.60,12682.71
2024-07-01,Onboarding,4,7.4,355.20,12682.30
2024-07-04,Onboarding,1,0.6,28.80,12659.18
2024-07-09,Onboarding,3,5.2,249.60,12717.61
2024-07-10,Onboarding,2,3.6,172.80,12668.29
2024-07-18,Onboarding,2,1.5,72.00,12697.34
2024-07-14,Onboarding,4,2.2,105.60,12704.98
2024-07-21,Onboarding,2,3.2,153.60,12657.09
2024-07-21,Onboarding,4,6.9,331.20,12741.09
2024-07-15,Onboarding,1,1.4,67.20,12699.66
2024-07-17,Onboarding,3,3.3,158.40,12720.83
2024-07-12,Onboarding,2,3.8,182.40,12730.97
2024-07-16,Onboarding,4,5.6,268.80,12681.66
2024-07-19,Onboarding,1,0.7,33.60,12681.90
2024-07-18,Onboarding,3,5.0,240.00,12702.90
2024-07-22,Onboarding,2,1.2,57.60,12686.62
2024-07-03,Claims,4,6.1,292.80,12707.96
2024-07-12,Claims,3,5.7,273.60,12687.74
2024-07-17,Claims,1,1.2,57.60,12703.46
2024-07-05,Claims,1,1.0,48.00,12651.28
2024-07-12,Claims,4,5.8,278.40,12718.62
2024-07-19,Claims,1,1.5,72.00,12668.05
2024-07-03,Claims,3,5.1,244.80,12666.63
2024-07-11,Claims,4,7.4,355.20,12698.39
2024-07-23,Claims,3,2.3,110.40,12737.07
2024-07-15,Claims,3,4.0,192.00,12730.38
2024-07-11,Claims,2,3.4,163.20,12668.23
2024-07-18,Claims,2,3.8,182.40,12677.55
2024-07-06,Claims,1,1.7,81.60,12730.75
2024-07-22,Claims,3,5.0,240.00,12678.23
2024-07-18,Claims,1,0.7,33.60,12746.78
2024-07-02,Claims,4,7.0,336.00,12673.07
2024-07-23,Claims,3,3.7,177.60,12718.05
2024-07-14,Claims,2,3.8,182.40,12666.41
2024-07-20,Claims,4,4.1,196.80,12748.29
2024-07-20,Claims,3,1.9,91.20,12676.10
2024-07-03,Claims,4,4.3,206.40,12743.46
2024-07-23,Claims,2,3.5,168.00,12663.76
2024-08-16,Billing,1,0.6,28.80,12812.12
2024-08-18,Billing,2,3.8,182.40,12831.88
2024-08-24,Billing,2,1.3,62.40,12812.68
2024-08-19,Billing,4,5.5,264.00,12845.37
2024-08-28,Billing,2,3.7,177.60,12841.33
2024-08-04,Billing,4,7.0,336.00,12830.45
2024-08-25,Billing,1,1.4,67.20,12899.02
2024-08-27,Billing,1,0.6,28.80,12820.18
2024-08-25,Billing,4,3.9,187.20,12897.47
2024-08-16,Billing,2,1.8,86.40,12890.09
2024-08-02,Billing,4,6.7,321.60,12887.51
2024-08-07,Billing,3,2.8,134.40,12864.98
2024-08-02,Billing,2,1.1,52.80,12839.42
2024-08-11,Billing,4,5.9,283.20,12831.75
2024-08-10,Billing,1,0.8,38.40,12843.16
2024-08-01,Billing,2,3.2,153.60,12834.00
2024-08-08,Billing,2,3.1,148.80,12844.94
2024-08-03,Billing,1,0.5,24.00,12857.71
2024-08-23,Billing,2,1.5,72.00,12867.76
2024-08-18,Billing,3,4.6,220.80,12808.61
2024-08-18,Billing,3,3.1,148.80,12888.54
2024-08-12,Billing,2,3.5,168.00,12867.05
2024-08-21,Tech,1,1.3,62.40,12835.27
2024-08-17,Tech,2,3.4,163.20,12893.04
2024-08-27,Tech,4,6.3,302.40,12836.93
2024-08-10,Tech,2,2.7,129.60,12865.16
2024-08-07,Tech,1,1.6,76.80,12841.55
2024-08-26,Tech,4,6.0,288.00,12806.51
2024-08-16,Tech,3,2.0,96.00,12829.29
2024-08-15,Tech,2,3.2,153.60,12830.28
2024-08-15,Tech,1,2.0,96.00,12835.72
2024-08-25,Tech,2,3.8,182.40,12851.32
2024-08-28,Tech,2,1.1,52.80,12882.12
2024-08-03,Tech,2,1.9,91.20,12813.45
2024-08-02,Tech,4,3.0,144.00,12833.56
2024-08-05,Tech,1,2.0,96.00,12816.54
2024-08-12,Tech,3,3.3,158.40,12882.98
2024-08-28,Tech,2,2.4,115.20,12884.70
2024-08-18,Tech,1,1.1,52.80,12873.56
2024-08-16,Tech,4,4.1,196.80,12844.08
2024-08-20,Tech,1,1.0,48.00,12891.91
2024-08-26,Tech,2,4.0,192.00,12841.10
2024-08-13,Tech,4,3.2,153.60,12806.05
2024-08-04,Tech,1,0.6,28.80,12831.59
2024-08-26,Tech,3,4.4,211.20,12844.85
2024-08-16,Tech,3,2.4,115.20,12822.57
2024-08-18,Tech,4,3.5,168.00,12882.82
2024-08-15,Tech,4,2.4,115.20,12845.90
2024-08-03,Onboarding,1,1.2,57.60,12849.75
2024-08-10,Onboarding,2,1.4,67.20,12860.83
2024-08-26,Onboarding,4,2.9,139.20,12891.96
2024-08-12,Onboarding,1,1.7,81.60,12803.78
2024-08-22,Onboarding,1,1.4,67.20,12812.65
2024-08-07,Onboarding,2,3.1,148.80,12882.94
2024-08-12,Onboarding,3,4.0,192.00,12858.79
2024-08-08,Onboarding,4,5.2,249.60,12860.67
2024-08-16,Onboarding,3,1.9,91.20,12823.26
2024-08-18,Onboarding,2,2.6,124.80,12813.64
2024-08-15,Onboarding,1,1.7,81.60,12842.19
2024-08-26,Onboarding,1,1.3,62.40,12872.21
2024-08-05,Onboarding,4,5.4,259.20,12888.98
2024-08-10,Onboarding,4,7.9,379.20,12866.07
2024-08-28,Onboarding,2,1.9,91.20,12806.37
2024-08-21,Onboarding,3,2.9,139.20,12868.22
2024-08-12,Onboarding,4,3.9,187.20,12883.71
2024-08-21,Onboarding,3,1.5,72.00,12886.66
2024-08-09,Onboarding,3,4.1,196.80,12839.26
2024-08-02,Onboarding,4,4.6,220.80,12855.84
2024-08-14,Onboarding,3,3.5,168.00,12854.44
2024-08-20,Onboarding,2,3.2,153.60,12890.62
2024-08-22,Onboarding,3,4.0,192.00,12804.44
2024-08-07,Onboarding,1,1.1,52.80,12878.66
2024-08-21,Onboarding,1,0.7,33.60,12821.72
2024-08-07,Onboarding,1,1.5,72.00,12884.77
2024-08-17,Claims,1,1.7,81.60,12814.11
2024-08-24,Claims,1,1.5,72.00,12895.54
2024-08-07,Claims,3,6.0,288.00,12860.49
2024-08-14,Claims,4,5.4,259.20,12844.87
2024-08-01,Claims,4,5.6,268.80,12882.35
2024-08-28,Claims,2,1.7,81.60,12825.77
2024-08-21,Claims,4,6.8,326.40,12800.01
2024-08-28,Claims,3,5.5,264.00,12852.84
2024-08-27,Claims,2,3.5,168.00,12843.51
2024-08-20,Claims,1,0.7,33.60,12884.71
2024-08-02,Claims,2,3.2,153.60,12898.79
2024-08-10,Claims,4,4.4,211.20,12822.87
2024-08-14,Claims,2,2.7,129.60,12833.06
2024-08-14,Claims,2,1.4,67.20,12882.50
2024-08-04,Claims,2,1.5,72.00,12860.77
2024-08-09,Claims,4,5.6,268.80,12845.50
2024-08-10,Claims,3,3.8,182.40,12874.90
2024-08-02,Claims,4,4.4,211.20,12823.37
2024-08-27,Claims,1,0.6,28.80,12815.11
2024-08-17,Claims,1,1.8,86.40,12815.19
2024-08-04,Claims,2,3.3,158.40,12835.14
2024-08-11,Claims,2,3.9,187.20,12838.65
2024-09-27,Billing,2,2.6,124.80,13034.64
2024-09-19,Billing,4,7.7,369.60,12975.85
2024-09-27,Billing,1,1.3,62.40,12978.95
2024-09-13,Billing,2,2.4,115.20,12962.94
2024-09-28,Billing,4,2.5,120.00,13049.77
2024-09-15,Billing,4,6.7,321.60,13021.05
2024-09-14,Billing,2,1.4,67.20,13035.93
2024-09-23,Billing,4,2.3,110.40,12975.01
2024-09-24,Billing,3,5.1,244.80,12988.11
2024-09-21,Billing,3,3.2,153.60,13020.97
2024-09-05,Billing,1,1.1,52.80,13000.69
2024-09-18,Billing,2,3.1,148.80,13027.47
2024-09-21,Billing,4,4.7,225.60,13003.66
2024-09-05,Billing,4,4.3,206.40,13029.64
2024-09-22,Billing,1,1.3,62.40,12959.28
2024-09-18,Billing,3,3.1,148.80,12991.07
2024-09-11,Billing,3,4.2,201.60,13017.85
2024-09-18,Billing,4,7.0,336.00,12958.49
2024-09-25,Billing,2,2.1,100.80,12960.94
2024-09-10,Billing,3,1.7,81.60,13018.63
2024-09-02,Billing,3,4.0,192.00,13004.30
2024-09-07,Billing,2,3.4,163.20,13017.20
2024-09-02,Billing,2,3.5,168.00,12999.27
2024-09-22,Tech,1,1.6,76.80,12999.47
2024-09-21,Tech,3,5.8,278.40,13031.24
2024-09-11,Tech,2,3.0,144.00,13017.76
2024-09-08,Tech,2,2.1,100.80,12997.35
2024-09-16,Tech,1,1.7,81.60,13006.43
2024-09-15,Tech,4,2.5,120.00,13033.12
2024-09-28,Tech,4,4.0,192.00,13049.17
2024-09-23,Tech,2,2.7,129.60,13031.31
2024-09-21,Tech,1,2.0,96.00,12982.98
2024-09-06,Tech,1,1.4,67.20,13005.40
2024-09-03,Tech,1,1.9,91.20,13039.37
2024-09-15,Tech,4,4.1,196.80,13048.43
2024-09-21,Tech,4,2.8,134.40,13038.52
2024-09-20,Tech,2,1.5,72.00,12998.81
2024-09-05,Tech,4,4.3,206.40,13026.04
2024-09-15,Tech,4,5.2,249.60,13011.09
2024-09-11,Tech,1,2.0,96.00,13002.40
2024-09-17,Tech,2,1.4,67.20,12999.21
2024-09-17,Tech,4,4.3,206.40,13004.76
2024-09-05,Tech,3,2.3,110.40,12995.43
2024-09-20,Tech,1,1.5,72.00,12980.56
2024-09-08,Tech,4,4.3,206.40,13003.53
2024-09-01,Onboarding,2,3.1,148.80,12995.26
2024-09-07,Onboarding,3,4.7,225.60,13037.14
2024-09-08,Onboarding,1,1.0,48.00,13031.79
2024-09-28,Onboarding,3,4.0,192.00,12961.78
2024-09-11,Onboarding,3,1.8,86.40,13001.98
2024-09-01,Onboarding,2,2.1,100.80,12961.69
2024-09-22,Onboarding,3,3.6,172.80,12956.11
2024-09-17,Onboarding,3,1.6,76.80,12986.08
2024-09-09,Onboarding,3,5.0,240.00,13018.66
2024-09-27,Onboarding,4,3.6,172.80,12957.66
2024-09-12,Onboarding,1,0.9,43.20,12957.71
2024-09-27,Onboarding,3,2.7,129.60,12970.86
2024-09-27,Onboarding,1,1.1,52.80,13007.92
2024-09-25,Onboarding,4,2.7,129.60,13039.06
2024-09-04,Onboarding,4,7.8,374.40,12962.74
2024-09-02,Onboarding,4,5.8,278.40,13003.23
2024-09-28,Onboarding,2,1.9,91.20,12968.62
2024-09-26,Onboarding,3,4.2,201.60,13010.61
2024-09-23,Onboarding,4,6.1,292.80,13049.94
2024-09-27,Onboarding,1,0.9,43.20,12993.53
2024-09-28,Onboarding,4,4.6,220.80,12987.05
2024-09-26,Onboarding,2,1.5,72.00,13034.69
2024-09-13,Onboarding,3,2.0,96.00,13037.97
2024-09-19,Onboarding,1,1.4,67.20,12984.79
2024-09-14,Onboarding,3,3.9,187.20,13043.45
2024-09-25,Onboarding,3,3.2,153.60,13016.86
2024-09-28,Claims,1,1.6,76.80,13019.04
2024-09-03,Claims,3,5.2,249.60,13044.99
2024-09-28,Claims,1,1.5,72.00,13031.12
2024-09-16,Claims,2,2.1,100.80,13004.44
2024-09-02,Claims,1,1.9,91.20,13002.95
2024-09-11,Claims,1,1.5,72.00,13031.71
2024-09-16,Claims,4,7.7,369.60,12964.75
2024-09-06,Claims,2,1.4,67.20,12977.86
2024-09-04,Claims,3,3.5,168.00,12984.88
2024-09-03,Claims,1,1.9,91.20,13006.00
2024-09-24,Claims,2,1.5,72.00,12966.08
2024-09-03,Claims,1,1.9,91.20,13028.97
2024-09-09,Claims,1,0.7,33.60,12974.61
2024-09-21,Claims,4,6.3,302.40,12968.88
2024-09-28,Claims,2,3.2,153.60,12997.92
2024-09-26,Claims,2,3.4,163.20,13018.81
2024-09-09,Claims,4,6.5,312.00,13047.88
2024-09-07,Claims,4,4.8,230.40,12996.60
2024-09-27,Claims,2,1.2,57.60,13015.52
2024-09-01,Claims,4,6.8,326.40,13014.41
2024-09-23,Claims,3,4.7,225.60,12995.56
2024-09-19,Claims,4,7.4,355.20,13027.72
2024-09-16,Claims,4,3.5,168.00,13022.85
2024-09-17,Claims,2,1.8,86.40,13014.18
2024-09-14,Claims,2,1.3,62.40,12988.71
2024-10-08,Billing,1,1.5,72.00,13114.48
2024-10-12,Billing,3,4.3,206.40,13165.99
2024-10-25,Billing,1,1.2,57.60,13125.10
2024-10-13,Billing,2,3.1,148.80,13198.33
2024-10-27,Billing,3,4.0,192.00,13146.55
2024-10-08,Billing,1,1.0,48.00,13181.41
2024-10-03,Billing,3,2.5,120.00,13103.97
2024-10-10,Billing,2,1.4,67.20,13188.45
2024-10-11,Billing,4,2.5,120.00,13143.59
2024-10-17,Billing,3,4.7,225.60,13134.19
2024-10-16,Billing,1,0.8,38.40,13118.63
2024-10-14,Billing,1,1.8,86.40,13147.79
2024-10-10,Billing,4,3.0,144.00,13118.96
2024-10-07,Billing,4,2.1,100.80,13151.99
2024-10-15,Billing,3,3.5,168.00,13196.39
2024-10-01,Billing,1,1.7,81.60,13136.23
2024-10-23,Billing,2,1.5,72.00,13156.30
2024-10-22,Billing,1,1.2,57.60,13115.43
2024-10-02,Billing,3,2.3,110.40,13131.91
2024-10-19,Billing,4,3.7,177.60,13165.30
2024-10-15,Billing,1,0.8,38.40,13137.32
2024-10-12,Billing,1,1.0,48.00,13182.47
2024-10-12,Billing,4,6.7,321.60,13141.94
2024-10-21,Billing,2,3.7,177.60,13126.40
2024-10-20,Billing,3,5.2,249.60,13128.32
2024-10-07,Tech,1,1.1,52.80,13195.91
2024-10-22,Tech,4,4.9,235.20,13173.16
2024-10-23,Tech,4,4.8,230.40,13133.94
2024-10-27,Tech,2,1.0,48.00,13175.83
2024-10-25,Tech,1,1.8,86.40,13190.96
2024-10-22,Tech,3,1.6,76.80,13121.15
2024-10-22,Tech,2,1.3,62.40,13138.87
2024-10-18,Tech,1,0.6,28.80,13148.82
2024-10-10,Tech,2,2.4,115.20,13116.72
2024-10-01,Tech,2,2.9,139.20,13155.40
2024-10-19,Tech,4,7.1,340.80,13149.65
2024-10-02,Tech,3,2.6,124.80,13143.98
2024-10-08,Tech,4,4.8,230.40,13163.97
2024-10-17,Tech,4,5.1,244.80,13118.31
2024-10-09,Tech,2,1.9,91.20,13123.98
2024-10-21,Tech,4,7.9,379.20,13121.72
2024-10-18,Tech,4,7.1,340.80,13131.45
2024-10-24,Tech,3,3.2,153.60,13105.72
2024-10-05,Tech,2,2.5,120.00,13188.07
2024-10-28,Tech,1,1.1,52.80,13145.25
2024-10-05,Tech,2,3.9,187.20,13147.41
2024-10-25,Tech,1,0.9,43.20,13154.49
2024-10-10,Tech,3,1.5,72.00,13165.56
2024-10-13,Tech,1,0.6,28.80,13126.63
2024-10-11,Onboarding,2,3.8,182.40,13120.56
2024-10-04,Onboarding,4,5.3,254.40,13183.04
2024-10-20,Onboarding,4,5.5,264.00,13159.93
2024-10-19,Onboarding,2,2.3,110.40,13165.03
2024-10-10,Onboarding,2,1.8,86.40,13146.09
2024-10-15,Onboarding,1,0.7,33.60,13177.57
2024-10-10,Onboarding,3,3.8,182.40,13139.05
2024-10-12,Onboarding,3,5.3,254.40,13143.12
2024-10-13,Onboarding,1,1.9,91.20,13149.77
2024-10-18,Onboarding,4,3.9,187.20,13170.00
2024-10-28,Onboarding,3,3.6,172.80,13168.10
2024-10-16,Onboarding,2,2.1,100.80,13121.41
2024-10-09,Onboarding,4,5.8,278.40,13137.54
2024-10-08,Onboarding,3,4.8,230.40,13149.14
2024-10-09,Onboarding,1,1.2,57.60,13158.81
2024-10-07,Onboarding,3,4.6,220.80,13117.38
2024-10-22,Onboarding,3,4.7,225.60,13173.66
2024-10-13,Onboarding,4,7.2,345.60,13108.05
2024-10-17,Onboarding,3,3.7,177.60,13118.40
2024-10-17,Onboarding,3,1.5,72.00,13114.91
2024-10-19,Onboarding,2,3.1,148.80,13126.10
2024-10-11,Onboarding,2,2.2,105.60,13199.26
2024-10-06,Onboarding,4,3.0,144.00,13136.02
2024-10-10,Onboarding,2,2.6,124.80,13186.80
2024-10-10,Claims,2,1.1,52.80,13130.31
2024-10-24,Claims,4,3.3,158.40,13199.92
2024-10-18,Claims,1,0.9,43.20,13190.80
2024-10-19,Claims,4,6.8,326.40,13185.49
2024-10-09,Claims,1,0.5,24.00,13190.41
2024-10-20,Claims,1,1.2,57.60,13186.92
2024-10-23,Claims,1,1.5,72.00,13179.66
2024-10-18,Claims,2,2.1,100.80,13127.32
2024-10-21,Claims,1,1.7,81.60,13193.41
2024-10-18,Claims,3,2.1,100.80,13121.57
2024-10-24,Claims,4,2.1,100.80,13156.76
2024-10-14,Claims,4,7.7,369.60,13105.47
2024-10-22,Claims,3,2.3,110.40,13199.04
2024-10-23,Claims,2,2.0,96.00,13111.78
2024-10-02,Claims,4,2.8,134.40,13144.73
2024-10-24,Claims,3,4.6,220.80,13170.52
2024-10-23,Claims,2,1.0,48.00,13182.25
2024-10-15,Claims,1,1.6,76.80,13101.32
2024-10-18,Claims,3,2.8,134.40,13123.47
2024-10-04,Claims,3,5.2,249.60,13129.68
2024-10-04,Claims,4,5.7,273.60,13144.54
2024-10-26,Claims,3,2.5,120.00,13187.13
2024-10-07,Claims,4,2.6,124.80,13186.79
2024-10-09,Claims,1,0.6,28.80,13158.73
2024-10-25,Claims,2,1.6,76.80,13190.75
2024-10-05,Claims,4,4.3,206.40,13171.52
2024-10-08,Claims,2,3.5,168.00,13167.13
2024-10-16,Claims,2,2.8,134.40,13125.95
2024-11-22,Billing,3,3.1,148.80,13304.03
2024-11-27,Billing,3,1.6,76.80,13293.96
2024-11-19,Billing,3,5.6,268.80,13338.96
2024-11-20,Billing,1,1.6,76.80,13328.40
2024-11-21,Billing,3,4.6,220.80,13290.15
2024-11-06,Billing,3,2.2,105.60,13346.65
2024-11-12,Billing,3,2.6,124.80,13327.53
2024-11-06,Billing,2,1.4,67.20,13270.73
2024-11-09,Billing,4,6.9,331.20,13318.82
2024-11-18,Billing,4,4.8,230.40,13265.31
2024-11-02,Billing,1,1.5,72.00,13293.90
2024-11-17,Billing,4,2.1,100.80,13327.25
2024-11-17,Billing,4,4.5,216.00,13314.75
2024-11-11,Billing,3,4.7,225.60,13313.94
2024-11-25,Billing,3,2.6,124.80,13332.53
2024-11-26,Billing,2,2.9,139.20,13289.51
2024-11-12,Billing,3,2.1,100.80,13269.80
2024-11-09,Billing,1,0.9,43.20,13259.69
2024-11-11,Billing,4,5.2,249.60,13347.37
2024-11-03,Billing,2,3.2,153.60,13349.34
2024-11-07,Billing,2,3.2,153.60,13346.40
2024-11-02,Billing,1,1.8,86.40,13342.04
2024-11-23,Billing,2,3.6,172.80,13282.07
2024-11-10,Billing,1,1.5,72.00,13314.10
2024-11-05,Billing,2,3.1,148.80,13299.72
2024-11-16,Billing,3,3.1,148.80,13296.55
2024-11-21,Tech,4,4.6,220.80,13268.03
2024-11-21,Tech,1,1.0,48.00,13337.01
2024-11-01,Tech,4,2.1,100.80,13326.43
2024-11-02,Tech,1,0.6,28.80,13317.96
2024-11-24,Tech,3,3.5,168.00,13337.89
2024-11-14,Tech,1,1.0,48.00,13345.79
2024-11-02,Tech,2,3.4,163.20,13314.58
2024-11-23,Tech,3,1.6,76.80,13300.12
2024-11-17,Tech,3,2.5,120.00,13339.75
2024-11-01,Tech,4,5.6,268.80,13280.95
2024-11-08,Tech,2,1.8,86.40,13283.89
2024-11-25,Tech,1,1.5,72.00,13307.21
2024-11-02,Tech,4,3.0,144.00,13343.68
2024-11-13,Tech,1,1.9,91.20,13304.23
2024-11-03,Tech,2,3.2,153.60,13320.20
2024-11-28,Tech,3,2.5,120.00,13341.87
2024-11-09,Tech,4,5.1,244.80,13266.87
2024-11-20,Tech,3,4.6,220.80,13267.02
2024-11-09,Tech,4,5.7,273.60,13341.02
2024-11-06,Tech,3,3.3,158.40,13310.02
2024-11-28,Tech,1,1.1,52.80,13337.75
2024-11-18,Tech,1,0.8,38.40,13299.77
2024-11-23,Tech,2,1.5,72.00,13302.79
2024-11-05,Tech,3,2.2,105.60,13295.26
2024-11-24,Tech,3,3.1,148.80,13261.65
2024-11-18,Tech,1,0.5,24.00,13300.58
2024-11-06,Tech,4,2.3,110.40,13298.74
2024-11-19,Onboarding,2,2.5,120.00,13346.75
2024-11-18,Onboarding,2,1.7,81.60,13294.32
2024-11-14,Onboarding,2,2.6,124.80,13314.22
2024-11-25,Onboarding,2,4.0,192.00,13261.30
2024-11-25,Onboarding,4,6.7,321.60,13339.67
2024-11-07,Onboarding,4,3.7,177.60,13344.73
2024-11-24,Onboarding,1,0.5,24.00,13255.01
2024-11-11,Onboarding,2,3.8,182.40,13262.10
2024-11-04,Onboarding,4,8.0,384.00,13349.79
2024-11-08,Onboarding,3,3.9,187.20,13338.75
2024-11-06,Onboarding,1,1.0,48.00,13272.85
2024-11-23,Onboarding,3,2.0,96.00,13316.39
2024-11-11,Onboarding,1,1.7,81.60,13281.04
2024-11-03,Onboarding,3,3.1,148.80,13286.66
2024-11-20,Onboarding,3,2.2,105.60,13254.35
2024-11-10,Onboarding,2,2.7,129.60,13250.83
2024-11-18,Onboarding,1,1.2,57.60,13264.77
2024-11-07,Onboarding,2,1.9,91.20,13332.59
2024-11-01,Onboarding,1,1.8,86.40,13342.17
2024-11-12,Onboarding,3,4.3,206.40,13267.70
2024-11-26,Onboarding,2,1.2,57.60,13275.79
2024-11-27,Onboarding,1,0.6,28.80,13280.42
2024-11-25,Onboarding,1,1.6,76.80,13332.58
2024-11-25,Onboarding,2,3.1,148.80,13290.14
2024-11-10,Onboarding,1,1.2,57.60,13319.55
2024-11-04,Onboarding,2,1.4,67.20,13331.85
2024-11-27,Onboarding,3,5.6,268.80,13320.91
2024-11-24,Onboarding,1,0.6,28.80,13285.92
2024-11-09,Claims,4,2.7,129.60,13311.90
2024-11-07,Claims,4,2.8,134.40,13289.08
2024-11-21,Claims,2,2.4,115.20,13329.53
2024-11-13,Claims,4,6.1,292.80,13278.96
2024-11-26,Claims,2,3.4,163.20,13255.09
2024-11-14,Claims,1,1.7,81.60,13289.10
2024-11-06,Claims,4,6.4,307.20,13304.89
2024-11-16,Claims,2,3.5,168.00,13321.64
2024-11-01,Claims,3,1.6,76.80,13256.39
2024-11-24,Claims,3,5.2,249.60,13327.34
2024-11-03,Claims,1,0.5,24.00,13305.10
2024-11-27,Claims,1,1.4,67.20,13310.35
2024-11-15,Claims,2,3.0,144.00,13273.01
2024-11-08,Claims,1,1.8,86.40,13275.25
2024-11-11,Claims,2,1.2,57.60,13298.76
2024-11-04,Claims,3,2.5,120.00,13334.01
2024-11-12,Claims,3,3.3,158.40,13253.98
2024-11-20,Claims,4,7.3,350.40,13348.55
2024-11-16,Claims,2,1.2,57.60,13323.70
2024-11-24,Claims,3,3.0,144.00,13334.37
2024-11-09,Claims,3,5.7,273.60,13294.96
2024-11-11,Claims,4,4.9,235.20,13310.43
2024-11-25,Claims,3,3.7,177.60,13282.88
2024-11-21,Claims,3,3.9,187.20,13334.45
2024-11-23,Claims,3,5.3,254.40,13285.74
2024-11-16,Claims,3,4.4,211.20,13265.63
2024-11-03,Claims,4,7.1,340.80,13317.86
2024-12-17,Billing,3,2.0,96.00,13408.78
2024-12-27,Billing,4,2.7,129.60,13433.02
2024-12-02,Billing,2,3.8,182.40,13474.95
2024-12-19,Billing,3,1.7,81.60,13460.32
2024-12-28,Billing,1,1.8,86.40,13418.74
2024-12-09,Billing,2,1.7,81.60,13404.94
2024-12-02,Billing,4,3.8,182.40,13476.67
2024-12-11,Billing,1,1.5,72.00,13417.02
2024-12-12,Billing,3,5.6,268.80,13412.43
2024-12-20,Billing,2,3.0,144.00,13413.46
2024-12-22,Billing,2,3.0,144.00,13450.95
2024-12-06,Billing,1,1.8,86.40,13499.21
2024-12-08,Billing,2,1.5,72.00,13446.72
2024-12-11,Billing,2,2.4,115.20,13431.04
2024-12-26,Billing,1,1.6,76.80,13448.69
2024-12-07,Billing,2,1.7,81.60,13479.31
2024-12-25,Billing,4,2.4,115.20,13491.27
2024-12-19,Billing,2,3.5,168.00,13452.97
2024-12-16,Billing,1,1.6,76.80,13456.31
2024-12-20,Billing,3,1.9,91.20,13471.92
2024-12-21,Billing,3,3.2,153.60,13416.46
2024-12-16,Billing,2,3.9,187.20,13431.05
2024-12-27,Tech,4,4.1,196.80,13426.69
2024-12-27,Tech,2,3.5,168.00,13449.44
2024-12-27,Tech,2,1.3,62.40,13496.41
2024-12-23,Tech,3,4.9,235.20,13458.35
2024-12-08,Tech,2,2.5,120.00,13443.63
2024-12-11,Tech,3,2.2,105.60,13407.62
2024-12-22,Tech,2,1.4,67.20,13403.05
2024-12-06,Tech,4,6.8,326.40,13482.59
2024-12-22,Tech,4,6.9,331.20,13431.83
2024-12-25,Tech,4,7.6,364.80,13432.98
2024-12-26,Tech,4,7.9,379.20,13433.84
2024-12-15,Tech,1,1.5,72.00,13424.10
2024-12-19,Tech,3,3.4,163.20,13415.29
2024-12-06,Tech,1,1.6,76.80,13411.82
2024-12-06,Tech,2,3.1,148.80,13449.41
2024-12-23,Tech,4,7.1,340.80,13419.24
2024-12-13,Tech,4,6.5,312.00,13490.73
2024-12-15,Tech,2,1.8,86.40,13434.25
2024-12-03,Tech,1,1.9,91.20,13452.79
2024-12-17,Tech,2,1.3,62.40,13443.30
2024-12-02,Tech,3,2.9,139.20,13416.21
2024-12-25,Tech,3,4.3,206.40,13406.15
2024-12-26,Tech,1,1.1,52.80,13403.51
2024-12-26,Tech,3,3.4,163.20,13494.84
2024-12-13,Onboarding,4,7.0,336.00,13411.47
2024-12-01,Onboarding,3,2.3,110.40,13405.50
2024-12-26,Onboarding,3,4.2,201.60,13476.89
2024-12-28,Onboarding,2,1.8,86.40,13469.08
2024-12-09,Onboarding,4,5.3,254.40,13436.78
2024-12-22,Onboarding,1,1.1,52.80,13467.65
2024-12-11,Onboarding,2,2.7,129.60,13428.72
2024-12-01,Onboarding,1,1.5,72.00,13493.11
2024-12-05,Onboarding,2,4.0,192.00,13485.97
2024-12-08,Onboarding,4,4.3,206.40,13431.91
2024-12-08,Onboarding,1,1.7,81.60,13492.21
2024-12-25,Onboarding,4,4.1,196.80,13460.07
2024-12-21,Onboarding,1,1.2,57.60,13431.46
2024-12-14,Onboarding,1,0.9,43.20,13407.53
2024-12-14,Onboarding,3,3.1,148.80,13435.86
2024-12-23,Onboarding,2,2.1,100.80,13493.83
2024-12-02,Onboarding,3,1.8,86.40,13435.60
2024-12-23,Onboarding,3,2.8,134.40,13433.45
2024-12-24,Onboarding,3,4.1,196.80,13463.01
2024-12-06,Onboarding,1,1.3,62.40,13496.31
2024-12-20,Onboarding,2,3.0,144.00,13437.28
2024-12-11,Onboarding,3,1.6,76.80,13474.91
2024-12-08,Onboarding,1,2.0,96.00,13482.69
2024-12-22,Claims,4,3.0,144.00,13463.40
2024-12-25,Claims,1,1.4,67.20,13481.53
2024-12-02,Claims,4,7.5,360.00,13460.64
2024-12-08,Claims,2,3.3,158.40,13442.91
2024-12-04,Claims,3,1.7,81.60,13441.43
2024-12-15,Claims,1,1.1,52.80,13438.73
2024-12-26,Claims,4,2.3,110.40,13469.72
2024-12-09,Claims,4,7.9,379.20,13492.28
2024-12-04,Claims,2,1.5,72.00,13414.06
2024-12-25,Claims,4,7.4,355.20,13465.50
2024-12-22,Claims,4,2.0,96.00,13415.16
2024-12-17,Claims,2,3.7,177.60,13416.63
2024-12-14,Claims,3,2.2,105.60,13465.52
2024-12-03,Claims,3,3.6,172.80,13440.71
2024-12-12,Claims,1,0.6,28.80,13471.68
2024-12-24,Claims,3,1.6,76.80,13418.30
2024-12-02,Claims,4,2.2,105.60,13493.71
2024-12-05,Claims,2,2.8,134.40,13413.24
2024-12-18,Claims,3,2.6,124.80,13442.39
2024-12-18,Claims,4,7.2,345.60,13428.97
2024-12-23,Claims,1,0.7,33.60,13450.37
2024-12-28,Claims,1,1.7,81.60,13433.31
2024-12-10,Claims,2,3.2,153.60,13460.91
2025-01-28,Billing,2,2.1,100.80,13577.74
2025-01-26,Billing,4,7.5,360.00,13634.76
2025-01-28,Billing,2,3.2,153.60,13551.14
2025-01-10,Billing,2,1.3,62.40,13554.15
2025-01-20,Billing,2,3.6,172.80,13625.10
2025-01-04,Billing,2,1.6,76.80,13645.97
2025-01-11,Billing,3,5.6,268.80,13631.68
2025-01-02,Billing,2,1.1,52.80,13570.76
2025-01-13,Billing,4,3.0,144.00,13559.39
2025-01-01,Billing,3,4.7,225.60,13635.13
2025-01-16,Billing,4,4.2,201.60,13587.63
2025-01-23,Billing,4,3.5,168.00,13638.25
2025-01-20,Billing,1,1.5,72.00,13631.16
2025-01-15,Billing,2,3.5,168.00,13577.28
2025-01-11,Billing,3,5.1,244.80,13568.20
2025-01-05,Billing,1,1.9,91.20,13599.17
2025-01-14,Billing,3,1.6,76.80,13607.71
2025-01-17,Billing,2,2.5,120.00,13575.40
2025-01-07,Billing,2,1.1,52.80,13621.66
2025-01-06,Billing,3,3.5,168.00,13631.27
2025-01-22,Billing,2,3.4,163.20,13607.23
2025-01-11,Billing,4,4.8,230.40,13575.98
2025-01-11,Billing,2,2.7,129.60,13599.81
2025-01-05,Billing,4,3.6,172.80,13614.49
2025-01-24,Tech,4,3.6,172.80,13646.37
2025-01-02,Tech,3,2.5,120.00,13631.81
2025-01-23,Tech,2,3.6,172.80,13587.66
2025-01-11,Tech,4,6.1,292.80,13631.82
2025-01-02,Tech,1,1.7,81.60,13602.43
2025-01-05,Tech,2,3.8,182.40,13572.85
2025-01-17,Tech,1,1.4,67.20,13631.59
2025-01-28,Tech,4,2.4,115.20,13610.42
2025-01-08,Tech,3,3.7,177.60,13639.02
2025-01-03,Tech,4,6.1,292.80,13579.82
2025-01-21,Tech,4,5.2,249.60,13555.93
2025-01-13,Tech,4,7.4,355.20,13600.40
2025-01-24,Tech,2,3.4,163.20,13558.04
2025-01-13,Tech,2,2.2,105.60,13648.86
2025-01-24,Tech,1,1.8,86.40,13631.45
2025-01-08,Tech,2,3.2,153.60,13615.85
2025-01-26,Tech,2,3.3,158.40,13585.28
2025-01-06,Tech,4,5.8,278.40,13579.68
2025-01-22,Tech,3,5.7,273.60,13576.43
2025-01-11,Tech,4,3.5,168.00,13589.50
2025-01-14,Tech,1,1.8,86.40,13600.60
2025-01-03,Tech,2,3.1,148.80,13634.29
2025-01-15,Tech,1,1.5,72.00,13616.68
2025-01-16,Tech,3,5.3,254.40,13585.44
2025-01-03,Tech,3,3.7,177.60,13589.81
2025-01-17,Tech,1,1.4,67.20,13560.86
2025-01-07,Tech,3,2.9,139.20,13613.30
2025-01-28,Onboarding,1,1.4,67.20,13609.94
2025-01-24,Onboarding,3,2.6,124.80,13593.51
2025-01-05,Onboarding,4,3.1,148.80,13592.89
2025-01-07,Onboarding,4,6.6,316.80,13592.50
2025-01-20,Onboarding,2,1.3,62.40,13602.74
2025-01-25,Onboarding,1,0.8,38.40,13599.75
2025-01-04,Onboarding,3,3.3,158.40,13557.07
2025-01-07,Onboarding,1,1.8,86.40,13556.28
2025-01-21,Onboarding,1,0.7,33.60,13624.01
2025-01-10,Onboarding,4,7.7,369.60,13588.28
2025-01-12,Onboarding,3,3.3,158.40,13586.55
2025-01-04,Onboarding,1,0.8,38.40,13551.58
2025-01-16,Onboarding,2,2.8,134.40,13648.69
2025-01-27,Onboarding,3,2.9,139.20,13618.96
2025-01-25,Onboarding,4,3.0,144.00,13618.72
2025-01-25,Onboarding,3,4.1,196.80,13615.16
2025-01-02,Onboarding,4,6.2,297.60,13620.43
2025-01-10,Onboarding,1,0.9,43.20,13597.53
2025-01-04,Onboarding,4,2.4,115.20,13611.88
2025-01-24,Onboarding,1,0.9,43.20,13580.72
2025-01-27,Onboarding,4,6.7,321.60,13550.75
2025-01-08,Onboarding,3,2.8,134.40,13578.28
2025-01-11,Onboarding,2,3.2,153.60,13595.09
2025-01-19,Onboarding,2,2.3,110.40,13576.83
2025-01-15,Onboarding,1,1.7,81.60,13553.35
2025-01-24,Claims,3,2.5,120.00,13619.22
2025-01-04,Claims,4,4.8,230.40,13569.44
2025-01-09,Claims,4,7.5,360.00,13606.03
2025-01-14,Claims,3,4.4,211.20,13572.78
2025-01-25,Claims,3,3.4,163.20,13573.16
2025-01-14,Claims,1,1.8,86.40,13552.73
2025-01-11,Claims,3,3.6,172.80,13638.56
2025-01-06,Claims,4,4.5,216.00,13551.23
2025-01-24,Claims,2,3.0,144.00,13556.45
2025-01-12,Claims,4,5.5,264.00,13594.78
2025-01-04,Claims,1,0.5,24.00,13568.61
2025-01-03,Claims,4,2.1,100.80,13581.69
2025-01-24,Claims,1,0.5,24.00,13643.91
2025-01-11,Claims,4,4.8,230.40,13590.47
2025-01-12,Claims,2,3.6,172.80,13633.30
2025-01-07,Claims,3,5.2,249.60,13616.00
2025-01-07,Claims,1,1.0,48.00,13558.62
2025-01-27,Claims,1,1.1,52.80,13588.54
2025-01-02,Claims,4,3.3,158.40,13628.69
2025-01-21,Claims,4,3.6,172.80,13565.22
2025-01-11,Claims,2,3.3,158.40,13566.67
2025-01-04,Claims,2,2.2,105.60,13567.79
2025-01-08,Claims,2,1.7,81.60,13617.91
2025-01-22,Claims,1,1.2,57.60,13564.44
2025-01-02,Claims,2,1.9,91.20,13610.37
2025-01-25,Claims,1,2.0,96.00,13555.90
2025-01-07,Claims,2,3.9,187.20,13596.11
2025-01-12,Claims,3,4.8,230.40,13588.65
2025-02-05,Billing,3,3.4,163.20,13738.69
2025-02-17,Billing,3,5.9,283.20,13702.46
2025-02-16,Billing,4,3.6,172.80,13701.53
2025-02-06,Billing,2,1.9,91.20,13793.28
2025-02-20,Billing,1,1.4,67.20,13780.72
2025-02-12,Billing,4,2.2,105.60,13775.20
2025-02-13,Billing,4,7.6,364.80,13724.21
2025-02-20,Billing,1,0.6,28.80,13792.46
2025-02-20,Billing,2,2.3,110.40,13771.09
2025-02-07,Billing,1,1.3,62.40,13760.41
2025-02-24,Billing,3,3.2,153.60,13785.58
2025-02-08,Billing,1,1.1,52.80,13790.84
2025-02-04,Billing,3,5.5,264.00,13744.08
2025-02-08,Billing,1,1.1,52.80,13708.37
2025-02-09,Billing,1,1.0,48.00,13795.83
2025-02-08,Billing,4,4.9,235.20,13744.59
2025-02-13,Billing,1,0.8,38.40,13765.84
2025-02-11,Billing,1,0.8,38.40,13752.33
2025-02-27,Billing,3,1.6,76.80,13723.25
2025-02-04,Billing,2,3.5,168.00,13745.78
2025-02-10,Billing,2,1.4,67.20,13721.17
2025-02-06,Billing,4,4.6,220.80,13725.94
2025-02-14,Billing,3,2.8,134.40,13798.80
2025-02-19,Billing,2,2.2,105.60,13710.18
2025-02-17,Billing,3,1.6,76.80,13770.37
2025-02-14,Billing,2,2.4,115.20,13719.89
2025-02-17,Billing,2,1.1,52.80,13756.96
2025-02-16,Tech,2,3.5,168.00,13793.49
2025-02-20,Tech,3,2.5,120.00,13772.46
2025-02-27,Tech,1,0.9,43.20,13708.22
2025-02-19,Tech,3,4.6,220.80,13730.23
2025-02-21,Tech,2,2.4,115.20,13705.11
2025-02-26,Tech,4,6.2,297.60,13713.63
2025-02-16,Tech,1,1.8,86.40,13763.22
2025-02-22,Tech,2,1.4,67.20,13785.22
2025-02-10,Tech,3,4.3,206.40,13763.19
2025-02-20,Tech,3,5.3,254.40,13721.52
2025-02-27,Tech,1,1.3,62.40,13730.89
2025-02-26,Tech,1,0.7,33.60,13738.69
2025-02-04,Tech,1,1.4,67.20,13768.30
2025-02-03,Tech,4,6.0,288.00,13761.96
2025-02-13,Tech,4,7.3,350.40,13703.73
2025-02-15,Tech,2,1.9,91.20,13737.91
2025-02-21,Tech,1,0.9,43.20,13765.61
2025-02-03,Tech,4,5.0,240.00,13767.80
2025-02-22,Tech,1,1.1,52.80,13720.72
2025-02-21,Tech,3,5.9,283.20,13715.52
2025-02-13,Tech,1,1.9,91.20,13762.84
2025-02-23,Tech,2,3.5,168.00,13787.10
2025-02-25,Tech,3,5.7,273.60,13719.61
2025-02-15,Tech,3,4.0,192.00,13785.14
2025-02-03,Tech,4,7.5,360.00,13731.55
2025-02-24,Tech,2,2.2,105.60,13734.15
2025-02-13,Onboarding,2,2.2,105.60,13710.71
2025-02-06,Onboarding,3,4.1,196.80,13718.23
2025-02-24,Onboarding,3,4.5,216.00,13711.30
2025-02-19,Onboarding,1,1.0,48.00,13759.96
2025-02-11,Onboarding,4,4.3,206.40,13704.68
2025-02-10,Onboarding,1,1.5,72.00,13787.84
2025-02-07,Onboarding,1,0.7,33.60,13799.56
2025-02-02,Onboarding,4,7.2,345.60,13759.11
2025-02-12,Onboarding,1,0.6,28.80,13721.77
2025-02-27,Onboarding,1,1.3,62.40,13729.40
2025-02-08,Onboarding,3,1.6,76.80,13788.56
2025-02-08,Onboarding,1,0.9,43.20,13703.96
2025-02-07,Onboarding,4,2.9,139.20,13794.28
2025-02-25,Onboarding,3,4.3,206.40,13755.50
2025-02-04,Onboarding,2,2.5,120.00,13713.08
2025-02-22,Onboarding,4,6.7,321.60,13714.56
2025-02-03,Onboarding,1,0.9,43.20,13788.30
2025-02-22,Onboarding,2,1.4,67.20,13717.04
2025-02-27,Onboarding,1,1.9,91.20,13771.14
2025-02-09,Onboarding,1,1.2,57.60,13763.93
2025-02-11,Onboarding,1,0.9,43.20,13750.96
2025-02-22,Onboarding,2,3.2,153.60,13706.55
2025-02-18,Onboarding,2,1.1,52.80,13736.27
2025-02-01,Onboarding,1,0.8,38.40,13778.97
2025-02-01,Onboarding,4,6.9,331.20,13780.07
2025-02-04,Onboarding,3,5.1,244.80,13757.94
2025-02-24,Onboarding,4,3.7,177.60,13751.47
2025-02-23,Claims,3,5.3,254.40,13732.30
2025-02-10,Claims,2,1.6,76.80,13752.53
2025-02-14,Claims,4,3.9,187.20,13764.27
2025-02-28,Claims,2,3.9,187.20,13716.68
2025-02-27,Claims,3,4.8,230.40,13763.16
2025-02-25,Claims,3,3.1,148.80,13795.13
2025-02-02,Claims,3,5.4,259.20,13746.66
2025-02-12,Claims,4,5.8,278.40,13759.47
2025-02-23,Claims,3,5.5,264.00,13721.89
2025-02-12,Claims,2,3.9,187.20,13770.05
2025-02-12,Claims,3,5.1,244.80,13733.74
2025-02-04,Claims,3,1.6,76.80,13731.47
2025-02-03,Claims,1,1.4,67.20,13776.15
2025-02-20,Claims,4,3.2,153.60,13761.27
2025-02-19,Claims,2,3.8,182.40,13780.84
2025-02-18,Claims,2,3.9,187.20,13735.94
2025-02-06,Claims,1,1.8,86.40,13711.24
2025-02-19,Claims,3,4.8,230.40,13788.34
2025-02-19,Claims,3,5.2,249.60,13764.69
2025-02-17,Claims,1,1.6,76.80,13776.99
2025-02-05,Claims,1,0.6,28.80,13791.22
2025-02-03,Claims,3,1.6,76.80,13757.25
2025-02-01,Claims,3,2.5,120.00,13792.87
2025-02-10,Claims,3,4.1,196.80,13712.54
2025-02-05,Claims,4,4.4,211.20,13783.58
2025-02-12,Claims,1,1.9,91.20,13706.83
2025-03-15,Billing,1,1.6,76.80,13902.43
2025-03-18,Billing,3,2.9,139.20,13902.98
2025-03-24,Billing,3,4.1,196.80,13892.88
2025-03-28,Billing,2,1.3,62.40,13900.38
2025-03-25,Billing,3,5.5,264.00,13882.08
2025-03-02,Billing,3,3.5,168.00,13935.11
2025-03-06,Billing,1,1.1,52.80,13902.87
2025-03-25,Billing,1,1.8,86.40,13939.28
2025-03-17,Billing,4,3.5,168.00,13946.63
2025-03-10,Billing,4,3.9,187.20,13917.75
2025-03-03,Billing,1,0.6,28.80,13942.06
2025-03-02,Billing,1,1.5,72.00,13903.63
2025-03-28,Billing,3,4.4,211.20,13878.54
2025-03-10,Billing,3,3.0,144.00,13856.84
2025-03-18,Billing,2,2.2,105.60,13875.33
2025-03-26,Billing,2,2.0,96.00,13904.25
2025-03-06,Billing,2,3.8,182.40,13881.36
2025-03-15,Billing,3,4.8,230.40,13878.79
2025-03-03,Billing,4,6.2,297.60,13897.53
2025-03-13,Billing,3,4.3,206.40,13902.31
2025-03-13,Billing,1,1.9,91.20,13900.14
2025-03-12,Billing,2,1.2,57.60,13864.77
2025-03-04,Billing,1,0.6,28.80,13867.40
2025-03-13,Billing,2,1.4,67.20,13939.34
2025-03-05,Billing,3,4.0,192.00,13856.50
2025-03-22,Billing,4,5.1,244.80,13912.64
2025-03-28,Billing,3,4.1,196.80,13894.52
2025-03-20,Tech,4,6.9,331.20,13929.76
2025-03-18,Tech,3,3.7,177.60,13872.13
2025-03-01,Tech,1,1.8,86.40,13879.38
2025-03-19,Tech,4,4.1,196.80,13933.70
2025-03-12,Tech,2,1.8,86.40,13932.28
2025-03-15,Tech,1,0.8,38.40,13926.08
2025-03-20,Tech,1,0.7,33.60,13912.41
2025-03-12,Tech,3,1.9,91.20,13941.49
2025-03-04,Tech,2,2.3,110.40,13858.73
2025-03-18,Tech,2,2.3,110.40,13879.87
2025-03-06,Tech,3,3.3,158.40,13933.59
2025-03-16,Tech,4,7.5,360.00,13949.68
2025-03-19,Tech,3,4.7,225.60,13909.69
2025-03-08,Tech,1,0.8,38.40,13877.80
2025-03-18,Tech,4,5.4,259.20,13898.09
2025-03-08,Tech,4,2.7,129.60,13949.96
2025-03-06,Tech,3,3.6,172.80,13883.47
2025-03-17,Tech,4,6.7,321.60,13916.98
2025-03-07,Tech,3,4.7,225.60,13871.70
2025-03-13,Tech,3,4.1,196.80,13928.73
2025-03-15,Tech,1,1.7,81.60,13922.14
2025-03-02,Tech,2,2.5,120.00,13916.50
2025-03-25,Tech,2,3.2,153.60,13907.38
2025-03-08,Tech,1,2.0,96.00,13944.21
2025-03-09,Tech,1,1.5,72.00,13892.29
2025-03-19,Tech,3,3.6,172.80,13894.61
2025-03-18,Tech,2,3.1,148.80,13896.18
2025-03-15,Onboarding,3,2.9,139.20,13877.24
2025-03-08,Onboarding,4,5.6,268.80,13947.36
2025-03-04,Onboarding,3,5.8,278.40,13873.09
2025-03-11,Onboarding,4,5.4,259.20,13937.54
2025-03-20,Onboarding,4,3.1,148.80,13908.17
2025-03-22,Onboarding,1,1.7,81.60,13926.38
2025-03-08,Onboarding,1,0.8,38.40,13864.97
2025-03-09,Onboarding,2,1.4,67.20,13894.30
2025-03-17,Onboarding,1,1.6,76.80,13924.62
2025-03-24,Onboarding,4,5.8,278.40,13929.37
2025-03-18,Onboarding,4,3.0,144.00,13870.00
2025-03-13,Onboarding,2,1.6,76.80,13872.96
2025-03-20,Onboarding,1,1.8,86.40,13879.25
2025-03-09,Onboarding,2,3.9,187.20,13895.25
2025-03-10,Onboarding,3,4.2,201.60,13934.01
2025-03-20,Onboarding,4,7.9,379.20,13882.57
2025-03-24,Onboarding,1,1.1,52.80,13855.40
2025-03-27,Onboarding,1,0.6,28.80,13922.37
2025-03-18,Onboarding,3,6.0,288.00,13859.37
2025-03-20,Onboarding,1,1.6,76.80,13879.29
2025-03-27,Onboarding,3,1.5,72.00,13914.15
2025-03-01,Onboarding,2,3.3,158.40,13938.03
2025-03-28,Claims,3,3.9,187.20,13854.02
2025-03-17,Claims,4,5.2,249.60,13858.37
2025-03-12,Claims,3,4.3,206.40,13863.59
2025-03-21,Claims,3,3.1,148.80,13874.71
2025-03-07,Claims,4,3.4,163.20,13944.18
2025-03-13,Claims,1,1.9,91.20,13900.97
2025-03-23,Claims,4,6.7,321.60,13870.94
2025-03-25,Claims,2,2.4,115.20,13859.23
2025-03-23,Claims,3,5.5,264.00,13944.69
2025-03-19,Claims,4,6.6,316.80,13901.02
2025-03-20,Claims,4,3.8,182.40,13939.98
2025-03-26,Claims,1,0.9,43.20,13916.76
2025-03-25,Claims,1,1.9,91.20,13852.38
2025-03-06,Claims,4,4.6,220.80,13874.94
2025-03-06,Claims,3,4.1,196.80,13916.25
2025-03-26,Claims,1,0.7,33.60,13928.15
2025-03-21,Claims,2,3.0,144.00,13869.32
2025-03-18,Claims,1,0.5,24.00,13924.71
2025-03-25,Claims,1,0.7,33.60,13889.60
2025-03-10,Claims,1,1.4,67.20,13941.46
2025-03-07,Claims,1,0.8,38.40,13852.51
2025-03-27,Claims,1,0.7,33.60,13925.23
2025-03-05,Claims,1,0.6,28.80,13927.52
2025-04-09,Billing,1,0.6,28.80,14039.04
2025-04-08,Billing,3,2.4,115.20,14028.21
2025-04-15,Billing,1,1.0,48.00,14090.57
2025-04-28,Billing,1,1.5,72.00,14034.60
2025-04-08,Billing,1,1.1,52.80,14085.21
2025-04-13,Billing,4,3.7,177.60,14006.39
2025-04-07,Billing,3,3.4,163.20,14021.27
2025-04-02,Billing,3,2.5,120.00,14047.47
2025-04-14,Billing,1,1.4,67.20,14002.25
2025-04-28,Billing,3,4.7,225.60,14006.79
2025-04-13,Billing,3,4.5,216.00,14040.32
2025-04-05,Billing,3,2.6,124.80,14023.35
2025-04-09,Billing,1,2.0,96.00,14014.68
2025-04-02,Billing,1,1.0,48.00,14066.01
2025-04-22,Billing,2,3.2,153.60,14085.58
2025-04-10,Billing,1,1.9,91.20,14004.21
2025-04-27,Billing,2,1.5,72.00,14000.07
2025-04-11,Billing,1,1.9,91.20,14010.33
2025-04-24,Billing,4,2.2,105.60,14033.30
2025-04-09,Billing,4,4.3,206.40,14040.41
2025-04-09,Billing,1,1.7,81.60,14068.20
2025-04-14,Billing,1,1.5,72.00,14088.64
2025-04-10,Billing,2,1.2,57.60,14090.46
2025-04-24,Billing,1,1.1,52.80,14099.51
2025-04-01,Billing,2,2.4,115.20,14082.07
2025-04-05,Billing,3,5.6,268.80,14049.91
2025-04-05,Tech,3,3.9,187.20,14070.93
2025-04-21,Tech,1,1.0,48.00,14072.30
2025-04-23,Tech,2,1.9,91.20,14089.71
2025-04-05,Tech,2,3.0,144.00,14061.81
2025-04-18,Tech,2,3.0,144.00,14004.52
2025-04-16,Tech,3,3.8,182.40,14087.09
2025-04-26,Tech,2,3.4,163.20,14082.72
2025-04-18,Tech,3,3.8,182.40,14025.62
2025-04-20,Tech,4,7.3,350.40,14049.31
2025-04-10,Tech,4,4.6,220.80,14008.56
2025-04-27,Tech,3,2.3,110.40,14091.68
2025-04-17,Tech,1,1.9,91.20,14002.92
2025-04-20,Tech,1,1.1,52.80,14086.30
2025-04-27,Tech,3,3.9,187.20,14065.15
2025-04-27,Tech,3,1.6,76.80,14065.00
2025-04-05,Tech,4,7.0,336.00,14012.86
2025-04-20,Tech,3,3.8,182.40,14009.75
2025-04-12,Tech,3,4.0,192.00,14036.70
2025-04-26,Tech,1,1.9,91.20,14073.58
2025-04-24,Tech,2,2.7,129.60,14080.34
2025-04-11,Tech,1,1.4,67.20,14011.63
2025-04-23,Tech,3,3.5,168.00,14097.94
2025-04-06,Onboarding,4,4.5,216.00,14059.12
2025-04-16,Onboarding,2,1.1,52.80,14024.07
2025-04-28,Onboarding,3,2.1,100.80,14028.25
2025-04-28,Onboarding,4,2.5,120.00,14063.68
2025-04-16,Onboarding,1,1.9,91.20,14087.09
2025-04-04,Onboarding,1,1.8,86.40,14001.92
2025-04-23,Onboarding,2,2.9,139.20,14039.49
2025-04-21,Onboarding,3,2.6,124.80,14093.42
2025-04-12,Onboarding,3,3.8,182.40,14070.27
2025-04-13,Onboarding,1,0.6,28.80,14096.79
2025-04-09,Onboarding,2,3.1,148.80,14005.79
2025-04-19,Onboarding,1,1.8,86.40,14014.09
2025-04-21,Onboarding,1,1.9,91.20,14001.97
2025-04-13,Onboarding,4,6.3,302.40,14058.91
2025-04-11,Onboarding,1,1.1,52.80,14053.78
2025-04-17,Onboarding,1,1.9,91.20,14026.37
2025-04-13,Onboarding,4,6.8,326.40,14093.20
2025-04-15,Onboarding,2,2.0,96.00,14022.95
2025-04-01,Onboarding,2,3.0,144.00,14097.69
2025-04-07,Onboarding,2,3.1,148.80,14033.16
2025-04-07,Onboarding,4,8.0,384.00,14066.92
2025-04-15,Onboarding,4,5.8,278.40,14022.99
2025-04-06,Onboarding,1,1.2,57.60,14031.83
2025-04-09,Onboarding,3,5.4,259.20,14074.78
2025-04-23,Onboarding,4,7.5,360.00,14002.21
2025-04-03,Onboarding,3,2.2,105.60,14076.16
2025-04-24,Onboarding,2,2.3,110.40,14012.44
2025-04-28,Claims,3,5.0,240.00,14004.26
2025-04-21,Claims,4,6.0,288.00,14057.30
2025-04-12,Claims,4,3.2,153.60,14034.02
2025-04-25,Claims,2,2.8,134.40,14026.58
2025-04-14,Claims,3,3.7,177.60,14026.89
2025-04-08,Claims,2,2.8,134.40,14010.49
2025-04-20,Claims,3,3.5,168.00,14086.01
2025-04-23,Claims,2,1.5,72.00,14098.12
2025-04-15,Claims,2,1.5,72.00,14036.27
2025-04-24,Claims,2,2.9,139.20,14086.30
2025-04-26,Claims,3,5.5,264.00,14005.40
2025-04-09,Claims,3,1.6,76.80,14092.08
2025-04-18,Claims,2,1.4,67.20,14042.63
2025-04-22,Claims,1,1.4,67.20,14072.49
2025-04-07,Claims,2,2.3,110.40,14003.09
2025-04-17,Claims,2,2.2,105.60,14085.58
2025-04-28,Claims,1,1.1,52.80,14069.15
2025-04-04,Claims,1,1.3,62.40,14034.15
2025-04-15,Claims,3,5.0,240.00,14076.63
2025-04-23,Claims,2,2.5,120.00,14097.42
2025-04-18,Claims,3,3.0,144.00,14088.71
2025-04-08,Claims,2,2.1,100.80,14062.99
2025-04-20,Claims,2,3.1,148.80,14020.48
2025-04-16,Claims,4,7.7,369.60,14066.51
2025-04-25,Claims,1,1.1,52.80,14064.36
2025-04-11,Claims,3,1.8,86.40,14048.82
2025-05-23,Billing,1,1.3,62.40,14215.36
2025-05-14,Billing,1,1.5,72.00,14211.81
2025-05-27,Billing,4,4.2,201.60,14193.62
2025-05-27,Billing,3,3.5,168.00,14193.82
2025-05-13,Billing,3,3.5,168.00,14206.92
2025-05-10,Billing,2,3.7,177.60,14248.74
2025-05-24,Billing,4,3.5,168.00,14187.60
2025-05-06,Billing,2,1.1,52.80,14152.98
2025-05-22,Billing,3,2.3,110.40,14180.04
2025-05-17,Billing,4,7.6,364.80,14237.89
2025-05-07,Billing,1,1.2,57.60,14239.61
2025-05-23,Billing,1,0.7,33.60,14241.82
2025-05-02,Billing,3,4.6,220.80,14174.02
2025-05-14,Billing,2,1.2,57.60,14187.22
2025-05-11,Billing,3,5.2,249.60,14209.29
2025-05-07,Billing,4,3.8,182.40,14152.38
2025-05-18,Billing,3,2.2,105.60,14188.47
2025-05-12,Billing,3,4.9,235.20,14220.73
2025-05-14,Billing,3,2.3,110.40,14207.12
2025-05-08,Billing,1,1.4,67.20,14169.69
2025-05-01,Billing,1,0.7,33.60,14185.43
2025-05-22,Billing,4,5.2,249.60,14217.42
2025-05-26,Billing,3,5.1,244.80,14184.55
2025-05-19,Billing,4,7.3,350.40,14194.40
2025-05-08,Billing,2,3.9,187.20,14162.60
2025-05-06,Billing,4,5.4,259.20,14245.77
2025-05-13,Billing,3,4.0,192.00,14156.72
2025-05-26,Tech,3,2.8,134.40,14218.61
2025-05-13,Tech,2,3.2,153.60,14177.97
2025-05-26,Tech,4,5.0,240.00,14222.02
2025-05-03,Tech,2,3.7,177.60,14152.04
2025-05-05,Tech,4,4.6,220.80,14249.03
2025-05-12,Tech,1,1.1,52.80,14231.89
2025-05-13,Tech,1,1.2,57.60,14233.14
2025-05-13,Tech,1,1.3,62.40,14192.64
2025-05-05,Tech,4,7.7,369.60,14212.63
2025-05-15,Tech,1,1.3,62.40,14240.58
2025-05-14,Tech,2,3.8,182.40,14185.27
2025-05-01,Tech,4,5.6,268.80,14209.37
2025-05-06,Tech,2,1.5,72.00,14194.47
2025-05-08,Tech,2,3.5,168.00,14156.47
2025-05-15,Tech,2,3.0,144.00,14243.36
2025-05-16,Tech,4,7.3,350.40,14162.86
2025-05-17,Tech,2,3.2,153.60,14199.68
2025-05-14,Tech,4,4.9,235.20,14222.49
2025-05-16,Tech,3,3.4,163.20,14165.38
2025-05-09,Tech,3,5.3,254.40,14180.42
2025-05-22,Tech,4,3.8,182.40,14209.15
2025-05-24,Tech,1,0.8,38.40,14224.07
2025-05-09,Tech,3,4.8,230.40,14166.50
2025-05-07,Tech,3,4.8,230.40,14161.78
2025-05-02,Tech,1,1.9,91.20,14208.57
2025-05-26,Tech,4,4.2,201.60,14171.60
2025-05-21,Tech,1,1.7,81.60,14178.46
2025-05-09,Tech,3,2.9,139.20,14172.40
2025-05-05,Onboarding,1,0.6,28.80,14237.04
2025-05-25,Onboarding,1,0.7,33.60,14164.45
2025-05-17,Onboarding,2,1.4,67.20,14200.40
2025-05-28,Onboarding,3,2.2,105.60,14216.53
2025-05-15,Onboarding,2,2.7,129.60,14239.46
2025-05-27,Onboarding,1,1.2,57.60,14232.76
2025-05-23,Onboarding,2,2.4,115.20,14157.90
2025-05-05,Onboarding,1,1.8,86.40,14226.55
2025-05-28,Onboarding,2,2.7,129.60,14200.78
2025-05-11,Onboarding,2,2.3,110.40,14173.21
2025-05-01,Onboarding,1,1.5,72.00,14235.19
2025-05-20,Onboarding,1,1.2,57.60,14242.72
2025-05-27,Onboarding,4,3.7,177.60,14163.61
2025-05-06,Onboarding,4,4.2,201.60,14190.94
2025-05-28,Onboarding,3,3.4,163.20,14154.67
2025-05-10,Onboarding,4,7.5,360.00,14159.82
2025-05-06,Onboarding,3,2.3,110.40,14236.22
2025-05-14,Onboarding,4,3.3,158.40,14229.52
2025-05-09,Onboarding,2,3.4,163.20,14231.19
2025-05-17,Onboarding,4,3.9,187.20,14216.01
2025-05-04,Onboarding,4,3.4,163.20,14180.00
2025-05-25,Onboarding,1,0.8,38.40,14218.64
2025-05-25,Onboarding,2,3.8,182.40,14197.50
2025-05-02,Onboarding,1,1.8,86.40,14180.42
2025-05-20,Onboarding,2,1.9,91.20,14185.16
2025-05-18,Onboarding,4,3.8,182.40,14190.07
2025-05-04,Onboarding,3,4.2,201.60,14223.25
2025-05-12,Claims,1,1.0,48.00,14154.56
2025-05-08,Claims,2,3.8,182.40,14179.08
2025-05-03,Claims,3,1.6,76.80,14241.55
2025-05-19,Claims,3,5.8,278.40,14196.79
2025-05-03,Claims,2,1.1,52.80,14220.60
2025-05-10,Claims,2,2.3,110.40,14206.96
2025-05-11,Claims,1,0.7,33.60,14182.09
2025-05-12,Claims,1,1.1,52.80,14184.05
2025-05-02,Claims,2,2.1,100.80,14188.80
2025-05-21,Claims,1,1.8,86.40,14225.95
2025-05-03,Claims,3,2.7,129.60,14228.72
2025-05-08,Claims,3,2.4,115.20,14180.28
2025-05-26,Claims,3,5.7,273.60,14162.86
2025-05-09,Claims,2,3.0,144.00,14176.01
2025-05-28,Claims,2,3.3,158.40,14230.66
2025-05-13,Claims,2,1.1,52.80,14154.94
2025-05-17,Claims,4,3.9,187.20,14205.84
2025-05-12,Claims,3,3.6,172.80,14184.54
2025-05-13,Claims,1,1.8,86.40,14239.59
2025-05-15,Claims,1,1.6,76.80,14169.70
2025-05-09,Claims,3,3.2,153.60,14182.26
2025-05-23,Claims,4,5.4,259.20,14204.52
2025-05-13,Claims,3,5.3,254.40,14177.02
2025-06-08,Billing,1,0.6,28.80,14331.57
2025-06-16,Billing,3,5.9,283.20,14332.79
2025-06-18,Billing,2,1.2,57.60,14315.05
2025-06-04,Billing,1,1.5,72.00,14321.18
2025-06-26,Billing,2,2.1,100.80,14313.31
2025-06-18,Billing,3,2.1,100.80,14332.99
2025-06-07,Billing,4,7.0,336.00,14317.93
2025-06-13,Billing,1,1.3,62.40,14350.47
2025-06-21,Billing,1,1.7,81.60,14325.26
2025-06-27,Billing,3,4.1,196.80,14323.71
2025-06-15,Billing,1,1.9,91.20,14345.23
2025-06-13,Billing,1,1.9,91.20,14337.86
2025-06-27,Billing,2,3.9,187.20,14345.44
2025-06-04,Billing,3,2.7,129.60,14321.15
2025-06-22,Billing,3,2.2,105.60,14318.72
2025-06-01,Billing,3,3.2,153.60,14372.14
2025-06-03,Billing,3,5.9,283.20,14374.11
2025-06-01,Billing,1,1.3,62.40,14321.90
2025-06-08,Billing,4,6.5,312.00,14320.99
2025-06-10,Billing,1,0.6,28.80,14354.47
2025-06-21,Billing,3,5.1,244.80,14328.30
2025-06-22,Billing,4,6.4,307.20,14387.42
2025-06-11,Billing,2,2.7,129.60,14354.14
2025-06-03,Billing,1,0.7,33.60,14389.80
2025-06-22,Billing,4,3.4,163.20,14323.72
2025-06-03,Billing,1,1.7,81.60,14392.97
2025-06-20,Billing,1,1.6,76.80,14380.47
2025-06-19,Billing,3,2.9,139.20,14357.00
2025-06-24,Tech,2,3.0,144.00,14361.23
2025-06-18,Tech,4,4.1,196.80,14350.96
2025-06-22,Tech,4,4.1,196.80,14348.31
2025-06-02,Tech,2,1.9,91.20,14321.35
2025-06-20,Tech,3,2.2,105.60,14339.54
2025-06-10,Tech,1,0.9,43.20,14311.74
2025-06-26,Tech,1,1.1,52.80,14352.68
2025-06-19,Tech,1,1.6,76.80,14312.82
2025-06-08,Tech,2,1.0,48.00,14358.38
2025-06-21,Tech,4,6.1,292.80,14371.04
2025-06-20,Tech,1,1.1,52.80,14370.44
2025-06-02,Tech,4,3.2,153.60,14395.96
2025-06-09,Tech,3,4.2,201.60,14385.37
2025-06-18,Tech,2,1.4,67.20,14368.57
2025-06-02,Tech,2,3.6,172.80,14332.32
2025-06-19,Tech,2,2.6,124.80,14357.92
2025-06-16,Tech,3,5.2,249.60,14342.46
2025-06-06,Tech,2,3.5,168.00,14321.26
2025-06-20,Tech,1,1.0,48.00,14366.45
2025-06-26,Tech,2,3.4,163.20,14372.07
2025-06-14,Tech,2,4.0,192.00,14330.43
2025-06-01,Tech,3,3.2,153.60,14354.42
2025-06-08,Tech,4,3.9,187.20,14372.99
2025-06-19,Tech,3,5.9,283.20,14379.51
2025-06-17,Tech,3,2.4,115.20,14368.54
2025-06-10,Tech,1,1.8,86.40,14307.28
2025-06-19,Onboarding,1,0.6,28.80,14357.24
2025-06-25,Onboarding,2,1.0,48.00,14306.78
2025-06-07,Onboarding,4,4.1,196.80,14314.22
2025-06-20,Onboarding,2,2.9,139.20,14345.98
2025-06-08,Onboarding,3,2.7,129.60,14307.89
2025-06-02,Onboarding,2,2.8,134.40,14337.24
2025-06-24,Onboarding,4,7.0,336.00,14358.39
2025-06-06,Onboarding,4,3.0,144.00,14346.66
2025-06-13,Onboarding,3,5.8,278.40,14303.29
2025-06-24,Onboarding,3,3.7,177.60,14350.31
2025-06-19,Onboarding,1,1.0,48.00,14384.96
2025-06-27,Onboarding,1,1.2,57.60,14363.28
2025-06-18,Onboarding,3,2.3,110.40,14317.18
2025-06-26,Onboarding,2,2.2,105.60,14394.72
2025-06-18,Onboarding,3,4.5,216.00,14302.56
2025-06-16,Onboarding,4,4.6,220.80,14348.40
2025-06-20,Onboarding,1,1.4,67.20,14313.25
2025-06-02,Onboarding,1,0.9,43.20,14309.75
2025-06-11,Onboarding,2,2.2,105.60,14338.45
2025-06-18,Onboarding,2,2.3,110.40,14350.36
2025-06-27,Onboarding,1,1.2,57.60,14310.64
2025-06-21,Onboarding,4,7.5,360.00,14364.24
2025-06-08,Claims,4,3.8,182.40,14319.44
2025-06-22,Claims,1,1.1,52.80,14367.63
2025-06-19,Claims,3,2.8,134.40,14302.24
2025-06-24,Claims,4,4.3,206.40,14360.80
2025-06-21,Claims,2,2.6,124.80,14379.90
2025-06-25,Claims,3,5.7,273.60,14317.86
2025-06-19,Claims,2,3.8,182.40,14387.06
2025-06-27,Claims,3,5.2,249.60,14349.34
2025-06-02,Claims,1,0.5,24.00,14327.39
2025-06-25,Claims,1,2.0,96.00,14321.26
2025-06-08,Claims,3,5.3,254.40,14316.68
2025-06-28,Claims,3,1.7,81.60,14367.24
2025-06-25,Claims,1,1.8,86.40,14332.93
2025-06-22,Claims,4,6.8,326.40,14367.76
2025-06-27,Claims,3,3.2,153.60,14393.70
2025-06-19,Claims,1,1.9,91.20,14309.66
2025-06-03,Claims,3,5.5,264.00,14392.70
2025-06-18,Claims,2,1.3,62.40,14390.27
2025-06-03,Claims,3,5.4,259.20,14376.67
2025-06-15,Claims,1,0.8,38.40,14315.15
2025-06-07,Claims,3,4.5,216.00,14302.61
2025-06-10,Claims,2,1.4,67.20,14364.02
2025-06-19,Claims,4,2.3,110.40,14341.77
2025-06-09,Claims,3,4.7,225.60,14310.63
2025-06-05,Claims,4,7.8,374.40,14357.08
2025-06-22,Claims,4,7.5,360.00,14352.24
2025-06-03,Claims,4,5.3,254.40,14330.85
2025-06-06,Claims,4,6.6,316.80,14308.54
2025-07-06,Billing,1,1.5,72.00,14485.01
2025-07-16,Billing,1,1.1,52.80,14506.34
2025-07-22,Billing,1,0.9,43.20,14499.31
2025-07-21,Billing,4,5.3,254.40,14489.36
2025-07-20,Billing,4,5.0,240.00,14476.91
2025-07-08,Billing,3,5.6,268.80,14459.75
2025-07-17,Billing,4,3.5,168.00,14475.92
2025-07-09,Billing,4,2.5,120.00,14518.40
2025-07-16,Billing,3,5.9,283.20,14501.29
2025-07-25,Billing,2,2.9,139.20,14549.82
2025-07-03,Billing,4,6.9,331.20,14478.74
2025-07-25,Billing,4,2.7,129.60,14522.42
2025-07-18,Billing,1,1.1,52.80,14457.65
2025-07-26,Billing,2,2.9,139.20,14470.34
2025-07-15,Billing,2,1.4,67.20,14530.06
2025-07-24,Billing,2,2.2,105.60,14528.03
2025-07-22,Billing,1,0.8,38.40,14521.38
2025-07-12,Billing,1,2.0,96.00,14538.21
2025-07-12,Billing,4,4.9,235.20,14466.28
2025-07-05,Billing,2,2.3,110.40,14480.41
2025-07-13,Billing,1,1.0,48.00,14485.68
2025-07-08,Billing,3,5.0,240.00,14514.97
2025-07-28,Billing,4,3.9,187.20,14492.81
2025-07-16,Billing,1,1.0,48.00,14547.41
2025-07-23,Tech,2,1.3,62.40,14534.42
2025-07-05,Tech,4,4.5,216.00,14465.22
2025-07-24,Tech,2,2.1,100.80,14478.46
2025-07-18,Tech,4,7.9,379.20,14492.52
2025-07-13,Tech,4,6.7,321.60,14536.22
2025-07-08,Tech,3,5.5,264.00,14539.62
2025-07-06,Tech,3,1.7,81.60,14485.90
2025-07-02,Tech,2,2.2,105.60,14474.29
2025-07-26,Tech,2,2.8,134.40,14464.69
2025-07-27,Tech,1,1.7,81.60,14472.14
2025-07-23,Tech,1,1.6,76.80,14530.83
2025-07-15,Tech,4,8.0,384.00,14499.24
2025-07-13,Tech,1,1.0,48.00,14542.70
2025-07-17,Tech,1,1.9,91.20,14475.80
2025-07-09,Tech,3,3.6,172.80,14529.30
2025-07-26,Tech,2,1.4,67.20,14498.47
2025-07-03,Tech,1,1.8,86.40,14542.63
2025-07-03,Tech,1,0.7,33.60,14471.49
2025-07-10,Tech,2,1.1,52.80,14504.41
2025-07-06,Tech,2,2.4,115.20,14547.15
2025-07-25,Tech,3,2.5,120.00,14456.39
2025-07-14,Tech,4,3.9,187.20,14454.99
2025-07-17,Tech,4,3.6,172.80,14485.44
2025-07-02,Tech,1,1.4,67.20,14507.93
2025-07-10,Tech,4,4.5,216.00,14456.03
2025-07-20,Tech,1,0.6,28.80,14479.27
2025-07-21,Tech,1,0.9,43.20,14472.81
2025-07-06,Tech,3,1.9,91.20,14506.66
2025-07-07,Onboarding,1,0.8,38.40,14509.20
2025-07-04,Onboarding,1,0.6,28.80,14537.29
2025-07-15,Onboarding,2,1.6,76.80,14511.28
2025-07-04,Onboarding,4,4.0,192.00,14529.41
2025-07-13,Onboarding,3,4.9,235.20,14472.29
2025-07-12,Onboarding,4,4.3,206.40,14459.60
2025-07-03,Onboarding,4,6.9,331.20,14497.99
2025-07-26,Onboarding,4,2.1,100.80,14454.03
2025-07-16,Onboarding,1,1.8,86.40,14525.45
2025-07-27,Onboarding,4,5.4,259.20,14497.35
2025-07-16,Onboarding,2,3.1,148.80,14519.39
2025-07-22,Onboarding,1,1.6,76.80,14493.89
2025-07-28,Onboarding,3,4.1,196.80,14511.63
2025-07-19,Onboarding,1,1.0,48.00,14507.67
2025-07-04,Onboarding,1,1.9,91.20,14468.58
2025-07-10,Onboarding,3,4.3,206.40,14488.31
2025-07-07,Onboarding,2,2.2,105.60,14547.76
2025-07-17,Onboarding,3,5.7,273.60,14456.24
2025-07-19,Onboarding,2,2.4,115.20,14452.26
2025-07-23,Onboarding,3,3.3,158.40,14477.17
2025-07-21,Onboarding,1,0.8,38.40,14535.12
2025-07-25,Onboarding,2,1.9,91.20,14465.15
2025-07-16,Onboarding,3,5.4,259.20,14475.49
2025-07-21,Claims,4,7.4,355.20,14494.28
2025-07-17,Claims,3,5.6,268.80,14473.77
2025-07-19,Claims,3,5.6,268.80,14495.86
2025-07-07,Claims,4,2.2,105.60,14500.04
2025-07-18,Claims,3,5.4,259.20,14498.37
2025-07-05,Claims,3,5.8,278.40,14542.61
2025-07-11,Claims,1,1.7,81.60,14542.21
2025-07-07,Claims,4,6.8,326.40,14482.53
2025-07-11,Claims,1,1.3,62.40,14514.35
2025-07-22,Claims,4,3.4,163.20,14537.29
2025-07-03,Claims,1,0.5,24.00,14496.58
2025-07-05,Claims,3,2.6,124.80,14466.28
2025-07-06,Claims,1,1.2,57.60,14474.80
2025-07-28,Claims,1,1.1,52.80,14540.46
2025-07-14,Claims,1,1.8,86.40,14537.53
2025-07-08,Claims,4,6.4,307.20,14508.17
2025-07-11,Claims,4,2.9,139.20,14491.64
2025-07-13,Claims,1,1.9,91.20,14520.66
2025-07-13,Claims,1,1.6,76.80,14527.90
2025-07-23,Claims,4,5.7,273.60,14485.16
2025-07-25,Claims,4,2.5,120.00,14512.79
2025-07-09,Claims,1,1.1,52.80,14489.76
2025-08-21,Billing,4,4.5,216.00,14632.58
2025-08-07,Billing,2,2.1,100.80,14683.16
2025-08-23,Billing,4,2.6,124.80,14606.12
2025-08-15,Billing,3,4.3,206.40,14606.78
2025-08-22,Billing,3,5.9,283.20,14627.52
2025-08-09,Billing,3,2.4,115.20,14639.37
2025-08-01,Billing,3,4.0,192.00,14627.88
2025-08-05,Billing,2,1.9,91.20,14603.92
2025-08-17,Billing,4,2.8,134.40,14653.94
2025-08-03,Billing,1,0.8,38.40,14610.04
2025-08-09,Billing,1,1.6,76.80,14668.61
2025-08-24,Billing,4,3.6,172.80,14685.44
2025-08-15,Billing,1,1.2,57.60,14657.35
2025-08-06,Billing,3,1.9,91.20,14677.65
2025-08-01,Billing,4,7.4,355.20,14607.71
2025-08-22,Billing,4,4.2,201.60,14602.69
2025-08-25,Billing,3,4.3,206.40,14648.11
2025-08-08,Billing,3,2.9,139.20,14651.47
2025-08-09,Billing,2,2.6,124.80,14663.25
2025-08-25,Billing,2,1.4,67.20,14672.98
2025-08-20,Billing,2,3.9,187.20,14643.63
2025-08-18,Billing,3,2.3,110.40,14663.76
2025-08-04,Tech,4,6.9,331.20,14634.23
2025-08-19,Tech,2,1.6,76.80,14652.33
2025-08-14,Tech,4,4.8,230.40,14631.30
2025-08-04,Tech,2,2.8,134.40,14648.05
2025-08-28,Tech,4,5.7,273.60,14671.06
2025-08-14,Tech,2,2.8,134.40,14615.44
2025-08-09,Tech,1,1.9,91.20,14617.23
2025-08-14,Tech,1,1.5,72.00,14644.02
2025-08-21,Tech,3,5.1,244.80,14626.50
2025-08-05,Tech,4,2.2,105.60,14685.88
2025-08-08,Tech,4,7.0,336.00,14688.80
2025-08-22,Tech,1,1.4,67.20,14670.86
2025-08-03,Tech,3,5.2,249.60,14650.79
2025-08-10,Tech,2,1.0,48.00,14683.53
2025-08-28,Tech,3,4.2,201.60,14646.18
2025-08-28,Tech,1,1.1,52.80,14632.01
2025-08-13,Tech,3,3.0,144.00,14667.84
2025-08-15,Tech,3,5.1,244.80,14694.88
2025-08-12,Tech,2,2.1,100.80,14612.76
2025-08-01,Tech,3,5.8,278.40,14691.51
2025-08-04,Tech,2,1.3,62.40,14626.09
2025-08-19,Tech,4,5.8,278.40,14633.74
2025-08-26,Tech,1,1.9,91.20,14601.33
2025-08-10,Tech,2,2.8,134.40,14622.01
2025-08-01,Tech,2,3.5,168.00,14669.71
2025-08-28,Tech,3,5.2,249.60,14644.83
2025-08-27,Tech,3,3.6,172.80,14674.84
2025-08-18,Tech,1,1.2,57.60,14691.54
2025-08-23,Onboarding,2,1.7,81.60,14678.98
2025-08-22,Onboarding,4,2.2,105.60,14628.74
2025-08-28,Onboarding,3,2.5,120.00,14624.16
2025-08-13,Onboarding,2,3.7,177.60,14637.31
2025-08-20,Onboarding,3,3.4,163.20,14670.54
2025-08-20,Onboarding,3,2.0,96.00,14696.35
2025-08-23,Onboarding,2,2.5,120.00,14651.13
2025-08-17,Onboarding,1,0.5,24.00,14608.22
2025-08-07,Onboarding,4,4.6,220.80,14680.00
2025-08-28,Onboarding,4,6.0,288.00,14665.35
2025-08-27,Onboarding,4,6.6,316.80,14677.35
2025-08-11,Onboarding,2,2.3,110.40,14628.47
2025-08-20,Onboarding,3,5.4,259.20,14644.40
2025-08-14,Onboarding,3,3.2,153.60,14657.60
2025-08-12,Onboarding,2,1.8,86.40,14655.15
2025-08-02,Onboarding,4,2.3,110.40,14683.29
2025-08-19,Onboarding,3,5.2,249.60,14687.68
2025-08-04,Onboarding,2,3.9,187.20,14603.48
2025-08-16,Onboarding,3,2.2,105.60,14663.98
2025-08-19,Onboarding,1,1.6,76.80,14697.06
2025-08-26,Onboarding,3,4.9,235.20,14693.75
2025-08-18,Onboarding,4,6.8,326.40,14642.96
2025-08-02,Onboarding,1,1.4,67.20,14666.14
2025-08-12,Onboarding,3,3.2,153.60,14685.52
2025-08-18,Onboarding,2,3.7,177.60,14647.01
2025-08-13,Claims,2,1.9,91.20,14673.15
2025-08-26,Claims,2,1.9,91.20,14658.16
2025-08-07,Claims,3,5.4,259.20,14626.25
2025-08-09,Claims,2,2.6,124.80,14626.67
2025-08-22,Claims,2,3.2,153.60,14695.78
2025-08-24,Claims,2,2.0,96.00,14673.87
2025-08-15,Claims,2,3.2,153.60,14606.77
2025-08-02,Claims,3,1.8,86.40,14648.36
2025-08-15,Claims,2,2.4,115.20,14655.39
2025-08-26,Claims,1,1.5,72.00,14695.19
2025-08-21,Claims,2,3.4,163.20,14619.80
2025-08-10,Claims,3,3.9,187.20,14645.82
2025-08-11,Claims,4,4.1,196.80,14694.00
2025-08-16,Claims,4,3.7,177.60,14682.26
2025-08-03,Claims,3,5.8,278.40,14672.81
2025-08-18,Claims,2,4.0,192.00,14600.43
2025-08-05,Claims,4,5.8,278.40,14656.83
2025-08-22,Claims,3,3.1,148.80,14674.53
2025-08-28,Claims,1,1.8,86.40,14614.55
2025-08-01,Claims,4,4.7,225.60,14692.69
2025-08-03,Claims,2,1.5,72.00,14694.97
2025-08-11,Claims,2,1.2,57.60,14664.58
2025-08-25,Claims,1,1.8,86.40,14671.14
2025-08-24,Claims,2,1.9,91.20,14682.40
2025-08-28,Claims,1,0.9,43.20,14604.97
2025-08-13,Claims,2,3.5,168.00,14685.89
2025-08-14,Claims,2,3.9,187.20,14671.74
2025-09-22,Billing,4,6.2,297.60,14792.03
2025-09-02,Billing,4,7.2,345.60,14836.05
2025-09-26,Billing,4,2.4,115.20,14776.58
2025-09-26,Billing,3,3.8,182.40,14805.15
2025-09-22,Billing,3,5.6,268.80,14828.48
2025-09-09,Billing,1,1.2,57.60,14832.45
2025-09-20,Billing,4,4.8,230.40,14784.92
2025-09-07,Billing,2,3.1,148.80,14846.32
2025-09-20,Billing,3,2.4,115.20,14761.68
2025-09-08,Billing,4,2.7,129.60,14778.27
2025-09-09,Billing,3,5.6,268.80,14814.32
2025-09-27,Billing,2,1.7,81.60,14763.01
2025-09-07,Billing,4,7.6,364.80,14758.30
2025-09-25,Billing,1,0.5,24.00,14819.46
2025-09-02,Billing,3,5.3,254.40,14831.71
2025-09-28,Billing,3,4.1,196.80,14768.52
2025-09-05,Billing,4,7.6,364.80,14816.40
2025-09-08,Billing,3,3.1,148.80,14787.75
2025-09-01,Billing,4,6.5,312.00,14792.07
2025-09-16,Billing,2,1.0,48.00,14787.56
2025-09-23,Billing,1,2.0,96.00,14784.42
2025-09-18,Billing,1,1.9,91.20,14790.08
2025-09-01,Billing,2,3.4,163.20,14789.59
2025-09-25,Billing,3,2.1,100.80,14825.33
2025-09-08,Billing,2,1.6,76.80,14827.27
2025-09-12,Billing,2,3.8,182.40,14798.27
2025-09-01,Billing,3,4.2,201.60,14846.01
2025-09-22,Billing,3,5.4,259.20,14751.70
2025-09-24,Tech,2,1.5,72.00,14770.04
2025-09-27,Tech,1,0.5,24.00,14821.02
2025-09-18,Tech,1,1.4,67.20,14751.28
2025-09-10,Tech,4,3.4,163.20,14812.10
2025-09-14,Tech,3,3.3,158.40,14787.05
2025-09-11,Tech,4,4.9,235.20,14838.74
2025-09-11,Tech,1,1.6,76.80,14773.22
2025-09-28,Tech,4,7.6,364.80,14819.99
2025-09-10,Tech,1,1.5,72.00,14847.71
2025-09-27,Tech,2,2.7,129.60,14831.83
2025-09-21,Tech,2,1.5,72.00,14793.26
2025-09-18,Tech,4,2.4,115.20,14790.44
2025-09-25,Tech,3,1.8,86.40,14833.58
2025-09-28,Tech,3,3.6,172.80,14755.24
2025-09-03,Tech,1,1.2,57.60,14849.62
2025-09-16,Tech,4,2.4,115.20,14847.24
2025-09-11,Tech,2,2.8,134.40,14751.70
2025-09-27,Tech,1,0.5,24.00,14848.10
2025-09-04,Tech,3,5.0,240.00,14829.81
2025-09-28,Tech,1,0.9,43.20,14800.38
2025-09-07,Tech,4,5.7,273.60,14848.68
2025-09-01,Tech,1,1.2,57.60,14778.64
2025-09-10,Tech,1,1.1,52.80,14810.38
2025-09-27,Tech,2,1.6,76.80,14755.12
2025-09-03,Tech,2,1.6,76.80,14815.75
2025-09-15,Onboarding,2,3.6,172.80,14847.00
2025-09-20,Onboarding,1,1.0,48.00,14795.04
2025-09-06,Onboarding,3,2.4,115.20,14755.76
2025-09-08,Onboarding,4,2.3,110.40,14848.64
2025-09-10,Onboarding,2,1.0,48.00,14814.03
2025-09-12,Onboarding,2,3.1,148.80,14774.68
2025-09-26,Onboarding,3,4.2,201.60,14806.83
2025-09-22,Onboarding,3,2.4,115.20,14839.30
2025-09-16,Onboarding,4,4.3,206.40,14755.30
2025-09-22,Onboarding,3,5.3,254.40,14815.77
2025-09-04,Onboarding,4,7.5,360.00,14831.06
2025-09-25,Onboarding,1,0.9,43.20,14828.77
2025-09-04,Onboarding,4,6.3,302.40,14788.91
2025-09-22,Onboarding,3,5.0,240.00,14796.97
2025-09-01,Onboarding,4,7.7,369.60,14798.69
2025-09-27,Onboarding,2,2.1,100.80,14752.68
2025-09-19,Onboarding,4,6.3,302.40,14837.37
2025-09-05,Onboarding,1,1.6,76.80,14756.14
2025-09-07,Onboarding,4,3.1,148.80,14822.91
2025-09-04,Onboarding,1,0.6,28.80,14766.69
2025-09-01,Onboarding,4,6.9,331.20,14820.30
2025-09-15,Onboarding,3,4.4,211.20,14765.23
2025-09-11,Onboarding,4,5.9,283.20,14773.94
2025-09-26,Onboarding,3,3.9,187.20,14778.57
2025-09-03,Onboarding,1,1.9,91.20,14822.75
2025-09-27,Onboarding,2,4.0,192.00,14849.26
2025-09-24,Onboarding,3,5.4,259.20,14804.96
2025-09-28,Claims,3,5.4,259.20,14789.86
2025-09-15,Claims,1,0.6,28.80,14816.89
2025-09-18,Claims,3,5.2,249.60,14767.15
2025-09-18,Claims,2,1.4,67.20,14840.19
2025-09-20,Claims,1,1.7,81.60,14784.90
2025-09-08,Claims,2,2.3,110.40,14755.97
2025-09-08,Claims,3,3.9,187.20,14811.30
2025-09-22,Claims,1,0.6,28.80,14772.79
2025-09-06,Claims,3,3.3,158.40,14844.69
2025-09-20,Claims,3,2.7,129.60,14761.06
2025-09-08,Claims,3,2.0,96.00,14807.19
2025-09-10,Claims,1,1.4,67.20,14826.65
2025-09-12,Claims,1,0.9,43.20,14808.68
2025-09-24,Claims,4,4.6,220.80,14821.63
2025-09-16,Claims,3,2.9,139.20,14817.43
2025-09-08,Claims,1,1.9,91.20,14783.94
2025-09-03,Claims,2,3.6,172.80,14789.42
2025-09-12,Claims,1,1.6,76.80,14785.80
2025-09-21,Claims,4,3.2,153.60,14778.51
2025-09-11,Claims,3,2.6,124.80,14754.50
2025-09-22,Claims,1,0.7,33.60,14755.99
2025-09-21,Claims,4,3.6,172.80,14778.98
2025-09-08,Claims,4,7.1,340.80,14766.93
2025-09-06,Claims,1,0.9,43.20,14764.10
2025-09-20,Claims,2,1.1,52.80,14825.78
2025-09-06,Claims,4,5.0,240.00,14758.25
2025-09-14,Claims,1,0.7,33.60,14760.91
2025-10-13,Billing,3,3.4,163.20,14935.49
2025-10-09,Billing,4,2.3,110.40,14962.87
2025-10-19,Billing,3,2.8,134.40,14972.13
2025-10-27,Billing,3,1.9,91.20,14903.43
2025-10-09,Billing,4,3.6,172.80,14967.65
2025-10-13,Billing,1,1.9,91.20,14930.16
2025-10-07,Billing,3,2.4,115.20,14935.39
2025-10-02,Billing,4,6.0,288.00,14953.19
2025-10-09,Billing,4,5.3,254.40,14967.14
2025-10-10,Billing,1,1.6,76.80,14936.87
2025-10-01,Billing,3,2.3,110.40,14958.07
2025-10-02,Billing,2,2.1,100.80,14929.53
2025-10-10,Billing,1,0.5,24.00,14937.90
2025-10-22,Billing,2,2.8,134.40,14963.68
2025-10-27,Billing,2,2.3,110.40,14981.39
2025-10-06,Billing,4,5.7,273.60,14944.47
2025-10-26,Billing,4,3.1,148.80,14991.09
2025-10-21,Billing,3,3.9,187.20,14972.11
2025-10-12,Billing,2,1.6,76.80,14952.06
2025-10-13,Billing,2,2.8,134.40,14922.16
2025-10-05,Billing,4,3.5,168.00,14908.62
2025-10-21,Billing,2,4.0,192.00,14976.91
2025-10-01,Tech,2,2.0,96.00,14984.04
2025-10-10,Tech,3,3.8,182.40,14990.19
2025-10-10,Tech,4,3.6,172.80,14907.31
2025-10-27,Tech,1,1.9,91.20,14911.56
2025-10-06,Tech,2,3.9,187.20,14964.54
2025-10-11,Tech,4,2.4,115.20,14947.73
2025-10-28,Tech,4,5.9,283.20,14907.99
2025-10-05,Tech,1,1.2,57.60,14901.89
2025-10-07,Tech,3,5.7,273.60,14913.59
2025-10-04,Tech,4,6.7,321.60,14944.05
2025-10-06,Tech,1,0.7,33.60,14928.03
2025-10-10,Tech,1,1.2,57.60,14970.17
2025-10-21,Tech,2,1.4,67.20,14966.46
2025-10-14,Tech,4,2.0,96.00,14905.25
2025-10-02,Tech,4,6.3,302.40,14943.70
2025-10-19,Tech,3,2.8,134.40,14947.37
2025-10-01,Tech,2,1.1,52.80,14990.60
2025-10-19,Tech,2,2.1,100.80,14959.65
2025-10-22,Tech,3,5.5,264.00,14926.26
2025-10-23,Tech,1,1.4,67.20,14962.06
2025-10-19,Tech,1,1.5,72.00,14903.43
2025-10-21,Tech,3,1.8,86.40,14910.69
2025-10-13,Tech,2,1.1,52.80,14961.44
2025-10-24,Tech,3,6.0,288.00,14959.48
2025-10-14,Tech,1,0.6,28.80,14931.80
2025-10-21,Tech,4,7.9,379.20,14977.79
2025-10-09,Onboarding,1,0.9,43.20,14995.35
2025-10-12,Onboarding,1,0.6,28.80,14910.81
2025-10-21,Onboarding,3,2.0,96.00,14990.92
2025-10-23,Onboarding,3,2.4,115.20,14912.82
2025-10-18,Onboarding,2,1.7,81.60,14966.21
2025-10-27,Onboarding,3,4.9,235.20,14973.34
2025-10-15,Onboarding,1,2.0,96.00,14937.31
2025-10-13,Onboarding,3,5.7,273.60,14993.18
2025-10-13,Onboarding,2,3.3,158.40,14973.56
2025-10-23,Onboarding,4,3.1,148.80,14968.43
2025-10-23,Onboarding,4,4.1,196.80,14902.63
2025-10-04,Onboarding,3,4.7,225.60,14913.33
2025-10-20,Onboarding,2,3.1,148.80,14904.27
2025-10-09,Onboarding,1,1.7,81.60,14962.27
2025-10-22,Onboarding,3,5.4,259.20,14952.05
2025-10-21,Onboarding,2,1.6,76.80,14994.28
2025-10-05,Onboarding,4,7.3,350.40,14984.01
2025-10-20,Onboarding,2,3.3,158.40,14927.53
2025-10-22,Onboarding,3,2.9,139.20,14901.97
2025-10-24,Onboarding,4,6.8,326.40,14906.08
2025-10-04,Onboarding,2,1.1,52.80,14953.34
2025-10-10,Onboarding,3,1.6,76.80,14979.76
2025-10-10,Onboarding,4,6.4,307.20,14911.47
2025-10-17,Claims,1,1.6,76.80,14943.90
2025-10-10,Claims,2,1.3,62.40,14997.95
2025-10-26,Claims,4,5.3,254.40,14915.82
2025-10-15,Claims,1,1.6,76.80,14902.73
2025-10-01,Claims,1,1.5,72.00,14927.61
2025-10-12,Claims,4,2.9,139.20,14986.00
2025-10-01,Claims,1,0.9,43.20,14935.91
2025-10-03,Claims,3,3.1,148.80,14965.59
2025-10-20,Claims,4,3.9,187.20,14958.01
2025-10-04,Claims,4,4.4,211.20,14999.71
2025-10-03,Claims,3,5.8,278.40,14986.18
2025-10-15,Claims,3,2.5,120.00,14981.35
2025-10-06,Claims,3,3.6,172.80,14985.00
2025-10-06,Claims,3,3.1,148.80,14925.51
2025-10-11,Claims,1,1.6,76.80,14969.18
2025-10-15,Claims,4,7.5,360.00,14950.32
2025-10-19,Claims,3,2.7,129.60,14902.57
2025-10-07,Claims,3,4.0,192.00,14996.67
2025-10-24,Claims,2,3.9,187.20,14942.89
2025-10-08,Claims,3,3.9,187.20,14933.10
2025-10-20,Claims,3,4.2,201.60,14964.91
2025-10-20,Claims,1,1.0,48.00,14962.73
2025-10-19,Claims,2,2.4,115.20,14919.53
2025-10-11,Claims,2,1.4,67.20,14989.62
2025-10-09,Claims,1,1.1,52.80,14927.20
2025-10-21,Claims,3,5.1,244.80,14911.55
2025-10-22,Claims,4,7.9,379.20,14900.62
2025-11-15,Billing,4,5.3,254.40,15109.62
2025-11-22,Billing,3,5.0,240.00,15099.18
2025-11-19,Billing,1,0.9,43.20,15066.22
2025-11-10,Billing,1,2.0,96.00,15071.96
2025-11-05,Billing,1,1.1,52.80,15087.53
2025-11-23,Billing,3,1.8,86.40,15053.90
2025-11-01,Billing,2,2.0,96.00,15091.02
2025-11-11,Billing,1,1.8,86.40,15104.23
2025-11-01,Billing,2,1.3,62.40,15079.49
2025-11-02,Billing,2,2.8,134.40,15061.09
2025-11-26,Billing,2,1.1,52.80,15089.57
2025-11-19,Billing,4,7.8,374.40,15072.92
2025-11-11,Billing,1,1.2,57.60,15114.48
2025-11-07,Billing,1,1.5,72.00,15068.94
2025-11-02,Billing,1,0.6,28.80,15072.45
2025-11-07,Billing,4,2.5,120.00,15060.99
2025-11-23,Billing,2,2.3,110.40,15120.22
2025-11-08,Billing,3,5.5,264.00,15062.99
2025-11-03,Billing,2,2.4,115.20,15126.73
2025-11-18,Billing,1,0.6,28.80,15103.82
2025-11-12,Billing,2,3.7,177.60,15076.54
2025-11-25,Billing,4,3.2,153.60,15110.51
2025-11-07,Tech,4,4.7,225.60,15118.74
2025-11-10,Tech,2,2.8,134.40,15054.26
2025-11-26,Tech,1,1.9,91.20,15055.50
2025-11-17,Tech,1,1.6,76.80,15083.52
2025-11-05,Tech,2,2.3,110.40,15092.31
2025-11-12,Tech,1,1.4,67.20,15056.94
2025-11-13,Tech,3,5.4,259.20,15121.96
2025-11-10,Tech,2,3.0,144.00,15148.74
2025-11-18,Tech,1,1.0,48.00,15105.02
2025-11-14,Tech,3,1.8,86.40,15090.76
2025-11-07,Tech,3,5.1,244.80,15081.37
2025-11-05,Tech,4,4.0,192.00,15130.36
2025-11-07,Tech,3,2.8,134.40,15059.65
2025-11-24,Tech,3,4.5,216.00,15056.08
2025-11-05,Tech,4,7.2,345.60,15050.42
2025-11-20,Tech,2,3.0,144.00,15068.54
2025-11-08,Tech,4,8.0,384.00,15146.35
2025-11-28,Tech,3,4.5,216.00,15097.81
2025-11-16,Tech,1,1.4,67.20,15149.85
2025-11-12,Tech,1,1.1,52.80,15132.43
2025-11-22,Tech,4,6.0,288.00,15109.81
2025-11-04,Tech,3,4.1,196.80,15120.37
2025-11-10,Tech,4,4.8,230.40,15131.93
2025-11-28,Tech,1,1.6,76.80,15118.35
2025-11-11,Onboarding,2,1.4,67.20,15097.83
2025-11-24,Onboarding,3,4.3,206.40,15126.04
2025-11-24,Onboarding,1,1.8,86.40,15090.20
2025-11-25,Onboarding,4,5.4,259.20,15096.63
2025-11-23,Onboarding,1,0.8,38.40,15115.13
2025-11-06,Onboarding,2,2.6,124.80,15129.35
2025-11-07,Onboarding,1,1.6,76.80,15088.05
2025-11-13,Onboarding,1,1.0,48.00,15100.77
2025-11-11,Onboarding,4,7.9,379.20,15092.06
2025-11-01,Onboarding,2,1.4,67.20,15093.53
2025-11-07,Onboarding,3,5.6,268.80,15072.18
2025-11-26,Onboarding,4,4.4,211.20,15102.72
2025-11-18,Onboarding,2,1.9,91.20,15119.61
2025-11-12,Onboarding,1,1.3,62.40,15117.01
2025-11-25,Onboarding,4,5.0,240.00,15070.60
2025-11-28,Onboarding,3,2.4,115.20,15108.20
2025-11-07,Onboarding,2,1.2,57.60,15140.74
2025-11-10,Onboarding,1,0.5,24.00,15098.20
2025-11-02,Onboarding,2,1.6,76.80,15068.71
2025-11-23,Onboarding,1,1.8,86.40,15124.03
2025-11-22,Onboarding,3,2.9,139.20,15147.41
2025-11-02,Onboarding,4,5.3,254.40,15105.17
2025-11-23,Claims,1,1.6,76.80,15115.50
2025-11-06,Claims,4,7.7,369.60,15100.06
2025-11-03,Claims,2,2.8,134.40,15051.70
2025-11-01,Claims,2,3.1,148.80,15069.25
2025-11-10,Claims,1,2.0,96.00,15059.57
2025-11-09,Claims,3,2.6,124.80,15070.40
2025-11-18,Claims,1,0.6,28.80,15147.73
2025-11-04,Claims,3,2.1,100.80,15080.34
2025-11-02,Claims,1,1.5,72.00,15094.17
2025-11-10,Claims,4,4.1,196.80,15070.48
2025-11-26,Claims,4,3.1,148.80,15149.15
2025-11-22,Claims,2,2.5,120.00,15088.39
2025-11-01,Claims,4,6.3,302.40,15135.87
2025-11-24,Claims,2,3.0,144.00,15137.30
2025-11-18,Claims,4,2.8,134.40,15066.28
2025-11-01,Claims,1,0.8,38.40,15095.84
2025-11-20,Claims,1,2.0,96.00,15123.77
2025-11-26,Claims,3,4.5,216.00,15081.65
2025-11-06,Claims,2,1.7,81.60,15091.94
2025-11-05,Claims,1,1.9,91.20,15092.33
2025-11-12,Claims,1,1.6,76.80,15091.83
2025-11-16,Claims,1,1.9,91.20,15064.85
2025-11-15,Claims,3,2.3,110.40,15107.07
2025-11-14,Claims,3,3.7,177.60,15071.32
2025-12-22,Billing,1,1.6,76.80,15279.06
2025-12-18,Billing,1,1.3,62.40,15206.06
2025-12-19,Billing,2,2.0,96.00,15289.89
2025-12-08,Billing,3,5.9,283.20,15216.04
2025-12-09,Billing,1,1.2,57.60,15279.08
2025-12-16,Billing,1,1.0,48.00,15296.10
2025-12-26,Billing,2,3.5,168.00,15234.78
2025-12-21,Billing,4,7.8,374.40,15272.63
2025-12-02,Billing,1,1.8,86.40,15262.69
2025-12-05,Billing,3,4.8,230.40,15242.48
2025-12-02,Billing,2,1.9,91.20,15258.93
2025-12-09,Billing,1,1.0,48.00,15271.80
2025-12-24,Billing,2,1.5,72.00,15234.33
2025-12-02,Billing,2,3.8,182.40,15286.39
2025-12-20,Billing,4,6.7,321.60,15212.83
2025-12-19,Billing,4,3.0,144.00,15258.66
2025-12-05,Billing,1,1.6,76.80,15241.50
2025-12-17,Billing,1,1.4,67.20,15230.28
2025-12-21,Billing,1,0.8,38.40,15210.32
2025-12-24,Billing,4,5.4,259.20,15223.81
2025-12-09,Billing,1,0.7,33.60,15218.61
2025-12-21,Billing,3,1.9,91.20,15292.88
2025-12-25,Billing,4,4.2,201.60,15275.26
2025-12-03,Tech,3,5.9,283.20,15223.20
2025-12-07,Tech,2,2.8,134.40,15247.72
2025-12-06,Tech,2,1.3,62.40,15267.76
2025-12-23,Tech,2,3.8,182.40,15288.95
2025-12-08,Tech,3,3.3,158.40,15270.80
2025-12-17,Tech,2,2.7,129.60,15211.69
2025-12-15,Tech,3,5.6,268.80,15223.79
2025-12-14,Tech,2,1.9,91.20,15230.71
2025-12-12,Tech,2,2.5,120.00,15269.08
2025-12-06,Tech,3,2.1,100.80,15264.35
2025-12-16,Tech,3,4.8,230.40,15214.22
2025-12-23,Tech,3,5.6,268.80,15259.04
2025-12-22,Tech,1,1.8,86.40,15269.58
2025-12-15,Tech,3,4.6,220.80,15262.62
2025-12-19,Tech,2,3.0,144.00,15226.38
2025-12-14,Tech,2,2.7,129.60,15208.83
2025-12-01,Tech,2,3.7,177.60,15296.78
2025-12-21,Tech,1,1.3,62.40,15205.48
2025-12-22,Tech,1,1.1,52.80,15261.05
2025-12-04,Tech,1,1.6,76.80,15246.64
2025-12-16,Tech,3,3.7,177.60,15297.87
2025-12-03,Tech,1,1.8,86.40,15275.60
2025-12-21,Tech,1,1.2,57.60,15288.72
2025-12-18,Tech,4,7.5,360.00,15253.02
2025-12-15,Tech,4,2.4,115.20,15281.70
2025-12-04,Tech,2,1.9,91.20,15298.61
2025-12-11,Onboarding,3,5.4,259.20,15216.73
2025-12-22,Onboarding,4,3.8,182.40,15210.46
2025-12-22,Onboarding,1,0.9,43.20,15208.67
2025-12-11,Onboarding,2,3.2,153.60,15256.66
2025-12-06,Onboarding,4,4.6,220.80,15274.81
2025-12-12,Onboarding,2,3.6,172.80,15201.78
2025-12-28,Onboarding,3,3.7,177.60,15291.02
2025-12-10,Onboarding,3,2.3,110.40,15239.43
2025-12-06,Onboarding,1,1.9,91.20,15245.60
2025-12-09,Onboarding,4,4.7,225.60,15222.87
2025-12-27,Onboarding,3,2.6,124.80,15298.31
2025-12-26,Onboarding,3,3.9,187.20,15212.37
2025-12-26,Onboarding,4,5.2,249.60,15252.58
2025-12-08,Onboarding,4,7.9,379.20,15232.57
2025-12-27,Onboarding,1,1.2,57.60,15262.84
2025-12-11,Onboarding,3,4.7,225.60,15270.95
2025-12-02,Onboarding,3,3.4,163.20,15276.84
2025-12-05,Onboarding,4,4.2,201.60,15223.41
2025-12-20,Onboarding,4,2.2,105.60,15236.69
2025-12-23,Onboarding,4,7.5,360.00,15220.20
2025-12-10,Onboarding,4,6.8,326.40,15213.79
2025-12-25,Onboarding,2,1.3,62.40,15274.58
2025-12-18,Onboarding,2,1.4,67.20,15226.59
2025-12-11,Onboarding,4,5.7,273.60,15276.84
2025-12-23,Onboarding,3,3.8,182.40,15261.41
2025-12-08,Onboarding,4,5.0,240.00,15271.26
2025-12-23,Onboarding,3,3.4,163.20,15269.94
2025-12-11,Onboarding,1,1.2,57.60,15254.99
2025-12-07,Claims,3,4.8,230.40,15296.98
2025-12-10,Claims,4,3.3,158.40,15238.69
2025-12-27,Claims,2,2.4,115.20,15233.53
2025-12-20,Claims,2,2.5,120.00,15281.58
2025-12-18,Claims,2,1.2,57.60,15221.75
2025-12-26,Claims,4,2.8,134.40,15200.97
2025-12-15,Claims,1,1.0,48.00,15209.75
2025-12-26,Claims,1,0.9,43.20,15280.58
2025-12-20,Claims,3,2.1,100.80,15252.73
2025-12-09,Claims,2,2.4,115.20,15235.58
2025-12-24,Claims,2,3.2,153.60,15283.36
2025-12-28,Claims,4,5.4,259.20,15247.76
2025-12-03,Claims,4,6.0,288.00,15254.39
2025-12-09,Claims,4,3.1,148.80,15236.15
2025-12-01,Claims,4,6.6,316.80,15205.12
2025-12-14,Claims,4,7.8,374.40,15296.26
2025-12-25,Claims,4,2.8,134.40,15248.71
2025-12-13,Claims,2,3.8,182.40,15201.79
2025-12-13,Claims,4,4.6,220.80,15224.50
2025-12-07,Claims,1,1.4,67.20,15247.37
2025-12-13,Claims,4,4.4,211.20,15267.88
2025-12-24,Claims,1,1.4,67.20,15230.65
2025-12-17,Claims,4,5.3,254.40,15210.96
2025-12-12,Claims,4,3.0,144.00,15268.31
2025-12-21,Claims,3,5.3,254.40,15253.91
2025-12-03,Claims,4,4.5,216.00,15231.67
2025-12-01,Claims,3,2.4,115.20,15292.99
