order_date,order_id,customer_email,customer_phone,staff_name,customer_company,province,amount,units,delivery_note
2023-01-06,ORD-000000,buyer0678@example.com,(416) 555-7353,Nguyễn Văn An,Northwind Traders Inc,Quebec,58.56,1,"call before delivery, dog in the yard"
2023-01-16,ORD-000001,buyer0492@example.com,(416) 555-4841,Priya Raman,Blue Harbour Logistics,Quebec,75.23,2,"call before delivery, dog in the yard"
2023-01-04,ORD-000002,buyer0535@example.com,(416) 555-2856,Zoë Müller,Northwind Traders Inc,Quebec,108.02,3,"second order this month, repeat buyer"
2023-01-19,ORD-000003,buyer0207@example.com,(416) 555-8088,Zoë Müller,Blue Harbour Logistics,Alberta,151.00,5,
2023-01-08,ORD-000004,buyer0551@example.com,(416) 555-5667,Oluwaseun Adeyemi,Kestrel Analytics Corp,Alberta,219.06,4,
2023-01-23,ORD-000005,buyer0566@example.com,(416) 555-1881,Nguyễn Văn An,Maple Leaf Dental Group,Quebec,134.64,3,"call before delivery, dog in the yard"
2023-01-26,ORD-000006,buyer0195@example.com,(416) 555-3388,Li Wei,Maple Leaf Dental Group,Quebec,84.42,2,
2023-01-19,ORD-000007,buyer0722@example.com,(416) 555-3297,Oluwaseun Adeyemi,Blue Harbour Logistics,Alberta,53.72,1,"call before delivery, dog in the yard"
2023-01-18,ORD-000008,buyer0091@example.com,(416) 555-8055,Zoë Müller,Maple Leaf Dental Group,Quebec,178.74,4,gift wrap and a handwritten card please
2023-01-21,ORD-000009,buyer0557@example.com,(416) 555-5774,Zoë Müller,Maple Leaf Dental Group,Ontario,59.54,1,gift wrap and a handwritten card please
2023-01-25,ORD-000010,buyer0490@example.com,(416) 555-6556,Priya Raman,Northwind Traders Inc,Nova Scotia,42.49,1,"second order this month, repeat buyer"
2023-01-23,ORD-000011,buyer0697@example.com,(416) 555-5908,Zoë Müller,Blue Harbour Logistics,Alberta,207.63,4,
2023-01-10,ORD-000012,buyer0445@example.com,(416) 555-8866,José García,Kestrel Analytics Corp,Nova Scotia,68.76,2,gift wrap and a handwritten card please
2023-01-20,ORD-000013,buyer0006@example.com,(416) 555-8428,Oluwaseun Adeyemi,Kestrel Analytics Corp,Nova Scotia,185.82,4,customer asked for late delivery to the Brampton warehouse
2023-01-25,ORD-000014,buyer0789@example.com,(416) 555-4216,Priya Raman,Maple Leaf Dental Group,Nova Scotia,241.57,5,
2023-01-28,ORD-000015,buyer0857@example.com,(416) 555-2471,Zoë Müller,Northwind Traders Inc,Quebec,234.92,4,"call before delivery, dog in the yard"
2023-01-21,ORD-000016,buyer0508@example.com,(416) 555-0959,José García,Blue Harbour Logistics,Quebec,177.55,3,
2023-01-05,ORD-000017,buyer0269@example.com,(416) 555-1251,Zoë Müller,Kestrel Analytics Corp,Quebec,67.82,2,"second order this month, repeat buyer"
2023-01-04,ORD-000018,buyer0383@example.com,(416) 555-1058,Nguyễn Văn An,Blue Harbour Logistics,Ontario,240.44,5,"second order this month, repeat buyer"
2023-01-24,ORD-000019,buyer0407@example.com,(416) 555-6683,Oluwaseun Adeyemi,Maple Leaf Dental Group,Ontario,76.39,2,
2023-01-26,ORD-000020,buyer0579@example.com,(416) 555-4199,Priya Raman,Blue Harbour Logistics,Ontario,36.47,1,gift wrap and a handwritten card please
2023-01-12,ORD-000021,buyer0711@example.com,(416) 555-7173,José García,Acme Holdings Ltd,Alberta,110.11,2,"second order this month, repeat buyer"
2023-01-25,ORD-000022,buyer0795@example.com,(416) 555-7634,Oluwaseun Adeyemi,Kestrel Analytics Corp,Ontario,182.84,5,customer asked for late delivery to the Brampton warehouse
2023-01-28,ORD-000023,buyer0797@example.com,(416) 555-5167,Zoë Müller,Acme Holdings Ltd,Quebec,163.65,4,
2023-01-21,ORD-000024,buyer0543@example.com,(416) 555-8305,Priya Raman,Maple Leaf Dental Group,Alberta,174.66,4,customer asked for late delivery to the Brampton warehouse
2023-01-17,ORD-000025,buyer0673@example.com,(416) 555-3339,José García,Acme Holdings Ltd,Nova Scotia,99.68,2,"second order this month, repeat buyer"
2023-01-23,ORD-000026,buyer0592@example.com,(416) 555-0211,Nguyễn Văn An,Northwind Traders Inc,Quebec,46.16,1,"call before delivery, dog in the yard"
2023-01-21,ORD-000027,buyer0019@example.com,(416) 555-2117,Zoë Müller,Maple Leaf Dental Group,Alberta,91.54,3,
2023-01-22,ORD-000028,buyer0171@example.com,(416) 555-4399,Priya Raman,Northwind Traders Inc,Nova Scotia,241.90,5,
2023-01-09,ORD-000029,buyer0063@example.com,(416) 555-8620,Oluwaseun Adeyemi,Blue Harbour Logistics,Ontario,193.44,4,"second order this month, repeat buyer"
2023-01-26,ORD-000030,buyer0726@example.com,(416) 555-0232,Zoë Müller,Kestrel Analytics Corp,Quebec,92.04,3,"second order this month, repeat buyer"
2023-01-27,ORD-000031,buyer0193@example.com,(416) 555-6749,José García,Kestrel Analytics Corp,Quebec,61.75,2,
2023-01-21,ORD-000032,buyer0471@example.com,(416) 555-1370,Li Wei,Maple Leaf Dental Group,Nova Scotia,72.51,2,
2023-01-11,ORD-000033,buyer0444@example.com,(416) 555-4895,Zoë Müller,Northwind Traders Inc,Nova Scotia,165.84,3,"second order this month, repeat buyer"
2023-01-24,ORD-000034,buyer0552@example.com,(416) 555-4297,Nguyễn Văn An,Northwind Traders Inc,Ontario,249.20,5,"call before delivery, dog in the yard"
2023-01-03,ORD-000035,buyer0149@example.com,(416) 555-6410,José García,Acme Holdings Ltd,Nova Scotia,293.63,5,"second order this month, repeat buyer"
2023-01-12,ORD-000036,buyer0489@example.com,(416) 555-1126,José García,Blue Harbour Logistics,Quebec,80.43,2,customer asked for late delivery to the Brampton warehouse
2023-01-14,ORD-000037,buyer0205@example.com,(416) 555-0603,Nguyễn Văn An,Northwind Traders Inc,Quebec,175.06,3,
2023-01-05,ORD-000038,buyer0833@example.com,(416) 555-3319,José García,Kestrel Analytics Corp,Ontario,101.30,3,"second order this month, repeat buyer"
2023-01-05,ORD-000039,buyer0248@example.com,(416) 555-2644,Nguyễn Văn An,Blue Harbour Logistics,Alberta,53.32,1,"second order this month, repeat buyer"
2023-01-28,ORD-000040,buyer0846@example.com,(416) 555-9545,Nguyễn Văn An,Blue Harbour Logistics,Alberta,292.88,5,gift wrap and a handwritten card please
2023-01-16,ORD-000041,buyer0428@example.com,(416) 555-6839,Nguyễn Văn An,Kestrel Analytics Corp,Ontario,114.67,3,gift wrap and a handwritten card please
2023-01-22,ORD-000042,buyer0503@example.com,(416) 555-5912,Zoë Müller,Maple Leaf Dental Group,Alberta,108.73,2,
2023-01-05,ORD-000043,buyer0315@example.com,(416) 555-6287,Li Wei,Blue Harbour Logistics,Alberta,172.94,3,
2023-01-10,ORD-000044,buyer0302@example.com,(416) 555-9354,José García,Maple Leaf Dental Group,Quebec,105.40,2,"call before delivery, dog in the yard"
2023-01-23,ORD-000045,buyer0047@example.com,(416) 555-8532,Oluwaseun Adeyemi,Acme Holdings Ltd,Alberta,126.61,4,
2023-01-25,ORD-000046,buyer0852@example.com,(416) 555-1133,Priya Raman,Kestrel Analytics Corp,Alberta,177.67,4,
2023-01-07,ORD-000047,buyer0832@example.com,(416) 555-4950,Oluwaseun Adeyemi,Maple Leaf Dental Group,Quebec,205.76,4,
2023-01-03,ORD-000048,buyer0072@example.com,(416) 555-9532,Oluwaseun Adeyemi,Maple Leaf Dental Group,Alberta,108.37,2,
2023-01-12,ORD-000049,buyer0556@example.com,(416) 555-5992,Oluwaseun Adeyemi,Blue Harbour Logistics,Quebec,115.34,3,customer asked for late delivery to the Brampton warehouse
2023-01-11,ORD-000050,buyer0731@example.com,(416) 555-3075,Priya Raman,Northwind Traders Inc,Alberta,46.87,1,
2023-01-04,ORD-000051,buyer0873@example.com,(416) 555-4896,Nguyễn Văn An,Northwind Traders Inc,Ontario,155.65,4,"second order this month, repeat buyer"
2023-01-08,ORD-000052,buyer0417@example.com,(416) 555-3380,José García,Acme Holdings Ltd,Nova Scotia,157.51,4,"second order this month, repeat buyer"
2023-01-26,ORD-000053,buyer0212@example.com,(416) 555-0508,José García,Kestrel Analytics Corp,Quebec,174.62,5,"call before delivery, dog in the yard"
2023-01-01,ORD-000054,buyer0564@example.com,(416) 555-2168,Priya Raman,Kestrel Analytics Corp,Ontario,46.97,1,
2023-01-20,ORD-000055,buyer0419@example.com,(416) 555-6647,Zoë Müller,Blue Harbour Logistics,Quebec,99.63,2,
2023-01-14,ORD-000056,buyer0558@example.com,(416) 555-6216,Zoë Müller,Maple Leaf Dental Group,Alberta,57.19,1,"call before delivery, dog in the yard"
2023-01-20,ORD-000057,buyer0059@example.com,(416) 555-6782,José García,Acme Holdings Ltd,Alberta,138.76,4,"call before delivery, dog in the yard"
2023-01-24,ORD-000058,buyer0629@example.com,(416) 555-2113,Li Wei,Blue Harbour Logistics,Ontario,92.39,3,customer asked for late delivery to the Brampton warehouse
2023-01-01,ORD-000059,buyer0310@example.com,(416) 555-5458,Nguyễn Văn An,Blue Harbour Logistics,Nova Scotia,58.98,1,gift wrap and a handwritten card please
2023-01-11,ORD-000060,buyer0847@example.com,(416) 555-4739,Li Wei,Acme Holdings Ltd,Ontario,147.99,4,
2023-01-14,ORD-000061,buyer0132@example.com,(416) 555-4297,Li Wei,Kestrel Analytics Corp,Alberta,37.42,1,customer asked for late delivery to the Brampton warehouse
2023-01-01,ORD-000062,buyer0875@example.com,(416) 555-9797,Priya Raman,Acme Holdings Ltd,Nova Scotia,200.53,5,customer asked for late delivery to the Brampton warehouse
2023-01-17,ORD-000063,buyer0680@example.com,(416) 555-1948,Nguyễn Văn An,Northwind Traders Inc,Ontario,157.89,4,customer asked for late delivery to the Brampton warehouse
2023-01-18,ORD-000064,buyer0216@example.com,(416) 555-6906,Zoë Müller,Northwind Traders Inc,Quebec,174.40,3,
2023-01-15,ORD-000065,buyer0518@example.com,(416) 555-3955,Li Wei,Acme Holdings Ltd,Quebec,227.46,5,"second order this month, repeat buyer"
2023-01-09,ORD-000066,buyer0183@example.com,(416) 555-9993,Priya Raman,Maple Leaf Dental Group,Quebec,204.21,5,"call before delivery, dog in the yard"
2023-01-11,ORD-000067,buyer0485@example.com,(416) 555-6397,Nguyễn Văn An,Maple Leaf Dental Group,Quebec,214.16,5,
2023-01-25,ORD-000068,buyer0482@example.com,(416) 555-0378,Nguyễn Văn An,Northwind Traders Inc,Quebec,89.81,2,"second order this month, repeat buyer"
2023-01-14,ORD-000069,buyer0120@example.com,(416) 555-5012,Li Wei,Acme Holdings Ltd,Ontario,107.00,2,customer asked for late delivery to the Brampton warehouse
2023-02-16,ORD-000100,buyer0629@example.com,(416) 555-7055,José García,Maple Leaf Dental Group,Alberta,62.50,2,"call before delivery, dog in the yard"
2023-02-25,ORD-000101,buyer0868@example.com,(416) 555-0752,Nguyễn Văn An,Northwind Traders Inc,Alberta,172.41,3,
2023-02-04,ORD-000102,buyer0688@example.com,(416) 555-9832,Oluwaseun Adeyemi,Kestrel Analytics Corp,Quebec,112.75,2,gift wrap and a handwritten card please
2023-02-06,ORD-000103,buyer0044@example.com,(416) 555-7137,Oluwaseun Adeyemi,Blue Harbour Logistics,Nova Scotia,101.31,3,
2023-02-07,ORD-000104,buyer0160@example.com,(416) 555-2463,José García,Blue Harbour Logistics,Nova Scotia,143.44,3,
2023-02-12,ORD-000105,buyer0610@example.com,(416) 555-6277,Li Wei,Kestrel Analytics Corp,Ontario,107.97,3,"second order this month, repeat buyer"
2023-02-23,ORD-000106,buyer0556@example.com,(416) 555-8547,Nguyễn Văn An,Maple Leaf Dental Group,Nova Scotia,189.72,4,
2023-02-15,ORD-000107,buyer0701@example.com,(416) 555-8124,Oluwaseun Adeyemi,Maple Leaf Dental Group,Alberta,92.00,2,gift wrap and a handwritten card please
2023-02-25,ORD-000108,buyer0627@example.com,(416) 555-3056,Li Wei,Blue Harbour Logistics,Alberta,255.22,5,customer asked for late delivery to the Brampton warehouse
2023-02-27,ORD-000109,buyer0739@example.com,(416) 555-3087,Zoë Müller,Acme Holdings Ltd,Quebec,216.66,4,"call before delivery, dog in the yard"
2023-02-03,ORD-000110,buyer0169@example.com,(416) 555-1117,José García,Blue Harbour Logistics,Quebec,164.67,3,
2023-02-16,ORD-000111,buyer0788@example.com,(416) 555-7685,José García,Northwind Traders Inc,Quebec,105.89,2,
2023-02-19,ORD-000112,buyer0001@example.com,(416) 555-6228,Priya Raman,Acme Holdings Ltd,Quebec,56.03,1,"call before delivery, dog in the yard"
2023-02-19,ORD-000113,buyer0876@example.com,(416) 555-8578,Oluwaseun Adeyemi,Blue Harbour Logistics,Nova Scotia,166.67,5,
2023-02-27,ORD-000114,buyer0273@example.com,(416) 555-7033,Priya Raman,Blue Harbour Logistics,Alberta,120.55,3,"call before delivery, dog in the yard"
2023-02-02,ORD-000115,buyer0044@example.com,(416) 555-9052,Li Wei,Maple Leaf Dental Group,Ontario,45.28,1,"call before delivery, dog in the yard"
2023-02-27,ORD-000116,buyer0699@example.com,(416) 555-2142,Nguyễn Văn An,Northwind Traders Inc,Ontario,165.57,5,"call before delivery, dog in the yard"
2023-02-24,ORD-000117,buyer0012@example.com,(416) 555-0026,Oluwaseun Adeyemi,Blue Harbour Logistics,Nova Scotia,43.66,1,customer asked for late delivery to the Brampton warehouse
2023-02-27,ORD-000118,buyer0479@example.com,(416) 555-0123,Oluwaseun Adeyemi,Maple Leaf Dental Group,Alberta,86.21,2,
2023-02-05,ORD-000119,buyer0585@example.com,(416) 555-6685,Nguyễn Văn An,Northwind Traders Inc,Quebec,190.03,4,"second order this month, repeat buyer"
2023-02-01,ORD-000120,buyer0830@example.com,(416) 555-8497,Oluwaseun Adeyemi,Kestrel Analytics Corp,Alberta,71.57,2,"call before delivery, dog in the yard"
2023-02-14,ORD-000121,buyer0740@example.com,(416) 555-7884,Li Wei,Northwind Traders Inc,Ontario,254.71,5,customer asked for late delivery to the Brampton warehouse
2023-02-17,ORD-000122,buyer0296@example.com,(416) 555-7263,José García,Maple Leaf Dental Group,Quebec,135.97,3,customer asked for late delivery to the Brampton warehouse
2023-02-01,ORD-000123,buyer0321@example.com,(416) 555-4859,José García,Acme Holdings Ltd,Nova Scotia,33.11,1,
2023-02-25,ORD-000124,buyer0472@example.com,(416) 555-0866,Li Wei,Acme Holdings Ltd,Ontario,218.59,4,gift wrap and a handwritten card please
2023-02-23,ORD-000125,buyer0385@example.com,(416) 555-0357,Oluwaseun Adeyemi,Acme Holdings Ltd,Quebec,159.43,5,"call before delivery, dog in the yard"
2023-02-27,ORD-000126,buyer0349@example.com,(416) 555-5581,Zoë Müller,Maple Leaf Dental Group,Ontario,180.66,4,
2023-02-21,ORD-000127,buyer0089@example.com,(416) 555-7673,Priya Raman,Northwind Traders Inc,Alberta,225.49,5,
2023-02-03,ORD-000128,buyer0218@example.com,(416) 555-2849,Zoë Müller,Kestrel Analytics Corp,Ontario,157.98,5,"second order this month, repeat buyer"
2023-02-14,ORD-000129,buyer0477@example.com,(416) 555-4644,Nguyễn Văn An,Acme Holdings Ltd,Ontario,59.84,1,customer asked for late delivery to the Brampton warehouse
2023-02-16,ORD-000130,buyer0871@example.com,(416) 555-8563,Li Wei,Acme Holdings Ltd,Alberta,64.60,2,"second order this month, repeat buyer"
2023-02-16,ORD-000131,buyer0322@example.com,(416) 555-9748,Nguyễn Văn An,Blue Harbour Logistics,Alberta,114.76,2,
2023-02-10,ORD-000132,buyer0447@example.com,(416) 555-6311,Oluwaseun Adeyemi,Acme Holdings Ltd,Ontario,50.40,1,"second order this month, repeat buyer"
2023-02-02,ORD-000133,buyer0217@example.com,(416) 555-4956,Oluwaseun Adeyemi,Blue Harbour Logistics,Alberta,172.33,3,"second order this month, repeat buyer"
2023-02-05,ORD-000134,buyer0051@example.com,(416) 555-3882,José García,Maple Leaf Dental Group,Nova Scotia,60.74,2,"second order this month, repeat buyer"
2023-02-13,ORD-000135,buyer0264@example.com,(416) 555-3828,Nguyễn Văn An,Maple Leaf Dental Group,Nova Scotia,109.17,2,"call before delivery, dog in the yard"
2023-02-01,ORD-000136,buyer0113@example.com,(416) 555-5848,Li Wei,Northwind Traders Inc,Ontario,30.42,1,"call before delivery, dog in the yard"
2023-02-10,ORD-000137,buyer0709@example.com,(416) 555-6252,Priya Raman,Acme Holdings Ltd,Alberta,53.64,1,
2023-02-06,ORD-000138,buyer0514@example.com,(416) 555-8483,Zoë Müller,Maple Leaf Dental Group,Ontario,30.10,1,"call before delivery, dog in the yard"
2023-02-03,ORD-000139,buyer0213@example.com,(416) 555-2344,Li Wei,Maple Leaf Dental Group,Nova Scotia,192.53,4,"call before delivery, dog in the yard"
2023-02-11,ORD-000140,buyer0583@example.com,(416) 555-4423,Nguyễn Văn An,Kestrel Analytics Corp,Alberta,135.68,3,"second order this month, repeat buyer"
2023-02-24,ORD-000141,buyer0157@example.com,(416) 555-5353,Nguyễn Văn An,Northwind Traders Inc,Nova Scotia,103.86,2,
2023-02-11,ORD-000142,buyer0134@example.com,(416) 555-8761,Nguyễn Văn An,Acme Holdings Ltd,Nova Scotia,159.70,5,
2023-02-12,ORD-000143,buyer0803@example.com,(416) 555-1342,Li Wei,Blue Harbour Logistics,Quebec,76.18,2,
2023-02-04,ORD-000144,buyer0343@example.com,(416) 555-7648,Priya Raman,Northwind Traders Inc,Alberta,271.85,5,gift wrap and a handwritten card please
2023-02-20,ORD-000145,buyer0207@example.com,(416) 555-7655,Nguyễn Văn An,Acme Holdings Ltd,Alberta,193.45,5,
2023-02-22,ORD-000146,buyer0522@example.com,(416) 555-4622,Priya Raman,Acme Holdings Ltd,Nova Scotia,49.44,1,"call before delivery, dog in the yard"
2023-02-07,ORD-000147,buyer0695@example.com,(416) 555-2088,José García,Kestrel Analytics Corp,Quebec,295.11,5,
2023-02-03,ORD-000148,buyer0881@example.com,(416) 555-1812,Li Wei,Northwind Traders Inc,Nova Scotia,36.70,1,"call before delivery, dog in the yard"
2023-02-17,ORD-000149,buyer0871@example.com,(416) 555-5902,Li Wei,Kestrel Analytics Corp,Nova Scotia,270.82,5,
2023-02-19,ORD-000150,buyer0501@example.com,(416) 555-9688,Zoë Müller,Acme Holdings Ltd,Quebec,59.54,1,
2023-02-05,ORD-000151,buyer0117@example.com,(416) 555-1788,Zoë Müller,Acme Holdings Ltd,Quebec,103.25,2,"second order this month, repeat buyer"
2023-02-02,ORD-000152,buyer0565@example.com,(416) 555-5747,Li Wei,Acme Holdings Ltd,Quebec,59.91,1,gift wrap and a handwritten card please
2023-02-26,ORD-000153,buyer0307@example.com,(416) 555-7077,Nguyễn Văn An,Kestrel Analytics Corp,Nova Scotia,117.23,3,
2023-02-24,ORD-000154,buyer0623@example.com,(416) 555-9404,Nguyễn Văn An,Kestrel Analytics Corp,Alberta,169.31,4,gift wrap and a handwritten card please
2023-02-24,ORD-000155,buyer0808@example.com,(416) 555-7587,Priya Raman,Kestrel Analytics Corp,Ontario,104.33,3,
2023-02-07,ORD-000156,buyer0371@example.com,(416) 555-0594,Li Wei,Kestrel Analytics Corp,Nova Scotia,151.26,3,customer asked for late delivery to the Brampton warehouse
2023-02-03,ORD-000157,buyer0096@example.com,(416) 555-2474,Zoë Müller,Kestrel Analytics Corp,Alberta,83.38,2,gift wrap and a handwritten card please
2023-02-22,ORD-000158,buyer0315@example.com,(416) 555-9788,Li Wei,Kestrel Analytics Corp,Nova Scotia,216.70,5,
2023-02-07,ORD-000159,buyer0116@example.com,(416) 555-6935,José García,Kestrel Analytics Corp,Quebec,103.56,3,"second order this month, repeat buyer"
2023-02-27,ORD-000160,buyer0705@example.com,(416) 555-7132,Nguyễn Văn An,Kestrel Analytics Corp,Alberta,40.15,1,gift wrap and a handwritten card please
2023-02-12,ORD-000161,buyer0494@example.com,(416) 555-7234,Nguyễn Văn An,Blue Harbour Logistics,Quebec,197.61,4,
2023-02-20,ORD-000162,buyer0453@example.com,(416) 555-1784,José García,Acme Holdings Ltd,Alberta,91.99,2,
2023-02-10,ORD-000163,buyer0832@example.com,(416) 555-0496,José García,Acme Holdings Ltd,Ontario,74.72,2,gift wrap and a handwritten card please
2023-02-03,ORD-000164,buyer0423@example.com,(416) 555-0698,José García,Acme Holdings Ltd,Alberta,277.88,5,gift wrap and a handwritten card please
2023-02-27,ORD-000165,buyer0293@example.com,(416) 555-8191,José García,Blue Harbour Logistics,Ontario,135.39,4,customer asked for late delivery to the Brampton warehouse
2023-02-23,ORD-000166,buyer0167@example.com,(416) 555-0888,Oluwaseun Adeyemi,Maple Leaf Dental Group,Ontario,253.65,5,"call before delivery, dog in the yard"
2023-02-16,ORD-000167,buyer0359@example.com,(416) 555-7229,José García,Blue Harbour Logistics,Ontario,156.88,3,"call before delivery, dog in the yard"
2023-02-18,ORD-000168,buyer0385@example.com,(416) 555-2726,Oluwaseun Adeyemi,Northwind Traders Inc,Alberta,39.30,1,
2023-02-17,ORD-000169,buyer0307@example.com,(416) 555-6275,José García,Blue Harbour Logistics,Alberta,45.26,1,
2023-03-17,ORD-000200,buyer0353@example.com,(416) 555-8245,Oluwaseun Adeyemi,Acme Holdings Ltd,Alberta,32.47,1,
2023-03-13,ORD-000201,buyer0580@example.com,(416) 555-8612,Nguyễn Văn An,Acme Holdings Ltd,Quebec,101.70,2,"call before delivery, dog in the yard"
2023-03-24,ORD-000202,buyer0466@example.com,(416) 555-6547,Nguyễn Văn An,Kestrel Analytics Corp,Alberta,129.17,4,"second order this month, repeat buyer"
2023-03-11,ORD-000203,buyer0523@example.com,(416) 555-7372,Nguyễn Văn An,Maple Leaf Dental Group,Alberta,128.83,4,gift wrap and a handwritten card please
2023-03-06,ORD-000204,buyer0219@example.com,(416) 555-0873,Li Wei,Northwind Traders Inc,Ontario,235.45,5,"second order this month, repeat buyer"
2023-03-25,ORD-000205,buyer0558@example.com,(416) 555-3300,José García,Northwind Traders Inc,Nova Scotia,71.18,2,"second order this month, repeat buyer"
2023-03-13,ORD-000206,buyer0224@example.com,(416) 555-4407,Nguyễn Văn An,Blue Harbour Logistics,Alberta,56.53,1,
2023-03-01,ORD-000207,buyer0399@example.com,(416) 555-9446,Li Wei,Northwind Traders Inc,Ontario,36.50,1,"second order this month, repeat buyer"
2023-03-02,ORD-000208,buyer0729@example.com,(416) 555-3828,Oluwaseun Adeyemi,Maple Leaf Dental Group,Nova Scotia,113.52,2,customer asked for late delivery to the Brampton warehouse
2023-03-05,ORD-000209,buyer0755@example.com,(416) 555-1988,Nguyễn Văn An,Blue Harbour Logistics,Nova Scotia,160.88,5,"second order this month, repeat buyer"
2023-03-15,ORD-000210,buyer0792@example.com,(416) 555-0585,Oluwaseun Adeyemi,Maple Leaf Dental Group,Alberta,289.94,5,customer asked for late delivery to the Brampton warehouse
2023-03-02,ORD-000211,buyer0243@example.com,(416) 555-6158,Nguyễn Văn An,Acme Holdings Ltd,Quebec,96.61,2,
2023-03-19,ORD-000212,buyer0619@example.com,(416) 555-9743,Priya Raman,Acme Holdings Ltd,Quebec,128.90,3,customer asked for late delivery to the Brampton warehouse
2023-03-24,ORD-000213,buyer0842@example.com,(416) 555-5352,Li Wei,Kestrel Analytics Corp,Alberta,112.33,3,
2023-03-27,ORD-000214,buyer0712@example.com,(416) 555-6154,Li Wei,Acme Holdings Ltd,Ontario,236.96,4,
2023-03-18,ORD-000215,buyer0226@example.com,(416) 555-9914,Li Wei,Blue Harbour Logistics,Ontario,43.57,1,"call before delivery, dog in the yard"
2023-03-21,ORD-000216,buyer0511@example.com,(416) 555-2562,Oluwaseun Adeyemi,Kestrel Analytics Corp,Quebec,113.88,2,
2023-03-06,ORD-000217,buyer0029@example.com,(416) 555-9681,Oluwaseun Adeyemi,Blue Harbour Logistics,Ontario,133.71,3,"call before delivery, dog in the yard"
2023-03-20,ORD-000218,buyer0292@example.com,(416) 555-8257,Zoë Müller,Blue Harbour Logistics,Alberta,203.20,5,customer asked for late delivery to the Brampton warehouse
2023-03-28,ORD-000219,buyer0623@example.com,(416) 555-2387,Priya Raman,Blue Harbour Logistics,Quebec,166.40,4,customer asked for late delivery to the Brampton warehouse
2023-03-24,ORD-000220,buyer0319@example.com,(416) 555-6237,Zoë Müller,Acme Holdings Ltd,Nova Scotia,107.50,3,
2023-03-18,ORD-000221,buyer0309@example.com,(416) 555-8618,Nguyễn Văn An,Blue Harbour Logistics,Ontario,110.54,2,"call before delivery, dog in the yard"
2023-03-08,ORD-000222,buyer0543@example.com,(416) 555-9596,José García,Kestrel Analytics Corp,Nova Scotia,138.06,4,"second order this month, repeat buyer"
2023-03-09,ORD-000223,buyer0578@example.com,(416) 555-1199,Nguyễn Văn An,Maple Leaf Dental Group,Quebec,207.02,4,
2023-03-24,ORD-000224,buyer0856@example.com,(416) 555-0101,Nguyễn Văn An,Kestrel Analytics Corp,Ontario,192.59,4,
2023-03-15,ORD-000225,buyer0781@example.com,(416) 555-0502,Zoë Müller,Blue Harbour Logistics,Ontario,36.21,1,
2023-03-06,ORD-000226,buyer0213@example.com,(416) 555-3484,Nguyễn Văn An,Blue Harbour Logistics,Nova Scotia,244.18,5,customer asked for late delivery to the Brampton warehouse
2023-03-14,ORD-000227,buyer0030@example.com,(416) 555-0164,Li Wei,Kestrel Analytics Corp,Alberta,269.29,5,gift wrap and a handwritten card please
2023-03-24,ORD-000228,buyer0363@example.com,(416) 555-6232,Oluwaseun Adeyemi,Maple Leaf Dental Group,Nova Scotia,40.24,1,customer asked for late delivery to the Brampton warehouse
2023-03-20,ORD-000229,buyer0864@example.com,(416) 555-2071,Oluwaseun Adeyemi,Kestrel Analytics Corp,Ontario,262.31,5,
2023-03-26,ORD-000230,buyer0604@example.com,(416) 555-7919,Nguyễn Văn An,Northwind Traders Inc,Quebec,52.22,1,gift wrap and a handwritten card please
2023-03-09,ORD-000231,buyer0550@example.com,(416) 555-8638,Zoë Müller,Blue Harbour Logistics,Alberta,224.29,5,gift wrap and a handwritten card please
2023-03-07,ORD-000232,buyer0554@example.com,(416) 555-7514,Nguyễn Văn An,Northwind Traders Inc,Quebec,120.98,3,
2023-03-12,ORD-000233,buyer0759@example.com,(416) 555-9658,Li Wei,Maple Leaf Dental Group,Quebec,51.12,1,"call before delivery, dog in the yard"
2023-03-03,ORD-000234,buyer0565@example.com,(416) 555-7028,Nguyễn Văn An,Northwind Traders Inc,Nova Scotia,231.81,4,"second order this month, repeat buyer"
2023-03-28,ORD-000235,buyer0688@example.com,(416) 555-1379,Oluwaseun Adeyemi,Acme Holdings Ltd,Alberta,31.64,1,customer asked for late delivery to the Brampton warehouse
2023-03-01,ORD-000236,buyer0071@example.com,(416) 555-3372,Nguyễn Văn An,Northwind Traders Inc,Quebec,115.70,3,"call before delivery, dog in the yard"
2023-03-17,ORD-000237,buyer0602@example.com,(416) 555-7516,Priya Raman,Maple Leaf Dental Group,Nova Scotia,125.01,4,"call before delivery, dog in the yard"
2023-03-21,ORD-000238,buyer0373@example.com,(416) 555-7090,Oluwaseun Adeyemi,Blue Harbour Logistics,Quebec,161.06,4,
2023-03-24,ORD-000239,buyer0180@example.com,(416) 555-4454,Nguyễn Văn An,Acme Holdings Ltd,Ontario,175.58,3,"call before delivery, dog in the yard"
2023-03-17,ORD-000240,buyer0715@example.com,(416) 555-2282,José García,Blue Harbour Logistics,Ontario,90.07,2,
2023-03-17,ORD-000241,buyer0030@example.com,(416) 555-6538,José García,Acme Holdings Ltd,Alberta,189.66,4,gift wrap and a handwritten card please
2023-03-24,ORD-000242,buyer0800@example.com,(416) 555-5615,José García,Maple Leaf Dental Group,Ontario,205.49,4,"call before delivery, dog in the yard"
2023-03-25,ORD-000243,buyer0364@example.com,(416) 555-6241,Nguyễn Văn An,Northwind Traders Inc,Ontario,117.76,2,"call before delivery, dog in the yard"
2023-03-01,ORD-000244,buyer0729@example.com,(416) 555-1196,Oluwaseun Adeyemi,Acme Holdings Ltd,Alberta,239.93,4,
2023-03-05,ORD-000245,buyer0229@example.com,(416) 555-5731,Zoë Müller,Maple Leaf Dental Group,Nova Scotia,286.10,5,
2023-03-27,ORD-000246,buyer0331@example.com,(416) 555-6659,Nguyễn Văn An,Blue Harbour Logistics,Quebec,161.46,3,gift wrap and a handwritten card please
2023-03-12,ORD-000247,buyer0746@example.com,(416) 555-0058,José García,Kestrel Analytics Corp,Alberta,66.90,2,
2023-03-20,ORD-000248,buyer0367@example.com,(416) 555-5388,Nguyễn Văn An,Northwind Traders Inc,Ontario,174.24,3,"call before delivery, dog in the yard"
2023-03-06,ORD-000249,buyer0421@example.com,(416) 555-8471,Priya Raman,Maple Leaf Dental Group,Nova Scotia,169.66,3,
2023-03-25,ORD-000250,buyer0526@example.com,(416) 555-2509,Zoë Müller,Kestrel Analytics Corp,Alberta,136.73,4,gift wrap and a handwritten card please
2023-03-14,ORD-000251,buyer0893@example.com,(416) 555-3754,José García,Kestrel Analytics Corp,Nova Scotia,99.10,3,customer asked for late delivery to the Brampton warehouse
2023-03-18,ORD-000252,buyer0624@example.com,(416) 555-2164,Zoë Müller,Northwind Traders Inc,Alberta,30.38,1,
2023-03-20,ORD-000253,buyer0334@example.com,(416) 555-8324,Zoë Müller,Blue Harbour Logistics,Nova Scotia,43.69,1,
2023-03-24,ORD-000254,buyer0332@example.com,(416) 555-0713,Li Wei,Northwind Traders Inc,Quebec,124.72,3,gift wrap and a handwritten card please
2023-03-13,ORD-000255,buyer0069@example.com,(416) 555-3521,Li Wei,Acme Holdings Ltd,Ontario,166.84,3,"second order this month, repeat buyer"
2023-03-07,ORD-000256,buyer0573@example.com,(416) 555-9526,José García,Kestrel Analytics Corp,Quebec,114.09,2,
2023-03-04,ORD-000257,buyer0869@example.com,(416) 555-1665,José García,Northwind Traders Inc,Ontario,206.57,4,gift wrap and a handwritten card please
2023-03-28,ORD-000258,buyer0357@example.com,(416) 555-1729,Zoë Müller,Maple Leaf Dental Group,Quebec,224.57,5,"second order this month, repeat buyer"
2023-03-26,ORD-000259,buyer0339@example.com,(416) 555-5869,Li Wei,Kestrel Analytics Corp,Nova Scotia,142.94,3,"second order this month, repeat buyer"
2023-03-26,ORD-000260,buyer0382@example.com,(416) 555-4687,Li Wei,Maple Leaf Dental Group,Quebec,74.31,2,
2023-03-20,ORD-000261,buyer0493@example.com,(416) 555-7189,José García,Maple Leaf Dental Group,Ontario,64.15,2,customer asked for late delivery to the Brampton warehouse
2023-03-22,ORD-000262,buyer0781@example.com,(416) 555-3391,Priya Raman,Maple Leaf Dental Group,Quebec,283.92,5,
2023-03-06,ORD-000263,buyer0874@example.com,(416) 555-4179,Nguyễn Văn An,Northwind Traders Inc,Nova Scotia,61.90,2,customer asked for late delivery to the Brampton warehouse
2023-03-04,ORD-000264,buyer0838@example.com,(416) 555-4154,Nguyễn Văn An,Northwind Traders Inc,Alberta,167.74,3,
2023-03-03,ORD-000265,buyer0583@example.com,(416) 555-4118,Zoë Müller,Northwind Traders Inc,Alberta,215.06,5,customer asked for late delivery to the Brampton warehouse
2023-03-28,ORD-000266,buyer0292@example.com,(416) 555-4984,Priya Raman,Acme Holdings Ltd,Quebec,99.13,3,"second order this month, repeat buyer"
2023-03-18,ORD-000267,buyer0768@example.com,(416) 555-0518,Zoë Müller,Maple Leaf Dental Group,Alberta,198.60,4,"call before delivery, dog in the yard"
2023-03-13,ORD-000268,buyer0851@example.com,(416) 555-1995,Priya Raman,Maple Leaf Dental Group,Nova Scotia,111.50,3,"second order this month, repeat buyer"
2023-03-27,ORD-000269,buyer0455@example.com,(416) 555-5475,Nguyễn Văn An,Blue Harbour Logistics,Nova Scotia,94.52,2,
2023-04-23,ORD-000300,buyer0123@example.com,(416) 555-1209,Nguyễn Văn An,Northwind Traders Inc,Ontario,95.64,3,customer asked for late delivery to the Brampton warehouse
2023-04-12,ORD-000301,buyer0322@example.com,(416) 555-1918,Zoë Müller,Kestrel Analytics Corp,Alberta,66.42,2,"second order this month, repeat buyer"
2023-04-14,ORD-000302,buyer0358@example.com,(416) 555-3064,Nguyễn Văn An,Acme Holdings Ltd,Alberta,67.89,2,"call before delivery, dog in the yard"
2023-04-26,ORD-000303,buyer0441@example.com,(416) 555-9917,Oluwaseun Adeyemi,Maple Leaf Dental Group,Quebec,149.00,4,
2023-04-25,ORD-000304,buyer0099@example.com,(416) 555-1883,Li Wei,Northwind Traders Inc,Quebec,34.29,1,
2023-04-25,ORD-000305,buyer0640@example.com,(416) 555-8337,Oluwaseun Adeyemi,Acme Holdings Ltd,Alberta,35.54,1,"second order this month, repeat buyer"
2023-04-25,ORD-000306,buyer0289@example.com,(416) 555-9461,Nguyễn Văn An,Maple Leaf Dental Group,Quebec,91.64,2,
2023-04-28,ORD-000307,buyer0562@example.com,(416) 555-9604,Li Wei,Maple Leaf Dental Group,Nova Scotia,297.44,5,
2023-04-09,ORD-000308,buyer0136@example.com,(416) 555-1083,Oluwaseun Adeyemi,Northwind Traders Inc,Quebec,49.25,1,"second order this month, repeat buyer"
2023-04-20,ORD-000309,buyer0347@example.com,(416) 555-4952,José García,Maple Leaf Dental Group,Quebec,125.11,4,
2023-04-11,ORD-000310,buyer0393@example.com,(416) 555-6890,José García,Maple Leaf Dental Group,Nova Scotia,59.14,1,customer asked for late delivery to the Brampton warehouse
2023-04-08,ORD-000311,buyer0763@example.com,(416) 555-5072,Nguyễn Văn An,Acme Holdings Ltd,Ontario,143.50,3,"second order this month, repeat buyer"
2023-04-24,ORD-000312,buyer0225@example.com,(416) 555-8325,José García,Kestrel Analytics Corp,Quebec,70.88,2,customer asked for late delivery to the Brampton warehouse
2023-04-10,ORD-000313,buyer0003@example.com,(416) 555-6004,Li Wei,Blue Harbour Logistics,Nova Scotia,139.54,4,customer asked for late delivery to the Brampton warehouse
2023-04-21,ORD-000314,buyer0132@example.com,(416) 555-9700,Nguyễn Văn An,Acme Holdings Ltd,Alberta,32.99,1,customer asked for late delivery to the Brampton warehouse
2023-04-07,ORD-000315,buyer0620@example.com,(416) 555-4181,Zoë Müller,Acme Holdings Ltd,Alberta,283.79,5,"call before delivery, dog in the yard"
2023-04-14,ORD-000316,buyer0559@example.com,(416) 555-8514,Priya Raman,Blue Harbour Logistics,Quebec,166.83,3,
2023-04-06,ORD-000317,buyer0395@example.com,(416) 555-9873,Oluwaseun Adeyemi,Blue Harbour Logistics,Quebec,156.39,5,
2023-04-21,ORD-000318,buyer0576@example.com,(416) 555-3739,Nguyễn Văn An,Blue Harbour Logistics,Nova Scotia,171.77,4,
2023-04-20,ORD-000319,buyer0108@example.com,(416) 555-4584,Li Wei,Kestrel Analytics Corp,Alberta,187.77,4,customer asked for late delivery to the Brampton warehouse
2023-04-06,ORD-000320,buyer0594@example.com,(416) 555-4531,Li Wei,Northwind Traders Inc,Alberta,287.62,5,customer asked for late delivery to the Brampton warehouse
2023-04-16,ORD-000321,buyer0149@example.com,(416) 555-9231,Zoë Müller,Kestrel Analytics Corp,Quebec,260.13,5,"call before delivery, dog in the yard"
2023-04-06,ORD-000322,buyer0663@example.com,(416) 555-3380,Priya Raman,Acme Holdings Ltd,Quebec,223.83,5,"call before delivery, dog in the yard"
2023-04-09,ORD-000323,buyer0086@example.com,(416) 555-1950,Priya Raman,Blue Harbour Logistics,Nova Scotia,52.00,1,customer asked for late delivery to the Brampton warehouse
2023-04-14,ORD-000324,buyer0091@example.com,(416) 555-7134,Priya Raman,Maple Leaf Dental Group,Quebec,225.09,5,
2023-04-10,ORD-000325,buyer0860@example.com,(416) 555-3138,Zoë Müller,Acme Holdings Ltd,Alberta,220.18,4,
2023-04-09,ORD-000326,buyer0548@example.com,(416) 555-0900,Zoë Müller,Blue Harbour Logistics,Quebec,112.15,3,"second order this month, repeat buyer"
2023-04-04,ORD-000327,buyer0720@example.com,(416) 555-7227,Priya Raman,Acme Holdings Ltd,Ontario,151.50,4,"second order this month, repeat buyer"
2023-04-08,ORD-000328,buyer0594@example.com,(416) 555-8405,Nguyễn Văn An,Maple Leaf Dental Group,Ontario,160.42,3,"call before delivery, dog in the yard"
2023-04-24,ORD-000329,buyer0198@example.com,(416) 555-0008,Priya Raman,Maple Leaf Dental Group,Quebec,216.84,5,
2023-04-05,ORD-000330,buyer0896@example.com,(416) 555-2505,Priya Raman,Acme Holdings Ltd,Alberta,244.93,5,"second order this month, repeat buyer"
2023-04-01,ORD-000331,buyer0377@example.com,(416) 555-8502,Oluwaseun Adeyemi,Blue Harbour Logistics,Ontario,143.47,4,"call before delivery, dog in the yard"
2023-04-20,ORD-000332,buyer0603@example.com,(416) 555-5305,Priya Raman,Blue Harbour Logistics,Ontario,35.68,1,"call before delivery, dog in the yard"
2023-04-03,ORD-000333,buyer0289@example.com,(416) 555-8591,Priya Raman,Kestrel Analytics Corp,Alberta,147.27,4,customer asked for late delivery to the Brampton warehouse
2023-04-12,ORD-000334,buyer0003@example.com,(416) 555-2089,Nguyễn Văn An,Northwind Traders Inc,Alberta,44.13,1,
2023-04-16,ORD-000335,buyer0194@example.com,(416) 555-9136,Priya Raman,Northwind Traders Inc,Ontario,46.70,1,
2023-04-27,ORD-000336,buyer0328@example.com,(416) 555-2742,Li Wei,Kestrel Analytics Corp,Quebec,47.06,1,"call before delivery, dog in the yard"
2023-04-17,ORD-000337,buyer0791@example.com,(416) 555-7314,José García,Maple Leaf Dental Group,Quebec,88.18,2,
2023-04-18,ORD-000338,buyer0461@example.com,(416) 555-2493,Oluwaseun Adeyemi,Blue Harbour Logistics,Quebec,64.14,2,
2023-04-28,ORD-000339,buyer0501@example.com,(416) 555-2724,Zoë Müller,Kestrel Analytics Corp,Alberta,292.03,5,customer asked for late delivery to the Brampton warehouse
2023-04-03,ORD-000340,buyer0648@example.com,(416) 555-3133,José García,Acme Holdings Ltd,Ontario,119.31,3,gift wrap and a handwritten card please
2023-04-28,ORD-000341,buyer0393@example.com,(416) 555-3578,Li Wei,Kestrel Analytics Corp,Quebec,91.16,3,
2023-04-02,ORD-000342,buyer0409@example.com,(416) 555-2125,Li Wei,Maple Leaf Dental Group,Quebec,99.48,2,"second order this month, repeat buyer"
2023-04-08,ORD-000343,buyer0723@example.com,(416) 555-2668,José García,Blue Harbour Logistics,Alberta,91.41,3,
2023-04-11,ORD-000344,buyer0615@example.com,(416) 555-8402,Priya Raman,Northwind Traders Inc,Alberta,189.68,5,"call before delivery, dog in the yard"
2023-04-06,ORD-000345,buyer0516@example.com,(416) 555-4989,Zoë Müller,Blue Harbour Logistics,Quebec,179.94,5,"call before delivery, dog in the yard"
2023-04-22,ORD-000346,buyer0515@example.com,(416) 555-5920,Oluwaseun Adeyemi,Blue Harbour Logistics,Quebec,108.58,2,"second order this month, repeat buyer"
2023-04-11,ORD-000347,buyer0730@example.com,(416) 555-0930,Priya Raman,Blue Harbour Logistics,Quebec,183.16,4,"call before delivery, dog in the yard"
2023-04-23,ORD-000348,buyer0507@example.com,(416) 555-5869,Nguyễn Văn An,Blue Harbour Logistics,Nova Scotia,243.57,5,"second order this month, repeat buyer"
2023-04-13,ORD-000349,buyer0344@example.com,(416) 555-1391,Li Wei,Kestrel Analytics Corp,Ontario,124.12,3,gift wrap and a handwritten card please
2023-04-17,ORD-000350,buyer0305@example.com,(416) 555-0501,Li Wei,Maple Leaf Dental Group,Ontario,168.99,4,"second order this month, repeat buyer"
2023-04-10,ORD-000351,buyer0869@example.com,(416) 555-9861,Li Wei,Blue Harbour Logistics,Quebec,217.00,5,"second order this month, repeat buyer"
2023-04-20,ORD-000352,buyer0114@example.com,(416) 555-7362,José García,Kestrel Analytics Corp,Quebec,89.84,2,
2023-04-09,ORD-000353,buyer0811@example.com,(416) 555-1725,Oluwaseun Adeyemi,Northwind Traders Inc,Ontario,205.47,5,
2023-04-20,ORD-000354,buyer0571@example.com,(416) 555-6916,Oluwaseun Adeyemi,Blue Harbour Logistics,Ontario,51.20,1,gift wrap and a handwritten card please
2023-04-18,ORD-000355,buyer0498@example.com,(416) 555-8805,Priya Raman,Acme Holdings Ltd,Ontario,224.54,4,
2023-04-10,ORD-000356,buyer0692@example.com,(416) 555-7164,Li Wei,Northwind Traders Inc,Quebec,68.21,2,customer asked for late delivery to the Brampton warehouse
2023-04-25,ORD-000357,buyer0638@example.com,(416) 555-0509,Priya Raman,Maple Leaf Dental Group,Alberta,201.02,4,customer asked for late delivery to the Brampton warehouse
2023-04-01,ORD-000358,buyer0891@example.com,(416) 555-0951,José García,Northwind Traders Inc,Ontario,262.04,5,
2023-04-22,ORD-000359,buyer0791@example.com,(416) 555-5551,Priya Raman,Blue Harbour Logistics,Alberta,115.57,2,customer asked for late delivery to the Brampton warehouse
2023-04-04,ORD-000360,buyer0433@example.com,(416) 555-3950,Li Wei,Acme Holdings Ltd,Nova Scotia,191.04,4,
2023-04-20,ORD-000361,buyer0292@example.com,(416) 555-9742,Li Wei,Acme Holdings Ltd,Quebec,98.48,2,"call before delivery, dog in the yard"
2023-04-09,ORD-000362,buyer0375@example.com,(416) 555-5619,José García,Blue Harbour Logistics,Ontario,53.09,1,"call before delivery, dog in the yard"
2023-04-09,ORD-000363,buyer0105@example.com,(416) 555-6837,Priya Raman,Acme Holdings Ltd,Alberta,265.86,5,
2023-04-05,ORD-000364,buyer0056@example.com,(416) 555-2794,Nguyễn Văn An,Northwind Traders Inc,Quebec,203.66,5,
2023-04-23,ORD-000365,buyer0094@example.com,(416) 555-2713,Li Wei,Acme Holdings Ltd,Ontario,128.97,3,
2023-04-09,ORD-000366,buyer0546@example.com,(416) 555-0500,Priya Raman,Maple Leaf Dental Group,Quebec,139.97,4,"call before delivery, dog in the yard"
2023-04-13,ORD-000367,buyer0453@example.com,(416) 555-4354,Zoë Müller,Acme Holdings Ltd,Nova Scotia,150.11,5,
2023-04-12,ORD-000368,buyer0242@example.com,(416) 555-6042,José García,Blue Harbour Logistics,Quebec,38.79,1,gift wrap and a handwritten card please
2023-04-01,ORD-000369,buyer0328@example.com,(416) 555-6018,Zoë Müller,Blue Harbour Logistics,Quebec,173.96,3,"call before delivery, dog in the yard"
2023-05-04,ORD-000400,buyer0725@example.com,(416) 555-9461,Zoë Müller,Maple Leaf Dental Group,Ontario,38.06,1,customer asked for late delivery to the Brampton warehouse
2023-05-17,ORD-000401,buyer0888@example.com,(416) 555-4348,José García,Blue Harbour Logistics,Ontario,55.33,1,"call before delivery, dog in the yard"
2023-05-12,ORD-000402,buyer0854@example.com,(416) 555-0287,Priya Raman,Acme Holdings Ltd,Quebec,293.53,5,
2023-05-21,ORD-000403,buyer0546@example.com,(416) 555-5921,Oluwaseun Adeyemi,Acme Holdings Ltd,Quebec,45.81,1,
2023-05-14,ORD-000404,buyer0002@example.com,(416) 555-6158,Li Wei,Maple Leaf Dental Group,Alberta,46.65,1,
2023-05-24,ORD-000405,buyer0283@example.com,(416) 555-8258,Oluwaseun Adeyemi,Northwind Traders Inc,Alberta,34.19,1,
2023-05-21,ORD-000406,buyer0182@example.com,(416) 555-5448,José García,Maple Leaf Dental Group,Ontario,127.29,3,
2023-05-17,ORD-000407,buyer0307@example.com,(416) 555-5556,Priya Raman,Acme Holdings Ltd,Alberta,75.57,2,gift wrap and a handwritten card please
2023-05-10,ORD-000408,buyer0220@example.com,(416) 555-1417,Oluwaseun Adeyemi,Blue Harbour Logistics,Ontario,184.53,5,"call before delivery, dog in the yard"
2023-05-04,ORD-000409,buyer0562@example.com,(416) 555-1632,Li Wei,Kestrel Analytics Corp,Quebec,203.89,4,customer asked for late delivery to the Brampton warehouse
2023-05-19,ORD-000410,buyer0074@example.com,(416) 555-0032,Priya Raman,Blue Harbour Logistics,Alberta,240.03,5,
2023-05-08,ORD-000411,buyer0017@example.com,(416) 555-0434,José García,Blue Harbour Logistics,Alberta,118.58,2,customer asked for late delivery to the Brampton warehouse
2023-05-28,ORD-000412,buyer0528@example.com,(416) 555-1598,Zoë Müller,Blue Harbour Logistics,Nova Scotia,36.20,1,"second order this month, repeat buyer"
2023-05-27,ORD-000413,buyer0713@example.com,(416) 555-4178,Nguyễn Văn An,Maple Leaf Dental Group,Quebec,65.24,2,gift wrap and a handwritten card please
2023-05-17,ORD-000414,buyer0861@example.com,(416) 555-4515,Li Wei,Northwind Traders Inc,Quebec,158.75,5,"second order this month, repeat buyer"
2023-05-06,ORD-000415,buyer0821@example.com,(416) 555-6969,José García,Blue Harbour Logistics,Alberta,106.80,2,"second order this month, repeat buyer"
2023-05-06,ORD-000416,buyer0783@example.com,(416) 555-3434,Zoë Müller,Maple Leaf Dental Group,Alberta,297.03,5,
2023-05-23,ORD-000417,buyer0519@example.com,(416) 555-2283,Priya Raman,Blue Harbour Logistics,Nova Scotia,42.05,1,"call before delivery, dog in the yard"
2023-05-01,ORD-000418,buyer0641@example.com,(416) 555-7299,Nguyễn Văn An,Blue Harbour Logistics,Ontario,169.26,5,customer asked for late delivery to the Brampton warehouse
2023-05-01,ORD-000419,buyer0266@example.com,(416) 555-8256,Oluwaseun Adeyemi,Blue Harbour Logistics,Ontario,52.37,1,
2023-05-22,ORD-000420,buyer0163@example.com,(416) 555-0912,Li Wei,Maple Leaf Dental Group,Alberta,74.28,2,
2023-05-09,ORD-000421,buyer0029@example.com,(416) 555-4541,Zoë Müller,Blue Harbour Logistics,Alberta,257.21,5,"second order this month, repeat buyer"
2023-05-23,ORD-000422,buyer0366@example.com,(416) 555-8742,Zoë Müller,Acme Holdings Ltd,Ontario,41.22,1,
2023-05-21,ORD-000423,buyer0823@example.com,(416) 555-1636,Priya Raman,Kestrel Analytics Corp,Quebec,289.25,5,"second order this month, repeat buyer"
2023-05-04,ORD-000424,buyer0894@example.com,(416) 555-4224,José García,Acme Holdings Ltd,Quebec,55.34,1,customer asked for late delivery to the Brampton warehouse
2023-05-11,ORD-000425,buyer0370@example.com,(416) 555-9590,Zoë Müller,Northwind Traders Inc,Quebec,94.92,2,
2023-05-10,ORD-000426,buyer0304@example.com,(416) 555-0734,Nguyễn Văn An,Maple Leaf Dental Group,Nova Scotia,166.19,5,gift wrap and a handwritten card please
2023-05-23,ORD-000427,buyer0022@example.com,(416) 555-0800,José García,Blue Harbour Logistics,Alberta,103.95,3,gift wrap and a handwritten card please
2023-05-21,ORD-000428,buyer0325@example.com,(416) 555-3016,Oluwaseun Adeyemi,Maple Leaf Dental Group,Alberta,49.98,1,gift wrap and a handwritten card please
2023-05-26,ORD-000429,buyer0489@example.com,(416) 555-8280,Zoë Müller,Blue Harbour Logistics,Ontario,42.76,1,
2023-05-15,ORD-000430,buyer0415@example.com,(416) 555-5674,Nguyễn Văn An,Kestrel Analytics Corp,Quebec,97.66,2,
2023-05-24,ORD-000431,buyer0453@example.com,(416) 555-7448,Nguyễn Văn An,Maple Leaf Dental Group,Ontario,110.62,2,
2023-05-19,ORD-000432,buyer0767@example.com,(416) 555-1471,Nguyễn Văn An,Acme Holdings Ltd,Alberta,127.56,4,"second order this month, repeat buyer"
2023-05-21,ORD-000433,buyer0134@example.com,(416) 555-1621,Oluwaseun Adeyemi,Kestrel Analytics Corp,Alberta,126.45,3,
2023-05-12,ORD-000434,buyer0287@example.com,(416) 555-3632,Li Wei,Kestrel Analytics Corp,Quebec,44.97,1,
2023-05-28,ORD-000435,buyer0706@example.com,(416) 555-4416,Nguyễn Văn An,Kestrel Analytics Corp,Alberta,51.93,1,
2023-05-01,ORD-000436,buyer0221@example.com,(416) 555-1004,Oluwaseun Adeyemi,Kestrel Analytics Corp,Alberta,34.72,1,"second order this month, repeat buyer"
2023-05-27,ORD-000437,buyer0318@example.com,(416) 555-3455,Oluwaseun Adeyemi,Blue Harbour Logistics,Ontario,37.45,1,gift wrap and a handwritten card please
2023-05-01,ORD-000438,buyer0056@example.com,(416) 555-8353,Zoë Müller,Blue Harbour Logistics,Ontario,84.84,2,"second order this month, repeat buyer"
2023-05-09,ORD-000439,buyer0375@example.com,(416) 555-3963,Priya Raman,Northwind Traders Inc,Ontario,59.64,1,"call before delivery, dog in the yard"
2023-05-01,ORD-000440,buyer0595@example.com,(416) 555-6186,José García,Blue Harbour Logistics,Nova Scotia,205.23,5,
2023-05-13,ORD-000441,buyer0300@example.com,(416) 555-4940,Zoë Müller,Northwind Traders Inc,Quebec,51.45,1,gift wrap and a handwritten card please
2023-05-23,ORD-000442,buyer0260@example.com,(416) 555-0725,Li Wei,Blue Harbour Logistics,Ontario,101.40,2,
2023-05-24,ORD-000443,buyer0550@example.com,(416) 555-7392,Zoë Müller,Acme Holdings Ltd,Ontario,95.10,2,customer asked for late delivery to the Brampton warehouse
2023-05-03,ORD-000444,buyer0419@example.com,(416) 555-8758,Zoë Müller,Acme Holdings Ltd,Alberta,49.39,1,"second order this month, repeat buyer"
2023-05-04,ORD-000445,buyer0522@example.com,(416) 555-6611,Nguyễn Văn An,Maple Leaf Dental Group,Nova Scotia,192.44,4,
2023-05-12,ORD-000446,buyer0484@example.com,(416) 555-6919,Priya Raman,Maple Leaf Dental Group,Alberta,105.01,3,
2023-05-25,ORD-000447,buyer0184@example.com,(416) 555-4230,Li Wei,Northwind Traders Inc,Quebec,165.51,3,"call before delivery, dog in the yard"
2023-05-11,ORD-000448,buyer0069@example.com,(416) 555-8117,Zoë Müller,Blue Harbour Logistics,Quebec,73.05,2,
2023-05-27,ORD-000449,buyer0864@example.com,(416) 555-3660,Oluwaseun Adeyemi,Blue Harbour Logistics,Ontario,125.88,3,
2023-05-04,ORD-000450,buyer0754@example.com,(416) 555-9395,Nguyễn Văn An,Northwind Traders Inc,Alberta,179.83,5,customer asked for late delivery to the Brampton warehouse
2023-05-26,ORD-000451,buyer0023@example.com,(416) 555-4523,Zoë Müller,Acme Holdings Ltd,Ontario,43.67,1,customer asked for late delivery to the Brampton warehouse
2023-05-04,ORD-000452,buyer0061@example.com,(416) 555-7041,Zoë Müller,Maple Leaf Dental Group,Alberta,92.79,2,"second order this month, repeat buyer"
2023-05-07,ORD-000453,buyer0692@example.com,(416) 555-0621,Oluwaseun Adeyemi,Kestrel Analytics Corp,Nova Scotia,42.53,1,"call before delivery, dog in the yard"
2023-05-02,ORD-000454,buyer0212@example.com,(416) 555-3329,Priya Raman,Maple Leaf Dental Group,Ontario,277.38,5,
2023-05-01,ORD-000455,buyer0509@example.com,(416) 555-2392,Priya Raman,Maple Leaf Dental Group,Nova Scotia,196.62,5,
2023-05-09,ORD-000456,buyer0787@example.com,(416) 555-4732,Nguyễn Văn An,Maple Leaf Dental Group,Nova Scotia,43.04,1,gift wrap and a handwritten card please
2023-05-23,ORD-000457,buyer0145@example.com,(416) 555-5240,Priya Raman,Kestrel Analytics Corp,Alberta,122.44,3,
2023-05-06,ORD-000458,buyer0361@example.com,(416) 555-7595,Priya Raman,Kestrel Analytics Corp,Alberta,157.28,4,"second order this month, repeat buyer"
2023-05-11,ORD-000459,buyer0178@example.com,(416) 555-1055,Priya Raman,Acme Holdings Ltd,Alberta,111.97,3,customer asked for late delivery to the Brampton warehouse
2023-05-09,ORD-000460,buyer0165@example.com,(416) 555-9644,Priya Raman,Northwind Traders Inc,Ontario,33.60,1,
2023-05-03,ORD-000461,buyer0684@example.com,(416) 555-6141,Priya Raman,Kestrel Analytics Corp,Nova Scotia,162.87,4,"call before delivery, dog in the yard"
2023-05-04,ORD-000462,buyer0877@example.com,(416) 555-1153,Li Wei,Maple Leaf Dental Group,Quebec,82.61,2,"call before delivery, dog in the yard"
2023-05-05,ORD-000463,buyer0178@example.com,(416) 555-4226,Priya Raman,Northwind Traders Inc,Alberta,35.42,1,
2023-05-11,ORD-000464,buyer0579@example.com,(416) 555-4178,José García,Blue Harbour Logistics,Alberta,45.56,1,
2023-05-25,ORD-000465,buyer0027@example.com,(416) 555-5748,José García,Kestrel Analytics Corp,Quebec,271.41,5,
2023-05-18,ORD-000466,buyer0798@example.com,(416) 555-4826,Oluwaseun Adeyemi,Acme Holdings Ltd,Alberta,30.60,1,"call before delivery, dog in the yard"
2023-05-06,ORD-000467,buyer0848@example.com,(416) 555-7860,Li Wei,Blue Harbour Logistics,Alberta,147.06,4,
2023-05-05,ORD-000468,buyer0781@example.com,(416) 555-3095,Priya Raman,Northwind Traders Inc,Nova Scotia,156.91,3,
2023-05-04,ORD-000469,buyer0099@example.com,(416) 555-5683,Li Wei,Maple Leaf Dental Group,Quebec,31.32,1,gift wrap and a handwritten card please
2023-06-23,ORD-000500,buyer0722@example.com,(416) 555-4322,Nguyễn Văn An,Acme Holdings Ltd,Quebec,53.09,1,
2023-06-12,ORD-000501,buyer0191@example.com,(416) 555-8380,Nguyễn Văn An,Acme Holdings Ltd,Quebec,90.52,3,gift wrap and a handwritten card please
2023-06-14,ORD-000502,buyer0752@example.com,(416) 555-8532,Zoë Müller,Northwind Traders Inc,Quebec,205.16,5,"call before delivery, dog in the yard"
2023-06-16,ORD-000503,buyer0201@example.com,(416) 555-7974,José García,Kestrel Analytics Corp,Alberta,212.47,4,"call before delivery, dog in the yard"
2023-06-17,ORD-000504,buyer0535@example.com,(416) 555-9570,Li Wei,Acme Holdings Ltd,Alberta,192.41,4,
2023-06-27,ORD-000505,buyer0556@example.com,(416) 555-9020,José García,Northwind Traders Inc,Nova Scotia,62.44,2,gift wrap and a handwritten card please
2023-06-18,ORD-000506,buyer0702@example.com,(416) 555-8327,Li Wei,Blue Harbour Logistics,Ontario,107.67,2,
2023-06-25,ORD-000507,buyer0470@example.com,(416) 555-8538,Nguyễn Văn An,Acme Holdings Ltd,Alberta,147.68,3,"second order this month, repeat buyer"
2023-06-21,ORD-000508,buyer0691@example.com,(416) 555-2729,Priya Raman,Acme Holdings Ltd,Alberta,259.13,5,"call before delivery, dog in the yard"
2023-06-02,ORD-000509,buyer0870@example.com,(416) 555-1731,Priya Raman,Kestrel Analytics Corp,Nova Scotia,122.91,3,"call before delivery, dog in the yard"
2023-06-08,ORD-000510,buyer0478@example.com,(416) 555-0211,José García,Acme Holdings Ltd,Nova Scotia,91.03,2,
2023-06-24,ORD-000511,buyer0012@example.com,(416) 555-0671,José García,Northwind Traders Inc,Ontario,133.12,4,
2023-06-23,ORD-000512,buyer0716@example.com,(416) 555-8253,Oluwaseun Adeyemi,Acme Holdings Ltd,Ontario,166.09,3,gift wrap and a handwritten card please
2023-06-20,ORD-000513,buyer0233@example.com,(416) 555-7844,Nguyễn Văn An,Acme Holdings Ltd,Alberta,149.52,3,"second order this month, repeat buyer"
2023-06-11,ORD-000514,buyer0678@example.com,(416) 555-2447,Li Wei,Blue Harbour Logistics,Alberta,34.81,1,customer asked for late delivery to the Brampton warehouse
2023-06-20,ORD-000515,buyer0595@example.com,(416) 555-3702,Zoë Müller,Northwind Traders Inc,Quebec,95.39,3,
2023-06-27,ORD-000516,buyer0559@example.com,(416) 555-7437,Nguyễn Văn An,Acme Holdings Ltd,Nova Scotia,30.96,1,gift wrap and a handwritten card please
2023-06-05,ORD-000517,buyer0681@example.com,(416) 555-5051,Oluwaseun Adeyemi,Blue Harbour Logistics,Alberta,92.88,3,"second order this month, repeat buyer"
2023-06-28,ORD-000518,buyer0897@example.com,(416) 555-6113,Zoë Müller,Kestrel Analytics Corp,Nova Scotia,181.32,4,
2023-06-02,ORD-000519,buyer0892@example.com,(416) 555-1542,Li Wei,Kestrel Analytics Corp,Nova Scotia,53.05,1,
2023-06-09,ORD-000520,buyer0049@example.com,(416) 555-0960,Li Wei,Maple Leaf Dental Group,Quebec,155.14,4,
2023-06-17,ORD-000521,buyer0719@example.com,(416) 555-7577,Oluwaseun Adeyemi,Kestrel Analytics Corp,Alberta,201.16,5,"call before delivery, dog in the yard"
2023-06-28,ORD-000522,buyer0514@example.com,(416) 555-4136,Nguyễn Văn An,Acme Holdings Ltd,Ontario,40.08,1,
2023-06-24,ORD-000523,buyer0823@example.com,(416) 555-0000,Li Wei,Maple Leaf Dental Group,Nova Scotia,93.89,2,"call before delivery, dog in the yard"
2023-06-16,ORD-000524,buyer0892@example.com,(416) 555-0786,Li Wei,Maple Leaf Dental Group,Quebec,127.54,3,"second order this month, repeat buyer"
2023-06-09,ORD-000525,buyer0011@example.com,(416) 555-0006,Oluwaseun Adeyemi,Maple Leaf Dental Group,Nova Scotia,95.01,2,"second order this month, repeat buyer"
2023-06-18,ORD-000526,buyer0650@example.com,(416) 555-8124,Li Wei,Blue Harbour Logistics,Nova Scotia,39.60,1,
2023-06-03,ORD-000527,buyer0225@example.com,(416) 555-0814,Zoë Müller,Kestrel Analytics Corp,Ontario,46.47,1,
2023-06-12,ORD-000528,buyer0897@example.com,(416) 555-3851,José García,Northwind Traders Inc,Alberta,139.26,3,gift wrap and a handwritten card please
2023-06-08,ORD-000529,buyer0111@example.com,(416) 555-3695,Zoë Müller,Maple Leaf Dental Group,Ontario,110.01,3,"call before delivery, dog in the yard"
2023-06-21,ORD-000530,buyer0184@example.com,(416) 555-1014,Oluwaseun Adeyemi,Acme Holdings Ltd,Ontario,218.46,4,
2023-06-09,ORD-000531,buyer0544@example.com,(416) 555-8818,Li Wei,Kestrel Analytics Corp,Nova Scotia,160.60,4,
2023-06-11,ORD-000532,buyer0170@example.com,(416) 555-3339,Nguyễn Văn An,Acme Holdings Ltd,Ontario,152.05,5,"call before delivery, dog in the yard"
2023-06-19,ORD-000533,buyer0895@example.com,(416) 555-2427,Priya Raman,Blue Harbour Logistics,Alberta,271.92,5,"call before delivery, dog in the yard"
2023-06-13,ORD-000534,buyer0206@example.com,(416) 555-8108,Li Wei,Maple Leaf Dental Group,Ontario,122.74,4,customer asked for late delivery to the Brampton warehouse
2023-06-25,ORD-000535,buyer0207@example.com,(416) 555-3795,Nguyễn Văn An,Blue Harbour Logistics,Ontario,179.62,3,gift wrap and a handwritten card please
2023-06-16,ORD-000536,buyer0284@example.com,(416) 555-1866,Priya Raman,Northwind Traders Inc,Nova Scotia,202.08,4,"call before delivery, dog in the yard"
2023-06-18,ORD-000537,buyer0613@example.com,(416) 555-0473,José García,Blue Harbour Logistics,Ontario,194.37,5,"call before delivery, dog in the yard"
2023-06-22,ORD-000538,buyer0879@example.com,(416) 555-0509,Nguyễn Văn An,Kestrel Analytics Corp,Nova Scotia,135.62,3,"call before delivery, dog in the yard"
2023-06-08,ORD-000539,buyer0249@example.com,(416) 555-0784,Zoë Müller,Acme Holdings Ltd,Nova Scotia,126.15,4,gift wrap and a handwritten card please
2023-06-08,ORD-000540,buyer0800@example.com,(416) 555-1790,José García,Maple Leaf Dental Group,Nova Scotia,218.45,5,
2023-06-10,ORD-000541,buyer0520@example.com,(416) 555-3926,Priya Raman,Northwind Traders Inc,Alberta,76.61,2,gift wrap and a handwritten card please
2023-06-04,ORD-000542,buyer0603@example.com,(416) 555-1945,Nguyễn Văn An,Blue Harbour Logistics,Alberta,98.90,3,customer asked for late delivery to the Brampton warehouse
2023-06-11,ORD-000543,buyer0030@example.com,(416) 555-3339,Oluwaseun Adeyemi,Maple Leaf Dental Group,Ontario,236.02,4,customer asked for late delivery to the Brampton warehouse
2023-06-11,ORD-000544,buyer0348@example.com,(416) 555-4370,José García,Kestrel Analytics Corp,Quebec,108.12,2,"second order this month, repeat buyer"
2023-06-06,ORD-000545,buyer0282@example.com,(416) 555-9746,Oluwaseun Adeyemi,Kestrel Analytics Corp,Nova Scotia,35.27,1,gift wrap and a handwritten card please
2023-06-15,ORD-000546,buyer0291@example.com,(416) 555-4923,Priya Raman,Blue Harbour Logistics,Ontario,125.17,3,customer asked for late delivery to the Brampton warehouse
2023-06-24,ORD-000547,buyer0522@example.com,(416) 555-5613,Li Wei,Maple Leaf Dental Group,Nova Scotia,45.13,1,"second order this month, repeat buyer"
2023-06-24,ORD-000548,buyer0556@example.com,(416) 555-3501,Priya Raman,Acme Holdings Ltd,Quebec,77.92,2,"second order this month, repeat buyer"
2023-06-16,ORD-000549,buyer0546@example.com,(416) 555-3855,Nguyễn Văn An,Maple Leaf Dental Group,Ontario,177.79,4,
2023-06-10,ORD-000550,buyer0218@example.com,(416) 555-4868,Nguyễn Văn An,Acme Holdings Ltd,Alberta,281.34,5,"second order this month, repeat buyer"
2023-06-13,ORD-000551,buyer0007@example.com,(416) 555-2452,Li Wei,Acme Holdings Ltd,Quebec,210.93,4,"second order this month, repeat buyer"
2023-06-25,ORD-000552,buyer0764@example.com,(416) 555-1774,Priya Raman,Northwind Traders Inc,Nova Scotia,280.75,5,
2023-06-08,ORD-000553,buyer0320@example.com,(416) 555-9572,Oluwaseun Adeyemi,Blue Harbour Logistics,Alberta,221.69,4,
2023-06-01,ORD-000554,buyer0248@example.com,(416) 555-7667,Nguyễn Văn An,Acme Holdings Ltd,Alberta,92.51,2,"call before delivery, dog in the yard"
2023-06-03,ORD-000555,buyer0638@example.com,(416) 555-0205,Oluwaseun Adeyemi,Maple Leaf Dental Group,Ontario,294.84,5,"call before delivery, dog in the yard"
2023-06-26,ORD-000556,buyer0205@example.com,(416) 555-0556,Priya Raman,Maple Leaf Dental Group,Nova Scotia,278.03,5,
2023-06-21,ORD-000557,buyer0303@example.com,(416) 555-6134,Oluwaseun Adeyemi,Blue Harbour Logistics,Alberta,184.03,4,gift wrap and a handwritten card please
2023-06-19,ORD-000558,buyer0606@example.com,(416) 555-9619,Nguyễn Văn An,Northwind Traders Inc,Alberta,214.35,4,customer asked for late delivery to the Brampton warehouse
2023-06-16,ORD-000559,buyer0332@example.com,(416) 555-4079,José García,Northwind Traders Inc,Ontario,193.11,4,customer asked for late delivery to the Brampton warehouse
2023-06-08,ORD-000560,buyer0331@example.com,(416) 555-2097,Zoë Müller,Blue Harbour Logistics,Nova Scotia,57.96,1,customer asked for late delivery to the Brampton warehouse
2023-06-01,ORD-000561,buyer0150@example.com,(416) 555-6726,Nguyễn Văn An,Maple Leaf Dental Group,Ontario,109.99,2,
2023-06-14,ORD-000562,buyer0625@example.com,(416) 555-2051,José García,Northwind Traders Inc,Quebec,224.74,4,customer asked for late delivery to the Brampton warehouse
2023-06-09,ORD-000563,buyer0833@example.com,(416) 555-1379,Li Wei,Maple Leaf Dental Group,Ontario,266.71,5,"call before delivery, dog in the yard"
2023-06-15,ORD-000564,buyer0331@example.com,(416) 555-1747,Nguyễn Văn An,Maple Leaf Dental Group,Quebec,47.89,1,gift wrap and a handwritten card please
2023-06-13,ORD-000565,buyer0876@example.com,(416) 555-3186,Oluwaseun Adeyemi,Blue Harbour Logistics,Ontario,184.61,4,gift wrap and a handwritten card please
2023-06-26,ORD-000566,buyer0585@example.com,(416) 555-0595,Priya Raman,Kestrel Analytics Corp,Nova Scotia,115.57,2,
2023-06-07,ORD-000567,buyer0590@example.com,(416) 555-2267,Priya Raman,Maple Leaf Dental Group,Alberta,219.38,5,customer asked for late delivery to the Brampton warehouse
2023-06-25,ORD-000568,buyer0160@example.com,(416) 555-4464,Li Wei,Blue Harbour Logistics,Quebec,229.45,5,
2023-06-26,ORD-000569,buyer0298@example.com,(416) 555-1715,Zoë Müller,Blue Harbour Logistics,Nova Scotia,58.11,1,gift wrap and a handwritten card please
2023-07-22,ORD-000600,buyer0468@example.com,(416) 555-2982,Zoë Müller,Maple Leaf Dental Group,Ontario,31.22,1,"call before delivery, dog in the yard"
2023-07-26,ORD-000601,buyer0062@example.com,(416) 555-1585,José García,Blue Harbour Logistics,Alberta,43.52,1,
2023-07-12,ORD-000602,buyer0161@example.com,(416) 555-0217,Li Wei,Kestrel Analytics Corp,Quebec,269.43,5,customer asked for late delivery to the Brampton warehouse
2023-07-27,ORD-000603,buyer0681@example.com,(416) 555-4232,Nguyễn Văn An,Kestrel Analytics Corp,Nova Scotia,105.42,2,
2023-07-22,ORD-000604,buyer0031@example.com,(416) 555-4105,Oluwaseun Adeyemi,Maple Leaf Dental Group,Ontario,56.74,1,
2023-07-20,ORD-000605,buyer0067@example.com,(416) 555-0901,Oluwaseun Adeyemi,Kestrel Analytics Corp,Quebec,165.41,4,gift wrap and a handwritten card please
2023-07-22,ORD-000606,buyer0871@example.com,(416) 555-7787,Priya Raman,Kestrel Analytics Corp,Alberta,166.50,4,"second order this month, repeat buyer"
2023-07-14,ORD-000607,buyer0380@example.com,(416) 555-0898,Priya Raman,Northwind Traders Inc,Alberta,161.85,5,"second order this month, repeat buyer"
2023-07-19,ORD-000608,buyer0404@example.com,(416) 555-1021,Oluwaseun Adeyemi,Maple Leaf Dental Group,Ontario,162.76,4,customer asked for late delivery to the Brampton warehouse
2023-07-25,ORD-000609,buyer0354@example.com,(416) 555-7102,Zoë Müller,Acme Holdings Ltd,Alberta,212.24,5,
2023-07-11,ORD-000610,buyer0713@example.com,(416) 555-2969,Oluwaseun Adeyemi,Blue Harbour Logistics,Quebec,116.68,2,"second order this month, repeat buyer"
2023-07-28,ORD-000611,buyer0147@example.com,(416) 555-2579,José García,Northwind Traders Inc,Nova Scotia,53.28,1,gift wrap and a handwritten card please
2023-07-05,ORD-000612,buyer0111@example.com,(416) 555-4328,Oluwaseun Adeyemi,Kestrel Analytics Corp,Ontario,94.81,2,customer asked for late delivery to the Brampton warehouse
2023-07-21,ORD-000613,buyer0071@example.com,(416) 555-9086,Zoë Müller,Blue Harbour Logistics,Ontario,233.11,4,
2023-07-04,ORD-000614,buyer0137@example.com,(416) 555-7760,Oluwaseun Adeyemi,Blue Harbour Logistics,Nova Scotia,32.31,1,gift wrap and a handwritten card please
2023-07-11,ORD-000615,buyer0524@example.com,(416) 555-0390,Priya Raman,Kestrel Analytics Corp,Nova Scotia,129.44,3,
2023-07-07,ORD-000616,buyer0136@example.com,(416) 555-9620,Priya Raman,Maple Leaf Dental Group,Ontario,151.29,3,customer asked for late delivery to the Brampton warehouse
2023-07-28,ORD-000617,buyer0444@example.com,(416) 555-2356,Priya Raman,Acme Holdings Ltd,Nova Scotia,151.38,3,customer asked for late delivery to the Brampton warehouse
2023-07-20,ORD-000618,buyer0836@example.com,(416) 555-5952,Nguyễn Văn An,Maple Leaf Dental Group,Nova Scotia,31.11,1,customer asked for late delivery to the Brampton warehouse
2023-07-12,ORD-000619,buyer0492@example.com,(416) 555-7842,Oluwaseun Adeyemi,Kestrel Analytics Corp,Ontario,133.90,4,gift wrap and a handwritten card please
2023-07-20,ORD-000620,buyer0577@example.com,(416) 555-4351,Zoë Müller,Northwind Traders Inc,Nova Scotia,101.06,2,customer asked for late delivery to the Brampton warehouse
2023-07-24,ORD-000621,buyer0320@example.com,(416) 555-4457,Oluwaseun Adeyemi,Maple Leaf Dental Group,Quebec,122.35,3,"second order this month, repeat buyer"
2023-07-28,ORD-000622,buyer0290@example.com,(416) 555-6827,Nguyễn Văn An,Maple Leaf Dental Group,Nova Scotia,228.00,4,"second order this month, repeat buyer"
2023-07-16,ORD-000623,buyer0116@example.com,(416) 555-6344,Priya Raman,Acme Holdings Ltd,Quebec,180.60,5,
2023-07-27,ORD-000624,buyer0410@example.com,(416) 555-7598,Li Wei,Acme Holdings Ltd,Alberta,98.49,2,
2023-07-25,ORD-000625,buyer0558@example.com,(416) 555-8966,José García,Acme Holdings Ltd,Nova Scotia,37.72,1,
2023-07-19,ORD-000626,buyer0648@example.com,(416) 555-7109,Li Wei,Acme Holdings Ltd,Ontario,129.71,3,customer asked for late delivery to the Brampton warehouse
2023-07-09,ORD-000627,buyer0378@example.com,(416) 555-6816,José García,Blue Harbour Logistics,Nova Scotia,131.45,3,gift wrap and a handwritten card please
2023-07-18,ORD-000628,buyer0331@example.com,(416) 555-8533,Oluwaseun Adeyemi,Blue Harbour Logistics,Quebec,118.53,2,customer asked for late delivery to the Brampton warehouse
2023-07-26,ORD-000629,buyer0662@example.com,(416) 555-2479,Priya Raman,Northwind Traders Inc,Nova Scotia,155.21,4,
2023-07-26,ORD-000630,buyer0645@example.com,(416) 555-8282,Zoë Müller,Blue Harbour Logistics,Alberta,58.86,1,"call before delivery, dog in the yard"
2023-07-17,ORD-000631,buyer0835@example.com,(416) 555-9750,Oluwaseun Adeyemi,Northwind Traders Inc,Alberta,86.19,2,gift wrap and a handwritten card please
2023-07-03,ORD-000632,buyer0045@example.com,(416) 555-8112,Oluwaseun Adeyemi,Northwind Traders Inc,Nova Scotia,173.03,3,gift wrap and a handwritten card please
2023-07-23,ORD-000633,buyer0391@example.com,(416) 555-0403,José García,Blue Harbour Logistics,Quebec,157.98,5,customer asked for late delivery to the Brampton warehouse
2023-07-24,ORD-000634,buyer0336@example.com,(416) 555-8347,Oluwaseun Adeyemi,Kestrel Analytics Corp,Quebec,172.56,3,"call before delivery, dog in the yard"
2023-07-19,ORD-000635,buyer0352@example.com,(416) 555-9788,Nguyễn Văn An,Kestrel Analytics Corp,Alberta,186.53,4,"call before delivery, dog in the yard"
2023-07-17,ORD-000636,buyer0733@example.com,(416) 555-3595,José García,Maple Leaf Dental Group,Nova Scotia,124.17,4,"second order this month, repeat buyer"
2023-07-10,ORD-000637,buyer0223@example.com,(416) 555-0722,José García,Maple Leaf Dental Group,Ontario,130.28,3,"call before delivery, dog in the yard"
2023-07-13,ORD-000638,buyer0356@example.com,(416) 555-1840,Li Wei,Maple Leaf Dental Group,Quebec,97.22,2,"second order this month, repeat buyer"
2023-07-28,ORD-000639,buyer0016@example.com,(416) 555-7191,Priya Raman,Acme Holdings Ltd,Ontario,114.42,2,
2023-07-27,ORD-000640,buyer0677@example.com,(416) 555-5753,Li Wei,Northwind Traders Inc,Nova Scotia,107.09,2,"call before delivery, dog in the yard"
2023-07-20,ORD-000641,buyer0004@example.com,(416) 555-1572,Li Wei,Kestrel Analytics Corp,Nova Scotia,108.08,2,"second order this month, repeat buyer"
2023-07-07,ORD-000642,buyer0190@example.com,(416) 555-3758,Oluwaseun Adeyemi,Northwind Traders Inc,Ontario,129.52,3,"second order this month, repeat buyer"
2023-07-28,ORD-000643,buyer0559@example.com,(416) 555-4450,Nguyễn Văn An,Maple Leaf Dental Group,Ontario,176.25,4,"call before delivery, dog in the yard"
2023-07-15,ORD-000644,buyer0126@example.com,(416) 555-0813,Li Wei,Kestrel Analytics Corp,Nova Scotia,51.68,1,gift wrap and a handwritten card please
2023-07-20,ORD-000645,buyer0465@example.com,(416) 555-7803,Priya Raman,Kestrel Analytics Corp,Quebec,192.69,4,"call before delivery, dog in the yard"
2023-07-14,ORD-000646,buyer0515@example.com,(416) 555-0922,Nguyễn Văn An,Kestrel Analytics Corp,Quebec,184.93,4,"second order this month, repeat buyer"
2023-07-12,ORD-000647,buyer0201@example.com,(416) 555-1534,José García,Kestrel Analytics Corp,Alberta,168.25,5,
2023-07-28,ORD-000648,buyer0044@example.com,(416) 555-0879,Li Wei,Acme Holdings Ltd,Quebec,152.95,4,gift wrap and a handwritten card please
2023-07-21,ORD-000649,buyer0184@example.com,(416) 555-0829,Priya Raman,Acme Holdings Ltd,Quebec,56.63,1,"second order this month, repeat buyer"
2023-07-28,ORD-000650,buyer0063@example.com,(416) 555-7765,Oluwaseun Adeyemi,Kestrel Analytics Corp,Quebec,65.98,2,gift wrap and a handwritten card please
2023-07-27,ORD-000651,buyer0492@example.com,(416) 555-0938,Oluwaseun Adeyemi,Blue Harbour Logistics,Quebec,223.04,4,customer asked for late delivery to the Brampton warehouse
2023-07-27,ORD-000652,buyer0528@example.com,(416) 555-7452,Li Wei,Maple Leaf Dental Group,Alberta,95.44,2,
2023-07-02,ORD-000653,buyer0293@example.com,(416) 555-4678,Oluwaseun Adeyemi,Blue Harbour Logistics,Alberta,42.75,1,
2023-07-12,ORD-000654,buyer0382@example.com,(416) 555-3775,Oluwaseun Adeyemi,Maple Leaf Dental Group,Alberta,80.58,2,gift wrap and a handwritten card please
2023-07-21,ORD-000655,buyer0174@example.com,(416) 555-0528,Priya Raman,Blue Harbour Logistics,Ontario,159.86,5,gift wrap and a handwritten card please
2023-07-03,ORD-000656,buyer0274@example.com,(416) 555-7378,José García,Kestrel Analytics Corp,Ontario,210.57,4,gift wrap and a handwritten card please
2023-07-03,ORD-000657,buyer0163@example.com,(416) 555-4242,Zoë Müller,Kestrel Analytics Corp,Quebec,179.14,5,customer asked for late delivery to the Brampton warehouse
2023-07-26,ORD-000658,buyer0420@example.com,(416) 555-8307,Zoë Müller,Blue Harbour Logistics,Alberta,104.99,2,customer asked for late delivery to the Brampton warehouse
2023-07-14,ORD-000659,buyer0453@example.com,(416) 555-1586,Zoë Müller,Kestrel Analytics Corp,Quebec,276.89,5,customer asked for late delivery to the Brampton warehouse
2023-07-16,ORD-000660,buyer0181@example.com,(416) 555-1234,Priya Raman,Maple Leaf Dental Group,Nova Scotia,173.97,5,
2023-07-05,ORD-000661,buyer0496@example.com,(416) 555-3068,Oluwaseun Adeyemi,Maple Leaf Dental Group,Quebec,241.12,5,gift wrap and a handwritten card please
2023-07-04,ORD-000662,buyer0673@example.com,(416) 555-2075,Oluwaseun Adeyemi,Maple Leaf Dental Group,Ontario,153.65,5,"call before delivery, dog in the yard"
2023-07-25,ORD-000663,buyer0511@example.com,(416) 555-0824,José García,Maple Leaf Dental Group,Ontario,225.57,5,"second order this month, repeat buyer"
2023-07-23,ORD-000664,buyer0498@example.com,(416) 555-3822,Priya Raman,Northwind Traders Inc,Alberta,111.70,2,customer asked for late delivery to the Brampton warehouse
2023-07-21,ORD-000665,buyer0387@example.com,(416) 555-1759,Li Wei,Blue Harbour Logistics,Alberta,185.11,4,customer asked for late delivery to the Brampton warehouse
2023-07-22,ORD-000666,buyer0530@example.com,(416) 555-2781,Nguyễn Văn An,Maple Leaf Dental Group,Quebec,214.07,4,customer asked for late delivery to the Brampton warehouse
2023-07-23,ORD-000667,buyer0529@example.com,(416) 555-6835,Zoë Müller,Kestrel Analytics Corp,Alberta,249.04,5,"call before delivery, dog in the yard"
2023-07-26,ORD-000668,buyer0251@example.com,(416) 555-6166,Zoë Müller,Acme Holdings Ltd,Quebec,172.10,4,"second order this month, repeat buyer"
2023-07-20,ORD-000669,buyer0305@example.com,(416) 555-0274,José García,Maple Leaf Dental Group,Ontario,141.21,3,"call before delivery, dog in the yard"
2023-08-09,ORD-000700,buyer0823@example.com,(416) 555-3897,Li Wei,Maple Leaf Dental Group,Ontario,195.19,5,"call before delivery, dog in the yard"
2023-08-13,ORD-000701,buyer0059@example.com,(416) 555-6611,Oluwaseun Adeyemi,Acme Holdings Ltd,Quebec,59.72,1,gift wrap and a handwritten card please
2023-08-23,ORD-000702,buyer0633@example.com,(416) 555-4479,Zoë Müller,Northwind Traders Inc,Nova Scotia,54.43,1,"call before delivery, dog in the yard"
2023-08-19,ORD-000703,buyer0658@example.com,(416) 555-0329,Nguyễn Văn An,Blue Harbour Logistics,Nova Scotia,99.11,2,
2023-08-23,ORD-000704,buyer0525@example.com,(416) 555-7140,Zoë Müller,Maple Leaf Dental Group,Quebec,125.04,3,
2023-08-28,ORD-000705,buyer0396@example.com,(416) 555-3568,Nguyễn Văn An,Acme Holdings Ltd,Alberta,157.05,3,"call before delivery, dog in the yard"
2023-08-02,ORD-000706,buyer0798@example.com,(416) 555-4242,Li Wei,Northwind Traders Inc,Quebec,105.58,3,gift wrap and a handwritten card please
2023-08-07,ORD-000707,buyer0096@example.com,(416) 555-0037,Priya Raman,Acme Holdings Ltd,Ontario,125.87,3,gift wrap and a handwritten card please
2023-08-20,ORD-000708,buyer0783@example.com,(416) 555-2338,Li Wei,Acme Holdings Ltd,Nova Scotia,195.86,5,
2023-08-12,ORD-000709,buyer0535@example.com,(416) 555-9667,Priya Raman,Acme Holdings Ltd,Alberta,207.08,5,gift wrap and a handwritten card please
2023-08-12,ORD-000710,buyer0577@example.com,(416) 555-1766,Priya Raman,Acme Holdings Ltd,Quebec,264.27,5,
2023-08-13,ORD-000711,buyer0152@example.com,(416) 555-9268,Nguyễn Văn An,Kestrel Analytics Corp,Ontario,40.45,1,"second order this month, repeat buyer"
2023-08-13,ORD-000712,buyer0313@example.com,(416) 555-4021,José García,Kestrel Analytics Corp,Nova Scotia,281.00,5,customer asked for late delivery to the Brampton warehouse
2023-08-06,ORD-000713,buyer0502@example.com,(416) 555-1822,Oluwaseun Adeyemi,Maple Leaf Dental Group,Ontario,44.63,1,
2023-08-10,ORD-000714,buyer0719@example.com,(416) 555-7894,José García,Kestrel Analytics Corp,Nova Scotia,93.65,2,
2023-08-21,ORD-000715,buyer0068@example.com,(416) 555-0466,José García,Maple Leaf Dental Group,Nova Scotia,210.18,4,
2023-08-06,ORD-000716,buyer0228@example.com,(416) 555-5839,José García,Maple Leaf Dental Group,Alberta,101.83,2,customer asked for late delivery to the Brampton warehouse
2023-08-14,ORD-000717,buyer0734@example.com,(416) 555-1596,Zoë Müller,Maple Leaf Dental Group,Quebec,273.40,5,
2023-08-02,ORD-000718,buyer0038@example.com,(416) 555-0285,José García,Maple Leaf Dental Group,Quebec,119.52,2,"second order this month, repeat buyer"
2023-08-23,ORD-000719,buyer0606@example.com,(416) 555-3257,José García,Northwind Traders Inc,Quebec,215.40,4,"second order this month, repeat buyer"
2023-08-13,ORD-000720,buyer0249@example.com,(416) 555-6422,Oluwaseun Adeyemi,Maple Leaf Dental Group,Nova Scotia,201.43,5,customer asked for late delivery to the Brampton warehouse
2023-08-16,ORD-000721,buyer0263@example.com,(416) 555-0254,Oluwaseun Adeyemi,Blue Harbour Logistics,Quebec,78.08,2,
2023-08-12,ORD-000722,buyer0049@example.com,(416) 555-8865,Li Wei,Kestrel Analytics Corp,Ontario,98.09,2,customer asked for late delivery to the Brampton warehouse
2023-08-24,ORD-000723,buyer0157@example.com,(416) 555-1952,Zoë Müller,Maple Leaf Dental Group,Nova Scotia,94.05,2,
2023-08-23,ORD-000724,buyer0141@example.com,(416) 555-3220,Oluwaseun Adeyemi,Maple Leaf Dental Group,Alberta,83.18,2,"call before delivery, dog in the yard"
2023-08-21,ORD-000725,buyer0203@example.com,(416) 555-4719,Zoë Müller,Kestrel Analytics Corp,Ontario,91.53,2,"second order this month, repeat buyer"
2023-08-02,ORD-000726,buyer0303@example.com,(416) 555-7035,Priya Raman,Northwind Traders Inc,Ontario,174.66,3,gift wrap and a handwritten card please
2023-08-18,ORD-000727,buyer0812@example.com,(416) 555-0451,Oluwaseun Adeyemi,Kestrel Analytics Corp,Ontario,113.66,2,"second order this month, repeat buyer"
2023-08-25,ORD-000728,buyer0527@example.com,(416) 555-6221,Oluwaseun Adeyemi,Acme Holdings Ltd,Ontario,31.26,1,"call before delivery, dog in the yard"
2023-08-06,ORD-000729,buyer0436@example.com,(416) 555-0588,Nguyễn Văn An,Kestrel Analytics Corp,Nova Scotia,134.44,4,
2023-08-18,ORD-000730,buyer0196@example.com,(416) 555-3490,Nguyễn Văn An,Kestrel Analytics Corp,Alberta,45.89,1,
2023-08-13,ORD-000731,buyer0510@example.com,(416) 555-7014,José García,Northwind Traders Inc,Nova Scotia,62.08,2,
2023-08-11,ORD-000732,buyer0311@example.com,(416) 555-0609,Nguyễn Văn An,Acme Holdings Ltd,Alberta,74.12,2,gift wrap and a handwritten card please
2023-08-15,ORD-000733,buyer0155@example.com,(416) 555-0499,Zoë Müller,Blue Harbour Logistics,Alberta,50.01,1,
2023-08-07,ORD-000734,buyer0611@example.com,(416) 555-2476,Oluwaseun Adeyemi,Northwind Traders Inc,Quebec,89.82,2,"call before delivery, dog in the yard"
2023-08-04,ORD-000735,buyer0811@example.com,(416) 555-0585,Oluwaseun Adeyemi,Maple Leaf Dental Group,Ontario,52.85,1,
2023-08-25,ORD-000736,buyer0680@example.com,(416) 555-4324,José García,Acme Holdings Ltd,Alberta,45.31,1,
2023-08-08,ORD-000737,buyer0758@example.com,(416) 555-2830,José García,Maple Leaf Dental Group,Alberta,44.30,1,
2023-08-26,ORD-000738,buyer0561@example.com,(416) 555-2020,Oluwaseun Adeyemi,Northwind Traders Inc,Nova Scotia,135.52,4,gift wrap and a handwritten card please
2023-08-17,ORD-000739,buyer0867@example.com,(416) 555-8426,Nguyễn Văn An,Blue Harbour Logistics,Quebec,185.12,4,gift wrap and a handwritten card please
2023-08-06,ORD-000740,buyer0543@example.com,(416) 555-7760,Oluwaseun Adeyemi,Northwind Traders Inc,Alberta,251.68,5,
2023-08-24,ORD-000741,buyer0418@example.com,(416) 555-5932,Oluwaseun Adeyemi,Northwind Traders Inc,Quebec,161.06,5,"call before delivery, dog in the yard"
2023-08-06,ORD-000742,buyer0105@example.com,(416) 555-9788,José García,Kestrel Analytics Corp,Alberta,85.87,2,
2023-08-23,ORD-000743,buyer0813@example.com,(416) 555-6110,Nguyễn Văn An,Maple Leaf Dental Group,Alberta,147.14,4,
2023-08-19,ORD-000744,buyer0328@example.com,(416) 555-0391,Oluwaseun Adeyemi,Blue Harbour Logistics,Quebec,32.84,1,"call before delivery, dog in the yard"
2023-08-22,ORD-000745,buyer0639@example.com,(416) 555-6924,Zoë Müller,Maple Leaf Dental Group,Quebec,59.78,1,gift wrap and a handwritten card please
2023-08-28,ORD-000746,buyer0802@example.com,(416) 555-2862,Oluwaseun Adeyemi,Blue Harbour Logistics,Nova Scotia,108.07,2,gift wrap and a handwritten card please
2023-08-28,ORD-000747,buyer0327@example.com,(416) 555-5097,Zoë Müller,Maple Leaf Dental Group,Nova Scotia,165.31,3,customer asked for late delivery to the Brampton warehouse
2023-08-08,ORD-000748,buyer0853@example.com,(416) 555-9903,José García,Northwind Traders Inc,Alberta,87.31,2,"call before delivery, dog in the yard"
2023-08-03,ORD-000749,buyer0656@example.com,(416) 555-0384,Priya Raman,Acme Holdings Ltd,Alberta,202.28,5,customer asked for late delivery to the Brampton warehouse
2023-08-13,ORD-000750,buyer0442@example.com,(416) 555-4702,Nguyễn Văn An,Maple Leaf Dental Group,Nova Scotia,136.34,4,"call before delivery, dog in the yard"
2023-08-19,ORD-000751,buyer0756@example.com,(416) 555-5753,Nguyễn Văn An,Maple Leaf Dental Group,Ontario,272.53,5,gift wrap and a handwritten card please
2023-08-11,ORD-000752,buyer0258@example.com,(416) 555-2616,Li Wei,Kestrel Analytics Corp,Nova Scotia,278.86,5,"second order this month, repeat buyer"
2023-08-07,ORD-000753,buyer0023@example.com,(416) 555-1026,Zoë Müller,Northwind Traders Inc,Nova Scotia,175.03,5,"call before delivery, dog in the yard"
2023-08-19,ORD-000754,buyer0233@example.com,(416) 555-9583,Oluwaseun Adeyemi,Maple Leaf Dental Group,Nova Scotia,44.50,1,"second order this month, repeat buyer"
2023-08-22,ORD-000755,buyer0567@example.com,(416) 555-9518,José García,Maple Leaf Dental Group,Nova Scotia,214.20,5,"call before delivery, dog in the yard"
2023-08-07,ORD-000756,buyer0511@example.com,(416) 555-8585,Li Wei,Kestrel Analytics Corp,Nova Scotia,34.14,1,
2023-08-23,ORD-000757,buyer0325@example.com,(416) 555-0104,Zoë Müller,Northwind Traders Inc,Quebec,54.68,1,"call before delivery, dog in the yard"
2023-08-07,ORD-000758,buyer0278@example.com,(416) 555-9734,Li Wei,Kestrel Analytics Corp,Ontario,157.70,4,"call before delivery, dog in the yard"
2023-08-15,ORD-000759,buyer0527@example.com,(416) 555-1394,Priya Raman,Kestrel Analytics Corp,Ontario,213.86,4,"call before delivery, dog in the yard"
2023-08-03,ORD-000760,buyer0801@example.com,(416) 555-1111,Zoë Müller,Acme Holdings Ltd,Ontario,42.25,1,
2023-08-04,ORD-000761,buyer0776@example.com,(416) 555-0718,José García,Blue Harbour Logistics,Quebec,71.91,2,
2023-08-26,ORD-000762,buyer0296@example.com,(416) 555-2074,José García,Blue Harbour Logistics,Ontario,162.81,3,"call before delivery, dog in the yard"
2023-08-16,ORD-000763,buyer0497@example.com,(416) 555-2379,Oluwaseun Adeyemi,Maple Leaf Dental Group,Alberta,216.77,4,"second order this month, repeat buyer"
2023-08-25,ORD-000764,buyer0535@example.com,(416) 555-3685,Nguyễn Văn An,Kestrel Analytics Corp,Alberta,104.45,2,
2023-08-07,ORD-000765,buyer0318@example.com,(416) 555-0548,Zoë Müller,Blue Harbour Logistics,Ontario,255.84,5,"second order this month, repeat buyer"
2023-08-09,ORD-000766,buyer0071@example.com,(416) 555-4656,Zoë Müller,Kestrel Analytics Corp,Alberta,32.11,1,
2023-08-01,ORD-000767,buyer0263@example.com,(416) 555-7025,Li Wei,Maple Leaf Dental Group,Nova Scotia,209.05,5,gift wrap and a handwritten card please
2023-08-27,ORD-000768,buyer0783@example.com,(416) 555-3733,Nguyễn Văn An,Acme Holdings Ltd,Nova Scotia,189.74,4,"second order this month, repeat buyer"
2023-08-07,ORD-000769,buyer0887@example.com,(416) 555-1948,Nguyễn Văn An,Kestrel Analytics Corp,Quebec,208.91,4,
2023-09-08,ORD-000800,buyer0803@example.com,(416) 555-0715,Li Wei,Maple Leaf Dental Group,Quebec,139.52,3,"second order this month, repeat buyer"
2023-09-16,ORD-000801,buyer0292@example.com,(416) 555-6341,Li Wei,Northwind Traders Inc,Quebec,187.60,4,
2023-09-01,ORD-000802,buyer0663@example.com,(416) 555-9983,Li Wei,Acme Holdings Ltd,Alberta,131.49,4,
2023-09-26,ORD-000803,buyer0623@example.com,(416) 555-3762,Oluwaseun Adeyemi,Kestrel Analytics Corp,Quebec,271.39,5,gift wrap and a handwritten card please
2023-09-13,ORD-000804,buyer0041@example.com,(416) 555-0783,Priya Raman,Maple Leaf Dental Group,Ontario,213.94,4,customer asked for late delivery to the Brampton warehouse
2023-09-08,ORD-000805,buyer0732@example.com,(416) 555-9608,José García,Northwind Traders Inc,Quebec,152.77,3,gift wrap and a handwritten card please
2023-09-25,ORD-000806,buyer0429@example.com,(416) 555-5896,Zoë Müller,Blue Harbour Logistics,Nova Scotia,102.24,2,
2023-09-20,ORD-000807,buyer0002@example.com,(416) 555-8228,Li Wei,Acme Holdings Ltd,Alberta,172.48,3,customer asked for late delivery to the Brampton warehouse
2023-09-03,ORD-000808,buyer0581@example.com,(416) 555-8918,Li Wei,Blue Harbour Logistics,Nova Scotia,55.29,1,gift wrap and a handwritten card please
2023-09-27,ORD-000809,buyer0706@example.com,(416) 555-6880,Priya Raman,Northwind Traders Inc,Quebec,39.87,1,
2023-09-21,ORD-000810,buyer0650@example.com,(416) 555-3992,Priya Raman,Maple Leaf Dental Group,Quebec,53.77,1,customer asked for late delivery to the Brampton warehouse
2023-09-15,ORD-000811,buyer0866@example.com,(416) 555-0179,Priya Raman,Northwind Traders Inc,Quebec,159.78,5,"second order this month, repeat buyer"
2023-09-15,ORD-000812,buyer0233@example.com,(416) 555-8739,Priya Raman,Northwind Traders Inc,Ontario,286.76,5,"call before delivery, dog in the yard"
2023-09-18,ORD-000813,buyer0711@example.com,(416) 555-7233,Oluwaseun Adeyemi,Northwind Traders Inc,Alberta,58.33,1,"second order this month, repeat buyer"
2023-09-19,ORD-000814,buyer0414@example.com,(416) 555-1114,Nguyễn Văn An,Acme Holdings Ltd,Alberta,157.54,3,
2023-09-28,ORD-000815,buyer0149@example.com,(416) 555-1467,Priya Raman,Blue Harbour Logistics,Alberta,210.64,5,"second order this month, repeat buyer"
2023-09-06,ORD-000816,buyer0060@example.com,(416) 555-2745,Priya Raman,Kestrel Analytics Corp,Ontario,205.33,4,
2023-09-15,ORD-000817,buyer0297@example.com,(416) 555-1453,José García,Acme Holdings Ltd,Nova Scotia,44.01,1,
2023-09-17,ORD-000818,buyer0004@example.com,(416) 555-7470,Oluwaseun Adeyemi,Acme Holdings Ltd,Quebec,151.90,4,
2023-09-09,ORD-000819,buyer0871@example.com,(416) 555-0186,Oluwaseun Adeyemi,Maple Leaf Dental Group,Alberta,266.65,5,
2023-09-28,ORD-000820,buyer0892@example.com,(416) 555-9594,Li Wei,Kestrel Analytics Corp,Nova Scotia,172.49,5,"second order this month, repeat buyer"
2023-09-16,ORD-000821,buyer0062@example.com,(416) 555-3396,Zoë Müller,Kestrel Analytics Corp,Alberta,191.02,4,"call before delivery, dog in the yard"
2023-09-10,ORD-000822,buyer0222@example.com,(416) 555-8805,Priya Raman,Blue Harbour Logistics,Ontario,103.17,3,
2023-09-07,ORD-000823,buyer0107@example.com,(416) 555-4557,Oluwaseun Adeyemi,Kestrel Analytics Corp,Nova Scotia,49.41,1,"call before delivery, dog in the yard"
2023-09-25,ORD-000824,buyer0707@example.com,(416) 555-5410,Nguyễn Văn An,Northwind Traders Inc,Alberta,263.72,5,customer asked for late delivery to the Brampton warehouse
2023-09-28,ORD-000825,buyer0633@example.com,(416) 555-8361,Priya Raman,Maple Leaf Dental Group,Nova Scotia,142.98,3,customer asked for late delivery to the Brampton warehouse
2023-09-13,ORD-000826,buyer0488@example.com,(416) 555-1985,Nguyễn Văn An,Kestrel Analytics Corp,Alberta,100.54,2,gift wrap and a handwritten card please
2023-09-16,ORD-000827,buyer0425@example.com,(416) 555-4572,José García,Acme Holdings Ltd,Alberta,214.69,4,gift wrap and a handwritten card please
2023-09-13,ORD-000828,buyer0226@example.com,(416) 555-3261,José García,Northwind Traders Inc,Nova Scotia,78.42,2,"call before delivery, dog in the yard"
2023-09-10,ORD-000829,buyer0084@example.com,(416) 555-3186,Oluwaseun Adeyemi,Maple Leaf Dental Group,Nova Scotia,83.22,2,"second order this month, repeat buyer"
2023-09-10,ORD-000830,buyer0075@example.com,(416) 555-4149,Priya Raman,Kestrel Analytics Corp,Alberta,113.30,3,
2023-09-11,ORD-000831,buyer0456@example.com,(416) 555-3504,Zoë Müller,Maple Leaf Dental Group,Quebec,163.03,4,"call before delivery, dog in the yard"
2023-09-09,ORD-000832,buyer0039@example.com,(416) 555-0537,Oluwaseun Adeyemi,Blue Harbour Logistics,Ontario,231.75,4,customer asked for late delivery to the Brampton warehouse
2023-09-24,ORD-000833,buyer0635@example.com,(416) 555-0731,Oluwaseun Adeyemi,Kestrel Analytics Corp,Nova Scotia,31.74,1,"call before delivery, dog in the yard"
2023-09-25,ORD-000834,buyer0522@example.com,(416) 555-5473,Priya Raman,Blue Harbour Logistics,Nova Scotia,146.90,3,gift wrap and a handwritten card please
2023-09-13,ORD-000835,buyer0102@example.com,(416) 555-8965,Oluwaseun Adeyemi,Kestrel Analytics Corp,Alberta,246.54,5,
2023-09-01,ORD-000836,buyer0719@example.com,(416) 555-1724,José García,Blue Harbour Logistics,Alberta,141.12,4,"call before delivery, dog in the yard"
2023-09-04,ORD-000837,buyer0585@example.com,(416) 555-2359,Li Wei,Kestrel Analytics Corp,Nova Scotia,178.63,4,customer asked for late delivery to the Brampton warehouse
2023-09-25,ORD-000838,buyer0594@example.com,(416) 555-8056,Zoë Müller,Maple Leaf Dental Group,Ontario,42.94,1,customer asked for late delivery to the Brampton warehouse
2023-09-15,ORD-000839,buyer0678@example.com,(416) 555-9980,Zoë Müller,Kestrel Analytics Corp,Quebec,100.25,2,"call before delivery, dog in the yard"
2023-09-24,ORD-000840,buyer0156@example.com,(416) 555-2106,Zoë Müller,Northwind Traders Inc,Nova Scotia,65.58,2,gift wrap and a handwritten card please
2023-09-16,ORD-000841,buyer0417@example.com,(416) 555-6891,Priya Raman,Kestrel Analytics Corp,Alberta,92.77,2,gift wrap and a handwritten card please
2023-09-26,ORD-000842,buyer0674@example.com,(416) 555-4610,Oluwaseun Adeyemi,Maple Leaf Dental Group,Quebec,123.33,4,"second order this month, repeat buyer"
2023-09-14,ORD-000843,buyer0391@example.com,(416) 555-9488,José García,Acme Holdings Ltd,Quebec,78.09,2,customer asked for late delivery to the Brampton warehouse
2023-09-04,ORD-000844,buyer0810@example.com,(416) 555-9509,José García,Blue Harbour Logistics,Quebec,99.73,2,"call before delivery, dog in the yard"
2023-09-12,ORD-000845,buyer0427@example.com,(416) 555-6472,Oluwaseun Adeyemi,Kestrel Analytics Corp,Alberta,229.86,4,"second order this month, repeat buyer"
2023-09-03,ORD-000846,buyer0778@example.com,(416) 555-8525,Zoë Müller,Kestrel Analytics Corp,Ontario,52.77,1,
2023-09-09,ORD-000847,buyer0163@example.com,(416) 555-6310,Oluwaseun Adeyemi,Maple Leaf Dental Group,Alberta,65.02,2,"call before delivery, dog in the yard"
2023-09-21,ORD-000848,buyer0320@example.com,(416) 555-8870,Oluwaseun Adeyemi,Kestrel Analytics Corp,Nova Scotia,97.46,3,gift wrap and a handwritten card please
2023-09-13,ORD-000849,buyer0521@example.com,(416) 555-5430,José García,Acme Holdings Ltd,Ontario,84.74,2,customer asked for late delivery to the Brampton warehouse
2023-09-14,ORD-000850,buyer0527@example.com,(416) 555-4266,Zoë Müller,Blue Harbour Logistics,Alberta,52.87,1,
2023-09-03,ORD-000851,buyer0893@example.com,(416) 555-2731,Li Wei,Blue Harbour Logistics,Nova Scotia,47.59,1,"call before delivery, dog in the yard"
2023-09-18,ORD-000852,buyer0771@example.com,(416) 555-3760,Li Wei,Northwind Traders Inc,Quebec,149.62,4,"second order this month, repeat buyer"
2023-09-02,ORD-000853,buyer0548@example.com,(416) 555-6033,José García,Blue Harbour Logistics,Alberta,152.85,5,
2023-09-04,ORD-000854,buyer0790@example.com,(416) 555-4058,Zoë Müller,Acme Holdings Ltd,Ontario,115.80,2,
2023-09-19,ORD-000855,buyer0419@example.com,(416) 555-8298,Zoë Müller,Blue Harbour Logistics,Alberta,118.78,2,
2023-09-15,ORD-000856,buyer0819@example.com,(416) 555-4256,José García,Kestrel Analytics Corp,Quebec,215.03,5,
2023-09-26,ORD-000857,buyer0231@example.com,(416) 555-7054,Li Wei,Blue Harbour Logistics,Nova Scotia,230.44,4,gift wrap and a handwritten card please
2023-09-03,ORD-000858,buyer0382@example.com,(416) 555-5724,José García,Acme Holdings Ltd,Nova Scotia,143.34,3,gift wrap and a handwritten card please
2023-09-06,ORD-000859,buyer0659@example.com,(416) 555-5875,José García,Blue Harbour Logistics,Nova Scotia,73.91,2,
2023-09-10,ORD-000860,buyer0672@example.com,(416) 555-0156,Zoë Müller,Blue Harbour Logistics,Ontario,39.81,1,
2023-09-11,ORD-000861,buyer0436@example.com,(416) 555-8299,Li Wei,Northwind Traders Inc,Ontario,263.75,5,
2023-09-06,ORD-000862,buyer0522@example.com,(416) 555-4122,Nguyễn Văn An,Kestrel Analytics Corp,Ontario,166.01,4,
2023-09-25,ORD-000863,buyer0093@example.com,(416) 555-4368,Li Wei,Maple Leaf Dental Group,Nova Scotia,32.64,1,customer asked for late delivery to the Brampton warehouse
2023-09-25,ORD-000864,buyer0211@example.com,(416) 555-5642,Nguyễn Văn An,Kestrel Analytics Corp,Nova Scotia,75.81,2,gift wrap and a handwritten card please
2023-09-02,ORD-000865,buyer0206@example.com,(416) 555-6376,Priya Raman,Northwind Traders Inc,Alberta,50.35,1,gift wrap and a handwritten card please
2023-09-12,ORD-000866,buyer0164@example.com,(416) 555-8354,Oluwaseun Adeyemi,Acme Holdings Ltd,Quebec,145.34,3,customer asked for late delivery to the Brampton warehouse
2023-09-11,ORD-000867,buyer0174@example.com,(416) 555-8314,Priya Raman,Acme Holdings Ltd,Nova Scotia,125.46,3,
2023-09-16,ORD-000868,buyer0014@example.com,(416) 555-1109,Priya Raman,Kestrel Analytics Corp,Nova Scotia,110.84,3,
2023-09-16,ORD-000869,buyer0692@example.com,(416) 555-8116,Zoë Müller,Kestrel Analytics Corp,Quebec,130.35,4,customer asked for late delivery to the Brampton warehouse
2023-10-09,ORD-000900,buyer0595@example.com,(416) 555-1090,Oluwaseun Adeyemi,Acme Holdings Ltd,Alberta,131.20,3,"second order this month, repeat buyer"
2023-10-06,ORD-000901,buyer0440@example.com,(416) 555-2464,Zoë Müller,Blue Harbour Logistics,Alberta,154.43,4,gift wrap and a handwritten card please
2023-10-01,ORD-000902,buyer0111@example.com,(416) 555-4596,Oluwaseun Adeyemi,Kestrel Analytics Corp,Quebec,248.77,5,gift wrap and a handwritten card please
2023-10-17,ORD-000903,buyer0019@example.com,(416) 555-1928,Li Wei,Acme Holdings Ltd,Nova Scotia,194.55,4,customer asked for late delivery to the Brampton warehouse
2023-10-11,ORD-000904,buyer0829@example.com,(416) 555-4586,José García,Maple Leaf Dental Group,Nova Scotia,118.60,2,"call before delivery, dog in the yard"
2023-10-06,ORD-000905,buyer0115@example.com,(416) 555-3587,Oluwaseun Adeyemi,Kestrel Analytics Corp,Nova Scotia,105.42,2,
2023-10-22,ORD-000906,buyer0683@example.com,(416) 555-8419,José García,Blue Harbour Logistics,Quebec,150.19,3,customer asked for late delivery to the Brampton warehouse
2023-10-16,ORD-000907,buyer0723@example.com,(416) 555-2241,Oluwaseun Adeyemi,Northwind Traders Inc,Ontario,155.68,4,customer asked for late delivery to the Brampton warehouse
2023-10-25,ORD-000908,buyer0727@example.com,(416) 555-9891,Nguyễn Văn An,Northwind Traders Inc,Alberta,175.15,5,gift wrap and a handwritten card please
2023-10-13,ORD-000909,buyer0775@example.com,(416) 555-1256,Nguyễn Văn An,Blue Harbour Logistics,Quebec,54.87,1,gift wrap and a handwritten card please
2023-10-11,ORD-000910,buyer0595@example.com,(416) 555-3929,Priya Raman,Blue Harbour Logistics,Ontario,177.36,4,"call before delivery, dog in the yard"
2023-10-07,ORD-000911,buyer0574@example.com,(416) 555-8532,Li Wei,Blue Harbour Logistics,Quebec,50.05,1,"second order this month, repeat buyer"
2023-10-18,ORD-000912,buyer0782@example.com,(416) 555-3707,Priya Raman,Maple Leaf Dental Group,Nova Scotia,85.31,2,customer asked for late delivery to the Brampton warehouse
2023-10-16,ORD-000913,buyer0033@example.com,(416) 555-1827,Nguyễn Văn An,Acme Holdings Ltd,Alberta,81.30,2,
2023-10-05,ORD-000914,buyer0399@example.com,(416) 555-0857,José García,Maple Leaf Dental Group,Nova Scotia,44.98,1,gift wrap and a handwritten card please
2023-10-21,ORD-000915,buyer0846@example.com,(416) 555-8185,José García,Acme Holdings Ltd,Nova Scotia,196.42,5,
2023-10-21,ORD-000916,buyer0080@example.com,(416) 555-2174,Nguyễn Văn An,Maple Leaf Dental Group,Quebec,106.28,2,
2023-10-25,ORD-000917,buyer0732@example.com,(416) 555-5824,José García,Northwind Traders Inc,Quebec,49.97,1,
2023-10-26,ORD-000918,buyer0189@example.com,(416) 555-6667,Oluwaseun Adeyemi,Blue Harbour Logistics,Nova Scotia,74.31,2,
2023-10-01,ORD-000919,buyer0285@example.com,(416) 555-5826,Nguyễn Văn An,Blue Harbour Logistics,Nova Scotia,162.68,3,customer asked for late delivery to the Brampton warehouse
2023-10-06,ORD-000920,buyer0234@example.com,(416) 555-7173,Nguyễn Văn An,Maple Leaf Dental Group,Alberta,35.07,1,"call before delivery, dog in the yard"
2023-10-10,ORD-000921,buyer0466@example.com,(416) 555-1442,Nguyễn Văn An,Acme Holdings Ltd,Quebec,103.66,2,
2023-10-28,ORD-000922,buyer0858@example.com,(416) 555-4223,Oluwaseun Adeyemi,Acme Holdings Ltd,Ontario,110.09,3,"call before delivery, dog in the yard"
2023-10-02,ORD-000923,buyer0021@example.com,(416) 555-2250,Zoë Müller,Northwind Traders Inc,Nova Scotia,91.64,3,"call before delivery, dog in the yard"
2023-10-04,ORD-000924,buyer0053@example.com,(416) 555-7353,Priya Raman,Northwind Traders Inc,Quebec,265.06,5,customer asked for late delivery to the Brampton warehouse
2023-10-08,ORD-000925,buyer0685@example.com,(416) 555-3610,Zoë Müller,Kestrel Analytics Corp,Alberta,34.33,1,
2023-10-07,ORD-000926,buyer0841@example.com,(416) 555-0575,José García,Acme Holdings Ltd,Ontario,170.92,5,"call before delivery, dog in the yard"
2023-10-10,ORD-000927,buyer0462@example.com,(416) 555-9618,Nguyễn Văn An,Northwind Traders Inc,Quebec,108.94,3,"call before delivery, dog in the yard"
2023-10-25,ORD-000928,buyer0528@example.com,(416) 555-2410,Priya Raman,Kestrel Analytics Corp,Nova Scotia,268.34,5,"call before delivery, dog in the yard"
2023-10-25,ORD-000929,buyer0640@example.com,(416) 555-9698,José García,Kestrel Analytics Corp,Ontario,172.51,4,"call before delivery, dog in the yard"
2023-10-17,ORD-000930,buyer0710@example.com,(416) 555-9997,Priya Raman,Kestrel Analytics Corp,Ontario,288.74,5,"second order this month, repeat buyer"
2023-10-07,ORD-000931,buyer0880@example.com,(416) 555-8577,Li Wei,Blue Harbour Logistics,Ontario,201.16,5,
2023-10-10,ORD-000932,buyer0687@example.com,(416) 555-8893,Oluwaseun Adeyemi,Blue Harbour Logistics,Ontario,67.68,2,"second order this month, repeat buyer"
2023-10-18,ORD-000933,buyer0260@example.com,(416) 555-1655,José García,Blue Harbour Logistics,Nova Scotia,205.98,5,
2023-10-02,ORD-000934,buyer0529@example.com,(416) 555-7263,Nguyễn Văn An,Acme Holdings Ltd,Alberta,153.38,3,"call before delivery, dog in the yard"
2023-10-11,ORD-000935,buyer0211@example.com,(416) 555-1420,Li Wei,Blue Harbour Logistics,Quebec,118.85,2,"call before delivery, dog in the yard"
2023-10-22,ORD-000936,buyer0655@example.com,(416) 555-1741,Oluwaseun Adeyemi,Maple Leaf Dental Group,Quebec,272.60,5,gift wrap and a handwritten card please
2023-10-04,ORD-000937,buyer0035@example.com,(416) 555-2690,Nguyễn Văn An,Kestrel Analytics Corp,Ontario,130.05,3,
2023-10-10,ORD-000938,buyer0475@example.com,(416) 555-5228,José García,Acme Holdings Ltd,Alberta,70.38,2,"second order this month, repeat buyer"
2023-10-02,ORD-000939,buyer0770@example.com,(416) 555-2490,Li Wei,Maple Leaf Dental Group,Alberta,40.09,1,
2023-10-23,ORD-000940,buyer0623@example.com,(416) 555-5707,Zoë Müller,Kestrel Analytics Corp,Nova Scotia,170.69,3,"call before delivery, dog in the yard"
2023-10-01,ORD-000941,buyer0802@example.com,(416) 555-0167,José García,Northwind Traders Inc,Nova Scotia,41.56,1,customer asked for late delivery to the Brampton warehouse
2023-10-08,ORD-000942,buyer0799@example.com,(416) 555-4303,Oluwaseun Adeyemi,Acme Holdings Ltd,Alberta,220.33,5,gift wrap and a handwritten card please
2023-10-19,ORD-000943,buyer0134@example.com,(416) 555-9400,Oluwaseun Adeyemi,Maple Leaf Dental Group,Quebec,91.28,3,
2023-10-03,ORD-000944,buyer0496@example.com,(416) 555-8678,Zoë Müller,Maple Leaf Dental Group,Alberta,33.78,1,
2023-10-11,ORD-000945,buyer0219@example.com,(416) 555-3642,José García,Northwind Traders Inc,Quebec,148.33,3,customer asked for late delivery to the Brampton warehouse
2023-10-28,ORD-000946,buyer0796@example.com,(416) 555-1537,José García,Blue Harbour Logistics,Quebec,162.01,4,"call before delivery, dog in the yard"
2023-10-12,ORD-000947,buyer0594@example.com,(416) 555-2999,José García,Blue Harbour Logistics,Ontario,56.50,1,customer asked for late delivery to the Brampton warehouse
2023-10-27,ORD-000948,buyer0519@example.com,(416) 555-2148,Li Wei,Kestrel Analytics Corp,Ontario,32.53,1,customer asked for late delivery to the Brampton warehouse
2023-10-18,ORD-000949,buyer0735@example.com,(416) 555-7944,José García,Acme Holdings Ltd,Ontario,110.29,3,gift wrap and a handwritten card please
2023-10-13,ORD-000950,buyer0418@example.com,(416) 555-7230,Oluwaseun Adeyemi,Maple Leaf Dental Group,Nova Scotia,168.50,5,
2023-10-20,ORD-000951,buyer0509@example.com,(416) 555-2051,Zoë Müller,Kestrel Analytics Corp,Quebec,48.45,1,
2023-10-15,ORD-000952,buyer0318@example.com,(416) 555-1486,Priya Raman,Blue Harbour Logistics,Quebec,152.99,3,gift wrap and a handwritten card please
2023-10-25,ORD-000953,buyer0008@example.com,(416) 555-7037,Zoë Müller,Northwind Traders Inc,Quebec,208.01,4,"second order this month, repeat buyer"
2023-10-12,ORD-000954,buyer0524@example.com,(416) 555-7400,Li Wei,Acme Holdings Ltd,Ontario,86.76,2,"call before delivery, dog in the yard"
2023-10-04,ORD-000955,buyer0267@example.com,(416) 555-0496,Oluwaseun Adeyemi,Kestrel Analytics Corp,Alberta,160.19,3,customer asked for late delivery to the Brampton warehouse
2023-10-27,ORD-000956,buyer0296@example.com,(416) 555-5598,Nguyễn Văn An,Kestrel Analytics Corp,Alberta,51.67,1,
2023-10-27,ORD-000957,buyer0558@example.com,(416) 555-4262,Li Wei,Acme Holdings Ltd,Quebec,221.39,4,gift wrap and a handwritten card please
2023-10-25,ORD-000958,buyer0199@example.com,(416) 555-3064,Priya Raman,Northwind Traders Inc,Ontario,110.13,2,
2023-10-04,ORD-000959,buyer0081@example.com,(416) 555-8007,Priya Raman,Northwind Traders Inc,Alberta,263.26,5,
2023-10-20,ORD-000960,buyer0828@example.com,(416) 555-6190,Zoë Müller,Kestrel Analytics Corp,Alberta,32.26,1,gift wrap and a handwritten card please
2023-10-16,ORD-000961,buyer0472@example.com,(416) 555-1467,Oluwaseun Adeyemi,Northwind Traders Inc,Nova Scotia,228.25,4,
2023-10-14,ORD-000962,buyer0521@example.com,(416) 555-7026,Zoë Müller,Acme Holdings Ltd,Nova Scotia,142.16,3,"second order this month, repeat buyer"
2023-10-16,ORD-000963,buyer0064@example.com,(416) 555-9414,José García,Blue Harbour Logistics,Alberta,210.45,5,customer asked for late delivery to the Brampton warehouse
2023-10-02,ORD-000964,buyer0707@example.com,(416) 555-0155,Oluwaseun Adeyemi,Northwind Traders Inc,Alberta,40.31,1,"second order this month, repeat buyer"
2023-10-25,ORD-000965,buyer0828@example.com,(416) 555-6557,Nguyễn Văn An,Blue Harbour Logistics,Quebec,134.65,3,
2023-10-28,ORD-000966,buyer0554@example.com,(416) 555-2796,José García,Blue Harbour Logistics,Quebec,179.15,3,gift wrap and a handwritten card please
2023-10-22,ORD-000967,buyer0078@example.com,(416) 555-5257,José García,Northwind Traders Inc,Ontario,65.43,2,
2023-10-10,ORD-000968,buyer0882@example.com,(416) 555-1689,José García,Northwind Traders Inc,Ontario,206.99,5,
2023-10-19,ORD-000969,buyer0870@example.com,(416) 555-9233,Li Wei,Kestrel Analytics Corp,Quebec,113.79,2,"call before delivery, dog in the yard"
2023-11-26,ORD-001000,buyer0628@example.com,(416) 555-3212,Li Wei,Acme Holdings Ltd,Alberta,225.81,4,
2023-11-08,ORD-001001,buyer0440@example.com,(416) 555-5330,José García,Maple Leaf Dental Group,Nova Scotia,226.13,4,
2023-11-13,ORD-001002,buyer0521@example.com,(416) 555-5056,Li Wei,Blue Harbour Logistics,Nova Scotia,118.05,2,gift wrap and a handwritten card please
2023-11-17,ORD-001003,buyer0686@example.com,(416) 555-3169,Priya Raman,Blue Harbour Logistics,Ontario,83.19,2,
2023-11-24,ORD-001004,buyer0312@example.com,(416) 555-0720,Nguyễn Văn An,Acme Holdings Ltd,Alberta,33.08,1,customer asked for late delivery to the Brampton warehouse
2023-11-21,ORD-001005,buyer0412@example.com,(416) 555-1807,José García,Kestrel Analytics Corp,Nova Scotia,33.97,1,"call before delivery, dog in the yard"
2023-11-24,ORD-001006,buyer0123@example.com,(416) 555-0242,Priya Raman,Maple Leaf Dental Group,Alberta,58.98,1,
2023-11-19,ORD-001007,buyer0399@example.com,(416) 555-8997,José García,Blue Harbour Logistics,Quebec,32.55,1,
2023-11-23,ORD-001008,buyer0535@example.com,(416) 555-7823,Li Wei,Northwind Traders Inc,Ontario,53.94,1,"call before delivery, dog in the yard"
2023-11-15,ORD-001009,buyer0037@example.com,(416) 555-5262,Priya Raman,Kestrel Analytics Corp,Alberta,121.54,3,gift wrap and a handwritten card please
2023-11-18,ORD-001010,buyer0643@example.com,(416) 555-4732,Nguyễn Văn An,Maple Leaf Dental Group,Nova Scotia,181.42,5,gift wrap and a handwritten card please
2023-11-04,ORD-001011,buyer0042@example.com,(416) 555-1208,Priya Raman,Maple Leaf Dental Group,Nova Scotia,35.43,1,
2023-11-25,ORD-001012,buyer0271@example.com,(416) 555-9142,Zoë Müller,Acme Holdings Ltd,Quebec,86.73,2,"second order this month, repeat buyer"
2023-11-08,ORD-001013,buyer0296@example.com,(416) 555-8783,Li Wei,Northwind Traders Inc,Alberta,49.42,1,
2023-11-26,ORD-001014,buyer0850@example.com,(416) 555-3596,José García,Maple Leaf Dental Group,Quebec,77.04,2,
2023-11-01,ORD-001015,buyer0616@example.com,(416) 555-1804,Priya Raman,Northwind Traders Inc,Alberta,144.49,3,"second order this month, repeat buyer"
2023-11-10,ORD-001016,buyer0086@example.com,(416) 555-1814,Zoë Müller,Maple Leaf Dental Group,Quebec,90.30,2,customer asked for late delivery to the Brampton warehouse
2023-11-01,ORD-001017,buyer0291@example.com,(416) 555-4192,Nguyễn Văn An,Acme Holdings Ltd,Ontario,224.66,5,"call before delivery, dog in the yard"
2023-11-22,ORD-001018,buyer0615@example.com,(416) 555-9522,Priya Raman,Northwind Traders Inc,Quebec,238.09,5,"call before delivery, dog in the yard"
2023-11-16,ORD-001019,buyer0628@example.com,(416) 555-0974,José García,Maple Leaf Dental Group,Nova Scotia,221.18,4,
2023-11-12,ORD-001020,buyer0079@example.com,(416) 555-5758,Priya Raman,Kestrel Analytics Corp,Ontario,151.47,4,
2023-11-18,ORD-001021,buyer0742@example.com,(416) 555-8689,Oluwaseun Adeyemi,Northwind Traders Inc,Quebec,102.96,2,
2023-11-01,ORD-001022,buyer0388@example.com,(416) 555-6148,Oluwaseun Adeyemi,Acme Holdings Ltd,Quebec,189.36,5,
2023-11-25,ORD-001023,buyer0394@example.com,(416) 555-5369,Nguyễn Văn An,Kestrel Analytics Corp,Ontario,57.45,1,"second order this month, repeat buyer"
2023-11-08,ORD-001024,buyer0036@example.com,(416) 555-1753,Zoë Müller,Maple Leaf Dental Group,Quebec,57.42,1,"call before delivery, dog in the yard"
2023-11-19,ORD-001025,buyer0375@example.com,(416) 555-9017,Oluwaseun Adeyemi,Maple Leaf Dental Group,Nova Scotia,82.04,2,customer asked for late delivery to the Brampton warehouse
2023-11-03,ORD-001026,buyer0079@example.com,(416) 555-3734,Li Wei,Northwind Traders Inc,Quebec,167.56,3,gift wrap and a handwritten card please
2023-11-24,ORD-001027,buyer0589@example.com,(416) 555-2838,Oluwaseun Adeyemi,Blue Harbour Logistics,Alberta,173.27,5,
2023-11-03,ORD-001028,buyer0118@example.com,(416) 555-1220,Nguyễn Văn An,Acme Holdings Ltd,Alberta,101.03,3,"second order this month, repeat buyer"
2023-11-25,ORD-001029,buyer0190@example.com,(416) 555-8814,Priya Raman,Kestrel Analytics Corp,Alberta,58.41,1,
2023-11-11,ORD-001030,buyer0556@example.com,(416) 555-0092,Priya Raman,Northwind Traders Inc,Nova Scotia,111.35,2,gift wrap and a handwritten card please
2023-11-21,ORD-001031,buyer0595@example.com,(416) 555-9413,Nguyễn Văn An,Acme Holdings Ltd,Alberta,53.77,1,
2023-11-19,ORD-001032,buyer0105@example.com,(416) 555-4973,Zoë Müller,Blue Harbour Logistics,Ontario,55.54,1,gift wrap and a handwritten card please
2023-11-19,ORD-001033,buyer0011@example.com,(416) 555-8937,José García,Maple Leaf Dental Group,Ontario,107.99,2,
2023-11-14,ORD-001034,buyer0071@example.com,(416) 555-9447,Li Wei,Acme Holdings Ltd,Ontario,53.09,1,
2023-11-20,ORD-001035,buyer0056@example.com,(416) 555-8304,José García,Acme Holdings Ltd,Alberta,97.97,2,
2023-11-11,ORD-001036,buyer0556@example.com,(416) 555-3606,Priya Raman,Kestrel Analytics Corp,Alberta,226.82,5,"second order this month, repeat buyer"
2023-11-27,ORD-001037,buyer0660@example.com,(416) 555-8939,Zoë Müller,Maple Leaf Dental Group,Nova Scotia,51.03,1,
2023-11-05,ORD-001038,buyer0746@example.com,(416) 555-0497,José García,Northwind Traders Inc,Alberta,41.83,1,customer asked for late delivery to the Brampton warehouse
2023-11-08,ORD-001039,buyer0388@example.com,(416) 555-4599,Priya Raman,Blue Harbour Logistics,Ontario,280.85,5,"call before delivery, dog in the yard"
2023-11-27,ORD-001040,buyer0445@example.com,(416) 555-8389,José García,Northwind Traders Inc,Quebec,153.20,3,
2023-11-15,ORD-001041,buyer0370@example.com,(416) 555-1256,José García,Acme Holdings Ltd,Alberta,155.76,3,"call before delivery, dog in the yard"
2023-11-25,ORD-001042,buyer0866@example.com,(416) 555-5253,Zoë Müller,Acme Holdings Ltd,Nova Scotia,96.58,2,"call before delivery, dog in the yard"
2023-11-03,ORD-001043,buyer0860@example.com,(416) 555-4407,Zoë Müller,Maple Leaf Dental Group,Ontario,76.77,2,"second order this month, repeat buyer"
2023-11-06,ORD-001044,buyer0114@example.com,(416) 555-2512,Nguyễn Văn An,Maple Leaf Dental Group,Ontario,134.49,3,"second order this month, repeat buyer"
2023-11-23,ORD-001045,buyer0458@example.com,(416) 555-4311,Zoë Müller,Northwind Traders Inc,Alberta,177.38,4,customer asked for late delivery to the Brampton warehouse
2023-11-05,ORD-001046,buyer0657@example.com,(416) 555-9312,Zoë Müller,Acme Holdings Ltd,Ontario,33.11,1,
2023-11-05,ORD-001047,buyer0117@example.com,(416) 555-9449,Oluwaseun Adeyemi,Kestrel Analytics Corp,Nova Scotia,263.81,5,"call before delivery, dog in the yard"
2023-11-08,ORD-001048,buyer0645@example.com,(416) 555-2204,Oluwaseun Adeyemi,Maple Leaf Dental Group,Ontario,41.58,1,"second order this month, repeat buyer"
2023-11-15,ORD-001049,buyer0121@example.com,(416) 555-7395,José García,Maple Leaf Dental Group,Ontario,40.07,1,
2023-11-14,ORD-001050,buyer0411@example.com,(416) 555-0166,Zoë Müller,Kestrel Analytics Corp,Ontario,213.24,4,"second order this month, repeat buyer"
2023-11-19,ORD-001051,buyer0158@example.com,(416) 555-4190,Nguyễn Văn An,Northwind Traders Inc,Ontario,192.42,4,"second order this month, repeat buyer"
2023-11-09,ORD-001052,buyer0148@example.com,(416) 555-8379,Nguyễn Văn An,Northwind Traders Inc,Nova Scotia,34.89,1,
2023-11-23,ORD-001053,buyer0552@example.com,(416) 555-2579,Oluwaseun Adeyemi,Kestrel Analytics Corp,Ontario,40.37,1,gift wrap and a handwritten card please
2023-11-10,ORD-001054,buyer0864@example.com,(416) 555-0579,Zoë Müller,Blue Harbour Logistics,Quebec,230.92,5,"second order this month, repeat buyer"
2023-11-26,ORD-001055,buyer0804@example.com,(416) 555-9249,Priya Raman,Northwind Traders Inc,Ontario,120.73,4,"call before delivery, dog in the yard"
2023-11-25,ORD-001056,buyer0676@example.com,(416) 555-1683,Zoë Müller,Blue Harbour Logistics,Nova Scotia,41.78,1,"call before delivery, dog in the yard"
2023-11-17,ORD-001057,buyer0636@example.com,(416) 555-6608,Priya Raman,Blue Harbour Logistics,Alberta,116.75,3,gift wrap and a handwritten card please
2023-11-23,ORD-001058,buyer0847@example.com,(416) 555-1192,Priya Raman,Northwind Traders Inc,Quebec,132.03,4,gift wrap and a handwritten card please
2023-11-24,ORD-001059,buyer0237@example.com,(416) 555-4483,Li Wei,Northwind Traders Inc,Quebec,70.85,2,
2023-11-12,ORD-001060,buyer0600@example.com,(416) 555-8954,José García,Kestrel Analytics Corp,Nova Scotia,166.23,3,gift wrap and a handwritten card please
2023-11-25,ORD-001061,buyer0129@example.com,(416) 555-0798,Priya Raman,Blue Harbour Logistics,Quebec,131.85,3,
2023-11-28,ORD-001062,buyer0557@example.com,(416) 555-3240,José García,Northwind Traders Inc,Ontario,73.45,2,"second order this month, repeat buyer"
2023-11-01,ORD-001063,buyer0024@example.com,(416) 555-1310,Nguyễn Văn An,Acme Holdings Ltd,Alberta,121.79,3,
2023-11-26,ORD-001064,buyer0013@example.com,(416) 555-2801,Nguyễn Văn An,Acme Holdings Ltd,Alberta,228.80,5,"second order this month, repeat buyer"
2023-11-06,ORD-001065,buyer0492@example.com,(416) 555-7266,Oluwaseun Adeyemi,Blue Harbour Logistics,Quebec,276.07,5,gift wrap and a handwritten card please
2023-11-11,ORD-001066,buyer0434@example.com,(416) 555-1248,Oluwaseun Adeyemi,Blue Harbour Logistics,Ontario,109.94,2,gift wrap and a handwritten card please
2023-11-14,ORD-001067,buyer0219@example.com,(416) 555-7014,Zoë Müller,Maple Leaf Dental Group,Quebec,189.21,4,"call before delivery, dog in the yard"
2023-11-10,ORD-001068,buyer0887@example.com,(416) 555-5563,Li Wei,Kestrel Analytics Corp,Nova Scotia,139.99,4,
2023-11-18,ORD-001069,buyer0294@example.com,(416) 555-1510,Li Wei,Kestrel Analytics Corp,Alberta,73.29,2,
2023-12-13,ORD-001100,buyer0645@example.com,(416) 555-9555,Li Wei,Maple Leaf Dental Group,Nova Scotia,190.10,4,gift wrap and a handwritten card please
2023-12-27,ORD-001101,buyer0460@example.com,(416) 555-2652,Li Wei,Northwind Traders Inc,Nova Scotia,40.50,1,customer asked for late delivery to the Brampton warehouse
2023-12-23,ORD-001102,buyer0034@example.com,(416) 555-9841,Oluwaseun Adeyemi,Kestrel Analytics Corp,Alberta,53.35,1,
2023-12-22,ORD-001103,buyer0776@example.com,(416) 555-9162,Nguyễn Văn An,Maple Leaf Dental Group,Ontario,37.14,1,customer asked for late delivery to the Brampton warehouse
2023-12-23,ORD-001104,buyer0521@example.com,(416) 555-1431,Oluwaseun Adeyemi,Blue Harbour Logistics,Quebec,125.71,3,customer asked for late delivery to the Brampton warehouse
2023-12-15,ORD-001105,buyer0663@example.com,(416) 555-2892,Li Wei,Northwind Traders Inc,Quebec,134.25,4,"second order this month, repeat buyer"
2023-12-04,ORD-001106,buyer0666@example.com,(416) 555-1792,Nguyễn Văn An,Kestrel Analytics Corp,Ontario,149.96,4,gift wrap and a handwritten card please
2023-12-13,ORD-001107,buyer0704@example.com,(416) 555-8010,José García,Blue Harbour Logistics,Ontario,44.18,1,"second order this month, repeat buyer"
2023-12-19,ORD-001108,buyer0174@example.com,(416) 555-9647,Li Wei,Northwind Traders Inc,Ontario,51.70,1,customer asked for late delivery to the Brampton warehouse
2023-12-15,ORD-001109,buyer0584@example.com,(416) 555-8192,Nguyễn Văn An,Blue Harbour Logistics,Nova Scotia,131.52,4,
2023-12-06,ORD-001110,buyer0268@example.com,(416) 555-5106,Li Wei,Northwind Traders Inc,Quebec,33.34,1,"call before delivery, dog in the yard"
2023-12-01,ORD-001111,buyer0064@example.com,(416) 555-4012,Li Wei,Acme Holdings Ltd,Ontario,206.07,5,
2023-12-27,ORD-001112,buyer0458@example.com,(416) 555-5824,Oluwaseun Adeyemi,Acme Holdings Ltd,Nova Scotia,184.48,4,"second order this month, repeat buyer"
2023-12-26,ORD-001113,buyer0191@example.com,(416) 555-9098,José García,Kestrel Analytics Corp,Quebec,170.29,3,"second order this month, repeat buyer"
2023-12-14,ORD-001114,buyer0021@example.com,(416) 555-1304,Priya Raman,Kestrel Analytics Corp,Quebec,116.24,3,"call before delivery, dog in the yard"
2023-12-12,ORD-001115,buyer0819@example.com,(416) 555-2722,Nguyễn Văn An,Acme Holdings Ltd,Nova Scotia,66.01,2,"call before delivery, dog in the yard"
2023-12-06,ORD-001116,buyer0265@example.com,(416) 555-3070,Priya Raman,Acme Holdings Ltd,Nova Scotia,46.95,1,"call before delivery, dog in the yard"
2023-12-06,ORD-001117,buyer0198@example.com,(416) 555-1348,Nguyễn Văn An,Blue Harbour Logistics,Nova Scotia,118.30,3,
2023-12-04,ORD-001118,buyer0722@example.com,(416) 555-7793,Nguyễn Văn An,Maple Leaf Dental Group,Quebec,45.53,1,"second order this month, repeat buyer"
2023-12-02,ORD-001119,buyer0450@example.com,(416) 555-0956,Nguyễn Văn An,Kestrel Analytics Corp,Ontario,111.80,3,"second order this month, repeat buyer"
2023-12-21,ORD-001120,buyer0002@example.com,(416) 555-6989,Priya Raman,Maple Leaf Dental Group,Ontario,65.60,2,"call before delivery, dog in the yard"
2023-12-04,ORD-001121,buyer0388@example.com,(416) 555-6162,Priya Raman,Blue Harbour Logistics,Quebec,171.51,4,customer asked for late delivery to the Brampton warehouse
2023-12-05,ORD-001122,buyer0844@example.com,(416) 555-0612,Priya Raman,Northwind Traders Inc,Ontario,102.20,3,gift wrap and a handwritten card please
2023-12-08,ORD-001123,buyer0229@example.com,(416) 555-2951,Priya Raman,Acme Holdings Ltd,Nova Scotia,144.57,4,
2023-12-25,ORD-001124,buyer0394@example.com,(416) 555-7480,Nguyễn Văn An,Maple Leaf Dental Group,Nova Scotia,81.09,2,gift wrap and a handwritten card please
2023-12-23,ORD-001125,buyer0085@example.com,(416) 555-8079,Zoë Müller,Kestrel Analytics Corp,Ontario,32.30,1,
2023-12-28,ORD-001126,buyer0383@example.com,(416) 555-9467,Zoë Müller,Acme Holdings Ltd,Quebec,101.97,3,"second order this month, repeat buyer"
2023-12-19,ORD-001127,buyer0060@example.com,(416) 555-9731,Nguyễn Văn An,Acme Holdings Ltd,Ontario,187.53,4,
2023-12-06,ORD-001128,buyer0261@example.com,(416) 555-1662,Li Wei,Blue Harbour Logistics,Alberta,68.54,2,gift wrap and a handwritten card please
2023-12-22,ORD-001129,buyer0341@example.com,(416) 555-9595,Nguyễn Văn An,Kestrel Analytics Corp,Quebec,176.68,4,
2023-12-18,ORD-001130,buyer0244@example.com,(416) 555-8330,Priya Raman,Maple Leaf Dental Group,Nova Scotia,230.92,4,gift wrap and a handwritten card please
2023-12-01,ORD-001131,buyer0280@example.com,(416) 555-6801,Nguyễn Văn An,Kestrel Analytics Corp,Nova Scotia,102.31,3,"call before delivery, dog in the yard"
2023-12-14,ORD-001132,buyer0726@example.com,(416) 555-0488,José García,Acme Holdings Ltd,Quebec,74.84,2,
2023-12-06,ORD-001133,buyer0058@example.com,(416) 555-6187,Zoë Müller,Northwind Traders Inc,Ontario,181.85,5,
2023-12-08,ORD-001134,buyer0503@example.com,(416) 555-7437,Zoë Müller,Northwind Traders Inc,Alberta,58.21,1,
2023-12-20,ORD-001135,buyer0437@example.com,(416) 555-2012,Zoë Müller,Maple Leaf Dental Group,Ontario,52.93,1,"call before delivery, dog in the yard"
2023-12-03,ORD-001136,buyer0798@example.com,(416) 555-3904,Zoë Müller,Northwind Traders Inc,Ontario,178.75,5,gift wrap and a handwritten card please
2023-12-25,ORD-001137,buyer0498@example.com,(416) 555-1712,Zoë Müller,Kestrel Analytics Corp,Alberta,111.65,2,"second order this month, repeat buyer"
2023-12-10,ORD-001138,buyer0585@example.com,(416) 555-7163,Zoë Müller,Northwind Traders Inc,Quebec,112.89,3,gift wrap and a handwritten card please
2023-12-09,ORD-001139,buyer0169@example.com,(416) 555-5260,José García,Northwind Traders Inc,Ontario,53.44,1,
2023-12-03,ORD-001140,buyer0766@example.com,(416) 555-2817,Zoë Müller,Northwind Traders Inc,Ontario,105.84,2,
2023-12-26,ORD-001141,buyer0228@example.com,(416) 555-4315,José García,Maple Leaf Dental Group,Quebec,161.15,5,"call before delivery, dog in the yard"
2023-12-23,ORD-001142,buyer0129@example.com,(416) 555-6059,Nguyễn Văn An,Kestrel Analytics Corp,Ontario,132.28,3,
2023-12-07,ORD-001143,buyer0795@example.com,(416) 555-4324,Zoë Müller,Acme Holdings Ltd,Alberta,127.45,4,
2023-12-06,ORD-001144,buyer0864@example.com,(416) 555-9382,Oluwaseun Adeyemi,Acme Holdings Ltd,Nova Scotia,114.35,3,gift wrap and a handwritten card please
2023-12-10,ORD-001145,buyer0190@example.com,(416) 555-1360,Priya Raman,Northwind Traders Inc,Ontario,98.82,2,"call before delivery, dog in the yard"
2023-12-10,ORD-001146,buyer0335@example.com,(416) 555-6684,José García,Acme Holdings Ltd,Alberta,282.44,5,customer asked for late delivery to the Brampton warehouse
2023-12-20,ORD-001147,buyer0515@example.com,(416) 555-2181,José García,Blue Harbour Logistics,Nova Scotia,200.22,5,"second order this month, repeat buyer"
2023-12-18,ORD-001148,buyer0786@example.com,(416) 555-1890,José García,Northwind Traders Inc,Ontario,241.54,5,"second order this month, repeat buyer"
2023-12-21,ORD-001149,buyer0731@example.com,(416) 555-6355,Priya Raman,Northwind Traders Inc,Quebec,216.37,5,"second order this month, repeat buyer"
2023-12-13,ORD-001150,buyer0587@example.com,(416) 555-2990,Zoë Müller,Kestrel Analytics Corp,Quebec,213.83,4,
2023-12-24,ORD-001151,buyer0238@example.com,(416) 555-4403,José García,Blue Harbour Logistics,Ontario,167.03,4,customer asked for late delivery to the Brampton warehouse
2023-12-16,ORD-001152,buyer0741@example.com,(416) 555-9969,Oluwaseun Adeyemi,Acme Holdings Ltd,Ontario,66.70,2,customer asked for late delivery to the Brampton warehouse
2023-12-21,ORD-001153,buyer0049@example.com,(416) 555-2198,Oluwaseun Adeyemi,Kestrel Analytics Corp,Alberta,222.64,5,
2023-12-26,ORD-001154,buyer0433@example.com,(416) 555-2051,Li Wei,Kestrel Analytics Corp,Nova Scotia,49.25,1,
2023-12-20,ORD-001155,buyer0524@example.com,(416) 555-9260,Priya Raman,Northwind Traders Inc,Quebec,53.72,1,
2023-12-02,ORD-001156,buyer0869@example.com,(416) 555-5590,Li Wei,Acme Holdings Ltd,Quebec,102.86,2,customer asked for late delivery to the Brampton warehouse
2023-12-07,ORD-001157,buyer0591@example.com,(416) 555-4291,Li Wei,Blue Harbour Logistics,Quebec,169.71,3,gift wrap and a handwritten card please
2023-12-28,ORD-001158,buyer0567@example.com,(416) 555-9623,Li Wei,Kestrel Analytics Corp,Nova Scotia,30.74,1,
2023-12-23,ORD-001159,buyer0467@example.com,(416) 555-6711,José García,Northwind Traders Inc,Quebec,190.88,5,gift wrap and a handwritten card please
2023-12-16,ORD-001160,buyer0731@example.com,(416) 555-1766,Oluwaseun Adeyemi,Blue Harbour Logistics,Alberta,99.31,3,"second order this month, repeat buyer"
2023-12-03,ORD-001161,buyer0260@example.com,(416) 555-9120,Li Wei,Acme Holdings Ltd,Alberta,37.00,1,"call before delivery, dog in the yard"
2023-12-11,ORD-001162,buyer0341@example.com,(416) 555-5091,Zoë Müller,Northwind Traders Inc,Alberta,72.67,2,
2023-12-11,ORD-001163,buyer0364@example.com,(416) 555-7036,Li Wei,Northwind Traders Inc,Alberta,224.21,4,gift wrap and a handwritten card please
2023-12-05,ORD-001164,buyer0339@example.com,(416) 555-0780,Priya Raman,Acme Holdings Ltd,Quebec,90.67,2,customer asked for late delivery to the Brampton warehouse
2023-12-24,ORD-001165,buyer0491@example.com,(416) 555-7520,Priya Raman,Northwind Traders Inc,Quebec,168.92,4,"call before delivery, dog in the yard"
2023-12-17,ORD-001166,buyer0171@example.com,(416) 555-7895,Oluwaseun Adeyemi,Maple Leaf Dental Group,Nova Scotia,50.75,1,
2023-12-10,ORD-001167,buyer0442@example.com,(416) 555-2547,José García,Kestrel Analytics Corp,Ontario,149.32,4,customer asked for late delivery to the Brampton warehouse
2023-12-28,ORD-001168,buyer0680@example.com,(416) 555-3730,Zoë Müller,Northwind Traders Inc,Nova Scotia,40.63,1,"second order this month, repeat buyer"
2023-12-21,ORD-001169,buyer0288@example.com,(416) 555-3648,Li Wei,Northwind Traders Inc,Alberta,77.15,2,"second order this month, repeat buyer"
2024-01-08,ORD-001200,buyer0467@example.com,(416) 555-1773,José García,Kestrel Analytics Corp,Nova Scotia,205.07,4,gift wrap and a handwritten card please
2024-01-24,ORD-001201,buyer0603@example.com,(416) 555-5609,Oluwaseun Adeyemi,Northwind Traders Inc,Nova Scotia,119.30,3,customer asked for late delivery to the Brampton warehouse
2024-01-21,ORD-001202,buyer0164@example.com,(416) 555-7951,José García,Northwind Traders Inc,Alberta,96.40,2,"second order this month, repeat buyer"
2024-01-08,ORD-001203,buyer0243@example.com,(416) 555-0847,Li Wei,Blue Harbour Logistics,Quebec,140.89,4,"second order this month, repeat buyer"
2024-01-12,ORD-001204,buyer0222@example.com,(416) 555-5557,Priya Raman,Kestrel Analytics Corp,Nova Scotia,108.79,3,
2024-01-15,ORD-001205,buyer0262@example.com,(416) 555-8061,Nguyễn Văn An,Northwind Traders Inc,Nova Scotia,50.79,1,"call before delivery, dog in the yard"
2024-01-10,ORD-001206,buyer0739@example.com,(416) 555-0808,Li Wei,Maple Leaf Dental Group,Quebec,31.64,1,gift wrap and a handwritten card please
2024-01-19,ORD-001207,buyer0251@example.com,(416) 555-4349,Oluwaseun Adeyemi,Northwind Traders Inc,Alberta,73.42,2,
2024-01-01,ORD-001208,buyer0828@example.com,(416) 555-6827,Zoë Müller,Blue Harbour Logistics,Quebec,228.47,4,"call before delivery, dog in the yard"
2024-01-09,ORD-001209,buyer0797@example.com,(416) 555-9782,Oluwaseun Adeyemi,Northwind Traders Inc,Alberta,113.88,2,
2024-01-19,ORD-001210,buyer0377@example.com,(416) 555-9566,José García,Blue Harbour Logistics,Alberta,175.08,5,customer asked for late delivery to the Brampton warehouse
2024-01-01,ORD-001211,buyer0532@example.com,(416) 555-0316,Nguyễn Văn An,Kestrel Analytics Corp,Quebec,56.74,1,"call before delivery, dog in the yard"
2024-01-16,ORD-001212,buyer0592@example.com,(416) 555-1148,Oluwaseun Adeyemi,Maple Leaf Dental Group,Nova Scotia,141.56,3,customer asked for late delivery to the Brampton warehouse
2024-01-05,ORD-001213,buyer0250@example.com,(416) 555-5747,Li Wei,Kestrel Analytics Corp,Ontario,82.15,2,"call before delivery, dog in the yard"
2024-01-27,ORD-001214,buyer0363@example.com,(416) 555-3055,Nguyễn Văn An,Acme Holdings Ltd,Nova Scotia,246.30,5,
2024-01-18,ORD-001215,buyer0246@example.com,(416) 555-2392,Oluwaseun Adeyemi,Acme Holdings Ltd,Nova Scotia,199.56,4,
2024-01-05,ORD-001216,buyer0351@example.com,(416) 555-9056,José García,Kestrel Analytics Corp,Ontario,72.27,2,customer asked for late delivery to the Brampton warehouse
2024-01-04,ORD-001217,buyer0055@example.com,(416) 555-1587,Zoë Müller,Northwind Traders Inc,Ontario,80.94,2,customer asked for late delivery to the Brampton warehouse
2024-01-20,ORD-001218,buyer0183@example.com,(416) 555-9652,Nguyễn Văn An,Maple Leaf Dental Group,Ontario,96.92,2,gift wrap and a handwritten card please
2024-01-19,ORD-001219,buyer0215@example.com,(416) 555-8272,Nguyễn Văn An,Northwind Traders Inc,Quebec,102.22,2,"call before delivery, dog in the yard"
2024-01-19,ORD-001220,buyer0212@example.com,(416) 555-5219,Zoë Müller,Kestrel Analytics Corp,Nova Scotia,173.22,5,"call before delivery, dog in the yard"
2024-01-19,ORD-001221,buyer0682@example.com,(416) 555-2140,Zoë Müller,Kestrel Analytics Corp,Quebec,161.83,5,"second order this month, repeat buyer"
2024-01-07,ORD-001222,buyer0795@example.com,(416) 555-3377,Li Wei,Blue Harbour Logistics,Quebec,157.56,3,"second order this month, repeat buyer"
2024-01-07,ORD-001223,buyer0408@example.com,(416) 555-5070,Priya Raman,Acme Holdings Ltd,Ontario,69.64,2,gift wrap and a handwritten card please
2024-01-05,ORD-001224,buyer0596@example.com,(416) 555-3862,Zoë Müller,Kestrel Analytics Corp,Alberta,206.89,4,
2024-01-06,ORD-001225,buyer0178@example.com,(416) 555-7746,Nguyễn Văn An,Northwind Traders Inc,Quebec,142.32,3,gift wrap and a handwritten card please
2024-01-06,ORD-001226,buyer0455@example.com,(416) 555-0896,Li Wei,Blue Harbour Logistics,Quebec,144.90,3,"second order this month, repeat buyer"
2024-01-06,ORD-001227,buyer0442@example.com,(416) 555-7875,Oluwaseun Adeyemi,Acme Holdings Ltd,Alberta,112.89,3,customer asked for late delivery to the Brampton warehouse
2024-01-04,ORD-001228,buyer0788@example.com,(416) 555-5477,Oluwaseun Adeyemi,Northwind Traders Inc,Alberta,72.75,2,"call before delivery, dog in the yard"
2024-01-28,ORD-001229,buyer0739@example.com,(416) 555-6427,José García,Maple Leaf Dental Group,Quebec,89.22,2,gift wrap and a handwritten card please
2024-01-10,ORD-001230,buyer0407@example.com,(416) 555-0951,José García,Northwind Traders Inc,Nova Scotia,63.77,2,gift wrap and a handwritten card please
2024-01-25,ORD-001231,buyer0594@example.com,(416) 555-4145,Oluwaseun Adeyemi,Northwind Traders Inc,Quebec,171.63,3,customer asked for late delivery to the Brampton warehouse
2024-01-17,ORD-001232,buyer0045@example.com,(416) 555-9345,Zoë Müller,Kestrel Analytics Corp,Ontario,106.79,3,customer asked for late delivery to the Brampton warehouse
2024-01-18,ORD-001233,buyer0222@example.com,(416) 555-8378,Li Wei,Blue Harbour Logistics,Quebec,164.81,4,"second order this month, repeat buyer"
2024-01-04,ORD-001234,buyer0078@example.com,(416) 555-9806,Li Wei,Acme Holdings Ltd,Nova Scotia,159.56,3,"call before delivery, dog in the yard"
2024-01-12,ORD-001235,buyer0721@example.com,(416) 555-5969,Zoë Müller,Blue Harbour Logistics,Nova Scotia,207.59,4,"call before delivery, dog in the yard"
2024-01-04,ORD-001236,buyer0874@example.com,(416) 555-7810,Priya Raman,Kestrel Analytics Corp,Quebec,202.86,5,
2024-01-05,ORD-001237,buyer0624@example.com,(416) 555-2507,José García,Kestrel Analytics Corp,Ontario,174.14,5,
2024-01-13,ORD-001238,buyer0689@example.com,(416) 555-9673,Oluwaseun Adeyemi,Acme Holdings Ltd,Alberta,33.32,1,"second order this month, repeat buyer"
2024-01-26,ORD-001239,buyer0851@example.com,(416) 555-9446,Priya Raman,Kestrel Analytics Corp,Alberta,110.45,2,gift wrap and a handwritten card please
2024-01-02,ORD-001240,buyer0608@example.com,(416) 555-2432,Li Wei,Kestrel Analytics Corp,Ontario,152.81,4,"call before delivery, dog in the yard"
2024-01-21,ORD-001241,buyer0785@example.com,(416) 555-5322,Oluwaseun Adeyemi,Northwind Traders Inc,Quebec,71.69,2,customer asked for late delivery to the Brampton warehouse
2024-01-13,ORD-001242,buyer0677@example.com,(416) 555-5192,Li Wei,Northwind Traders Inc,Quebec,99.57,2,"call before delivery, dog in the yard"
2024-01-11,ORD-001243,buyer0740@example.com,(416) 555-3701,Li Wei,Kestrel Analytics Corp,Ontario,54.03,1,
2024-01-10,ORD-001244,buyer0889@example.com,(416) 555-7599,Priya Raman,Maple Leaf Dental Group,Ontario,117.19,3,
2024-01-27,ORD-001245,buyer0739@example.com,(416) 555-4345,Priya Raman,Blue Harbour Logistics,Alberta,215.43,4,gift wrap and a handwritten card please
2024-01-26,ORD-001246,buyer0183@example.com,(416) 555-7652,Nguyễn Văn An,Kestrel Analytics Corp,Alberta,295.08,5,"second order this month, repeat buyer"
2024-01-09,ORD-001247,buyer0112@example.com,(416) 555-1510,Priya Raman,Acme Holdings Ltd,Alberta,38.03,1,gift wrap and a handwritten card please
2024-01-18,ORD-001248,buyer0286@example.com,(416) 555-5457,Oluwaseun Adeyemi,Acme Holdings Ltd,Ontario,218.41,4,gift wrap and a handwritten card please
2024-01-01,ORD-001249,buyer0883@example.com,(416) 555-8482,Oluwaseun Adeyemi,Acme Holdings Ltd,Quebec,165.81,3,customer asked for late delivery to the Brampton warehouse
2024-01-04,ORD-001250,buyer0872@example.com,(416) 555-7952,Priya Raman,Kestrel Analytics Corp,Quebec,126.84,4,gift wrap and a handwritten card please
2024-01-10,ORD-001251,buyer0408@example.com,(416) 555-9589,Nguyễn Văn An,Blue Harbour Logistics,Ontario,250.81,5,"second order this month, repeat buyer"
2024-01-04,ORD-001252,buyer0885@example.com,(416) 555-2704,José García,Northwind Traders Inc,Alberta,144.97,3,customer asked for late delivery to the Brampton warehouse
2024-01-09,ORD-001253,buyer0831@example.com,(416) 555-4704,Priya Raman,Blue Harbour Logistics,Alberta,190.47,4,customer asked for late delivery to the Brampton warehouse
2024-01-12,ORD-001254,buyer0436@example.com,(416) 555-9661,Nguyễn Văn An,Kestrel Analytics Corp,Ontario,169.25,3,
2024-01-13,ORD-001255,buyer0792@example.com,(416) 555-0855,José García,Kestrel Analytics Corp,Alberta,86.34,2,gift wrap and a handwritten card please
2024-01-08,ORD-001256,buyer0300@example.com,(416) 555-2835,Nguyễn Văn An,Maple Leaf Dental Group,Ontario,97.97,2,customer asked for late delivery to the Brampton warehouse
2024-01-28,ORD-001257,buyer0229@example.com,(416) 555-4599,Oluwaseun Adeyemi,Acme Holdings Ltd,Quebec,78.89,2,customer asked for late delivery to the Brampton warehouse
2024-01-15,ORD-001258,buyer0896@example.com,(416) 555-2809,Zoë Müller,Northwind Traders Inc,Alberta,41.87,1,"call before delivery, dog in the yard"
2024-01-26,ORD-001259,buyer0340@example.com,(416) 555-0425,Oluwaseun Adeyemi,Northwind Traders Inc,Ontario,118.76,2,
2024-01-15,ORD-001260,buyer0327@example.com,(416) 555-0372,Priya Raman,Blue Harbour Logistics,Nova Scotia,49.48,1,customer asked for late delivery to the Brampton warehouse
2024-01-21,ORD-001261,buyer0578@example.com,(416) 555-2590,Priya Raman,Northwind Traders Inc,Quebec,79.78,2,"call before delivery, dog in the yard"
2024-01-27,ORD-001262,buyer0553@example.com,(416) 555-1175,Priya Raman,Maple Leaf Dental Group,Alberta,30.98,1,"second order this month, repeat buyer"
2024-01-16,ORD-001263,buyer0525@example.com,(416) 555-4392,Nguyễn Văn An,Acme Holdings Ltd,Alberta,116.65,3,
2024-01-07,ORD-001264,buyer0832@example.com,(416) 555-1456,Nguyễn Văn An,Acme Holdings Ltd,Quebec,262.47,5,
2024-01-02,ORD-001265,buyer0002@example.com,(416) 555-9399,Zoë Müller,Maple Leaf Dental Group,Nova Scotia,64.14,2,customer asked for late delivery to the Brampton warehouse
2024-01-22,ORD-001266,buyer0257@example.com,(416) 555-5981,Priya Raman,Northwind Traders Inc,Ontario,155.19,3,"second order this month, repeat buyer"
2024-01-07,ORD-001267,buyer0283@example.com,(416) 555-8665,Oluwaseun Adeyemi,Kestrel Analytics Corp,Alberta,102.45,2,
2024-01-23,ORD-001268,buyer0727@example.com,(416) 555-7018,Priya Raman,Blue Harbour Logistics,Ontario,30.80,1,gift wrap and a handwritten card please
2024-01-15,ORD-001269,buyer0459@example.com,(416) 555-9496,Oluwaseun Adeyemi,Maple Leaf Dental Group,Nova Scotia,124.61,4,gift wrap and a handwritten card please
2024-02-21,ORD-001300,buyer0746@example.com,(416) 555-8943,Zoë Müller,Maple Leaf Dental Group,Nova Scotia,177.73,3,
2024-02-06,ORD-001301,buyer0217@example.com,(416) 555-9011,Oluwaseun Adeyemi,Acme Holdings Ltd,Ontario,123.54,4,"second order this month, repeat buyer"
2024-02-09,ORD-001302,buyer0732@example.com,(416) 555-4837,Li Wei,Northwind Traders Inc,Quebec,44.13,1,"call before delivery, dog in the yard"
2024-02-14,ORD-001303,buyer0203@example.com,(416) 555-0357,Oluwaseun Adeyemi,Maple Leaf Dental Group,Ontario,44.77,1,"second order this month, repeat buyer"
2024-02-14,ORD-001304,buyer0280@example.com,(416) 555-1390,Zoë Müller,Maple Leaf Dental Group,Nova Scotia,229.48,5,"second order this month, repeat buyer"
2024-02-19,ORD-001305,buyer0087@example.com,(416) 555-5329,Nguyễn Văn An,Maple Leaf Dental Group,Quebec,33.59,1,"call before delivery, dog in the yard"
2024-02-15,ORD-001306,buyer0821@example.com,(416) 555-4195,Li Wei,Blue Harbour Logistics,Alberta,44.26,1,gift wrap and a handwritten card please
2024-02-18,ORD-001307,buyer0565@example.com,(416) 555-5184,Zoë Müller,Kestrel Analytics Corp,Quebec,214.17,5,
2024-02-06,ORD-001308,buyer0687@example.com,(416) 555-3658,Li Wei,Northwind Traders Inc,Ontario,217.91,5,
2024-02-05,ORD-001309,buyer0513@example.com,(416) 555-5659,Li Wei,Acme Holdings Ltd,Alberta,165.77,3,
2024-02-15,ORD-001310,buyer0622@example.com,(416) 555-7192,Priya Raman,Blue Harbour Logistics,Ontario,114.74,2,"call before delivery, dog in the yard"
2024-02-08,ORD-001311,buyer0102@example.com,(416) 555-8465,Li Wei,Kestrel Analytics Corp,Nova Scotia,39.29,1,"call before delivery, dog in the yard"
2024-02-10,ORD-001312,buyer0419@example.com,(416) 555-7145,Li Wei,Blue Harbour Logistics,Nova Scotia,179.02,5,
2024-02-25,ORD-001313,buyer0344@example.com,(416) 555-4670,Li Wei,Blue Harbour Logistics,Nova Scotia,91.92,2,"call before delivery, dog in the yard"
2024-02-08,ORD-001314,buyer0721@example.com,(416) 555-3073,Oluwaseun Adeyemi,Kestrel Analytics Corp,Nova Scotia,132.18,4,
2024-02-03,ORD-001315,buyer0620@example.com,(416) 555-3058,Priya Raman,Acme Holdings Ltd,Ontario,173.61,3,
2024-02-10,ORD-001316,buyer0730@example.com,(416) 555-3243,Priya Raman,Blue Harbour Logistics,Quebec,37.94,1,"call before delivery, dog in the yard"
2024-02-16,ORD-001317,buyer0366@example.com,(416) 555-5270,José García,Maple Leaf Dental Group,Nova Scotia,111.31,2,
2024-02-26,ORD-001318,buyer0488@example.com,(416) 555-9600,Li Wei,Northwind Traders Inc,Ontario,92.16,3,customer asked for late delivery to the Brampton warehouse
2024-02-26,ORD-001319,buyer0028@example.com,(416) 555-7968,Oluwaseun Adeyemi,Kestrel Analytics Corp,Quebec,88.21,2,"call before delivery, dog in the yard"
2024-02-04,ORD-001320,buyer0235@example.com,(416) 555-8012,Priya Raman,Maple Leaf Dental Group,Alberta,141.87,3,"second order this month, repeat buyer"
2024-02-25,ORD-001321,buyer0869@example.com,(416) 555-7676,Zoë Müller,Northwind Traders Inc,Ontario,219.20,4,
2024-02-09,ORD-001322,buyer0791@example.com,(416) 555-0645,Oluwaseun Adeyemi,Blue Harbour Logistics,Alberta,222.44,5,
2024-02-06,ORD-001323,buyer0894@example.com,(416) 555-7485,Nguyễn Văn An,Acme Holdings Ltd,Quebec,100.02,3,gift wrap and a handwritten card please
2024-02-21,ORD-001324,buyer0829@example.com,(416) 555-8627,Nguyễn Văn An,Blue Harbour Logistics,Quebec,41.81,1,gift wrap and a handwritten card please
2024-02-23,ORD-001325,buyer0042@example.com,(416) 555-6854,José García,Acme Holdings Ltd,Quebec,64.38,2,"second order this month, repeat buyer"
2024-02-11,ORD-001326,buyer0123@example.com,(416) 555-1002,Oluwaseun Adeyemi,Acme Holdings Ltd,Alberta,183.90,5,"second order this month, repeat buyer"
2024-02-04,ORD-001327,buyer0850@example.com,(416) 555-7663,Zoë Müller,Maple Leaf Dental Group,Alberta,167.92,3,"second order this month, repeat buyer"
2024-02-09,ORD-001328,buyer0574@example.com,(416) 555-6429,Li Wei,Blue Harbour Logistics,Quebec,36.77,1,
2024-02-16,ORD-001329,buyer0570@example.com,(416) 555-4218,Oluwaseun Adeyemi,Acme Holdings Ltd,Quebec,236.96,4,gift wrap and a handwritten card please
2024-02-01,ORD-001330,buyer0528@example.com,(416) 555-1197,Li Wei,Acme Holdings Ltd,Nova Scotia,65.42,2,
2024-02-23,ORD-001331,buyer0223@example.com,(416) 555-4570,Zoë Müller,Northwind Traders Inc,Quebec,66.04,2,"second order this month, repeat buyer"
2024-02-07,ORD-001332,buyer0524@example.com,(416) 555-6977,Zoë Müller,Maple Leaf Dental Group,Quebec,241.40,5,"call before delivery, dog in the yard"
2024-02-20,ORD-001333,buyer0588@example.com,(416) 555-5673,Oluwaseun Adeyemi,Blue Harbour Logistics,Ontario,67.46,2,
2024-02-04,ORD-001334,buyer0493@example.com,(416) 555-4332,Zoë Müller,Blue Harbour Logistics,Nova Scotia,56.56,1,
2024-02-11,ORD-001335,buyer0526@example.com,(416) 555-7801,José García,Northwind Traders Inc,Quebec,102.04,2,gift wrap and a handwritten card please
2024-02-24,ORD-001336,buyer0068@example.com,(416) 555-3155,Nguyễn Văn An,Kestrel Analytics Corp,Alberta,269.70,5,gift wrap and a handwritten card please
2024-02-18,ORD-001337,buyer0899@example.com,(416) 555-5445,Priya Raman,Blue Harbour Logistics,Alberta,106.09,2,
2024-02-13,ORD-001338,buyer0554@example.com,(416) 555-9229,Oluwaseun Adeyemi,Northwind Traders Inc,Nova Scotia,252.48,5,
2024-02-02,ORD-001339,buyer0185@example.com,(416) 555-5996,Priya Raman,Blue Harbour Logistics,Alberta,99.86,3,
2024-02-05,ORD-001340,buyer0281@example.com,(416) 555-3984,Priya Raman,Northwind Traders Inc,Alberta,48.93,1,
2024-02-16,ORD-001341,buyer0110@example.com,(416) 555-0556,Oluwaseun Adeyemi,Maple Leaf Dental Group,Nova Scotia,99.39,2,
2024-02-22,ORD-001342,buyer0549@example.com,(416) 555-4260,José García,Kestrel Analytics Corp,Ontario,46.03,1,customer asked for late delivery to the Brampton warehouse
2024-02-10,ORD-001343,buyer0608@example.com,(416) 555-4602,Zoë Müller,Acme Holdings Ltd,Quebec,109.05,2,customer asked for late delivery to the Brampton warehouse
2024-02-20,ORD-001344,buyer0777@example.com,(416) 555-4117,Oluwaseun Adeyemi,Maple Leaf Dental Group,Ontario,59.09,1,
2024-02-05,ORD-001345,buyer0486@example.com,(416) 555-2268,Zoë Müller,Kestrel Analytics Corp,Quebec,188.57,5,customer asked for late delivery to the Brampton warehouse
2024-02-24,ORD-001346,buyer0701@example.com,(416) 555-7166,Oluwaseun Adeyemi,Northwind Traders Inc,Alberta,47.22,1,"call before delivery, dog in the yard"
2024-02-15,ORD-001347,buyer0035@example.com,(416) 555-2050,Li Wei,Blue Harbour Logistics,Quebec,78.79,2,"second order this month, repeat buyer"
2024-02-22,ORD-001348,buyer0552@example.com,(416) 555-8661,Oluwaseun Adeyemi,Blue Harbour Logistics,Nova Scotia,168.89,5,"call before delivery, dog in the yard"
2024-02-06,ORD-001349,buyer0147@example.com,(416) 555-9992,Oluwaseun Adeyemi,Blue Harbour Logistics,Ontario,33.22,1,
2024-02-12,ORD-001350,buyer0116@example.com,(416) 555-4585,José García,Maple Leaf Dental Group,Alberta,159.22,4,customer asked for late delivery to the Brampton warehouse
2024-02-21,ORD-001351,buyer0434@example.com,(416) 555-7433,Li Wei,Northwind Traders Inc,Ontario,119.89,3,
2024-02-20,ORD-001352,buyer0410@example.com,(416) 555-9762,José García,Northwind Traders Inc,Ontario,76.41,2,
2024-02-11,ORD-001353,buyer0442@example.com,(416) 555-7548,Priya Raman,Northwind Traders Inc,Nova Scotia,148.36,3,gift wrap and a handwritten card please
2024-02-10,ORD-001354,buyer0079@example.com,(416) 555-5127,Li Wei,Kestrel Analytics Corp,Quebec,132.10,4,customer asked for late delivery to the Brampton warehouse
2024-02-28,ORD-001355,buyer0850@example.com,(416) 555-4644,Priya Raman,Northwind Traders Inc,Quebec,39.93,1,customer asked for late delivery to the Brampton warehouse
2024-02-25,ORD-001356,buyer0380@example.com,(416) 555-2518,Li Wei,Blue Harbour Logistics,Ontario,114.48,3,
2024-02-09,ORD-001357,buyer0293@example.com,(416) 555-1283,Oluwaseun Adeyemi,Kestrel Analytics Corp,Nova Scotia,127.92,4,
2024-02-03,ORD-001358,buyer0744@example.com,(416) 555-9214,Li Wei,Blue Harbour Logistics,Nova Scotia,37.04,1,
2024-02-13,ORD-001359,buyer0862@example.com,(416) 555-0841,Oluwaseun Adeyemi,Blue Harbour Logistics,Alberta,167.89,5,
2024-02-02,ORD-001360,buyer0774@example.com,(416) 555-6900,José García,Maple Leaf Dental Group,Nova Scotia,70.43,2,gift wrap and a handwritten card please
2024-02-28,ORD-001361,buyer0174@example.com,(416) 555-3906,Li Wei,Kestrel Analytics Corp,Alberta,272.85,5,
2024-02-07,ORD-001362,buyer0401@example.com,(416) 555-2797,José García,Acme Holdings Ltd,Alberta,134.47,4,customer asked for late delivery to the Brampton warehouse
2024-02-06,ORD-001363,buyer0626@example.com,(416) 555-9754,Li Wei,Maple Leaf Dental Group,Quebec,159.20,3,gift wrap and a handwritten card please
2024-02-16,ORD-001364,buyer0290@example.com,(416) 555-3870,Li Wei,Blue Harbour Logistics,Nova Scotia,30.64,1,gift wrap and a handwritten card please
2024-02-11,ORD-001365,buyer0663@example.com,(416) 555-5495,Oluwaseun Adeyemi,Blue Harbour Logistics,Quebec,111.22,2,gift wrap and a handwritten card please
2024-02-21,ORD-001366,buyer0323@example.com,(416) 555-8324,Li Wei,Northwind Traders Inc,Quebec,273.05,5,"call before delivery, dog in the yard"
2024-02-06,ORD-001367,buyer0284@example.com,(416) 555-3382,Li Wei,Northwind Traders Inc,Alberta,96.05,3,customer asked for late delivery to the Brampton warehouse
2024-02-08,ORD-001368,buyer0037@example.com,(416) 555-6886,Li Wei,Maple Leaf Dental Group,Alberta,48.63,1,customer asked for late delivery to the Brampton warehouse
2024-02-03,ORD-001369,buyer0869@example.com,(416) 555-0223,Li Wei,Blue Harbour Logistics,Ontario,58.77,1,"second order this month, repeat buyer"
2024-03-10,ORD-001400,buyer0265@example.com,(416) 555-2795,Priya Raman,Acme Holdings Ltd,Alberta,109.16,2,gift wrap and a handwritten card please
2024-03-17,ORD-001401,buyer0806@example.com,(416) 555-2037,Priya Raman,Northwind Traders Inc,Alberta,117.75,3,"call before delivery, dog in the yard"
2024-03-05,ORD-001402,buyer0024@example.com,(416) 555-6503,Li Wei,Acme Holdings Ltd,Quebec,199.69,4,gift wrap and a handwritten card please
2024-03-22,ORD-001403,buyer0760@example.com,(416) 555-4519,José García,Kestrel Analytics Corp,Ontario,289.82,5,customer asked for late delivery to the Brampton warehouse
2024-03-13,ORD-001404,buyer0118@example.com,(416) 555-8725,Li Wei,Northwind Traders Inc,Alberta,172.09,4,"second order this month, repeat buyer"
2024-03-05,ORD-001405,buyer0745@example.com,(416) 555-6580,Oluwaseun Adeyemi,Acme Holdings Ltd,Nova Scotia,76.15,2,"second order this month, repeat buyer"
2024-03-22,ORD-001406,buyer0060@example.com,(416) 555-9517,José García,Northwind Traders Inc,Quebec,112.44,3,
2024-03-02,ORD-001407,buyer0811@example.com,(416) 555-3465,Zoë Müller,Acme Holdings Ltd,Nova Scotia,44.99,1,"second order this month, repeat buyer"
2024-03-14,ORD-001408,buyer0640@example.com,(416) 555-5452,Oluwaseun Adeyemi,Kestrel Analytics Corp,Alberta,108.94,3,"second order this month, repeat buyer"
2024-03-17,ORD-001409,buyer0714@example.com,(416) 555-2628,José García,Acme Holdings Ltd,Nova Scotia,126.56,4,"call before delivery, dog in the yard"
2024-03-04,ORD-001410,buyer0752@example.com,(416) 555-9105,Priya Raman,Northwind Traders Inc,Nova Scotia,129.02,3,gift wrap and a handwritten card please
2024-03-08,ORD-001411,buyer0077@example.com,(416) 555-1189,Li Wei,Kestrel Analytics Corp,Alberta,113.93,2,gift wrap and a handwritten card please
2024-03-13,ORD-001412,buyer0093@example.com,(416) 555-7192,Nguyễn Văn An,Acme Holdings Ltd,Alberta,236.18,4,
2024-03-25,ORD-001413,buyer0623@example.com,(416) 555-3102,Oluwaseun Adeyemi,Acme Holdings Ltd,Nova Scotia,53.08,1,"call before delivery, dog in the yard"
2024-03-12,ORD-001414,buyer0204@example.com,(416) 555-8980,Zoë Müller,Blue Harbour Logistics,Nova Scotia,45.23,1,customer asked for late delivery to the Brampton warehouse
2024-03-07,ORD-001415,buyer0021@example.com,(416) 555-5841,Zoë Müller,Kestrel Analytics Corp,Quebec,230.26,5,gift wrap and a handwritten card please
2024-03-19,ORD-001416,buyer0382@example.com,(416) 555-8893,Li Wei,Acme Holdings Ltd,Quebec,226.72,4,
2024-03-18,ORD-001417,buyer0868@example.com,(416) 555-7819,Priya Raman,Acme Holdings Ltd,Alberta,53.56,1,gift wrap and a handwritten card please
2024-03-11,ORD-001418,buyer0158@example.com,(416) 555-9284,Zoë Müller,Maple Leaf Dental Group,Alberta,218.12,5,
2024-03-10,ORD-001419,buyer0295@example.com,(416) 555-5391,José García,Maple Leaf Dental Group,Alberta,200.29,4,gift wrap and a handwritten card please
2024-03-27,ORD-001420,buyer0692@example.com,(416) 555-4492,Oluwaseun Adeyemi,Kestrel Analytics Corp,Alberta,132.96,3,"second order this month, repeat buyer"
2024-03-23,ORD-001421,buyer0774@example.com,(416) 555-6529,Li Wei,Northwind Traders Inc,Ontario,79.46,2,"second order this month, repeat buyer"
2024-03-18,ORD-001422,buyer0738@example.com,(416) 555-0088,Oluwaseun Adeyemi,Kestrel Analytics Corp,Ontario,160.40,4,customer asked for late delivery to the Brampton warehouse
2024-03-01,ORD-001423,buyer0123@example.com,(416) 555-6934,Oluwaseun Adeyemi,Acme Holdings Ltd,Quebec,41.08,1,customer asked for late delivery to the Brampton warehouse
2024-03-10,ORD-001424,buyer0754@example.com,(416) 555-7270,Li Wei,Kestrel Analytics Corp,Quebec,181.69,4,"call before delivery, dog in the yard"
2024-03-20,ORD-001425,buyer0539@example.com,(416) 555-5425,Oluwaseun Adeyemi,Maple Leaf Dental Group,Nova Scotia,101.73,2,"second order this month, repeat buyer"
2024-03-13,ORD-001426,buyer0737@example.com,(416) 555-2087,Nguyễn Văn An,Maple Leaf Dental Group,Alberta,162.42,3,"call before delivery, dog in the yard"
2024-03-19,ORD-001427,buyer0735@example.com,(416) 555-0203,José García,Kestrel Analytics Corp,Nova Scotia,48.18,1,gift wrap and a handwritten card please
2024-03-24,ORD-001428,buyer0120@example.com,(416) 555-0733,Li Wei,Acme Holdings Ltd,Alberta,157.96,5,"second order this month, repeat buyer"
2024-03-10,ORD-001429,buyer0423@example.com,(416) 555-8775,José García,Northwind Traders Inc,Quebec,77.12,2,"second order this month, repeat buyer"
2024-03-18,ORD-001430,buyer0466@example.com,(416) 555-3800,Zoë Müller,Blue Harbour Logistics,Nova Scotia,51.62,1,customer asked for late delivery to the Brampton warehouse
2024-03-23,ORD-001431,buyer0637@example.com,(416) 555-8083,Nguyễn Văn An,Blue Harbour Logistics,Quebec,57.72,1,
2024-03-25,ORD-001432,buyer0805@example.com,(416) 555-6661,Li Wei,Northwind Traders Inc,Alberta,100.20,3,customer asked for late delivery to the Brampton warehouse
2024-03-20,ORD-001433,buyer0105@example.com,(416) 555-9362,Priya Raman,Northwind Traders Inc,Alberta,272.55,5,
2024-03-03,ORD-001434,buyer0774@example.com,(416) 555-2937,Zoë Müller,Maple Leaf Dental Group,Quebec,130.91,3,"second order this month, repeat buyer"
2024-03-20,ORD-001435,buyer0791@example.com,(416) 555-8421,Li Wei,Acme Holdings Ltd,Nova Scotia,252.55,5,
2024-03-22,ORD-001436,buyer0025@example.com,(416) 555-3497,Zoë Müller,Acme Holdings Ltd,Ontario,107.96,2,"second order this month, repeat buyer"
2024-03-27,ORD-001437,buyer0380@example.com,(416) 555-8508,Zoë Müller,Blue Harbour Logistics,Quebec,129.79,4,customer asked for late delivery to the Brampton warehouse
2024-03-14,ORD-001438,buyer0689@example.com,(416) 555-5783,Priya Raman,Kestrel Analytics Corp,Quebec,56.06,1,customer asked for late delivery to the Brampton warehouse
2024-03-19,ORD-001439,buyer0859@example.com,(416) 555-8954,Li Wei,Northwind Traders Inc,Quebec,163.82,4,"second order this month, repeat buyer"
2024-03-06,ORD-001440,buyer0808@example.com,(416) 555-9069,José García,Maple Leaf Dental Group,Nova Scotia,195.66,4,customer asked for late delivery to the Brampton warehouse
2024-03-23,ORD-001441,buyer0430@example.com,(416) 555-3252,Oluwaseun Adeyemi,Maple Leaf Dental Group,Alberta,116.48,2,customer asked for late delivery to the Brampton warehouse
2024-03-12,ORD-001442,buyer0643@example.com,(416) 555-1397,Oluwaseun Adeyemi,Blue Harbour Logistics,Ontario,264.89,5,"second order this month, repeat buyer"
2024-03-04,ORD-001443,buyer0266@example.com,(416) 555-9792,Zoë Müller,Kestrel Analytics Corp,Ontario,52.42,1,"second order this month, repeat buyer"
2024-03-12,ORD-001444,buyer0016@example.com,(416) 555-6905,Oluwaseun Adeyemi,Northwind Traders Inc,Quebec,291.76,5,gift wrap and a handwritten card please
2024-03-01,ORD-001445,buyer0327@example.com,(416) 555-6444,Priya Raman,Blue Harbour Logistics,Nova Scotia,48.59,1,customer asked for late delivery to the Brampton warehouse
2024-03-09,ORD-001446,buyer0583@example.com,(416) 555-8193,Nguyễn Văn An,Northwind Traders Inc,Quebec,113.50,2,
2024-03-15,ORD-001447,buyer0544@example.com,(416) 555-7208,Oluwaseun Adeyemi,Northwind Traders Inc,Ontario,151.25,4,"second order this month, repeat buyer"
2024-03-22,ORD-001448,buyer0241@example.com,(416) 555-0916,Zoë Müller,Northwind Traders Inc,Nova Scotia,48.80,1,"call before delivery, dog in the yard"
2024-03-24,ORD-001449,buyer0061@example.com,(416) 555-0170,Li Wei,Northwind Traders Inc,Nova Scotia,119.33,3,customer asked for late delivery to the Brampton warehouse
2024-03-07,ORD-001450,buyer0456@example.com,(416) 555-4456,Zoë Müller,Northwind Traders Inc,Alberta,155.29,3,"second order this month, repeat buyer"
2024-03-24,ORD-001451,buyer0731@example.com,(416) 555-2021,Priya Raman,Maple Leaf Dental Group,Ontario,48.64,1,"second order this month, repeat buyer"
2024-03-28,ORD-001452,buyer0496@example.com,(416) 555-8840,Priya Raman,Maple Leaf Dental Group,Nova Scotia,188.04,5,"call before delivery, dog in the yard"
2024-03-10,ORD-001453,buyer0661@example.com,(416) 555-3689,Priya Raman,Blue Harbour Logistics,Alberta,130.82,4,gift wrap and a handwritten card please
2024-03-01,ORD-001454,buyer0525@example.com,(416) 555-8525,Priya Raman,Blue Harbour Logistics,Alberta,214.42,5,"second order this month, repeat buyer"
2024-03-20,ORD-001455,buyer0246@example.com,(416) 555-6450,Li Wei,Kestrel Analytics Corp,Nova Scotia,39.65,1,
2024-03-16,ORD-001456,buyer0445@example.com,(416) 555-8980,Priya Raman,Maple Leaf Dental Group,Ontario,177.16,3,"call before delivery, dog in the yard"
2024-03-17,ORD-001457,buyer0683@example.com,(416) 555-8859,Nguyễn Văn An,Blue Harbour Logistics,Ontario,140.09,3,"second order this month, repeat buyer"
2024-03-25,ORD-001458,buyer0638@example.com,(416) 555-0591,Zoë Müller,Blue Harbour Logistics,Quebec,109.68,3,gift wrap and a handwritten card please
2024-03-28,ORD-001459,buyer0356@example.com,(416) 555-9970,Li Wei,Acme Holdings Ltd,Nova Scotia,36.72,1,"second order this month, repeat buyer"
2024-03-11,ORD-001460,buyer0444@example.com,(416) 555-8977,Oluwaseun Adeyemi,Blue Harbour Logistics,Nova Scotia,176.97,4,"second order this month, repeat buyer"
2024-03-15,ORD-001461,buyer0464@example.com,(416) 555-5772,José García,Maple Leaf Dental Group,Alberta,134.10,3,gift wrap and a handwritten card please
2024-03-19,ORD-001462,buyer0128@example.com,(416) 555-0092,Zoë Müller,Northwind Traders Inc,Alberta,163.45,5,"call before delivery, dog in the yard"
2024-03-22,ORD-001463,buyer0398@example.com,(416) 555-9926,Zoë Müller,Kestrel Analytics Corp,Alberta,50.82,1,"call before delivery, dog in the yard"
2024-03-15,ORD-001464,buyer0447@example.com,(416) 555-0538,Zoë Müller,Maple Leaf Dental Group,Nova Scotia,131.38,3,gift wrap and a handwritten card please
2024-03-24,ORD-001465,buyer0200@example.com,(416) 555-5043,Nguyễn Văn An,Blue Harbour Logistics,Quebec,54.88,1,
2024-03-02,ORD-001466,buyer0305@example.com,(416) 555-1047,Nguyễn Văn An,Kestrel Analytics Corp,Alberta,138.11,4,"second order this month, repeat buyer"
2024-03-23,ORD-001467,buyer0592@example.com,(416) 555-2031,Priya Raman,Kestrel Analytics Corp,Quebec,108.47,2,gift wrap and a handwritten card please
2024-03-18,ORD-001468,buyer0681@example.com,(416) 555-1801,José García,Kestrel Analytics Corp,Ontario,108.88,3,
2024-03-05,ORD-001469,buyer0361@example.com,(416) 555-5908,José García,Kestrel Analytics Corp,Ontario,292.26,5,"call before delivery, dog in the yard"
2024-04-01,ORD-001500,buyer0890@example.com,(416) 555-3357,Priya Raman,Maple Leaf Dental Group,Alberta,231.39,4,gift wrap and a handwritten card please
2024-04-14,ORD-001501,buyer0472@example.com,(416) 555-9658,Zoë Müller,Kestrel Analytics Corp,Alberta,214.76,5,"second order this month, repeat buyer"
2024-04-18,ORD-001502,buyer0445@example.com,(416) 555-0775,Oluwaseun Adeyemi,Blue Harbour Logistics,Nova Scotia,131.01,4,gift wrap and a handwritten card please
2024-04-11,ORD-001503,buyer0166@example.com,(416) 555-5270,Zoë Müller,Acme Holdings Ltd,Quebec,188.62,5,customer asked for late delivery to the Brampton warehouse
2024-04-22,ORD-001504,buyer0855@example.com,(416) 555-0859,Nguyễn Văn An,Maple Leaf Dental Group,Alberta,121.79,3,gift wrap and a handwritten card please
2024-04-01,ORD-001505,buyer0634@example.com,(416) 555-4831,Priya Raman,Kestrel Analytics Corp,Ontario,47.85,1,"call before delivery, dog in the yard"
2024-04-01,ORD-001506,buyer0757@example.com,(416) 555-1482,Priya Raman,Northwind Traders Inc,Ontario,172.50,4,
2024-04-01,ORD-001507,buyer0858@example.com,(416) 555-7629,Li Wei,Kestrel Analytics Corp,Nova Scotia,174.27,3,"call before delivery, dog in the yard"
2024-04-07,ORD-001508,buyer0641@example.com,(416) 555-9706,Nguyễn Văn An,Acme Holdings Ltd,Ontario,128.43,3,"second order this month, repeat buyer"
2024-04-08,ORD-001509,buyer0495@example.com,(416) 555-1706,Zoë Müller,Northwind Traders Inc,Nova Scotia,177.89,5,customer asked for late delivery to the Brampton warehouse
2024-04-02,ORD-001510,buyer0468@example.com,(416) 555-1428,Oluwaseun Adeyemi,Northwind Traders Inc,Quebec,211.35,5,
2024-04-15,ORD-001511,buyer0187@example.com,(416) 555-8649,Li Wei,Acme Holdings Ltd,Nova Scotia,212.30,4,customer asked for late delivery to the Brampton warehouse
2024-04-18,ORD-001512,buyer0095@example.com,(416) 555-5145,Zoë Müller,Acme Holdings Ltd,Alberta,167.71,4,"second order this month, repeat buyer"
2024-04-15,ORD-001513,buyer0008@example.com,(416) 555-2017,Li Wei,Maple Leaf Dental Group,Nova Scotia,65.71,2,"call before delivery, dog in the yard"
2024-04-23,ORD-001514,buyer0295@example.com,(416) 555-7233,José García,Blue Harbour Logistics,Quebec,47.81,1,"call before delivery, dog in the yard"
2024-04-09,ORD-001515,buyer0794@example.com,(416) 555-4883,Zoë Müller,Northwind Traders Inc,Ontario,109.77,2,customer asked for late delivery to the Brampton warehouse
2024-04-01,ORD-001516,buyer0421@example.com,(416) 555-1917,Zoë Müller,Blue Harbour Logistics,Ontario,106.37,2,"second order this month, repeat buyer"
2024-04-26,ORD-001517,buyer0255@example.com,(416) 555-6702,Li Wei,Acme Holdings Ltd,Nova Scotia,77.79,2,gift wrap and a handwritten card please
2024-04-11,ORD-001518,buyer0237@example.com,(416) 555-5527,Priya Raman,Kestrel Analytics Corp,Nova Scotia,165.19,5,"call before delivery, dog in the yard"
2024-04-06,ORD-001519,buyer0103@example.com,(416) 555-2217,Li Wei,Blue Harbour Logistics,Nova Scotia,91.75,2,gift wrap and a handwritten card please
2024-04-15,ORD-001520,buyer0743@example.com,(416) 555-9939,Oluwaseun Adeyemi,Northwind Traders Inc,Ontario,33.36,1,
2024-04-11,ORD-001521,buyer0608@example.com,(416) 555-2106,Nguyễn Văn An,Acme Holdings Ltd,Ontario,41.03,1,customer asked for late delivery to the Brampton warehouse
2024-04-16,ORD-001522,buyer0358@example.com,(416) 555-1319,Oluwaseun Adeyemi,Acme Holdings Ltd,Alberta,113.25,2,
2024-04-17,ORD-001523,buyer0881@example.com,(416) 555-9813,Nguyễn Văn An,Northwind Traders Inc,Alberta,226.84,5,
2024-04-26,ORD-001524,buyer0010@example.com,(416) 555-5305,Oluwaseun Adeyemi,Northwind Traders Inc,Ontario,126.55,3,customer asked for late delivery to the Brampton warehouse
2024-04-28,ORD-001525,buyer0683@example.com,(416) 555-9271,José García,Kestrel Analytics Corp,Nova Scotia,57.34,1,customer asked for late delivery to the Brampton warehouse
2024-04-25,ORD-001526,buyer0540@example.com,(416) 555-7190,Priya Raman,Kestrel Analytics Corp,Ontario,30.86,1,gift wrap and a handwritten card please
2024-04-28,ORD-001527,buyer0155@example.com,(416) 555-8075,Nguyễn Văn An,Kestrel Analytics Corp,Alberta,264.20,5,
2024-04-21,ORD-001528,buyer0418@example.com,(416) 555-2359,José García,Maple Leaf Dental Group,Ontario,133.00,4,"call before delivery, dog in the yard"
2024-04-27,ORD-001529,buyer0549@example.com,(416) 555-4213,Priya Raman,Northwind Traders Inc,Quebec,208.95,4,customer asked for late delivery to the Brampton warehouse
2024-04-08,ORD-001530,buyer0166@example.com,(416) 555-6079,Priya Raman,Northwind Traders Inc,Quebec,103.42,3,gift wrap and a handwritten card please
2024-04-02,ORD-001531,buyer0341@example.com,(416) 555-5090,Priya Raman,Blue Harbour Logistics,Quebec,37.87,1,customer asked for late delivery to the Brampton warehouse
2024-04-16,ORD-001532,buyer0080@example.com,(416) 555-6618,José García,Blue Harbour Logistics,Alberta,233.47,4,
2024-04-13,ORD-001533,buyer0060@example.com,(416) 555-4456,Zoë Müller,Northwind Traders Inc,Quebec,194.49,4,gift wrap and a handwritten card please
2024-04-09,ORD-001534,buyer0827@example.com,(416) 555-2233,Oluwaseun Adeyemi,Kestrel Analytics Corp,Nova Scotia,113.51,3,"call before delivery, dog in the yard"
2024-04-24,ORD-001535,buyer0027@example.com,(416) 555-1543,Oluwaseun Adeyemi,Acme Holdings Ltd,Quebec,226.79,4,gift wrap and a handwritten card please
2024-04-22,ORD-001536,buyer0388@example.com,(416) 555-8526,Zoë Müller,Kestrel Analytics Corp,Nova Scotia,113.02,2,"second order this month, repeat buyer"
2024-04-08,ORD-001537,buyer0144@example.com,(416) 555-9511,Zoë Müller,Acme Holdings Ltd,Ontario,38.22,1,gift wrap and a handwritten card please
2024-04-13,ORD-001538,buyer0797@example.com,(416) 555-3311,Li Wei,Kestrel Analytics Corp,Alberta,136.58,3,gift wrap and a handwritten card please
2024-04-16,ORD-001539,buyer0646@example.com,(416) 555-8155,Zoë Müller,Acme Holdings Ltd,Alberta,72.63,2,"call before delivery, dog in the yard"
2024-04-07,ORD-001540,buyer0638@example.com,(416) 555-0240,Nguyễn Văn An,Acme Holdings Ltd,Ontario,248.49,5,"second order this month, repeat buyer"
2024-04-27,ORD-001541,buyer0389@example.com,(416) 555-4764,Priya Raman,Acme Holdings Ltd,Alberta,78.03,2,
2024-04-01,ORD-001542,buyer0867@example.com,(416) 555-8101,Li Wei,Northwind Traders Inc,Ontario,37.11,1,gift wrap and a handwritten card please
2024-04-06,ORD-001543,buyer0618@example.com,(416) 555-1247,Priya Raman,Maple Leaf Dental Group,Alberta,155.73,5,"call before delivery, dog in the yard"
2024-04-10,ORD-001544,buyer0473@example.com,(416) 555-5164,José García,Acme Holdings Ltd,Quebec,90.85,3,"call before delivery, dog in the yard"
2024-04-22,ORD-001545,buyer0092@example.com,(416) 555-8574,Li Wei,Kestrel Analytics Corp,Nova Scotia,145.01,3,gift wrap and a handwritten card please
2024-04-13,ORD-001546,buyer0624@example.com,(416) 555-0985,Nguyễn Văn An,Acme Holdings Ltd,Nova Scotia,260.64,5,"second order this month, repeat buyer"
2024-04-10,ORD-001547,buyer0551@example.com,(416) 555-9634,Zoë Müller,Maple Leaf Dental Group,Alberta,88.02,2,
2024-04-19,ORD-001548,buyer0645@example.com,(416) 555-2083,Priya Raman,Northwind Traders Inc,Alberta,40.17,1,
2024-04-14,ORD-001549,buyer0731@example.com,(416) 555-6480,Zoë Müller,Maple Leaf Dental Group,Nova Scotia,55.48,1,
2024-04-28,ORD-001550,buyer0582@example.com,(416) 555-1814,Oluwaseun Adeyemi,Northwind Traders Inc,Nova Scotia,57.39,1,customer asked for late delivery to the Brampton warehouse
2024-04-24,ORD-001551,buyer0354@example.com,(416) 555-2600,Zoë Müller,Acme Holdings Ltd,Alberta,97.32,2,
2024-04-12,ORD-001552,buyer0206@example.com,(416) 555-6271,Nguyễn Văn An,Kestrel Analytics Corp,Alberta,153.76,3,customer asked for late delivery to the Brampton warehouse
2024-04-17,ORD-001553,buyer0216@example.com,(416) 555-0895,Priya Raman,Kestrel Analytics Corp,Alberta,65.25,2,"second order this month, repeat buyer"
2024-04-24,ORD-001554,buyer0038@example.com,(416) 555-1936,Oluwaseun Adeyemi,Northwind Traders Inc,Alberta,182.24,4,gift wrap and a handwritten card please
2024-04-17,ORD-001555,buyer0105@example.com,(416) 555-4777,Oluwaseun Adeyemi,Maple Leaf Dental Group,Quebec,95.32,2,
2024-04-18,ORD-001556,buyer0168@example.com,(416) 555-8125,Zoë Müller,Acme Holdings Ltd,Quebec,156.51,5,"second order this month, repeat buyer"
2024-04-14,ORD-001557,buyer0618@example.com,(416) 555-5739,Oluwaseun Adeyemi,Blue Harbour Logistics,Ontario,105.82,2,"second order this month, repeat buyer"
2024-04-24,ORD-001558,buyer0566@example.com,(416) 555-6770,Oluwaseun Adeyemi,Northwind Traders Inc,Quebec,77.20,2,"second order this month, repeat buyer"
2024-04-20,ORD-001559,buyer0053@example.com,(416) 555-8642,Oluwaseun Adeyemi,Northwind Traders Inc,Quebec,109.05,3,customer asked for late delivery to the Brampton warehouse
2024-04-26,ORD-001560,buyer0422@example.com,(416) 555-3483,Nguyễn Văn An,Acme Holdings Ltd,Ontario,155.88,5,
2024-04-05,ORD-001561,buyer0579@example.com,(416) 555-4784,Priya Raman,Northwind Traders Inc,Alberta,137.08,3,customer asked for late delivery to the Brampton warehouse
2024-04-18,ORD-001562,buyer0496@example.com,(416) 555-1627,José García,Blue Harbour Logistics,Alberta,237.53,4,gift wrap and a handwritten card please
2024-04-21,ORD-001563,buyer0867@example.com,(416) 555-1642,José García,Blue Harbour Logistics,Ontario,159.18,4,"second order this month, repeat buyer"
2024-04-07,ORD-001564,buyer0084@example.com,(416) 555-8381,Li Wei,Northwind Traders Inc,Quebec,33.77,1,"call before delivery, dog in the yard"
2024-04-27,ORD-001565,buyer0874@example.com,(416) 555-0316,Nguyễn Văn An,Blue Harbour Logistics,Quebec,145.98,3,
2024-04-15,ORD-001566,buyer0057@example.com,(416) 555-9040,Nguyễn Văn An,Blue Harbour Logistics,Quebec,83.06,2,"call before delivery, dog in the yard"
2024-04-20,ORD-001567,buyer0348@example.com,(416) 555-2874,Nguyễn Văn An,Blue Harbour Logistics,Ontario,49.32,1,
2024-04-27,ORD-001568,buyer0208@example.com,(416) 555-2239,Zoë Müller,Kestrel Analytics Corp,Alberta,232.68,4,
2024-04-03,ORD-001569,buyer0735@example.com,(416) 555-3506,Priya Raman,Northwind Traders Inc,Ontario,74.98,2,"call before delivery, dog in the yard"
2024-05-02,ORD-001600,buyer0738@example.com,(416) 555-2274,Li Wei,Northwind Traders Inc,Quebec,42.04,1,customer asked for late delivery to the Brampton warehouse
2024-05-24,ORD-001601,buyer0690@example.com,(416) 555-7839,Oluwaseun Adeyemi,Maple Leaf Dental Group,Quebec,206.14,4,gift wrap and a handwritten card please
2024-05-05,ORD-001602,buyer0653@example.com,(416) 555-8202,Li Wei,Northwind Traders Inc,Ontario,107.00,3,customer asked for late delivery to the Brampton warehouse
2024-05-23,ORD-001603,buyer0732@example.com,(416) 555-5536,Li Wei,Acme Holdings Ltd,Quebec,105.56,3,"call before delivery, dog in the yard"
2024-05-01,ORD-001604,buyer0153@example.com,(416) 555-4275,Zoë Müller,Acme Holdings Ltd,Alberta,164.89,4,"second order this month, repeat buyer"
2024-05-15,ORD-001605,buyer0775@example.com,(416) 555-1821,Priya Raman,Acme Holdings Ltd,Quebec,33.77,1,gift wrap and a handwritten card please
2024-05-27,ORD-001606,buyer0666@example.com,(416) 555-9312,Nguyễn Văn An,Acme Holdings Ltd,Nova Scotia,112.47,3,customer asked for late delivery to the Brampton warehouse
2024-05-28,ORD-001607,buyer0354@example.com,(416) 555-1877,Zoë Müller,Maple Leaf Dental Group,Ontario,226.73,4,"call before delivery, dog in the yard"
2024-05-04,ORD-001608,buyer0251@example.com,(416) 555-9963,José García,Acme Holdings Ltd,Nova Scotia,212.04,5,
2024-05-27,ORD-001609,buyer0168@example.com,(416) 555-9097,Priya Raman,Maple Leaf Dental Group,Alberta,143.80,3,"second order this month, repeat buyer"
2024-05-23,ORD-001610,buyer0361@example.com,(416) 555-7646,Li Wei,Kestrel Analytics Corp,Nova Scotia,114.79,2,"second order this month, repeat buyer"
2024-05-22,ORD-001611,buyer0019@example.com,(416) 555-9748,José García,Maple Leaf Dental Group,Alberta,213.99,4,"second order this month, repeat buyer"
2024-05-16,ORD-001612,buyer0006@example.com,(416) 555-2942,Oluwaseun Adeyemi,Blue Harbour Logistics,Alberta,173.03,4,"call before delivery, dog in the yard"
2024-05-27,ORD-001613,buyer0079@example.com,(416) 555-7362,Li Wei,Maple Leaf Dental Group,Ontario,58.61,1,
2024-05-16,ORD-001614,buyer0818@example.com,(416) 555-1633,Priya Raman,Acme Holdings Ltd,Alberta,57.54,1,
2024-05-10,ORD-001615,buyer0013@example.com,(416) 555-3448,Priya Raman,Northwind Traders Inc,Alberta,154.53,3,"second order this month, repeat buyer"
2024-05-15,ORD-001616,buyer0146@example.com,(416) 555-2717,Oluwaseun Adeyemi,Northwind Traders Inc,Alberta,233.30,5,"call before delivery, dog in the yard"
2024-05-03,ORD-001617,buyer0442@example.com,(416) 555-7825,José García,Acme Holdings Ltd,Quebec,111.62,2,"call before delivery, dog in the yard"
2024-05-24,ORD-001618,buyer0316@example.com,(416) 555-9677,Zoë Müller,Maple Leaf Dental Group,Quebec,44.37,1,gift wrap and a handwritten card please
2024-05-21,ORD-001619,buyer0811@example.com,(416) 555-2105,José García,Acme Holdings Ltd,Alberta,293.30,5,"second order this month, repeat buyer"
2024-05-20,ORD-001620,buyer0607@example.com,(416) 555-2310,Oluwaseun Adeyemi,Acme Holdings Ltd,Nova Scotia,39.87,1,customer asked for late delivery to the Brampton warehouse
2024-05-25,ORD-001621,buyer0857@example.com,(416) 555-1925,José García,Blue Harbour Logistics,Nova Scotia,162.90,4,customer asked for late delivery to the Brampton warehouse
2024-05-18,ORD-001622,buyer0486@example.com,(416) 555-7516,José García,Northwind Traders Inc,Nova Scotia,30.50,1,gift wrap and a handwritten card please
2024-05-24,ORD-001623,buyer0587@example.com,(416) 555-1726,José García,Maple Leaf Dental Group,Quebec,174.56,3,"call before delivery, dog in the yard"
2024-05-09,ORD-001624,buyer0280@example.com,(416) 555-2150,Priya Raman,Kestrel Analytics Corp,Alberta,48.24,1,
2024-05-09,ORD-001625,buyer0749@example.com,(416) 555-7585,Li Wei,Acme Holdings Ltd,Quebec,34.19,1,customer asked for late delivery to the Brampton warehouse
2024-05-15,ORD-001626,buyer0719@example.com,(416) 555-9782,Zoë Müller,Northwind Traders Inc,Nova Scotia,179.86,3,
2024-05-16,ORD-001627,buyer0491@example.com,(416) 555-8946,Oluwaseun Adeyemi,Acme Holdings Ltd,Nova Scotia,217.80,5,
2024-05-17,ORD-001628,buyer0620@example.com,(416) 555-8307,José García,Acme Holdings Ltd,Alberta,167.07,3,"call before delivery, dog in the yard"
2024-05-24,ORD-001629,buyer0032@example.com,(416) 555-4338,Priya Raman,Blue Harbour Logistics,Nova Scotia,159.27,5,
2024-05-19,ORD-001630,buyer0771@example.com,(416) 555-8764,José García,Kestrel Analytics Corp,Nova Scotia,109.84,2,
2024-05-11,ORD-001631,buyer0636@example.com,(416) 555-1544,Zoë Müller,Northwind Traders Inc,Alberta,230.02,4,
2024-05-12,ORD-001632,buyer0683@example.com,(416) 555-2785,Nguyễn Văn An,Maple Leaf Dental Group,Nova Scotia,100.30,2,"call before delivery, dog in the yard"
2024-05-24,ORD-001633,buyer0863@example.com,(416) 555-0682,Zoë Müller,Acme Holdings Ltd,Ontario,177.43,3,
2024-05-28,ORD-001634,buyer0872@example.com,(416) 555-4345,Zoë Müller,Northwind Traders Inc,Ontario,75.15,2,customer asked for late delivery to the Brampton warehouse
2024-05-06,ORD-001635,buyer0104@example.com,(416) 555-8890,Nguyễn Văn An,Maple Leaf Dental Group,Alberta,192.14,4,
2024-05-02,ORD-001636,buyer0678@example.com,(416) 555-6174,José García,Northwind Traders Inc,Nova Scotia,183.72,4,gift wrap and a handwritten card please
2024-05-17,ORD-001637,buyer0248@example.com,(416) 555-8875,Priya Raman,Acme Holdings Ltd,Nova Scotia,104.20,3,
2024-05-23,ORD-001638,buyer0432@example.com,(416) 555-8442,Oluwaseun Adeyemi,Maple Leaf Dental Group,Ontario,140.89,3,gift wrap and a handwritten card please
2024-05-26,ORD-001639,buyer0252@example.com,(416) 555-2021,Oluwaseun Adeyemi,Blue Harbour Logistics,Ontario,72.11,2,"second order this month, repeat buyer"
2024-05-06,ORD-001640,buyer0028@example.com,(416) 555-3109,José García,Maple Leaf Dental Group,Nova Scotia,154.92,3,gift wrap and a handwritten card please
2024-05-18,ORD-001641,buyer0025@example.com,(416) 555-1632,Li Wei,Northwind Traders Inc,Alberta,278.53,5,"call before delivery, dog in the yard"
2024-05-25,ORD-001642,buyer0554@example.com,(416) 555-2511,Priya Raman,Blue Harbour Logistics,Ontario,236.37,5,customer asked for late delivery to the Brampton warehouse
2024-05-08,ORD-001643,buyer0823@example.com,(416) 555-6977,José García,Maple Leaf Dental Group,Quebec,30.91,1,
2024-05-01,ORD-001644,buyer0265@example.com,(416) 555-6400,Nguyễn Văn An,Acme Holdings Ltd,Ontario,42.92,1,customer asked for late delivery to the Brampton warehouse
2024-05-14,ORD-001645,buyer0155@example.com,(416) 555-5029,Zoë Müller,Northwind Traders Inc,Nova Scotia,165.84,4,
2024-05-24,ORD-001646,buyer0223@example.com,(416) 555-9766,Li Wei,Acme Holdings Ltd,Quebec,202.29,4,
2024-05-27,ORD-001647,buyer0336@example.com,(416) 555-0482,Priya Raman,Kestrel Analytics Corp,Ontario,55.40,1,"call before delivery, dog in the yard"
2024-05-11,ORD-001648,buyer0339@example.com,(416) 555-6779,Oluwaseun Adeyemi,Northwind Traders Inc,Quebec,55.33,1,gift wrap and a handwritten card please
2024-05-10,ORD-001649,buyer0088@example.com,(416) 555-1000,Zoë Müller,Maple Leaf Dental Group,Nova Scotia,158.05,4,customer asked for late delivery to the Brampton warehouse
2024-05-11,ORD-001650,buyer0866@example.com,(416) 555-5998,Priya Raman,Maple Leaf Dental Group,Ontario,171.99,4,"call before delivery, dog in the yard"
2024-05-15,ORD-001651,buyer0441@example.com,(416) 555-1624,Li Wei,Northwind Traders Inc,Ontario,86.19,2,
2024-05-05,ORD-001652,buyer0371@example.com,(416) 555-5766,Zoë Müller,Blue Harbour Logistics,Alberta,219.71,5,
2024-05-17,ORD-001653,buyer0394@example.com,(416) 555-1499,José García,Northwind Traders Inc,Ontario,82.45,2,gift wrap and a handwritten card please
2024-05-17,ORD-001654,buyer0899@example.com,(416) 555-9893,Li Wei,Blue Harbour Logistics,Alberta,206.60,4,"second order this month, repeat buyer"
2024-05-26,ORD-001655,buyer0792@example.com,(416) 555-3543,Oluwaseun Adeyemi,Maple Leaf Dental Group,Alberta,84.60,2,gift wrap and a handwritten card please
2024-05-17,ORD-001656,buyer0120@example.com,(416) 555-7871,Priya Raman,Kestrel Analytics Corp,Alberta,83.92,2,"second order this month, repeat buyer"
2024-05-27,ORD-001657,buyer0409@example.com,(416) 555-1750,Oluwaseun Adeyemi,Kestrel Analytics Corp,Quebec,52.43,1,"call before delivery, dog in the yard"
2024-05-23,ORD-001658,buyer0721@example.com,(416) 555-4784,Priya Raman,Maple Leaf Dental Group,Quebec,51.42,1,"second order this month, repeat buyer"
2024-05-18,ORD-001659,buyer0065@example.com,(416) 555-4213,Oluwaseun Adeyemi,Blue Harbour Logistics,Ontario,95.98,3,
2024-05-16,ORD-001660,buyer0430@example.com,(416) 555-0196,Oluwaseun Adeyemi,Acme Holdings Ltd,Nova Scotia,196.75,4,
2024-05-14,ORD-001661,buyer0581@example.com,(416) 555-1088,Priya Raman,Northwind Traders Inc,Ontario,96.37,2,gift wrap and a handwritten card please
2024-05-20,ORD-001662,buyer0256@example.com,(416) 555-1862,Li Wei,Maple Leaf Dental Group,Quebec,103.65,3,customer asked for late delivery to the Brampton warehouse
2024-05-13,ORD-001663,buyer0815@example.com,(416) 555-4018,Zoë Müller,Northwind Traders Inc,Nova Scotia,50.55,1,gift wrap and a handwritten card please
2024-05-21,ORD-001664,buyer0368@example.com,(416) 555-1832,Priya Raman,Northwind Traders Inc,Alberta,292.09,5,customer asked for late delivery to the Brampton warehouse
2024-05-18,ORD-001665,buyer0853@example.com,(416) 555-7892,Li Wei,Maple Leaf Dental Group,Nova Scotia,90.24,3,gift wrap and a handwritten card please
2024-05-09,ORD-001666,buyer0852@example.com,(416) 555-9706,Oluwaseun Adeyemi,Kestrel Analytics Corp,Ontario,114.54,3,"call before delivery, dog in the yard"
2024-05-15,ORD-001667,buyer0832@example.com,(416) 555-3563,Zoë Müller,Blue Harbour Logistics,Ontario,134.11,4,"second order this month, repeat buyer"
2024-05-24,ORD-001668,buyer0762@example.com,(416) 555-4626,Priya Raman,Northwind Traders Inc,Nova Scotia,223.33,4,
2024-05-06,ORD-001669,buyer0708@example.com,(416) 555-7522,Priya Raman,Acme Holdings Ltd,Alberta,202.61,5,customer asked for late delivery to the Brampton warehouse
2024-06-28,ORD-001700,buyer0664@example.com,(416) 555-5791,Oluwaseun Adeyemi,Acme Holdings Ltd,Alberta,236.36,4,"call before delivery, dog in the yard"
2024-06-26,ORD-001701,buyer0025@example.com,(416) 555-9601,Oluwaseun Adeyemi,Maple Leaf Dental Group,Ontario,104.71,3,
2024-06-26,ORD-001702,buyer0846@example.com,(416) 555-6979,Zoë Müller,Maple Leaf Dental Group,Ontario,203.27,5,"call before delivery, dog in the yard"
2024-06-07,ORD-001703,buyer0265@example.com,(416) 555-4216,Priya Raman,Northwind Traders Inc,Ontario,86.10,2,
2024-06-13,ORD-001704,buyer0581@example.com,(416) 555-2897,José García,Acme Holdings Ltd,Alberta,120.39,3,
2024-06-19,ORD-001705,buyer0888@example.com,(416) 555-0087,Zoë Müller,Maple Leaf Dental Group,Ontario,101.36,3,"call before delivery, dog in the yard"
2024-06-11,ORD-001706,buyer0409@example.com,(416) 555-4546,Zoë Müller,Maple Leaf Dental Group,Alberta,148.56,3,
2024-06-02,ORD-001707,buyer0340@example.com,(416) 555-6890,Li Wei,Blue Harbour Logistics,Ontario,233.65,5,customer asked for late delivery to the Brampton warehouse
2024-06-07,ORD-001708,buyer0478@example.com,(416) 555-5493,Zoë Müller,Kestrel Analytics Corp,Ontario,124.86,4,customer asked for late delivery to the Brampton warehouse
2024-06-15,ORD-001709,buyer0407@example.com,(416) 555-3914,Li Wei,Acme Holdings Ltd,Ontario,163.72,5,
2024-06-25,ORD-001710,buyer0496@example.com,(416) 555-2753,Priya Raman,Kestrel Analytics Corp,Alberta,134.82,4,
2024-06-17,ORD-001711,buyer0792@example.com,(416) 555-0617,Oluwaseun Adeyemi,Acme Holdings Ltd,Alberta,234.26,4,"second order this month, repeat buyer"
2024-06-09,ORD-001712,buyer0728@example.com,(416) 555-2625,Priya Raman,Kestrel Analytics Corp,Alberta,32.29,1,
2024-06-24,ORD-001713,buyer0847@example.com,(416) 555-3471,Nguyễn Văn An,Acme Holdings Ltd,Nova Scotia,165.47,5,"call before delivery, dog in the yard"
2024-06-22,ORD-001714,buyer0732@example.com,(416) 555-7592,José García,Northwind Traders Inc,Ontario,143.14,4,
2024-06-03,ORD-001715,buyer0436@example.com,(416) 555-5371,Priya Raman,Northwind Traders Inc,Nova Scotia,156.14,3,gift wrap and a handwritten card please
2024-06-25,ORD-001716,buyer0231@example.com,(416) 555-4425,Oluwaseun Adeyemi,Blue Harbour Logistics,Nova Scotia,198.90,4,"second order this month, repeat buyer"
2024-06-03,ORD-001717,buyer0065@example.com,(416) 555-3993,Priya Raman,Blue Harbour Logistics,Ontario,173.41,3,"second order this month, repeat buyer"
2024-06-02,ORD-001718,buyer0288@example.com,(416) 555-4638,Priya Raman,Blue Harbour Logistics,Alberta,54.77,1,
2024-06-10,ORD-001719,buyer0274@example.com,(416) 555-8115,Li Wei,Maple Leaf Dental Group,Quebec,37.71,1,customer asked for late delivery to the Brampton warehouse
2024-06-22,ORD-001720,buyer0602@example.com,(416) 555-6054,Priya Raman,Acme Holdings Ltd,Ontario,47.69,1,"call before delivery, dog in the yard"
2024-06-01,ORD-001721,buyer0493@example.com,(416) 555-0288,Zoë Müller,Acme Holdings Ltd,Quebec,159.87,5,"second order this month, repeat buyer"
2024-06-07,ORD-001722,buyer0065@example.com,(416) 555-8132,Nguyễn Văn An,Kestrel Analytics Corp,Quebec,40.44,1,
2024-06-04,ORD-001723,buyer0880@example.com,(416) 555-1130,Zoë Müller,Blue Harbour Logistics,Ontario,40.12,1,"call before delivery, dog in the yard"
2024-06-03,ORD-001724,buyer0859@example.com,(416) 555-0243,Zoë Müller,Kestrel Analytics Corp,Ontario,169.13,4,
2024-06-21,ORD-001725,buyer0169@example.com,(416) 555-5148,Oluwaseun Adeyemi,Maple Leaf Dental Group,Nova Scotia,195.96,4,
2024-06-09,ORD-001726,buyer0144@example.com,(416) 555-8321,Li Wei,Kestrel Analytics Corp,Alberta,174.02,4,
2024-06-25,ORD-001727,buyer0631@example.com,(416) 555-5302,Oluwaseun Adeyemi,Maple Leaf Dental Group,Ontario,227.74,4,gift wrap and a handwritten card please
2024-06-24,ORD-001728,buyer0898@example.com,(416) 555-1049,Li Wei,Northwind Traders Inc,Quebec,201.63,5,
2024-06-14,ORD-001729,buyer0346@example.com,(416) 555-5275,José García,Kestrel Analytics Corp,Nova Scotia,107.90,2,
2024-06-20,ORD-001730,buyer0402@example.com,(416) 555-5594,Priya Raman,Maple Leaf Dental Group,Nova Scotia,116.47,3,"second order this month, repeat buyer"
2024-06-09,ORD-001731,buyer0650@example.com,(416) 555-0907,Li Wei,Kestrel Analytics Corp,Quebec,233.51,4,"call before delivery, dog in the yard"
2024-06-03,ORD-001732,buyer0251@example.com,(416) 555-9845,Li Wei,Kestrel Analytics Corp,Ontario,40.17,1,"second order this month, repeat buyer"
2024-06-19,ORD-001733,buyer0334@example.com,(416) 555-2774,Nguyễn Văn An,Blue Harbour Logistics,Quebec,113.64,3,
2024-06-02,ORD-001734,buyer0540@example.com,(416) 555-4754,Nguyễn Văn An,Northwind Traders Inc,Quebec,116.34,2,
2024-06-02,ORD-001735,buyer0806@example.com,(416) 555-1481,José García,Northwind Traders Inc,Ontario,174.23,4,gift wrap and a handwritten card please
2024-06-17,ORD-001736,buyer0324@example.com,(416) 555-7039,José García,Blue Harbour Logistics,Alberta,31.15,1,
2024-06-04,ORD-001737,buyer0805@example.com,(416) 555-6169,Li Wei,Blue Harbour Logistics,Alberta,174.37,3,gift wrap and a handwritten card please
2024-06-04,ORD-001738,buyer0339@example.com,(416) 555-4093,Oluwaseun Adeyemi,Northwind Traders Inc,Quebec,111.58,2,"second order this month, repeat buyer"
2024-06-10,ORD-001739,buyer0886@example.com,(416) 555-5159,Li Wei,Maple Leaf Dental Group,Quebec,260.87,5,gift wrap and a handwritten card please
2024-06-12,ORD-001740,buyer0702@example.com,(416) 555-1195,Nguyễn Văn An,Blue Harbour Logistics,Nova Scotia,202.49,4,customer asked for late delivery to the Brampton warehouse
2024-06-09,ORD-001741,buyer0296@example.com,(416) 555-9473,Oluwaseun Adeyemi,Northwind Traders Inc,Ontario,132.25,4,gift wrap and a handwritten card please
2024-06-20,ORD-001742,buyer0575@example.com,(416) 555-4667,José García,Kestrel Analytics Corp,Ontario,173.78,5,"second order this month, repeat buyer"
2024-06-11,ORD-001743,buyer0639@example.com,(416) 555-3744,José García,Northwind Traders Inc,Ontario,179.77,5,
2024-06-21,ORD-001744,buyer0426@example.com,(416) 555-5535,Nguyễn Văn An,Acme Holdings Ltd,Nova Scotia,224.60,4,gift wrap and a handwritten card please
2024-06-07,ORD-001745,buyer0126@example.com,(416) 555-9706,José García,Northwind Traders Inc,Ontario,37.54,1,gift wrap and a handwritten card please
2024-06-02,ORD-001746,buyer0316@example.com,(416) 555-8779,Zoë Müller,Northwind Traders Inc,Nova Scotia,268.79,5,customer asked for late delivery to the Brampton warehouse
2024-06-24,ORD-001747,buyer0789@example.com,(416) 555-6263,Nguyễn Văn An,Maple Leaf Dental Group,Alberta,91.71,3,customer asked for late delivery to the Brampton warehouse
2024-06-12,ORD-001748,buyer0409@example.com,(416) 555-5136,Oluwaseun Adeyemi,Acme Holdings Ltd,Alberta,158.43,4,
2024-06-08,ORD-001749,buyer0830@example.com,(416) 555-2530,Oluwaseun Adeyemi,Kestrel Analytics Corp,Alberta,256.41,5,gift wrap and a handwritten card please
2024-06-04,ORD-001750,buyer0049@example.com,(416) 555-1947,Oluwaseun Adeyemi,Acme Holdings Ltd,Nova Scotia,81.11,2,
2024-06-19,ORD-001751,buyer0387@example.com,(416) 555-8813,Zoë Müller,Kestrel Analytics Corp,Nova Scotia,42.85,1,gift wrap and a handwritten card please
2024-06-16,ORD-001752,buyer0800@example.com,(416) 555-2411,Priya Raman,Kestrel Analytics Corp,Nova Scotia,176.20,5,gift wrap and a handwritten card please
2024-06-27,ORD-001753,buyer0831@example.com,(416) 555-3090,Zoë Müller,Kestrel Analytics Corp,Alberta,113.53,3,customer asked for late delivery to the Brampton warehouse
2024-06-19,ORD-001754,buyer0666@example.com,(416) 555-4266,Nguyễn Văn An,Acme Holdings Ltd,Ontario,99.16,3,
2024-06-27,ORD-001755,buyer0634@example.com,(416) 555-8587,Nguyễn Văn An,Maple Leaf Dental Group,Nova Scotia,89.50,2,customer asked for late delivery to the Brampton warehouse
2024-06-19,ORD-001756,buyer0257@example.com,(416) 555-6554,Nguyễn Văn An,Northwind Traders Inc,Alberta,221.76,4,"second order this month, repeat buyer"
2024-06-23,ORD-001757,buyer0181@example.com,(416) 555-2714,Nguyễn Văn An,Maple Leaf Dental Group,Nova Scotia,123.35,3,"second order this month, repeat buyer"
2024-06-01,ORD-001758,buyer0054@example.com,(416) 555-0773,Nguyễn Văn An,Blue Harbour Logistics,Nova Scotia,83.85,2,gift wrap and a handwritten card please
2024-06-19,ORD-001759,buyer0120@example.com,(416) 555-5015,Zoë Müller,Northwind Traders Inc,Nova Scotia,63.61,2,customer asked for late delivery to the Brampton warehouse
2024-06-09,ORD-001760,buyer0678@example.com,(416) 555-7307,Li Wei,Northwind Traders Inc,Ontario,169.11,3,gift wrap and a handwritten card please
2024-06-26,ORD-001761,buyer0677@example.com,(416) 555-7062,Nguyễn Văn An,Acme Holdings Ltd,Ontario,189.79,4,
2024-06-16,ORD-001762,buyer0846@example.com,(416) 555-1345,José García,Acme Holdings Ltd,Alberta,34.68,1,gift wrap and a handwritten card please
2024-06-06,ORD-001763,buyer0048@example.com,(416) 555-4485,José García,Acme Holdings Ltd,Ontario,122.24,4,gift wrap and a handwritten card please
2024-06-24,ORD-001764,buyer0798@example.com,(416) 555-0058,Priya Raman,Northwind Traders Inc,Nova Scotia,95.25,3,"call before delivery, dog in the yard"
2024-06-08,ORD-001765,buyer0092@example.com,(416) 555-8850,Nguyễn Văn An,Northwind Traders Inc,Nova Scotia,34.41,1,
2024-06-10,ORD-001766,buyer0333@example.com,(416) 555-1026,Priya Raman,Maple Leaf Dental Group,Quebec,294.97,5,"call before delivery, dog in the yard"
2024-06-23,ORD-001767,buyer0162@example.com,(416) 555-0145,Li Wei,Kestrel Analytics Corp,Nova Scotia,287.04,5,gift wrap and a handwritten card please
2024-06-14,ORD-001768,buyer0427@example.com,(416) 555-4115,Priya Raman,Maple Leaf Dental Group,Quebec,112.89,3,
2024-06-14,ORD-001769,buyer0404@example.com,(416) 555-1523,Nguyễn Văn An,Acme Holdings Ltd,Nova Scotia,155.75,3,gift wrap and a handwritten card please
2024-07-09,ORD-001800,buyer0123@example.com,(416) 555-9661,Priya Raman,Northwind Traders Inc,Alberta,175.53,3,gift wrap and a handwritten card please
2024-07-10,ORD-001801,buyer0875@example.com,(416) 555-1325,José García,Blue Harbour Logistics,Nova Scotia,119.12,3,"second order this month, repeat buyer"
2024-07-20,ORD-001802,buyer0335@example.com,(416) 555-8104,José García,Northwind Traders Inc,Quebec,282.09,5,
2024-07-13,ORD-001803,buyer0320@example.com,(416) 555-4154,Oluwaseun Adeyemi,Northwind Traders Inc,Quebec,186.30,5,"second order this month, repeat buyer"
2024-07-23,ORD-001804,buyer0363@example.com,(416) 555-5875,Zoë Müller,Kestrel Analytics Corp,Alberta,169.63,4,customer asked for late delivery to the Brampton warehouse
2024-07-04,ORD-001805,buyer0380@example.com,(416) 555-4301,Priya Raman,Blue Harbour Logistics,Nova Scotia,172.50,3,"call before delivery, dog in the yard"
2024-07-20,ORD-001806,buyer0525@example.com,(416) 555-8307,Li Wei,Maple Leaf Dental Group,Ontario,159.31,3,customer asked for late delivery to the Brampton warehouse
2024-07-13,ORD-001807,buyer0363@example.com,(416) 555-0362,José García,Acme Holdings Ltd,Nova Scotia,46.83,1,
2024-07-15,ORD-001808,buyer0725@example.com,(416) 555-6991,Nguyễn Văn An,Northwind Traders Inc,Alberta,193.94,4,
2024-07-20,ORD-001809,buyer0501@example.com,(416) 555-3970,Priya Raman,Kestrel Analytics Corp,Nova Scotia,94.40,2,customer asked for late delivery to the Brampton warehouse
2024-07-06,ORD-001810,buyer0292@example.com,(416) 555-5401,Zoë Müller,Acme Holdings Ltd,Ontario,266.87,5,"second order this month, repeat buyer"
2024-07-13,ORD-001811,buyer0214@example.com,(416) 555-5099,Oluwaseun Adeyemi,Kestrel Analytics Corp,Nova Scotia,96.48,2,customer asked for late delivery to the Brampton warehouse
2024-07-16,ORD-001812,buyer0897@example.com,(416) 555-8770,Oluwaseun Adeyemi,Northwind Traders Inc,Ontario,121.14,4,gift wrap and a handwritten card please
2024-07-15,ORD-001813,buyer0627@example.com,(416) 555-7544,Oluwaseun Adeyemi,Blue Harbour Logistics,Ontario,136.63,3,gift wrap and a handwritten card please
2024-07-16,ORD-001814,buyer0354@example.com,(416) 555-0170,Li Wei,Maple Leaf Dental Group,Ontario,79.77,2,"second order this month, repeat buyer"
2024-07-22,ORD-001815,buyer0232@example.com,(416) 555-1939,José García,Blue Harbour Logistics,Ontario,30.23,1,"call before delivery, dog in the yard"
2024-07-02,ORD-001816,buyer0393@example.com,(416) 555-3035,Oluwaseun Adeyemi,Maple Leaf Dental Group,Alberta,131.44,3,customer asked for late delivery to the Brampton warehouse
2024-07-15,ORD-001817,buyer0670@example.com,(416) 555-6891,Li Wei,Blue Harbour Logistics,Nova Scotia,291.71,5,"call before delivery, dog in the yard"
2024-07-04,ORD-001818,buyer0117@example.com,(416) 555-0347,José García,Acme Holdings Ltd,Nova Scotia,276.50,5,gift wrap and a handwritten card please
2024-07-22,ORD-001819,buyer0141@example.com,(416) 555-7067,Zoë Müller,Northwind Traders Inc,Alberta,50.03,1,"call before delivery, dog in the yard"
2024-07-14,ORD-001820,buyer0482@example.com,(416) 555-0228,José García,Maple Leaf Dental Group,Alberta,100.18,3,
2024-07-24,ORD-001821,buyer0105@example.com,(416) 555-2815,Zoë Müller,Blue Harbour Logistics,Nova Scotia,56.22,1,
2024-07-08,ORD-001822,buyer0135@example.com,(416) 555-3381,Priya Raman,Acme Holdings Ltd,Nova Scotia,37.15,1,
2024-07-20,ORD-001823,buyer0022@example.com,(416) 555-0824,Nguyễn Văn An,Acme Holdings Ltd,Ontario,64.90,2,"call before delivery, dog in the yard"
2024-07-15,ORD-001824,buyer0778@example.com,(416) 555-1278,Oluwaseun Adeyemi,Maple Leaf Dental Group,Quebec,151.68,3,"call before delivery, dog in the yard"
2024-07-01,ORD-001825,buyer0521@example.com,(416) 555-7227,Nguyễn Văn An,Blue Harbour Logistics,Alberta,267.18,5,customer asked for late delivery to the Brampton warehouse
2024-07-01,ORD-001826,buyer0289@example.com,(416) 555-6714,Oluwaseun Adeyemi,Acme Holdings Ltd,Alberta,73.64,2,customer asked for late delivery to the Brampton warehouse
2024-07-09,ORD-001827,buyer0133@example.com,(416) 555-3385,Nguyễn Văn An,Blue Harbour Logistics,Quebec,253.37,5,gift wrap and a handwritten card please
2024-07-10,ORD-001828,buyer0253@example.com,(416) 555-1490,José García,Kestrel Analytics Corp,Ontario,221.56,5,gift wrap and a handwritten card please
2024-07-22,ORD-001829,buyer0868@example.com,(416) 555-0070,Zoë Müller,Blue Harbour Logistics,Quebec,230.86,4,"second order this month, repeat buyer"
2024-07-21,ORD-001830,buyer0836@example.com,(416) 555-4697,Zoë Müller,Blue Harbour Logistics,Quebec,30.76,1,gift wrap and a handwritten card please
2024-07-23,ORD-001831,buyer0546@example.com,(416) 555-6971,Zoë Müller,Kestrel Analytics Corp,Quebec,158.77,3,customer asked for late delivery to the Brampton warehouse
2024-07-15,ORD-001832,buyer0162@example.com,(416) 555-2265,Oluwaseun Adeyemi,Blue Harbour Logistics,Quebec,91.54,2,
2024-07-17,ORD-001833,buyer0460@example.com,(416) 555-0335,Oluwaseun Adeyemi,Maple Leaf Dental Group,Quebec,287.79,5,"call before delivery, dog in the yard"
2024-07-14,ORD-001834,buyer0761@example.com,(416) 555-1661,Li Wei,Acme Holdings Ltd,Quebec,79.90,2,gift wrap and a handwritten card please
2024-07-24,ORD-001835,buyer0445@example.com,(416) 555-7941,Oluwaseun Adeyemi,Maple Leaf Dental Group,Ontario,161.93,3,"second order this month, repeat buyer"
2024-07-07,ORD-001836,buyer0382@example.com,(416) 555-2534,Oluwaseun Adeyemi,Acme Holdings Ltd,Nova Scotia,32.78,1,gift wrap and a handwritten card please
2024-07-19,ORD-001837,buyer0399@example.com,(416) 555-0122,Priya Raman,Maple Leaf Dental Group,Quebec,165.05,3,gift wrap and a handwritten card please
2024-07-06,ORD-001838,buyer0257@example.com,(416) 555-6431,Oluwaseun Adeyemi,Blue Harbour Logistics,Nova Scotia,74.13,2,"call before delivery, dog in the yard"
2024-07-22,ORD-001839,buyer0020@example.com,(416) 555-6717,Oluwaseun Adeyemi,Maple Leaf Dental Group,Ontario,227.73,5,"second order this month, repeat buyer"
2024-07-03,ORD-001840,buyer0610@example.com,(416) 555-4772,Priya Raman,Kestrel Analytics Corp,Quebec,70.88,2,customer asked for late delivery to the Brampton warehouse
2024-07-08,ORD-001841,buyer0067@example.com,(416) 555-2439,Nguyễn Văn An,Acme Holdings Ltd,Quebec,295.31,5,customer asked for late delivery to the Brampton warehouse
2024-07-28,ORD-001842,buyer0636@example.com,(416) 555-2466,Nguyễn Văn An,Blue Harbour Logistics,Quebec,149.62,4,
2024-07-23,ORD-001843,buyer0254@example.com,(416) 555-2915,Zoë Müller,Acme Holdings Ltd,Alberta,232.80,4,
2024-07-19,ORD-001844,buyer0057@example.com,(416) 555-1886,Oluwaseun Adeyemi,Northwind Traders Inc,Nova Scotia,84.97,2,gift wrap and a handwritten card please
2024-07-10,ORD-001845,buyer0163@example.com,(416) 555-2799,Oluwaseun Adeyemi,Blue Harbour Logistics,Ontario,227.22,4,
2024-07-23,ORD-001846,buyer0314@example.com,(416) 555-9312,Oluwaseun Adeyemi,Northwind Traders Inc,Alberta,208.50,4,
2024-07-24,ORD-001847,buyer0845@example.com,(416) 555-4688,Li Wei,Kestrel Analytics Corp,Quebec,177.57,5,
2024-07-04,ORD-001848,buyer0051@example.com,(416) 555-0353,Oluwaseun Adeyemi,Blue Harbour Logistics,Quebec,30.47,1,gift wrap and a handwritten card please
2024-07-19,ORD-001849,buyer0438@example.com,(416) 555-5132,José García,Acme Holdings Ltd,Quebec,57.11,1,"second order this month, repeat buyer"
2024-07-09,ORD-001850,buyer0405@example.com,(416) 555-8268,Nguyễn Văn An,Acme Holdings Ltd,Nova Scotia,128.60,4,gift wrap and a handwritten card please
2024-07-07,ORD-001851,buyer0176@example.com,(416) 555-5857,Li Wei,Acme Holdings Ltd,Ontario,236.70,4,
2024-07-17,ORD-001852,buyer0673@example.com,(416) 555-9696,José García,Maple Leaf Dental Group,Ontario,96.83,3,gift wrap and a handwritten card please
2024-07-24,ORD-001853,buyer0324@example.com,(416) 555-7775,Nguyễn Văn An,Maple Leaf Dental Group,Ontario,136.23,3,customer asked for late delivery to the Brampton warehouse
2024-07-22,ORD-001854,buyer0382@example.com,(416) 555-4862,Priya Raman,Northwind Traders Inc,Alberta,101.41,2,"second order this month, repeat buyer"
2024-07-27,ORD-001855,buyer0762@example.com,(416) 555-8164,Oluwaseun Adeyemi,Northwind Traders Inc,Nova Scotia,164.64,3,gift wrap and a handwritten card please
2024-07-04,ORD-001856,buyer0310@example.com,(416) 555-0997,Li Wei,Northwind Traders Inc,Quebec,32.18,1,
2024-07-11,ORD-001857,buyer0638@example.com,(416) 555-9248,Nguyễn Văn An,Blue Harbour Logistics,Alberta,46.09,1,
2024-07-21,ORD-001858,buyer0581@example.com,(416) 555-8597,Priya Raman,Blue Harbour Logistics,Ontario,173.08,3,"second order this month, repeat buyer"
2024-07-07,ORD-001859,buyer0282@example.com,(416) 555-5155,Priya Raman,Blue Harbour Logistics,Quebec,97.78,2,"second order this month, repeat buyer"
2024-07-11,ORD-001860,buyer0367@example.com,(416) 555-8228,Priya Raman,Acme Holdings Ltd,Alberta,55.52,1,
2024-07-19,ORD-001861,buyer0869@example.com,(416) 555-3994,Priya Raman,Northwind Traders Inc,Nova Scotia,221.92,4,
2024-07-27,ORD-001862,buyer0852@example.com,(416) 555-9579,Oluwaseun Adeyemi,Maple Leaf Dental Group,Nova Scotia,119.89,2,customer asked for late delivery to the Brampton warehouse
2024-07-16,ORD-001863,buyer0704@example.com,(416) 555-3008,Li Wei,Acme Holdings Ltd,Alberta,188.30,4,
2024-07-18,ORD-001864,buyer0119@example.com,(416) 555-9557,Oluwaseun Adeyemi,Northwind Traders Inc,Nova Scotia,126.24,3,customer asked for late delivery to the Brampton warehouse
2024-07-24,ORD-001865,buyer0456@example.com,(416) 555-4229,Priya Raman,Northwind Traders Inc,Alberta,209.82,5,
2024-07-25,ORD-001866,buyer0179@example.com,(416) 555-5066,Priya Raman,Kestrel Analytics Corp,Nova Scotia,92.99,3,
2024-07-03,ORD-001867,buyer0757@example.com,(416) 555-8791,Priya Raman,Northwind Traders Inc,Ontario,191.19,4,"call before delivery, dog in the yard"
2024-07-05,ORD-001868,buyer0648@example.com,(416) 555-0590,Oluwaseun Adeyemi,Northwind Traders Inc,Quebec,124.07,3,"second order this month, repeat buyer"
2024-07-19,ORD-001869,buyer0499@example.com,(416) 555-5050,Li Wei,Northwind Traders Inc,Alberta,104.57,2,"call before delivery, dog in the yard"
2024-08-08,ORD-001900,buyer0348@example.com,(416) 555-1965,Nguyễn Văn An,Maple Leaf Dental Group,Nova Scotia,211.12,4,"call before delivery, dog in the yard"
2024-08-07,ORD-001901,buyer0461@example.com,(416) 555-1804,José García,Kestrel Analytics Corp,Nova Scotia,31.25,1,"call before delivery, dog in the yard"
2024-08-14,ORD-001902,buyer0458@example.com,(416) 555-7967,José García,Blue Harbour Logistics,Quebec,59.96,1,
2024-08-18,ORD-001903,buyer0337@example.com,(416) 555-1135,Zoë Müller,Acme Holdings Ltd,Ontario,173.18,4,gift wrap and a handwritten card please
2024-08-06,ORD-001904,buyer0651@example.com,(416) 555-9066,Nguyễn Văn An,Northwind Traders Inc,Ontario,32.29,1,
2024-08-09,ORD-001905,buyer0847@example.com,(416) 555-8201,José García,Northwind Traders Inc,Ontario,173.72,4,
2024-08-26,ORD-001906,buyer0606@example.com,(416) 555-5658,Nguyễn Văn An,Maple Leaf Dental Group,Quebec,137.79,4,customer asked for late delivery to the Brampton warehouse
2024-08-04,ORD-001907,buyer0317@example.com,(416) 555-8049,Nguyễn Văn An,Northwind Traders Inc,Alberta,222.69,5,"call before delivery, dog in the yard"
2024-08-15,ORD-001908,buyer0703@example.com,(416) 555-3190,Oluwaseun Adeyemi,Northwind Traders Inc,Quebec,37.78,1,"call before delivery, dog in the yard"
2024-08-25,ORD-001909,buyer0510@example.com,(416) 555-4730,Li Wei,Kestrel Analytics Corp,Quebec,258.43,5,
2024-08-15,ORD-001910,buyer0110@example.com,(416) 555-4149,José García,Northwind Traders Inc,Alberta,57.64,1,gift wrap and a handwritten card please
2024-08-21,ORD-001911,buyer0113@example.com,(416) 555-0808,Priya Raman,Kestrel Analytics Corp,Quebec,115.06,3,"second order this month, repeat buyer"
2024-08-04,ORD-001912,buyer0151@example.com,(416) 555-7086,Zoë Müller,Blue Harbour Logistics,Nova Scotia,152.21,4,customer asked for late delivery to the Brampton warehouse
2024-08-03,ORD-001913,buyer0297@example.com,(416) 555-6899,Nguyễn Văn An,Maple Leaf Dental Group,Alberta,51.71,1,gift wrap and a handwritten card please
2024-08-25,ORD-001914,buyer0203@example.com,(416) 555-3300,Li Wei,Maple Leaf Dental Group,Quebec,116.44,2,gift wrap and a handwritten card please
2024-08-18,ORD-001915,buyer0214@example.com,(416) 555-7456,Oluwaseun Adeyemi,Maple Leaf Dental Group,Nova Scotia,105.92,2,"call before delivery, dog in the yard"
2024-08-15,ORD-001916,buyer0360@example.com,(416) 555-6958,Nguyễn Văn An,Northwind Traders Inc,Alberta,139.00,3,gift wrap and a handwritten card please
2024-08-18,ORD-001917,buyer0203@example.com,(416) 555-9924,Zoë Müller,Kestrel Analytics Corp,Ontario,74.10,2,
2024-08-10,ORD-001918,buyer0861@example.com,(416) 555-9404,Zoë Müller,Acme Holdings Ltd,Quebec,184.46,4,customer asked for late delivery to the Brampton warehouse
2024-08-20,ORD-001919,buyer0256@example.com,(416) 555-3162,Nguyễn Văn An,Kestrel Analytics Corp,Nova Scotia,226.20,4,gift wrap and a handwritten card please
2024-08-03,ORD-001920,buyer0604@example.com,(416) 555-1233,Zoë Müller,Acme Holdings Ltd,Ontario,200.63,4,"second order this month, repeat buyer"
2024-08-20,ORD-001921,buyer0737@example.com,(416) 555-2055,Zoë Müller,Maple Leaf Dental Group,Ontario,33.73,1,customer asked for late delivery to the Brampton warehouse
2024-08-28,ORD-001922,buyer0736@example.com,(416) 555-7454,Nguyễn Văn An,Maple Leaf Dental Group,Alberta,146.18,3,"second order this month, repeat buyer"
2024-08-27,ORD-001923,buyer0849@example.com,(416) 555-8296,Li Wei,Blue Harbour Logistics,Quebec,72.06,2,"call before delivery, dog in the yard"
2024-08-20,ORD-001924,buyer0395@example.com,(416) 555-0479,Priya Raman,Blue Harbour Logistics,Quebec,147.98,4,gift wrap and a handwritten card please
2024-08-08,ORD-001925,buyer0671@example.com,(416) 555-6083,Oluwaseun Adeyemi,Northwind Traders Inc,Alberta,239.02,5,"second order this month, repeat buyer"
2024-08-12,ORD-001926,buyer0041@example.com,(416) 555-0487,Zoë Müller,Blue Harbour Logistics,Quebec,207.60,5,
2024-08-23,ORD-001927,buyer0151@example.com,(416) 555-3547,Zoë Müller,Northwind Traders Inc,Ontario,48.03,1,"second order this month, repeat buyer"
2024-08-08,ORD-001928,buyer0604@example.com,(416) 555-9453,Priya Raman,Maple Leaf Dental Group,Quebec,101.39,3,
2024-08-12,ORD-001929,buyer0110@example.com,(416) 555-7582,José García,Northwind Traders Inc,Quebec,182.28,4,"second order this month, repeat buyer"
2024-08-24,ORD-001930,buyer0743@example.com,(416) 555-4256,Zoë Müller,Blue Harbour Logistics,Ontario,177.78,3,
2024-08-01,ORD-001931,buyer0054@example.com,(416) 555-3154,Oluwaseun Adeyemi,Maple Leaf Dental Group,Alberta,151.40,5,
2024-08-10,ORD-001932,buyer0587@example.com,(416) 555-8791,Priya Raman,Acme Holdings Ltd,Ontario,104.14,2,"call before delivery, dog in the yard"
2024-08-06,ORD-001933,buyer0280@example.com,(416) 555-5167,Oluwaseun Adeyemi,Kestrel Analytics Corp,Nova Scotia,155.65,3,"second order this month, repeat buyer"
2024-08-13,ORD-001934,buyer0439@example.com,(416) 555-5206,Oluwaseun Adeyemi,Kestrel Analytics Corp,Alberta,161.01,3,"second order this month, repeat buyer"
2024-08-14,ORD-001935,buyer0630@example.com,(416) 555-8592,Priya Raman,Blue Harbour Logistics,Nova Scotia,128.58,3,gift wrap and a handwritten card please
2024-08-10,ORD-001936,buyer0384@example.com,(416) 555-9307,José García,Kestrel Analytics Corp,Nova Scotia,97.94,2,"second order this month, repeat buyer"
2024-08-11,ORD-001937,buyer0036@example.com,(416) 555-9675,Li Wei,Kestrel Analytics Corp,Ontario,95.92,3,
2024-08-16,ORD-001938,buyer0667@example.com,(416) 555-1325,José García,Blue Harbour Logistics,Nova Scotia,243.64,5,customer asked for late delivery to the Brampton warehouse
2024-08-02,ORD-001939,buyer0213@example.com,(416) 555-1208,Nguyễn Văn An,Blue Harbour Logistics,Alberta,154.02,4,
2024-08-18,ORD-001940,buyer0190@example.com,(416) 555-0386,Oluwaseun Adeyemi,Acme Holdings Ltd,Ontario,154.50,5,"call before delivery, dog in the yard"
2024-08-16,ORD-001941,buyer0712@example.com,(416) 555-8651,José García,Maple Leaf Dental Group,Alberta,54.45,1,
2024-08-14,ORD-001942,buyer0774@example.com,(416) 555-9920,Priya Raman,Northwind Traders Inc,Nova Scotia,142.64,4,customer asked for late delivery to the Brampton warehouse
2024-08-28,ORD-001943,buyer0283@example.com,(416) 555-0686,Oluwaseun Adeyemi,Maple Leaf Dental Group,Ontario,99.23,2,gift wrap and a handwritten card please
2024-08-16,ORD-001944,buyer0205@example.com,(416) 555-4854,Priya Raman,Northwind Traders Inc,Alberta,35.16,1,gift wrap and a handwritten card please
2024-08-16,ORD-001945,buyer0379@example.com,(416) 555-8305,Zoë Müller,Acme Holdings Ltd,Alberta,48.64,1,"call before delivery, dog in the yard"
2024-08-24,ORD-001946,buyer0359@example.com,(416) 555-2065,Li Wei,Blue Harbour Logistics,Nova Scotia,34.96,1,"second order this month, repeat buyer"
2024-08-01,ORD-001947,buyer0613@example.com,(416) 555-7068,Zoë Müller,Blue Harbour Logistics,Quebec,117.45,3,
2024-08-07,ORD-001948,buyer0671@example.com,(416) 555-6366,José García,Blue Harbour Logistics,Nova Scotia,114.99,2,customer asked for late delivery to the Brampton warehouse
2024-08-21,ORD-001949,buyer0240@example.com,(416) 555-5427,José García,Maple Leaf Dental Group,Alberta,130.93,3,
2024-08-04,ORD-001950,buyer0038@example.com,(416) 555-2857,José García,Blue Harbour Logistics,Alberta,111.68,2,"call before delivery, dog in the yard"
2024-08-27,ORD-001951,buyer0625@example.com,(416) 555-1086,Li Wei,Northwind Traders Inc,Quebec,153.46,3,customer asked for late delivery to the Brampton warehouse
2024-08-03,ORD-001952,buyer0294@example.com,(416) 555-1212,Oluwaseun Adeyemi,Acme Holdings Ltd,Nova Scotia,41.09,1,"second order this month, repeat buyer"
2024-08-10,ORD-001953,buyer0388@example.com,(416) 555-3936,Zoë Müller,Blue Harbour Logistics,Quebec,297.96,5,"call before delivery, dog in the yard"
2024-08-26,ORD-001954,buyer0052@example.com,(416) 555-1738,Li Wei,Blue Harbour Logistics,Ontario,161.46,5,
2024-08-06,ORD-001955,buyer0369@example.com,(416) 555-5601,Nguyễn Văn An,Kestrel Analytics Corp,Ontario,219.73,4,
2024-08-01,ORD-001956,buyer0069@example.com,(416) 555-9802,Zoë Müller,Northwind Traders Inc,Ontario,85.76,2,"second order this month, repeat buyer"
2024-08-15,ORD-001957,buyer0528@example.com,(416) 555-8879,José García,Kestrel Analytics Corp,Quebec,113.33,3,
2024-08-22,ORD-001958,buyer0590@example.com,(416) 555-2569,Zoë Müller,Blue Harbour Logistics,Nova Scotia,179.62,5,
2024-08-23,ORD-001959,buyer0173@example.com,(416) 555-7767,Li Wei,Blue Harbour Logistics,Nova Scotia,159.87,4,
2024-08-17,ORD-001960,buyer0363@example.com,(416) 555-8179,Nguyễn Văn An,Maple Leaf Dental Group,Nova Scotia,226.13,5,
2024-08-11,ORD-001961,buyer0511@example.com,(416) 555-2486,Oluwaseun Adeyemi,Acme Holdings Ltd,Quebec,155.79,4,"second order this month, repeat buyer"
2024-08-12,ORD-001962,buyer0137@example.com,(416) 555-4138,Li Wei,Kestrel Analytics Corp,Nova Scotia,54.38,1,"call before delivery, dog in the yard"
2024-08-02,ORD-001963,buyer0888@example.com,(416) 555-0967,José García,Kestrel Analytics Corp,Ontario,183.72,5,customer asked for late delivery to the Brampton warehouse
2024-08-05,ORD-001964,buyer0316@example.com,(416) 555-3351,Li Wei,Northwind Traders Inc,Ontario,130.72,3,gift wrap and a handwritten card please
2024-08-02,ORD-001965,buyer0534@example.com,(416) 555-9637,Priya Raman,Northwind Traders Inc,Ontario,31.22,1,gift wrap and a handwritten card please
2024-08-27,ORD-001966,buyer0858@example.com,(416) 555-0292,José García,Kestrel Analytics Corp,Ontario,52.49,1,customer asked for late delivery to the Brampton warehouse
2024-08-18,ORD-001967,buyer0405@example.com,(416) 555-1749,Priya Raman,Maple Leaf Dental Group,Nova Scotia,80.96,2,"call before delivery, dog in the yard"
2024-08-28,ORD-001968,buyer0839@example.com,(416) 555-1214,Li Wei,Kestrel Analytics Corp,Ontario,106.89,2,
2024-08-09,ORD-001969,buyer0066@example.com,(416) 555-6086,Oluwaseun Adeyemi,Kestrel Analytics Corp,Quebec,156.48,3,
2024-09-11,ORD-002000,buyer0549@example.com,(416) 555-5045,Li Wei,Northwind Traders Inc,Alberta,55.40,1,"second order this month, repeat buyer"
2024-09-13,ORD-002001,buyer0756@example.com,(416) 555-5151,Oluwaseun Adeyemi,Maple Leaf Dental Group,Quebec,163.66,5,
2024-09-21,ORD-002002,buyer0714@example.com,(416) 555-2634,Zoë Müller,Acme Holdings Ltd,Nova Scotia,156.65,3,
2024-09-26,ORD-002003,buyer0438@example.com,(416) 555-8397,Priya Raman,Acme Holdings Ltd,Alberta,61.38,2,
2024-09-05,ORD-002004,buyer0773@example.com,(416) 555-0702,Oluwaseun Adeyemi,Northwind Traders Inc,Ontario,174.07,3,
2024-09-04,ORD-002005,buyer0271@example.com,(416) 555-7527,Priya Raman,Acme Holdings Ltd,Quebec,185.60,4,customer asked for late delivery to the Brampton warehouse
2024-09-20,ORD-002006,buyer0561@example.com,(416) 555-1310,Nguyễn Văn An,Maple Leaf Dental Group,Alberta,46.81,1,"second order this month, repeat buyer"
2024-09-08,ORD-002007,buyer0642@example.com,(416) 555-3143,Priya Raman,Acme Holdings Ltd,Alberta,166.99,4,
2024-09-01,ORD-002008,buyer0608@example.com,(416) 555-1509,Zoë Müller,Kestrel Analytics Corp,Nova Scotia,59.17,1,"call before delivery, dog in the yard"
2024-09-21,ORD-002009,buyer0562@example.com,(416) 555-8629,Zoë Müller,Blue Harbour Logistics,Ontario,137.78,4,
2024-09-18,ORD-002010,buyer0143@example.com,(416) 555-2525,José García,Northwind Traders Inc,Nova Scotia,80.04,2,gift wrap and a handwritten card please
2024-09-20,ORD-002011,buyer0738@example.com,(416) 555-9689,Priya Raman,Maple Leaf Dental Group,Nova Scotia,35.14,1,customer asked for late delivery to the Brampton warehouse
2024-09-20,ORD-002012,buyer0376@example.com,(416) 555-5092,Zoë Müller,Acme Holdings Ltd,Nova Scotia,222.39,5,
2024-09-04,ORD-002013,buyer0855@example.com,(416) 555-8771,Zoë Müller,Blue Harbour Logistics,Nova Scotia,162.39,3,"second order this month, repeat buyer"
2024-09-08,ORD-002014,buyer0737@example.com,(416) 555-1327,Oluwaseun Adeyemi,Acme Holdings Ltd,Quebec,31.33,1,"second order this month, repeat buyer"
2024-09-21,ORD-002015,buyer0449@example.com,(416) 555-6620,Li Wei,Kestrel Analytics Corp,Nova Scotia,228.21,4,gift wrap and a handwritten card please
2024-09-19,ORD-002016,buyer0416@example.com,(416) 555-1114,Zoë Müller,Kestrel Analytics Corp,Alberta,153.04,4,"second order this month, repeat buyer"
2024-09-27,ORD-002017,buyer0470@example.com,(416) 555-5613,Oluwaseun Adeyemi,Blue Harbour Logistics,Ontario,56.43,1,"second order this month, repeat buyer"
2024-09-25,ORD-002018,buyer0804@example.com,(416) 555-7769,Li Wei,Kestrel Analytics Corp,Ontario,97.94,2,customer asked for late delivery to the Brampton warehouse
2024-09-27,ORD-002019,buyer0006@example.com,(416) 555-3813,Oluwaseun Adeyemi,Kestrel Analytics Corp,Quebec,168.01,5,
2024-09-13,ORD-002020,buyer0854@example.com,(416) 555-9820,José García,Acme Holdings Ltd,Nova Scotia,105.60,3,customer asked for late delivery to the Brampton warehouse
2024-09-12,ORD-002021,buyer0234@example.com,(416) 555-8184,Zoë Müller,Northwind Traders Inc,Nova Scotia,225.33,4,"call before delivery, dog in the yard"
2024-09-12,ORD-002022,buyer0761@example.com,(416) 555-2661,Li Wei,Maple Leaf Dental Group,Nova Scotia,157.24,4,
2024-09-05,ORD-002023,buyer0382@example.com,(416) 555-8529,Li Wei,Kestrel Analytics Corp,Ontario,150.78,3,customer asked for late delivery to the Brampton warehouse
2024-09-18,ORD-002024,buyer0537@example.com,(416) 555-7167,Zoë Müller,Maple Leaf Dental Group,Quebec,127.65,4,"second order this month, repeat buyer"
2024-09-10,ORD-002025,buyer0539@example.com,(416) 555-2836,Nguyễn Văn An,Maple Leaf Dental Group,Quebec,33.30,1,gift wrap and a handwritten card please
2024-09-13,ORD-002026,buyer0518@example.com,(416) 555-4770,Li Wei,Maple Leaf Dental Group,Ontario,162.80,3,
2024-09-22,ORD-002027,buyer0510@example.com,(416) 555-2905,Priya Raman,Acme Holdings Ltd,Ontario,131.62,4,customer asked for late delivery to the Brampton warehouse
2024-09-22,ORD-002028,buyer0681@example.com,(416) 555-8887,José García,Maple Leaf Dental Group,Alberta,215.59,4,
2024-09-11,ORD-002029,buyer0854@example.com,(416) 555-5721,Oluwaseun Adeyemi,Maple Leaf Dental Group,Quebec,295.07,5,
2024-09-17,ORD-002030,buyer0328@example.com,(416) 555-2134,Zoë Müller,Maple Leaf Dental Group,Quebec,101.34,3,customer asked for late delivery to the Brampton warehouse
2024-09-26,ORD-002031,buyer0034@example.com,(416) 555-5679,Nguyễn Văn An,Maple Leaf Dental Group,Quebec,182.28,5,"call before delivery, dog in the yard"
2024-09-28,ORD-002032,buyer0522@example.com,(416) 555-9588,Priya Raman,Northwind Traders Inc,Ontario,297.59,5,"call before delivery, dog in the yard"
2024-09-21,ORD-002033,buyer0676@example.com,(416) 555-8326,José García,Blue Harbour Logistics,Alberta,121.25,3,customer asked for late delivery to the Brampton warehouse
2024-09-08,ORD-002034,buyer0155@example.com,(416) 555-5910,Priya Raman,Blue Harbour Logistics,Quebec,221.37,4,
2024-09-10,ORD-002035,buyer0143@example.com,(416) 555-9830,Li Wei,Northwind Traders Inc,Ontario,38.55,1,
2024-09-18,ORD-002036,buyer0071@example.com,(416) 555-9562,Priya Raman,Acme Holdings Ltd,Nova Scotia,57.56,1,
2024-09-06,ORD-002037,buyer0328@example.com,(416) 555-5087,Nguyễn Văn An,Maple Leaf Dental Group,Quebec,113.32,3,"second order this month, repeat buyer"
2024-09-11,ORD-002038,buyer0588@example.com,(416) 555-4177,José García,Blue Harbour Logistics,Ontario,138.64,4,customer asked for late delivery to the Brampton warehouse
2024-09-07,ORD-002039,buyer0852@example.com,(416) 555-1750,Priya Raman,Acme Holdings Ltd,Alberta,43.07,1,customer asked for late delivery to the Brampton warehouse
2024-09-07,ORD-002040,buyer0233@example.com,(416) 555-6545,Priya Raman,Acme Holdings Ltd,Quebec,97.88,2,gift wrap and a handwritten card please
2024-09-26,ORD-002041,buyer0495@example.com,(416) 555-6396,Li Wei,Northwind Traders Inc,Ontario,171.13,4,
2024-09-28,ORD-002042,buyer0789@example.com,(416) 555-0219,Priya Raman,Northwind Traders Inc,Quebec,175.96,5,
2024-09-17,ORD-002043,buyer0248@example.com,(416) 555-2117,Li Wei,Kestrel Analytics Corp,Nova Scotia,97.35,3,
2024-09-03,ORD-002044,buyer0176@example.com,(416) 555-4429,José García,Northwind Traders Inc,Quebec,176.60,4,
2024-09-01,ORD-002045,buyer0647@example.com,(416) 555-2304,Oluwaseun Adeyemi,Blue Harbour Logistics,Quebec,103.86,2,"call before delivery, dog in the yard"
2024-09-06,ORD-002046,buyer0786@example.com,(416) 555-5130,Oluwaseun Adeyemi,Maple Leaf Dental Group,Ontario,225.53,5,customer asked for late delivery to the Brampton warehouse
2024-09-19,ORD-002047,buyer0258@example.com,(416) 555-1694,Oluwaseun Adeyemi,Northwind Traders Inc,Nova Scotia,31.25,1,
2024-09-21,ORD-002048,buyer0023@example.com,(416) 555-8490,José García,Acme Holdings Ltd,Alberta,151.87,3,
2024-09-14,ORD-002049,buyer0544@example.com,(416) 555-1629,Zoë Müller,Blue Harbour Logistics,Ontario,280.74,5,
2024-09-17,ORD-002050,buyer0035@example.com,(416) 555-7164,José García,Acme Holdings Ltd,Ontario,184.92,5,
2024-09-01,ORD-002051,buyer0222@example.com,(416) 555-8858,José García,Maple Leaf Dental Group,Ontario,114.16,2,customer asked for late delivery to the Brampton warehouse
2024-09-11,ORD-002052,buyer0534@example.com,(416) 555-6016,Nguyễn Văn An,Blue Harbour Logistics,Quebec,71.56,2,
2024-09-08,ORD-002053,buyer0591@example.com,(416) 555-7525,Oluwaseun Adeyemi,Blue Harbour Logistics,Ontario,36.96,1,gift wrap and a handwritten card please
2024-09-08,ORD-002054,buyer0573@example.com,(416) 555-8638,Nguyễn Văn An,Acme Holdings Ltd,Quebec,284.08,5,customer asked for late delivery to the Brampton warehouse
2024-09-11,ORD-002055,buyer0525@example.com,(416) 555-7023,Priya Raman,Maple Leaf Dental Group,Ontario,192.43,5,customer asked for late delivery to the Brampton warehouse
2024-09-21,ORD-002056,buyer0099@example.com,(416) 555-9419,José García,Northwind Traders Inc,Quebec,276.67,5,
2024-09-03,ORD-002057,buyer0813@example.com,(416) 555-7561,Li Wei,Blue Harbour Logistics,Alberta,158.06,5,"call before delivery, dog in the yard"
2024-09-27,ORD-002058,buyer0065@example.com,(416) 555-4900,Li Wei,Blue Harbour Logistics,Quebec,35.57,1,
2024-09-13,ORD-002059,buyer0379@example.com,(416) 555-5223,José García,Acme Holdings Ltd,Alberta,157.53,5,
2024-09-28,ORD-002060,buyer0218@example.com,(416) 555-3636,José García,Maple Leaf Dental Group,Ontario,90.12,3,customer asked for late delivery to the Brampton warehouse
2024-09-04,ORD-002061,buyer0796@example.com,(416) 555-2086,Nguyễn Văn An,Kestrel Analytics Corp,Ontario,122.95,3,"call before delivery, dog in the yard"
2024-09-09,ORD-002062,buyer0580@example.com,(416) 555-6684,Priya Raman,Acme Holdings Ltd,Nova Scotia,234.08,4,
2024-09-25,ORD-002063,buyer0896@example.com,(416) 555-3255,Priya Raman,Blue Harbour Logistics,Alberta,146.93,3,"call before delivery, dog in the yard"
2024-09-02,ORD-002064,buyer0586@example.com,(416) 555-8457,Li Wei,Blue Harbour Logistics,Quebec,270.96,5,gift wrap and a handwritten card please
2024-09-10,ORD-002065,buyer0679@example.com,(416) 555-2796,Priya Raman,Northwind Traders Inc,Alberta,176.67,5,"second order this month, repeat buyer"
2024-09-20,ORD-002066,buyer0162@example.com,(416) 555-1140,Zoë Müller,Maple Leaf Dental Group,Quebec,182.64,4,"call before delivery, dog in the yard"
2024-09-20,ORD-002067,buyer0412@example.com,(416) 555-7874,Priya Raman,Blue Harbour Logistics,Ontario,109.75,2,"call before delivery, dog in the yard"
2024-09-14,ORD-002068,buyer0106@example.com,(416) 555-9761,Zoë Müller,Maple Leaf Dental Group,Quebec,286.91,5,"call before delivery, dog in the yard"
2024-09-17,ORD-002069,buyer0292@example.com,(416) 555-8682,Nguyễn Văn An,Acme Holdings Ltd,Nova Scotia,176.09,5,
2024-10-02,ORD-002100,buyer0308@example.com,(416) 555-4270,Zoë Müller,Maple Leaf Dental Group,Nova Scotia,239.92,4,customer asked for late delivery to the Brampton warehouse
2024-10-19,ORD-002101,buyer0797@example.com,(416) 555-8561,Oluwaseun Adeyemi,Maple Leaf Dental Group,Nova Scotia,183.50,5,
2024-10-09,ORD-002102,buyer0270@example.com,(416) 555-4497,Zoë Müller,Kestrel Analytics Corp,Quebec,149.17,3,
2024-10-27,ORD-002103,buyer0270@example.com,(416) 555-9259,Zoë Müller,Maple Leaf Dental Group,Nova Scotia,195.58,4,
2024-10-16,ORD-002104,buyer0136@example.com,(416) 555-3526,Zoë Müller,Blue Harbour Logistics,Ontario,272.62,5,
2024-10-09,ORD-002105,buyer0626@example.com,(416) 555-2827,Oluwaseun Adeyemi,Acme Holdings Ltd,Alberta,149.79,4,"call before delivery, dog in the yard"
2024-10-10,ORD-002106,buyer0448@example.com,(416) 555-1651,José García,Blue Harbour Logistics,Ontario,116.69,2,"call before delivery, dog in the yard"
2024-10-27,ORD-002107,buyer0385@example.com,(416) 555-8797,Nguyễn Văn An,Northwind Traders Inc,Ontario,64.09,2,"second order this month, repeat buyer"
2024-10-17,ORD-002108,buyer0385@example.com,(416) 555-6340,José García,Maple Leaf Dental Group,Quebec,136.53,3,customer asked for late delivery to the Brampton warehouse
2024-10-25,ORD-002109,buyer0425@example.com,(416) 555-3697,José García,Acme Holdings Ltd,Nova Scotia,122.45,4,
2024-10-06,ORD-002110,buyer0245@example.com,(416) 555-0127,Nguyễn Văn An,Blue Harbour Logistics,Ontario,167.01,4,"second order this month, repeat buyer"
2024-10-25,ORD-002111,buyer0683@example.com,(416) 555-5021,Priya Raman,Northwind Traders Inc,Alberta,223.32,4,"call before delivery, dog in the yard"
2024-10-16,ORD-002112,buyer0250@example.com,(416) 555-7621,Zoë Müller,Northwind Traders Inc,Quebec,134.50,4,
2024-10-03,ORD-002113,buyer0743@example.com,(416) 555-7862,José García,Blue Harbour Logistics,Nova Scotia,76.40,2,
2024-10-19,ORD-002114,buyer0504@example.com,(416) 555-2695,Priya Raman,Northwind Traders Inc,Quebec,172.23,4,"call before delivery, dog in the yard"
2024-10-12,ORD-002115,buyer0013@example.com,(416) 555-1328,Zoë Müller,Kestrel Analytics Corp,Quebec,53.03,1,
2024-10-09,ORD-002116,buyer0136@example.com,(416) 555-7961,Li Wei,Maple Leaf Dental Group,Alberta,217.47,5,"second order this month, repeat buyer"
2024-10-13,ORD-002117,buyer0247@example.com,(416) 555-3586,Zoë Müller,Blue Harbour Logistics,Ontario,102.54,2,
2024-10-18,ORD-002118,buyer0130@example.com,(416) 555-0793,Oluwaseun Adeyemi,Maple Leaf Dental Group,Ontario,47.55,1,
2024-10-24,ORD-002119,buyer0439@example.com,(416) 555-5103,Li Wei,Acme Holdings Ltd,Alberta,264.12,5,
2024-10-09,ORD-002120,buyer0201@example.com,(416) 555-2215,Zoë Müller,Acme Holdings Ltd,Quebec,58.17,1,"call before delivery, dog in the yard"
2024-10-28,ORD-002121,buyer0657@example.com,(416) 555-0623,Oluwaseun Adeyemi,Kestrel Analytics Corp,Quebec,143.76,3,"second order this month, repeat buyer"
2024-10-14,ORD-002122,buyer0479@example.com,(416) 555-3426,Li Wei,Northwind Traders Inc,Ontario,243.18,5,customer asked for late delivery to the Brampton warehouse
2024-10-19,ORD-002123,buyer0508@example.com,(416) 555-9130,Oluwaseun Adeyemi,Kestrel Analytics Corp,Ontario,207.43,4,
2024-10-02,ORD-002124,buyer0444@example.com,(416) 555-1987,Priya Raman,Kestrel Analytics Corp,Quebec,38.30,1,"call before delivery, dog in the yard"
2024-10-28,ORD-002125,buyer0768@example.com,(416) 555-3476,Nguyễn Văn An,Acme Holdings Ltd,Ontario,137.62,4,
2024-10-11,ORD-002126,buyer0283@example.com,(416) 555-6259,Priya Raman,Northwind Traders Inc,Alberta,141.50,4,"second order this month, repeat buyer"
2024-10-28,ORD-002127,buyer0243@example.com,(416) 555-9009,Oluwaseun Adeyemi,Acme Holdings Ltd,Nova Scotia,267.69,5,
2024-10-23,ORD-002128,buyer0838@example.com,(416) 555-7622,Zoë Müller,Blue Harbour Logistics,Nova Scotia,198.34,4,
2024-10-27,ORD-002129,buyer0037@example.com,(416) 555-9610,Oluwaseun Adeyemi,Kestrel Analytics Corp,Nova Scotia,179.67,3,"second order this month, repeat buyer"
2024-10-03,ORD-002130,buyer0139@example.com,(416) 555-1020,Oluwaseun Adeyemi,Northwind Traders Inc,Nova Scotia,35.32,1,gift wrap and a handwritten card please
2024-10-11,ORD-002131,buyer0758@example.com,(416) 555-1146,José García,Maple Leaf Dental Group,Alberta,230.08,5,"call before delivery, dog in the yard"
2024-10-22,ORD-002132,buyer0277@example.com,(416) 555-3218,Priya Raman,Maple Leaf Dental Group,Nova Scotia,189.78,5,"second order this month, repeat buyer"
2024-10-26,ORD-002133,buyer0514@example.com,(416) 555-6647,Oluwaseun Adeyemi,Blue Harbour Logistics,Alberta,119.09,3,
2024-10-17,ORD-002134,buyer0263@example.com,(416) 555-2942,Li Wei,Blue Harbour Logistics,Alberta,262.34,5,customer asked for late delivery to the Brampton warehouse
2024-10-09,ORD-002135,buyer0135@example.com,(416) 555-6178,Priya Raman,Northwind Traders Inc,Ontario,54.16,1,
2024-10-01,ORD-002136,buyer0216@example.com,(416) 555-6644,José García,Acme Holdings Ltd,Nova Scotia,98.22,2,"second order this month, repeat buyer"
2024-10-22,ORD-002137,buyer0777@example.com,(416) 555-2355,Li Wei,Acme Holdings Ltd,Nova Scotia,144.86,4,gift wrap and a handwritten card please
2024-10-01,ORD-002138,buyer0332@example.com,(416) 555-9488,Oluwaseun Adeyemi,Northwind Traders Inc,Nova Scotia,46.95,1,"call before delivery, dog in the yard"
2024-10-20,ORD-002139,buyer0604@example.com,(416) 555-7916,Li Wei,Blue Harbour Logistics,Ontario,39.53,1,customer asked for late delivery to the Brampton warehouse
2024-10-07,ORD-002140,buyer0448@example.com,(416) 555-0448,Oluwaseun Adeyemi,Kestrel Analytics Corp,Ontario,232.90,5,
2024-10-01,ORD-002141,buyer0057@example.com,(416) 555-9664,José García,Maple Leaf Dental Group,Alberta,107.53,2,"call before delivery, dog in the yard"
2024-10-26,ORD-002142,buyer0835@example.com,(416) 555-4027,Nguyễn Văn An,Northwind Traders Inc,Ontario,202.40,4,
2024-10-28,ORD-002143,buyer0028@example.com,(416) 555-8020,Zoë Müller,Kestrel Analytics Corp,Ontario,224.16,5,gift wrap and a handwritten card please
2024-10-08,ORD-002144,buyer0268@example.com,(416) 555-4022,Priya Raman,Kestrel Analytics Corp,Quebec,156.01,5,gift wrap and a handwritten card please
2024-10-17,ORD-002145,buyer0376@example.com,(416) 555-4724,Oluwaseun Adeyemi,Maple Leaf Dental Group,Nova Scotia,154.25,4,
2024-10-06,ORD-002146,buyer0807@example.com,(416) 555-7313,Li Wei,Kestrel Analytics Corp,Nova Scotia,139.17,4,"second order this month, repeat buyer"
2024-10-02,ORD-002147,buyer0012@example.com,(416) 555-8411,Nguyễn Văn An,Northwind Traders Inc,Nova Scotia,102.26,3,"call before delivery, dog in the yard"
2024-10-01,ORD-002148,buyer0257@example.com,(416) 555-5684,Li Wei,Maple Leaf Dental Group,Ontario,31.85,1,"second order this month, repeat buyer"
2024-10-06,ORD-002149,buyer0349@example.com,(416) 555-0577,José García,Kestrel Analytics Corp,Ontario,144.56,3,
2024-10-20,ORD-002150,buyer0002@example.com,(416) 555-6924,José García,Blue Harbour Logistics,Nova Scotia,117.39,2,gift wrap and a handwritten card please
2024-10-20,ORD-002151,buyer0673@example.com,(416) 555-5633,Nguyễn Văn An,Northwind Traders Inc,Nova Scotia,178.02,3,gift wrap and a handwritten card please
2024-10-01,ORD-002152,buyer0368@example.com,(416) 555-0299,Oluwaseun Adeyemi,Blue Harbour Logistics,Alberta,106.45,3,
2024-10-15,ORD-002153,buyer0784@example.com,(416) 555-7203,Li Wei,Acme Holdings Ltd,Ontario,171.17,4,"call before delivery, dog in the yard"
2024-10-15,ORD-002154,buyer0728@example.com,(416) 555-7177,José García,Blue Harbour Logistics,Nova Scotia,84.15,2,gift wrap and a handwritten card please
2024-10-02,ORD-002155,buyer0354@example.com,(416) 555-3008,José García,Blue Harbour Logistics,Alberta,281.94,5,"second order this month, repeat buyer"
2024-10-17,ORD-002156,buyer0425@example.com,(416) 555-4038,José García,Kestrel Analytics Corp,Alberta,150.33,4,customer asked for late delivery to the Brampton warehouse
2024-10-09,ORD-002157,buyer0523@example.com,(416) 555-8504,Zoë Müller,Kestrel Analytics Corp,Quebec,111.90,2,gift wrap and a handwritten card please
2024-10-08,ORD-002158,buyer0749@example.com,(416) 555-7758,Oluwaseun Adeyemi,Blue Harbour Logistics,Quebec,123.93,3,
2024-10-17,ORD-002159,buyer0882@example.com,(416) 555-0690,Zoë Müller,Kestrel Analytics Corp,Alberta,40.99,1,customer asked for late delivery to the Brampton warehouse
2024-10-10,ORD-002160,buyer0552@example.com,(416) 555-9507,Nguyễn Văn An,Kestrel Analytics Corp,Quebec,235.96,5,"call before delivery, dog in the yard"
2024-10-03,ORD-002161,buyer0233@example.com,(416) 555-7271,José García,Maple Leaf Dental Group,Ontario,154.52,5,gift wrap and a handwritten card please
2024-10-21,ORD-002162,buyer0883@example.com,(416) 555-9014,Nguyễn Văn An,Northwind Traders Inc,Quebec,294.77,5,gift wrap and a handwritten card please
2024-10-05,ORD-002163,buyer0644@example.com,(416) 555-8073,Priya Raman,Northwind Traders Inc,Ontario,136.48,3,"second order this month, repeat buyer"
2024-10-07,ORD-002164,buyer0453@example.com,(416) 555-3118,Nguyễn Văn An,Blue Harbour Logistics,Alberta,205.45,4,customer asked for late delivery to the Brampton warehouse
2024-10-21,ORD-002165,buyer0051@example.com,(416) 555-8246,Li Wei,Acme Holdings Ltd,Nova Scotia,43.19,1,
2024-10-03,ORD-002166,buyer0717@example.com,(416) 555-3434,Nguyễn Văn An,Maple Leaf Dental Group,Alberta,233.70,5,"second order this month, repeat buyer"
2024-10-22,ORD-002167,buyer0129@example.com,(416) 555-4183,Zoë Müller,Blue Harbour Logistics,Ontario,244.56,5,
2024-10-10,ORD-002168,buyer0295@example.com,(416) 555-2095,José García,Maple Leaf Dental Group,Alberta,254.87,5,
2024-10-24,ORD-002169,buyer0006@example.com,(416) 555-1200,Zoë Müller,Blue Harbour Logistics,Alberta,129.69,4,gift wrap and a handwritten card please
2024-11-20,ORD-002200,buyer0604@example.com,(416) 555-1385,Zoë Müller,Acme Holdings Ltd,Ontario,214.29,4,
2024-11-03,ORD-002201,buyer0460@example.com,(416) 555-8460,Nguyễn Văn An,Northwind Traders Inc,Quebec,97.43,2,"second order this month, repeat buyer"
2024-11-15,ORD-002202,buyer0681@example.com,(416) 555-6474,Priya Raman,Blue Harbour Logistics,Alberta,224.27,5,"call before delivery, dog in the yard"
2024-11-18,ORD-002203,buyer0887@example.com,(416) 555-5366,Oluwaseun Adeyemi,Kestrel Analytics Corp,Nova Scotia,34.01,1,gift wrap and a handwritten card please
2024-11-26,ORD-002204,buyer0775@example.com,(416) 555-7016,Oluwaseun Adeyemi,Maple Leaf Dental Group,Ontario,105.02,2,gift wrap and a handwritten card please
2024-11-25,ORD-002205,buyer0363@example.com,(416) 555-2026,Oluwaseun Adeyemi,Blue Harbour Logistics,Alberta,119.07,3,customer asked for late delivery to the Brampton warehouse
2024-11-27,ORD-002206,buyer0655@example.com,(416) 555-9616,José García,Blue Harbour Logistics,Alberta,116.23,2,customer asked for late delivery to the Brampton warehouse
2024-11-15,ORD-002207,buyer0458@example.com,(416) 555-3276,Li Wei,Northwind Traders Inc,Nova Scotia,144.69,3,customer asked for late delivery to the Brampton warehouse
2024-11-16,ORD-002208,buyer0199@example.com,(416) 555-5300,Li Wei,Maple Leaf Dental Group,Nova Scotia,75.11,2,"second order this month, repeat buyer"
2024-11-28,ORD-002209,buyer0032@example.com,(416) 555-6240,Oluwaseun Adeyemi,Maple Leaf Dental Group,Quebec,173.61,4,customer asked for late delivery to the Brampton warehouse
2024-11-28,ORD-002210,buyer0082@example.com,(416) 555-9873,Oluwaseun Adeyemi,Maple Leaf Dental Group,Nova Scotia,68.29,2,
2024-11-26,ORD-002211,buyer0016@example.com,(416) 555-0435,Zoë Müller,Northwind Traders Inc,Quebec,162.52,4,
2024-11-20,ORD-002212,buyer0515@example.com,(416) 555-6569,Li Wei,Blue Harbour Logistics,Nova Scotia,210.97,4,"second order this month, repeat buyer"
2024-11-21,ORD-002213,buyer0389@example.com,(416) 555-9166,José García,Blue Harbour Logistics,Quebec,211.94,5,"second order this month, repeat buyer"
2024-11-27,ORD-002214,buyer0614@example.com,(416) 555-9344,Nguyễn Văn An,Acme Holdings Ltd,Quebec,84.01,2,"call before delivery, dog in the yard"
2024-11-07,ORD-002215,buyer0054@example.com,(416) 555-1718,José García,Acme Holdings Ltd,Nova Scotia,113.61,2,
2024-11-08,ORD-002216,buyer0054@example.com,(416) 555-4233,José García,Acme Holdings Ltd,Alberta,212.67,4,
2024-11-26,ORD-002217,buyer0730@example.com,(416) 555-6528,Nguyễn Văn An,Maple Leaf Dental Group,Ontario,133.49,4,"second order this month, repeat buyer"
2024-11-20,ORD-002218,buyer0130@example.com,(416) 555-1529,Zoë Müller,Northwind Traders Inc,Ontario,102.09,2,"second order this month, repeat buyer"
2024-11-27,ORD-002219,buyer0092@example.com,(416) 555-9608,Li Wei,Blue Harbour Logistics,Quebec,94.56,2,"second order this month, repeat buyer"
2024-11-02,ORD-002220,buyer0314@example.com,(416) 555-1428,Priya Raman,Northwind Traders Inc,Ontario,112.80,3,
2024-11-05,ORD-002221,buyer0544@example.com,(416) 555-8990,José García,Blue Harbour Logistics,Quebec,78.58,2,gift wrap and a handwritten card please
2024-11-14,ORD-002222,buyer0568@example.com,(416) 555-6572,Nguyễn Văn An,Maple Leaf Dental Group,Nova Scotia,61.69,2,gift wrap and a handwritten card please
2024-11-17,ORD-002223,buyer0585@example.com,(416) 555-6883,Zoë Müller,Acme Holdings Ltd,Ontario,75.30,2,
2024-11-27,ORD-002224,buyer0608@example.com,(416) 555-9851,Zoë Müller,Blue Harbour Logistics,Ontario,228.54,4,
2024-11-28,ORD-002225,buyer0363@example.com,(416) 555-7851,Oluwaseun Adeyemi,Kestrel Analytics Corp,Quebec,90.48,2,customer asked for late delivery to the Brampton warehouse
2024-11-10,ORD-002226,buyer0548@example.com,(416) 555-0186,José García,Maple Leaf Dental Group,Ontario,280.73,5,
2024-11-02,ORD-002227,buyer0467@example.com,(416) 555-7518,Oluwaseun Adeyemi,Blue Harbour Logistics,Ontario,157.56,3,gift wrap and a handwritten card please
2024-11-02,ORD-002228,buyer0263@example.com,(416) 555-6583,Zoë Müller,Blue Harbour Logistics,Nova Scotia,63.11,2,"call before delivery, dog in the yard"
2024-11-13,ORD-002229,buyer0859@example.com,(416) 555-7208,Nguyễn Văn An,Blue Harbour Logistics,Quebec,199.46,5,"call before delivery, dog in the yard"
2024-11-09,ORD-002230,buyer0316@example.com,(416) 555-6082,Oluwaseun Adeyemi,Kestrel Analytics Corp,Ontario,77.22,2,
2024-11-21,ORD-002231,buyer0322@example.com,(416) 555-5380,Zoë Müller,Northwind Traders Inc,Alberta,140.73,3,customer asked for late delivery to the Brampton warehouse
2024-11-23,ORD-002232,buyer0488@example.com,(416) 555-7928,Zoë Müller,Maple Leaf Dental Group,Quebec,207.92,4,gift wrap and a handwritten card please
2024-11-14,ORD-002233,buyer0675@example.com,(416) 555-1665,Li Wei,Maple Leaf Dental Group,Quebec,113.21,3,gift wrap and a handwritten card please
2024-11-27,ORD-002234,buyer0887@example.com,(416) 555-2639,Oluwaseun Adeyemi,Acme Holdings Ltd,Ontario,138.59,4,"second order this month, repeat buyer"
2024-11-11,ORD-002235,buyer0383@example.com,(416) 555-7748,Priya Raman,Blue Harbour Logistics,Alberta,112.37,2,gift wrap and a handwritten card please
2024-11-09,ORD-002236,buyer0050@example.com,(416) 555-6311,José García,Kestrel Analytics Corp,Quebec,211.19,4,
2024-11-14,ORD-002237,buyer0085@example.com,(416) 555-7954,José García,Blue Harbour Logistics,Quebec,231.67,4,
2024-11-11,ORD-002238,buyer0774@example.com,(416) 555-5468,Li Wei,Kestrel Analytics Corp,Alberta,44.64,1,"call before delivery, dog in the yard"
2024-11-27,ORD-002239,buyer0705@example.com,(416) 555-2056,Priya Raman,Maple Leaf Dental Group,Alberta,61.49,2,customer asked for late delivery to the Brampton warehouse
2024-11-23,ORD-002240,buyer0629@example.com,(416) 555-4878,Priya Raman,Maple Leaf Dental Group,Ontario,59.97,1,
2024-11-16,ORD-002241,buyer0496@example.com,(416) 555-6645,Li Wei,Northwind Traders Inc,Ontario,227.49,5,"call before delivery, dog in the yard"
2024-11-24,ORD-002242,buyer0568@example.com,(416) 555-8851,Oluwaseun Adeyemi,Northwind Traders Inc,Ontario,46.93,1,"call before delivery, dog in the yard"
2024-11-04,ORD-002243,buyer0623@example.com,(416) 555-1721,Oluwaseun Adeyemi,Maple Leaf Dental Group,Ontario,150.62,4,customer asked for late delivery to the Brampton warehouse
2024-11-14,ORD-002244,buyer0665@example.com,(416) 555-1927,Nguyễn Văn An,Acme Holdings Ltd,Nova Scotia,82.88,2,
2024-11-03,ORD-002245,buyer0328@example.com,(416) 555-9890,Li Wei,Blue Harbour Logistics,Quebec,95.18,2,"call before delivery, dog in the yard"
2024-11-26,ORD-002246,buyer0552@example.com,(416) 555-6749,Priya Raman,Blue Harbour Logistics,Ontario,101.61,2,customer asked for late delivery to the Brampton warehouse
2024-11-14,ORD-002247,buyer0181@example.com,(416) 555-4947,Oluwaseun Adeyemi,Maple Leaf Dental Group,Alberta,95.42,3,gift wrap and a handwritten card please
2024-11-21,ORD-002248,buyer0807@example.com,(416) 555-9852,Nguyễn Văn An,Blue Harbour Logistics,Nova Scotia,99.90,2,"second order this month, repeat buyer"
2024-11-14,ORD-002249,buyer0278@example.com,(416) 555-6086,Oluwaseun Adeyemi,Kestrel Analytics Corp,Alberta,278.43,5,"call before delivery, dog in the yard"
2024-11-09,ORD-002250,buyer0154@example.com,(416) 555-7250,Li Wei,Kestrel Analytics Corp,Alberta,131.18,3,"call before delivery, dog in the yard"
2024-11-03,ORD-002251,buyer0273@example.com,(416) 555-3676,Priya Raman,Kestrel Analytics Corp,Ontario,184.11,4,customer asked for late delivery to the Brampton warehouse
2024-11-18,ORD-002252,buyer0404@example.com,(416) 555-4420,Zoë Müller,Maple Leaf Dental Group,Quebec,51.06,1,customer asked for late delivery to the Brampton warehouse
2024-11-23,ORD-002253,buyer0587@example.com,(416) 555-5743,Nguyễn Văn An,Northwind Traders Inc,Alberta,194.23,4,"second order this month, repeat buyer"
2024-11-15,ORD-002254,buyer0654@example.com,(416) 555-1241,Zoë Müller,Blue Harbour Logistics,Nova Scotia,41.28,1,"second order this month, repeat buyer"
2024-11-18,ORD-002255,buyer0643@example.com,(416) 555-8917,Oluwaseun Adeyemi,Northwind Traders Inc,Nova Scotia,135.46,4,gift wrap and a handwritten card please
2024-11-15,ORD-002256,buyer0238@example.com,(416) 555-6704,Priya Raman,Kestrel Analytics Corp,Alberta,30.63,1,
2024-11-14,ORD-002257,buyer0311@example.com,(416) 555-1274,Li Wei,Acme Holdings Ltd,Quebec,242.98,5,gift wrap and a handwritten card please
2024-11-21,ORD-002258,buyer0549@example.com,(416) 555-0743,Priya Raman,Maple Leaf Dental Group,Nova Scotia,83.97,2,"second order this month, repeat buyer"
2024-11-12,ORD-002259,buyer0242@example.com,(416) 555-0328,Oluwaseun Adeyemi,Blue Harbour Logistics,Ontario,165.27,3,"second order this month, repeat buyer"
2024-11-14,ORD-002260,buyer0184@example.com,(416) 555-1570,José García,Maple Leaf Dental Group,Ontario,234.12,4,"second order this month, repeat buyer"
2024-11-17,ORD-002261,buyer0757@example.com,(416) 555-3105,Zoë Müller,Maple Leaf Dental Group,Quebec,144.94,3,gift wrap and a handwritten card please
2024-11-03,ORD-002262,buyer0086@example.com,(416) 555-6764,Priya Raman,Acme Holdings Ltd,Quebec,42.13,1,"second order this month, repeat buyer"
2024-11-18,ORD-002263,buyer0374@example.com,(416) 555-7106,Li Wei,Kestrel Analytics Corp,Quebec,159.26,3,"second order this month, repeat buyer"
2024-11-28,ORD-002264,buyer0395@example.com,(416) 555-3151,Nguyễn Văn An,Acme Holdings Ltd,Nova Scotia,92.35,2,
2024-11-15,ORD-002265,buyer0892@example.com,(416) 555-5929,Li Wei,Kestrel Analytics Corp,Alberta,267.26,5,customer asked for late delivery to the Brampton warehouse
2024-11-12,ORD-002266,buyer0286@example.com,(416) 555-7543,Li Wei,Northwind Traders Inc,Nova Scotia,117.73,2,"second order this month, repeat buyer"
2024-11-20,ORD-002267,buyer0249@example.com,(416) 555-4803,Priya Raman,Northwind Traders Inc,Quebec,33.13,1,gift wrap and a handwritten card please
2024-11-23,ORD-002268,buyer0126@example.com,(416) 555-2082,Oluwaseun Adeyemi,Acme Holdings Ltd,Alberta,279.26,5,
2024-11-15,ORD-002269,buyer0232@example.com,(416) 555-7349,Oluwaseun Adeyemi,Acme Holdings Ltd,Nova Scotia,134.47,3,gift wrap and a handwritten card please
2024-12-04,ORD-002300,buyer0353@example.com,(416) 555-7742,Li Wei,Kestrel Analytics Corp,Alberta,228.69,4,"call before delivery, dog in the yard"
2024-12-24,ORD-002301,buyer0795@example.com,(416) 555-6767,Priya Raman,Kestrel Analytics Corp,Nova Scotia,125.36,3,"second order this month, repeat buyer"
2024-12-02,ORD-002302,buyer0078@example.com,(416) 555-5447,Nguyễn Văn An,Kestrel Analytics Corp,Ontario,172.47,4,customer asked for late delivery to the Brampton warehouse
2024-12-13,ORD-002303,buyer0065@example.com,(416) 555-0419,Nguyễn Văn An,Kestrel Analytics Corp,Nova Scotia,105.81,2,"call before delivery, dog in the yard"
2024-12-10,ORD-002304,buyer0848@example.com,(416) 555-9003,José García,Kestrel Analytics Corp,Alberta,190.09,4,gift wrap and a handwritten card please
2024-12-16,ORD-002305,buyer0729@example.com,(416) 555-4360,Nguyễn Văn An,Blue Harbour Logistics,Nova Scotia,176.07,4,
2024-12-22,ORD-002306,buyer0755@example.com,(416) 555-3217,Zoë Müller,Acme Holdings Ltd,Quebec,121.27,4,"call before delivery, dog in the yard"
2024-12-26,ORD-002307,buyer0321@example.com,(416) 555-7521,Priya Raman,Maple Leaf Dental Group,Ontario,99.34,3,gift wrap and a handwritten card please
2024-12-26,ORD-002308,buyer0526@example.com,(416) 555-6096,Priya Raman,Blue Harbour Logistics,Nova Scotia,194.69,4,gift wrap and a handwritten card please
2024-12-28,ORD-002309,buyer0788@example.com,(416) 555-5518,Priya Raman,Acme Holdings Ltd,Ontario,268.45,5,"call before delivery, dog in the yard"
2024-12-16,ORD-002310,buyer0175@example.com,(416) 555-0204,Priya Raman,Northwind Traders Inc,Quebec,102.04,2,customer asked for late delivery to the Brampton warehouse
2024-12-03,ORD-002311,buyer0178@example.com,(416) 555-7427,Priya Raman,Kestrel Analytics Corp,Nova Scotia,43.02,1,"call before delivery, dog in the yard"
2024-12-22,ORD-002312,buyer0683@example.com,(416) 555-8461,Zoë Müller,Acme Holdings Ltd,Nova Scotia,115.89,2,
2024-12-22,ORD-002313,buyer0828@example.com,(416) 555-3150,Oluwaseun Adeyemi,Acme Holdings Ltd,Ontario,190.61,4,customer asked for late delivery to the Brampton warehouse
2024-12-21,ORD-002314,buyer0858@example.com,(416) 555-3434,Li Wei,Acme Holdings Ltd,Alberta,140.84,3,"call before delivery, dog in the yard"
2024-12-11,ORD-002315,buyer0470@example.com,(416) 555-3052,Li Wei,Acme Holdings Ltd,Nova Scotia,157.95,3,customer asked for late delivery to the Brampton warehouse
2024-12-13,ORD-002316,buyer0760@example.com,(416) 555-3267,Zoë Müller,Acme Holdings Ltd,Ontario,109.22,2,gift wrap and a handwritten card please
2024-12-04,ORD-002317,buyer0340@example.com,(416) 555-7484,Li Wei,Kestrel Analytics Corp,Quebec,33.29,1,gift wrap and a handwritten card please
2024-12-10,ORD-002318,buyer0767@example.com,(416) 555-5099,Zoë Müller,Kestrel Analytics Corp,Quebec,194.44,5,"second order this month, repeat buyer"
2024-12-23,ORD-002319,buyer0008@example.com,(416) 555-7059,Priya Raman,Acme Holdings Ltd,Nova Scotia,50.28,1,
2024-12-02,ORD-002320,buyer0280@example.com,(416) 555-1192,Oluwaseun Adeyemi,Northwind Traders Inc,Ontario,104.17,3,"call before delivery, dog in the yard"
2024-12-25,ORD-002321,buyer0049@example.com,(416) 555-8959,Oluwaseun Adeyemi,Blue Harbour Logistics,Alberta,215.91,4,
2024-12-25,ORD-002322,buyer0451@example.com,(416) 555-3034,Oluwaseun Adeyemi,Northwind Traders Inc,Ontario,46.21,1,"call before delivery, dog in the yard"
2024-12-01,ORD-002323,buyer0881@example.com,(416) 555-9622,José García,Northwind Traders Inc,Quebec,103.11,3,"second order this month, repeat buyer"
2024-12-21,ORD-002324,buyer0666@example.com,(416) 555-2027,Zoë Müller,Maple Leaf Dental Group,Ontario,180.41,4,
2024-12-09,ORD-002325,buyer0211@example.com,(416) 555-1691,Zoë Müller,Blue Harbour Logistics,Ontario,221.39,4,"second order this month, repeat buyer"
2024-12-05,ORD-002326,buyer0164@example.com,(416) 555-0949,Priya Raman,Maple Leaf Dental Group,Quebec,153.70,3,"call before delivery, dog in the yard"
2024-12-01,ORD-002327,buyer0503@example.com,(416) 555-4745,José García,Maple Leaf Dental Group,Nova Scotia,137.21,4,gift wrap and a handwritten card please
2024-12-24,ORD-002328,buyer0616@example.com,(416) 555-7604,Nguyễn Văn An,Acme Holdings Ltd,Nova Scotia,52.05,1,
2024-12-01,ORD-002329,buyer0758@example.com,(416) 555-6558,Zoë Müller,Blue Harbour Logistics,Ontario,34.08,1,"second order this month, repeat buyer"
2024-12-14,ORD-002330,buyer0472@example.com,(416) 555-1789,Zoë Müller,Maple Leaf Dental Group,Alberta,33.43,1,"second order this month, repeat buyer"
2024-12-06,ORD-002331,buyer0450@example.com,(416) 555-5531,Zoë Müller,Blue Harbour Logistics,Alberta,195.30,5,
2024-12-09,ORD-002332,buyer0805@example.com,(416) 555-2093,Oluwaseun Adeyemi,Northwind Traders Inc,Nova Scotia,277.94,5,gift wrap and a handwritten card please
2024-12-10,ORD-002333,buyer0210@example.com,(416) 555-0114,Li Wei,Kestrel Analytics Corp,Ontario,276.87,5,"second order this month, repeat buyer"
2024-12-20,ORD-002334,buyer0165@example.com,(416) 555-9182,Nguyễn Văn An,Maple Leaf Dental Group,Ontario,143.15,3,gift wrap and a handwritten card please
2024-12-17,ORD-002335,buyer0267@example.com,(416) 555-1512,Nguyễn Văn An,Maple Leaf Dental Group,Quebec,77.61,2,
2024-12-03,ORD-002336,buyer0256@example.com,(416) 555-6765,Priya Raman,Maple Leaf Dental Group,Nova Scotia,213.04,5,
2024-12-27,ORD-002337,buyer0063@example.com,(416) 555-3591,Nguyễn Văn An,Acme Holdings Ltd,Quebec,39.53,1,customer asked for late delivery to the Brampton warehouse
2024-12-19,ORD-002338,buyer0550@example.com,(416) 555-1387,José García,Kestrel Analytics Corp,Ontario,169.66,3,customer asked for late delivery to the Brampton warehouse
2024-12-06,ORD-002339,buyer0689@example.com,(416) 555-8605,Priya Raman,Kestrel Analytics Corp,Alberta,298.96,5,"call before delivery, dog in the yard"
2024-12-22,ORD-002340,buyer0496@example.com,(416) 555-8278,Zoë Müller,Maple Leaf Dental Group,Ontario,147.59,4,gift wrap and a handwritten card please
2024-12-24,ORD-002341,buyer0278@example.com,(416) 555-9471,Priya Raman,Northwind Traders Inc,Nova Scotia,113.11,2,"call before delivery, dog in the yard"
2024-12-21,ORD-002342,buyer0846@example.com,(416) 555-9993,Li Wei,Acme Holdings Ltd,Alberta,239.80,4,
2024-12-15,ORD-002343,buyer0604@example.com,(416) 555-2917,Zoë Müller,Blue Harbour Logistics,Nova Scotia,296.70,5,gift wrap and a handwritten card please
2024-12-20,ORD-002344,buyer0813@example.com,(416) 555-3567,Li Wei,Northwind Traders Inc,Nova Scotia,95.64,3,gift wrap and a handwritten card please
2024-12-09,ORD-002345,buyer0683@example.com,(416) 555-8635,Priya Raman,Acme Holdings Ltd,Alberta,117.66,3,gift wrap and a handwritten card please
2024-12-25,ORD-002346,buyer0365@example.com,(416) 555-3285,Zoë Müller,Kestrel Analytics Corp,Ontario,130.89,4,customer asked for late delivery to the Brampton warehouse
2024-12-23,ORD-002347,buyer0672@example.com,(416) 555-9625,Li Wei,Maple Leaf Dental Group,Alberta,56.92,1,customer asked for late delivery to the Brampton warehouse
2024-12-13,ORD-002348,buyer0820@example.com,(416) 555-3742,José García,Kestrel Analytics Corp,Alberta,117.39,3,"call before delivery, dog in the yard"
2024-12-24,ORD-002349,buyer0223@example.com,(416) 555-9150,Priya Raman,Maple Leaf Dental Group,Nova Scotia,64.89,2,"second order this month, repeat buyer"
2024-12-23,ORD-002350,buyer0810@example.com,(416) 555-6400,Zoë Müller,Kestrel Analytics Corp,Quebec,155.99,4,"call before delivery, dog in the yard"
2024-12-21,ORD-002351,buyer0268@example.com,(416) 555-3727,Nguyễn Văn An,Blue Harbour Logistics,Quebec,72.18,2,"call before delivery, dog in the yard"
2024-12-06,ORD-002352,buyer0084@example.com,(416) 555-6521,José García,Acme Holdings Ltd,Quebec,230.15,4,
2024-12-26,ORD-002353,buyer0838@example.com,(416) 555-3646,Priya Raman,Acme Holdings Ltd,Alberta,118.71,2,"call before delivery, dog in the yard"
2024-12-03,ORD-002354,buyer0118@example.com,(416) 555-0948,Oluwaseun Adeyemi,Acme Holdings Ltd,Nova Scotia,101.51,3,
2024-12-13,ORD-002355,buyer0802@example.com,(416) 555-6580,Oluwaseun Adeyemi,Maple Leaf Dental Group,Nova Scotia,279.44,5,
2024-12-12,ORD-002356,buyer0644@example.com,(416) 555-7967,Li Wei,Maple Leaf Dental Group,Quebec,142.57,3,gift wrap and a handwritten card please
2024-12-05,ORD-002357,buyer0007@example.com,(416) 555-4462,Zoë Müller,Kestrel Analytics Corp,Alberta,111.66,2,customer asked for late delivery to the Brampton warehouse
2024-12-25,ORD-002358,buyer0576@example.com,(416) 555-3367,José García,Blue Harbour Logistics,Nova Scotia,298.18,5,gift wrap and a handwritten card please
2024-12-21,ORD-002359,buyer0046@example.com,(416) 555-7307,Oluwaseun Adeyemi,Acme Holdings Ltd,Quebec,48.30,1,"call before delivery, dog in the yard"
2024-12-23,ORD-002360,buyer0486@example.com,(416) 555-1057,Nguyễn Văn An,Northwind Traders Inc,Alberta,164.19,3,"call before delivery, dog in the yard"
2024-12-20,ORD-002361,buyer0034@example.com,(416) 555-1357,Zoë Müller,Maple Leaf Dental Group,Ontario,204.89,4,
2024-12-21,ORD-002362,buyer0537@example.com,(416) 555-1919,Li Wei,Maple Leaf Dental Group,Ontario,195.09,4,
2024-12-11,ORD-002363,buyer0235@example.com,(416) 555-3637,Oluwaseun Adeyemi,Acme Holdings Ltd,Nova Scotia,148.26,4,"second order this month, repeat buyer"
2024-12-11,ORD-002364,buyer0874@example.com,(416) 555-2405,Nguyễn Văn An,Blue Harbour Logistics,Nova Scotia,99.39,3,
2024-12-26,ORD-002365,buyer0463@example.com,(416) 555-0539,Oluwaseun Adeyemi,Maple Leaf Dental Group,Nova Scotia,110.11,2,
2024-12-27,ORD-002366,buyer0595@example.com,(416) 555-2823,José García,Kestrel Analytics Corp,Quebec,57.26,1,customer asked for late delivery to the Brampton warehouse
2024-12-26,ORD-002367,buyer0895@example.com,(416) 555-3957,Nguyễn Văn An,Northwind Traders Inc,Alberta,108.86,2,
2024-12-26,ORD-002368,buyer0293@example.com,(416) 555-7506,Oluwaseun Adeyemi,Kestrel Analytics Corp,Nova Scotia,55.85,1,"second order this month, repeat buyer"
2024-12-21,ORD-002369,buyer0877@example.com,(416) 555-6507,Nguyễn Văn An,Acme Holdings Ltd,Nova Scotia,47.74,1,
2025-01-23,ORD-002400,buyer0437@example.com,(416) 555-0723,Zoë Müller,Acme Holdings Ltd,Alberta,56.37,1,"second order this month, repeat buyer"
2025-01-10,ORD-002401,buyer0059@example.com,(416) 555-0084,Zoë Müller,Blue Harbour Logistics,Alberta,78.84,2,
2025-01-14,ORD-002402,buyer0892@example.com,(416) 555-4801,José García,Northwind Traders Inc,Nova Scotia,92.97,3,gift wrap and a handwritten card please
2025-01-16,ORD-002403,buyer0068@example.com,(416) 555-7330,José García,Blue Harbour Logistics,Ontario,154.31,3,customer asked for late delivery to the Brampton warehouse
2025-01-28,ORD-002404,buyer0557@example.com,(416) 555-9759,José García,Maple Leaf Dental Group,Nova Scotia,137.42,3,"call before delivery, dog in the yard"
2025-01-09,ORD-002405,buyer0214@example.com,(416) 555-5128,José García,Blue Harbour Logistics,Ontario,230.93,4,"call before delivery, dog in the yard"
2025-01-18,ORD-002406,buyer0302@example.com,(416) 555-5530,Priya Raman,Maple Leaf Dental Group,Ontario,36.70,1,"second order this month, repeat buyer"
2025-01-18,ORD-002407,buyer0469@example.com,(416) 555-3113,Nguyễn Văn An,Acme Holdings Ltd,Ontario,114.94,3,
2025-01-10,ORD-002408,buyer0850@example.com,(416) 555-6243,Zoë Müller,Kestrel Analytics Corp,Ontario,85.81,2,customer asked for late delivery to the Brampton warehouse
2025-01-21,ORD-002409,buyer0613@example.com,(416) 555-7481,José García,Maple Leaf Dental Group,Nova Scotia,46.31,1,"call before delivery, dog in the yard"
2025-01-24,ORD-002410,buyer0084@example.com,(416) 555-8810,Priya Raman,Kestrel Analytics Corp,Nova Scotia,293.91,5,gift wrap and a handwritten card please
2025-01-19,ORD-002411,buyer0837@example.com,(416) 555-0861,José García,Maple Leaf Dental Group,Alberta,174.02,3,customer asked for late delivery to the Brampton warehouse
2025-01-23,ORD-002412,buyer0071@example.com,(416) 555-7995,José García,Kestrel Analytics Corp,Quebec,106.08,2,gift wrap and a handwritten card please
2025-01-24,ORD-002413,buyer0181@example.com,(416) 555-0921,Nguyễn Văn An,Kestrel Analytics Corp,Alberta,121.10,3,"second order this month, repeat buyer"
2025-01-10,ORD-002414,buyer0631@example.com,(416) 555-8093,Zoë Müller,Blue Harbour Logistics,Quebec,53.55,1,gift wrap and a handwritten card please
2025-01-17,ORD-002415,buyer0860@example.com,(416) 555-5472,Li Wei,Blue Harbour Logistics,Ontario,155.23,4,
2025-01-23,ORD-002416,buyer0180@example.com,(416) 555-2610,Oluwaseun Adeyemi,Northwind Traders Inc,Alberta,185.54,5,gift wrap and a handwritten card please
2025-01-28,ORD-002417,buyer0243@example.com,(416) 555-2571,Zoë Müller,Kestrel Analytics Corp,Quebec,93.90,2,
2025-01-14,ORD-002418,buyer0085@example.com,(416) 555-9961,Zoë Müller,Kestrel Analytics Corp,Ontario,31.35,1,
2025-01-16,ORD-002419,buyer0152@example.com,(416) 555-1504,Oluwaseun Adeyemi,Blue Harbour Logistics,Alberta,197.48,5,"second order this month, repeat buyer"
2025-01-01,ORD-002420,buyer0735@example.com,(416) 555-0307,Priya Raman,Kestrel Analytics Corp,Nova Scotia,284.66,5,
2025-01-28,ORD-002421,buyer0519@example.com,(416) 555-6644,Priya Raman,Acme Holdings Ltd,Nova Scotia,156.69,3,
2025-01-11,ORD-002422,buyer0560@example.com,(416) 555-6569,José García,Maple Leaf Dental Group,Nova Scotia,138.04,3,"second order this month, repeat buyer"
2025-01-18,ORD-002423,buyer0201@example.com,(416) 555-5253,Oluwaseun Adeyemi,Kestrel Analytics Corp,Alberta,167.42,4,"call before delivery, dog in the yard"
2025-01-18,ORD-002424,buyer0363@example.com,(416) 555-9823,Li Wei,Kestrel Analytics Corp,Nova Scotia,56.01,1,customer asked for late delivery to the Brampton warehouse
2025-01-19,ORD-002425,buyer0730@example.com,(416) 555-4224,Nguyễn Văn An,Blue Harbour Logistics,Alberta,99.22,3,gift wrap and a handwritten card please
2025-01-19,ORD-002426,buyer0238@example.com,(416) 555-3157,Nguyễn Văn An,Kestrel Analytics Corp,Quebec,107.21,3,
2025-01-05,ORD-002427,buyer0801@example.com,(416) 555-5459,Zoë Müller,Blue Harbour Logistics,Alberta,49.59,1,"second order this month, repeat buyer"
2025-01-01,ORD-002428,buyer0423@example.com,(416) 555-4328,Oluwaseun Adeyemi,Northwind Traders Inc,Ontario,235.81,4,gift wrap and a handwritten card please
2025-01-26,ORD-002429,buyer0607@example.com,(416) 555-9190,Nguyễn Văn An,Kestrel Analytics Corp,Ontario,35.91,1,customer asked for late delivery to the Brampton warehouse
2025-01-03,ORD-002430,buyer0633@example.com,(416) 555-6387,Priya Raman,Acme Holdings Ltd,Nova Scotia,185.47,4,customer asked for late delivery to the Brampton warehouse
2025-01-01,ORD-002431,buyer0637@example.com,(416) 555-1853,Li Wei,Blue Harbour Logistics,Ontario,173.80,3,"second order this month, repeat buyer"
2025-01-20,ORD-002432,buyer0405@example.com,(416) 555-0513,Priya Raman,Maple Leaf Dental Group,Nova Scotia,147.24,4,gift wrap and a handwritten card please
2025-01-05,ORD-002433,buyer0028@example.com,(416) 555-2880,Priya Raman,Maple Leaf Dental Group,Alberta,298.69,5,"second order this month, repeat buyer"
2025-01-25,ORD-002434,buyer0622@example.com,(416) 555-3389,José García,Maple Leaf Dental Group,Ontario,265.57,5,gift wrap and a handwritten card please
2025-01-10,ORD-002435,buyer0462@example.com,(416) 555-9045,Nguyễn Văn An,Acme Holdings Ltd,Nova Scotia,209.50,5,
2025-01-23,ORD-002436,buyer0562@example.com,(416) 555-3297,Zoë Müller,Acme Holdings Ltd,Alberta,230.59,4,
2025-01-06,ORD-002437,buyer0782@example.com,(416) 555-2017,Li Wei,Northwind Traders Inc,Nova Scotia,59.51,1,"second order this month, repeat buyer"
2025-01-15,ORD-002438,buyer0452@example.com,(416) 555-0193,Li Wei,Blue Harbour Logistics,Quebec,33.72,1,
2025-01-01,ORD-002439,buyer0446@example.com,(416) 555-1428,Priya Raman,Kestrel Analytics Corp,Quebec,169.27,4,"second order this month, repeat buyer"
2025-01-16,ORD-002440,buyer0472@example.com,(416) 555-4316,Li Wei,Maple Leaf Dental Group,Alberta,143.92,3,"call before delivery, dog in the yard"
2025-01-18,ORD-002441,buyer0385@example.com,(416) 555-9550,José García,Northwind Traders Inc,Alberta,203.31,5,"second order this month, repeat buyer"
2025-01-07,ORD-002442,buyer0574@example.com,(416) 555-4348,Nguyễn Văn An,Blue Harbour Logistics,Nova Scotia,43.03,1,
2025-01-19,ORD-002443,buyer0448@example.com,(416) 555-2091,José García,Blue Harbour Logistics,Nova Scotia,131.38,3,gift wrap and a handwritten card please
2025-01-05,ORD-002444,buyer0001@example.com,(416) 555-0410,José García,Blue Harbour Logistics,Alberta,54.93,1,customer asked for late delivery to the Brampton warehouse
2025-01-15,ORD-002445,buyer0416@example.com,(416) 555-5362,Li Wei,Northwind Traders Inc,Ontario,119.87,3,gift wrap and a handwritten card please
2025-01-15,ORD-002446,buyer0728@example.com,(416) 555-3101,Oluwaseun Adeyemi,Blue Harbour Logistics,Alberta,50.01,1,
2025-01-26,ORD-002447,buyer0636@example.com,(416) 555-3845,Zoë Müller,Maple Leaf Dental Group,Nova Scotia,137.06,3,"second order this month, repeat buyer"
2025-01-25,ORD-002448,buyer0024@example.com,(416) 555-9274,Zoë Müller,Northwind Traders Inc,Quebec,45.05,1,
2025-01-10,ORD-002449,buyer0574@example.com,(416) 555-6958,José García,Northwind Traders Inc,Alberta,137.59,4,customer asked for late delivery to the Brampton warehouse
2025-01-12,ORD-002450,buyer0074@example.com,(416) 555-2062,Zoë Müller,Maple Leaf Dental Group,Nova Scotia,168.45,5,customer asked for late delivery to the Brampton warehouse
2025-01-17,ORD-002451,buyer0152@example.com,(416) 555-3327,Zoë Müller,Blue Harbour Logistics,Quebec,210.51,4,"call before delivery, dog in the yard"
2025-01-18,ORD-002452,buyer0274@example.com,(416) 555-0261,José García,Maple Leaf Dental Group,Ontario,174.22,3,"second order this month, repeat buyer"
2025-01-12,ORD-002453,buyer0444@example.com,(416) 555-1043,Zoë Müller,Acme Holdings Ltd,Quebec,58.03,1,
2025-01-08,ORD-002454,buyer0433@example.com,(416) 555-8759,Li Wei,Blue Harbour Logistics,Nova Scotia,187.35,5,
2025-01-09,ORD-002455,buyer0456@example.com,(416) 555-9073,José García,Kestrel Analytics Corp,Quebec,171.68,5,
2025-01-04,ORD-002456,buyer0587@example.com,(416) 555-6558,Zoë Müller,Maple Leaf Dental Group,Ontario,232.17,4,"second order this month, repeat buyer"
2025-01-19,ORD-002457,buyer0657@example.com,(416) 555-8653,Priya Raman,Northwind Traders Inc,Nova Scotia,140.31,3,
2025-01-10,ORD-002458,buyer0023@example.com,(416) 555-7194,Oluwaseun Adeyemi,Northwind Traders Inc,Nova Scotia,133.94,4,customer asked for late delivery to the Brampton warehouse
2025-01-24,ORD-002459,buyer0457@example.com,(416) 555-4047,Priya Raman,Acme Holdings Ltd,Nova Scotia,282.59,5,"second order this month, repeat buyer"
2025-01-07,ORD-002460,buyer0825@example.com,(416) 555-1266,Nguyễn Văn An,Kestrel Analytics Corp,Quebec,92.93,3,
2025-01-01,ORD-002461,buyer0376@example.com,(416) 555-5514,Nguyễn Văn An,Blue Harbour Logistics,Ontario,55.82,1,"call before delivery, dog in the yard"
2025-01-18,ORD-002462,buyer0104@example.com,(416) 555-0340,Oluwaseun Adeyemi,Blue Harbour Logistics,Quebec,38.65,1,
2025-01-15,ORD-002463,buyer0332@example.com,(416) 555-4599,Nguyễn Văn An,Blue Harbour Logistics,Ontario,286.13,5,"second order this month, repeat buyer"
2025-01-24,ORD-002464,buyer0139@example.com,(416) 555-3447,Priya Raman,Northwind Traders Inc,Quebec,190.19,4,
2025-01-01,ORD-002465,buyer0578@example.com,(416) 555-1143,Li Wei,Acme Holdings Ltd,Quebec,77.56,2,
2025-01-03,ORD-002466,buyer0463@example.com,(416) 555-4797,Oluwaseun Adeyemi,Acme Holdings Ltd,Alberta,238.50,4,gift wrap and a handwritten card please
2025-01-09,ORD-002467,buyer0391@example.com,(416) 555-2191,Zoë Müller,Acme Holdings Ltd,Quebec,132.18,3,
2025-01-06,ORD-002468,buyer0504@example.com,(416) 555-7789,José García,Kestrel Analytics Corp,Nova Scotia,103.50,3,customer asked for late delivery to the Brampton warehouse
2025-01-01,ORD-002469,buyer0715@example.com,(416) 555-2863,Zoë Müller,Blue Harbour Logistics,Ontario,296.48,5,gift wrap and a handwritten card please
2025-02-03,ORD-002500,buyer0619@example.com,(416) 555-4634,José García,Acme Holdings Ltd,Nova Scotia,99.95,3,
2025-02-15,ORD-002501,buyer0214@example.com,(416) 555-0208,Oluwaseun Adeyemi,Kestrel Analytics Corp,Alberta,224.53,5,
2025-02-04,ORD-002502,buyer0113@example.com,(416) 555-3383,Nguyễn Văn An,Blue Harbour Logistics,Alberta,52.40,1,customer asked for late delivery to the Brampton warehouse
2025-02-07,ORD-002503,buyer0516@example.com,(416) 555-7157,Oluwaseun Adeyemi,Blue Harbour Logistics,Nova Scotia,177.21,3,"call before delivery, dog in the yard"
2025-02-09,ORD-002504,buyer0255@example.com,(416) 555-6324,Oluwaseun Adeyemi,Kestrel Analytics Corp,Quebec,152.52,3,"second order this month, repeat buyer"
2025-02-12,ORD-002505,buyer0626@example.com,(416) 555-1863,Oluwaseun Adeyemi,Northwind Traders Inc,Quebec,113.85,3,"second order this month, repeat buyer"
2025-02-24,ORD-002506,buyer0401@example.com,(416) 555-9551,Nguyễn Văn An,Maple Leaf Dental Group,Nova Scotia,93.82,2,"call before delivery, dog in the yard"
2025-02-05,ORD-002507,buyer0838@example.com,(416) 555-0550,Nguyễn Văn An,Acme Holdings Ltd,Ontario,42.00,1,"call before delivery, dog in the yard"
2025-02-12,ORD-002508,buyer0130@example.com,(416) 555-2939,Oluwaseun Adeyemi,Blue Harbour Logistics,Quebec,281.50,5,customer asked for late delivery to the Brampton warehouse
2025-02-10,ORD-002509,buyer0351@example.com,(416) 555-9286,Li Wei,Kestrel Analytics Corp,Nova Scotia,157.67,5,
2025-02-25,ORD-002510,buyer0333@example.com,(416) 555-1958,Oluwaseun Adeyemi,Acme Holdings Ltd,Ontario,67.02,2,
2025-02-26,ORD-002511,buyer0804@example.com,(416) 555-9860,Priya Raman,Maple Leaf Dental Group,Quebec,80.22,2,
2025-02-28,ORD-002512,buyer0730@example.com,(416) 555-1452,Oluwaseun Adeyemi,Acme Holdings Ltd,Alberta,64.20,2,
2025-02-01,ORD-002513,buyer0399@example.com,(416) 555-9698,José García,Acme Holdings Ltd,Nova Scotia,200.48,4,"call before delivery, dog in the yard"
2025-02-04,ORD-002514,buyer0145@example.com,(416) 555-4994,Zoë Müller,Acme Holdings Ltd,Ontario,96.95,2,
2025-02-09,ORD-002515,buyer0097@example.com,(416) 555-8516,Oluwaseun Adeyemi,Northwind Traders Inc,Quebec,219.01,4,
2025-02-26,ORD-002516,buyer0195@example.com,(416) 555-4617,Nguyễn Văn An,Northwind Traders Inc,Ontario,285.46,5,
2025-02-04,ORD-002517,buyer0076@example.com,(416) 555-9894,Priya Raman,Kestrel Analytics Corp,Nova Scotia,70.74,2,
2025-02-17,ORD-002518,buyer0714@example.com,(416) 555-3020,Oluwaseun Adeyemi,Maple Leaf Dental Group,Nova Scotia,155.52,3,
2025-02-12,ORD-002519,buyer0657@example.com,(416) 555-3751,Li Wei,Blue Harbour Logistics,Alberta,124.92,4,customer asked for late delivery to the Brampton warehouse
2025-02-17,ORD-002520,buyer0448@example.com,(416) 555-6421,Priya Raman,Maple Leaf Dental Group,Ontario,125.62,3,
2025-02-16,ORD-002521,buyer0433@example.com,(416) 555-4394,Zoë Müller,Kestrel Analytics Corp,Alberta,151.50,4,"call before delivery, dog in the yard"
2025-02-08,ORD-002522,buyer0817@example.com,(416) 555-1934,Priya Raman,Northwind Traders Inc,Ontario,130.70,4,"call before delivery, dog in the yard"
2025-02-23,ORD-002523,buyer0694@example.com,(416) 555-0968,Nguyễn Văn An,Blue Harbour Logistics,Ontario,96.30,3,gift wrap and a handwritten card please
2025-02-07,ORD-002524,buyer0540@example.com,(416) 555-2381,Priya Raman,Kestrel Analytics Corp,Ontario,155.90,3,gift wrap and a handwritten card please
2025-02-22,ORD-002525,buyer0122@example.com,(416) 555-4967,José García,Maple Leaf Dental Group,Nova Scotia,226.95,5,"second order this month, repeat buyer"
2025-02-07,ORD-002526,buyer0537@example.com,(416) 555-1572,Zoë Müller,Acme Holdings Ltd,Nova Scotia,58.85,1,
2025-02-06,ORD-002527,buyer0747@example.com,(416) 555-3662,Nguyễn Văn An,Acme Holdings Ltd,Alberta,45.27,1,"second order this month, repeat buyer"
2025-02-03,ORD-002528,buyer0019@example.com,(416) 555-2402,Zoë Müller,Maple Leaf Dental Group,Alberta,265.97,5,
2025-02-09,ORD-002529,buyer0346@example.com,(416) 555-5486,Oluwaseun Adeyemi,Maple Leaf Dental Group,Ontario,212.94,5,"call before delivery, dog in the yard"
2025-02-02,ORD-002530,buyer0193@example.com,(416) 555-9778,Priya Raman,Northwind Traders Inc,Nova Scotia,93.97,2,gift wrap and a handwritten card please
2025-02-28,ORD-002531,buyer0672@example.com,(416) 555-7217,Zoë Müller,Northwind Traders Inc,Nova Scotia,59.86,1,"second order this month, repeat buyer"
2025-02-17,ORD-002532,buyer0426@example.com,(416) 555-1700,Priya Raman,Northwind Traders Inc,Quebec,157.09,3,"second order this month, repeat buyer"
2025-02-18,ORD-002533,buyer0654@example.com,(416) 555-5202,Nguyễn Văn An,Northwind Traders Inc,Nova Scotia,98.55,2,
2025-02-16,ORD-002534,buyer0612@example.com,(416) 555-2589,José García,Northwind Traders Inc,Alberta,65.33,2,gift wrap and a handwritten card please
2025-02-13,ORD-002535,buyer0698@example.com,(416) 555-1259,José García,Kestrel Analytics Corp,Ontario,116.99,2,
2025-02-15,ORD-002536,buyer0486@example.com,(416) 555-8010,Zoë Müller,Northwind Traders Inc,Alberta,43.49,1,"second order this month, repeat buyer"
2025-02-25,ORD-002537,buyer0021@example.com,(416) 555-2262,Nguyễn Văn An,Northwind Traders Inc,Ontario,41.83,1,customer asked for late delivery to the Brampton warehouse
2025-02-05,ORD-002538,buyer0098@example.com,(416) 555-9028,Priya Raman,Northwind Traders Inc,Nova Scotia,35.98,1,
2025-02-12,ORD-002539,buyer0170@example.com,(416) 555-4849,Nguyễn Văn An,Acme Holdings Ltd,Ontario,253.49,5,gift wrap and a handwritten card please
2025-02-09,ORD-002540,buyer0615@example.com,(416) 555-7987,Oluwaseun Adeyemi,Kestrel Analytics Corp,Ontario,63.01,2,customer asked for late delivery to the Brampton warehouse
2025-02-14,ORD-002541,buyer0193@example.com,(416) 555-9479,Li Wei,Acme Holdings Ltd,Ontario,179.18,5,
2025-02-26,ORD-002542,buyer0305@example.com,(416) 555-8760,Oluwaseun Adeyemi,Acme Holdings Ltd,Quebec,89.66,2,customer asked for late delivery to the Brampton warehouse
2025-02-25,ORD-002543,buyer0109@example.com,(416) 555-1921,Li Wei,Acme Holdings Ltd,Alberta,240.83,5,"call before delivery, dog in the yard"
2025-02-19,ORD-002544,buyer0740@example.com,(416) 555-3462,Priya Raman,Northwind Traders Inc,Alberta,284.27,5,customer asked for late delivery to the Brampton warehouse
2025-02-15,ORD-002545,buyer0595@example.com,(416) 555-6087,Oluwaseun Adeyemi,Blue Harbour Logistics,Nova Scotia,257.58,5,"second order this month, repeat buyer"
2025-02-26,ORD-002546,buyer0824@example.com,(416) 555-4143,Oluwaseun Adeyemi,Northwind Traders Inc,Ontario,166.46,4,
2025-02-17,ORD-002547,buyer0865@example.com,(416) 555-9208,Priya Raman,Acme Holdings Ltd,Nova Scotia,249.72,5,"call before delivery, dog in the yard"
2025-02-01,ORD-002548,buyer0781@example.com,(416) 555-9364,Nguyễn Văn An,Kestrel Analytics Corp,Quebec,233.80,4,gift wrap and a handwritten card please
2025-02-27,ORD-002549,buyer0165@example.com,(416) 555-6354,Zoë Müller,Blue Harbour Logistics,Nova Scotia,133.20,3,"call before delivery, dog in the yard"
2025-02-14,ORD-002550,buyer0297@example.com,(416) 555-4051,Li Wei,Northwind Traders Inc,Nova Scotia,298.95,5,
2025-02-05,ORD-002551,buyer0495@example.com,(416) 555-2690,Nguyễn Văn An,Kestrel Analytics Corp,Ontario,86.27,2,"call before delivery, dog in the yard"
2025-02-07,ORD-002552,buyer0036@example.com,(416) 555-7848,Li Wei,Northwind Traders Inc,Ontario,39.81,1,customer asked for late delivery to the Brampton warehouse
2025-02-01,ORD-002553,buyer0082@example.com,(416) 555-8770,Li Wei,Blue Harbour Logistics,Nova Scotia,216.62,5,customer asked for late delivery to the Brampton warehouse
2025-02-19,ORD-002554,buyer0616@example.com,(416) 555-0397,Oluwaseun Adeyemi,Northwind Traders Inc,Ontario,210.36,5,
2025-02-16,ORD-002555,buyer0512@example.com,(416) 555-6214,Nguyễn Văn An,Acme Holdings Ltd,Alberta,77.30,2,
2025-02-19,ORD-002556,buyer0123@example.com,(416) 555-9765,Zoë Müller,Maple Leaf Dental Group,Alberta,177.87,5,"second order this month, repeat buyer"
2025-02-06,ORD-002557,buyer0119@example.com,(416) 555-6778,Priya Raman,Blue Harbour Logistics,Alberta,193.16,4,
2025-02-13,ORD-002558,buyer0873@example.com,(416) 555-4759,José García,Northwind Traders Inc,Alberta,177.07,5,
2025-02-01,ORD-002559,buyer0629@example.com,(416) 555-9903,Zoë Müller,Kestrel Analytics Corp,Nova Scotia,127.66,4,
2025-02-01,ORD-002560,buyer0537@example.com,(416) 555-6478,Zoë Müller,Blue Harbour Logistics,Nova Scotia,62.48,2,"second order this month, repeat buyer"
2025-02-17,ORD-002561,buyer0411@example.com,(416) 555-8424,Oluwaseun Adeyemi,Blue Harbour Logistics,Quebec,157.01,4,"second order this month, repeat buyer"
2025-02-25,ORD-002562,buyer0715@example.com,(416) 555-3003,Priya Raman,Acme Holdings Ltd,Alberta,153.22,4,
2025-02-03,ORD-002563,buyer0522@example.com,(416) 555-4288,Li Wei,Acme Holdings Ltd,Nova Scotia,113.01,3,
2025-02-28,ORD-002564,buyer0152@example.com,(416) 555-0522,Nguyễn Văn An,Kestrel Analytics Corp,Nova Scotia,39.15,1,"second order this month, repeat buyer"
2025-02-19,ORD-002565,buyer0013@example.com,(416) 555-8123,José García,Northwind Traders Inc,Alberta,65.48,2,"call before delivery, dog in the yard"
2025-02-17,ORD-002566,buyer0672@example.com,(416) 555-8535,Priya Raman,Maple Leaf Dental Group,Alberta,214.96,4,customer asked for late delivery to the Brampton warehouse
2025-02-20,ORD-002567,buyer0319@example.com,(416) 555-5858,Oluwaseun Adeyemi,Kestrel Analytics Corp,Ontario,188.00,4,"second order this month, repeat buyer"
2025-02-18,ORD-002568,buyer0807@example.com,(416) 555-5921,Zoë Müller,Kestrel Analytics Corp,Ontario,156.46,5,"second order this month, repeat buyer"
2025-02-10,ORD-002569,buyer0550@example.com,(416) 555-5977,Li Wei,Maple Leaf Dental Group,Ontario,167.52,3,"call before delivery, dog in the yard"
2025-03-08,ORD-002600,buyer0057@example.com,(416) 555-0715,Li Wei,Northwind Traders Inc,Alberta,123.06,4,gift wrap and a handwritten card please
2025-03-02,ORD-002601,buyer0611@example.com,(416) 555-0178,Zoë Müller,Maple Leaf Dental Group,Ontario,38.07,1,"call before delivery, dog in the yard"
2025-03-09,ORD-002602,buyer0493@example.com,(416) 555-7588,Oluwaseun Adeyemi,Kestrel Analytics Corp,Nova Scotia,102.71,3,"second order this month, repeat buyer"
2025-03-19,ORD-002603,buyer0576@example.com,(416) 555-2716,Oluwaseun Adeyemi,Kestrel Analytics Corp,Quebec,205.17,5,gift wrap and a handwritten card please
2025-03-24,ORD-002604,buyer0316@example.com,(416) 555-9590,Li Wei,Acme Holdings Ltd,Alberta,152.49,3,gift wrap and a handwritten card please
2025-03-01,ORD-002605,buyer0424@example.com,(416) 555-2215,Li Wei,Maple Leaf Dental Group,Alberta,113.34,3,gift wrap and a handwritten card please
2025-03-03,ORD-002606,buyer0569@example.com,(416) 555-4242,Zoë Müller,Northwind Traders Inc,Quebec,75.11,2,gift wrap and a handwritten card please
2025-03-28,ORD-002607,buyer0320@example.com,(416) 555-6853,José García,Acme Holdings Ltd,Ontario,64.75,2,
2025-03-25,ORD-002608,buyer0800@example.com,(416) 555-9720,José García,Northwind Traders Inc,Quebec,253.22,5,gift wrap and a handwritten card please
2025-03-01,ORD-002609,buyer0885@example.com,(416) 555-4884,Nguyễn Văn An,Northwind Traders Inc,Ontario,242.05,5,gift wrap and a handwritten card please
2025-03-21,ORD-002610,buyer0603@example.com,(416) 555-6216,José García,Northwind Traders Inc,Alberta,121.87,4,"second order this month, repeat buyer"
2025-03-23,ORD-002611,buyer0191@example.com,(416) 555-2029,Zoë Müller,Blue Harbour Logistics,Ontario,112.80,2,"second order this month, repeat buyer"
2025-03-13,ORD-002612,buyer0603@example.com,(416) 555-8186,Priya Raman,Acme Holdings Ltd,Alberta,160.03,4,"second order this month, repeat buyer"
2025-03-18,ORD-002613,buyer0767@example.com,(416) 555-8821,Priya Raman,Northwind Traders Inc,Nova Scotia,62.50,2,
2025-03-09,ORD-002614,buyer0138@example.com,(416) 555-7544,Oluwaseun Adeyemi,Maple Leaf Dental Group,Quebec,263.65,5,
2025-03-16,ORD-002615,buyer0443@example.com,(416) 555-6099,José García,Northwind Traders Inc,Alberta,56.72,1,gift wrap and a handwritten card please
2025-03-13,ORD-002616,buyer0245@example.com,(416) 555-8653,Li Wei,Maple Leaf Dental Group,Nova Scotia,50.59,1,
2025-03-03,ORD-002617,buyer0185@example.com,(416) 555-0971,Nguyễn Văn An,Maple Leaf Dental Group,Nova Scotia,87.72,2,gift wrap and a handwritten card please
2025-03-10,ORD-002618,buyer0145@example.com,(416) 555-3789,Priya Raman,Kestrel Analytics Corp,Quebec,202.04,4,customer asked for late delivery to the Brampton warehouse
2025-03-22,ORD-002619,buyer0212@example.com,(416) 555-7047,Li Wei,Maple Leaf Dental Group,Quebec,182.34,5,"second order this month, repeat buyer"
2025-03-14,ORD-002620,buyer0559@example.com,(416) 555-5650,Oluwaseun Adeyemi,Acme Holdings Ltd,Alberta,195.09,5,"call before delivery, dog in the yard"
2025-03-10,ORD-002621,buyer0432@example.com,(416) 555-0073,José García,Kestrel Analytics Corp,Ontario,138.68,3,"second order this month, repeat buyer"
2025-03-02,ORD-002622,buyer0162@example.com,(416) 555-4352,Nguyễn Văn An,Kestrel Analytics Corp,Quebec,169.67,3,customer asked for late delivery to the Brampton warehouse
2025-03-18,ORD-002623,buyer0794@example.com,(416) 555-2075,José García,Acme Holdings Ltd,Alberta,73.32,2,
2025-03-12,ORD-002624,buyer0886@example.com,(416) 555-5178,Zoë Müller,Northwind Traders Inc,Quebec,98.76,3,"call before delivery, dog in the yard"
2025-03-24,ORD-002625,buyer0227@example.com,(416) 555-0733,Li Wei,Northwind Traders Inc,Quebec,76.33,2,customer asked for late delivery to the Brampton warehouse
2025-03-28,ORD-002626,buyer0456@example.com,(416) 555-7825,Li Wei,Acme Holdings Ltd,Nova Scotia,176.17,5,
2025-03-05,ORD-002627,buyer0711@example.com,(416) 555-5712,Li Wei,Kestrel Analytics Corp,Nova Scotia,272.40,5,
2025-03-06,ORD-002628,buyer0743@example.com,(416) 555-3971,Li Wei,Northwind Traders Inc,Ontario,140.62,3,gift wrap and a handwritten card please
2025-03-05,ORD-002629,buyer0536@example.com,(416) 555-2236,José García,Maple Leaf Dental Group,Nova Scotia,43.21,1,
2025-03-05,ORD-002630,buyer0711@example.com,(416) 555-4932,Oluwaseun Adeyemi,Northwind Traders Inc,Nova Scotia,80.67,2,"call before delivery, dog in the yard"
2025-03-12,ORD-002631,buyer0728@example.com,(416) 555-0418,Li Wei,Kestrel Analytics Corp,Ontario,174.41,5,gift wrap and a handwritten card please
2025-03-14,ORD-002632,buyer0248@example.com,(416) 555-9822,Li Wei,Blue Harbour Logistics,Nova Scotia,69.67,2,
2025-03-10,ORD-002633,buyer0645@example.com,(416) 555-8516,Priya Raman,Acme Holdings Ltd,Nova Scotia,209.93,4,customer asked for late delivery to the Brampton warehouse
2025-03-25,ORD-002634,buyer0283@example.com,(416) 555-0982,Li Wei,Acme Holdings Ltd,Nova Scotia,228.41,4,customer asked for late delivery to the Brampton warehouse
2025-03-18,ORD-002635,buyer0603@example.com,(416) 555-0479,Li Wei,Acme Holdings Ltd,Ontario,30.44,1,"call before delivery, dog in the yard"
2025-03-22,ORD-002636,buyer0658@example.com,(416) 555-3933,Priya Raman,Kestrel Analytics Corp,Ontario,287.85,5,"call before delivery, dog in the yard"
2025-03-08,ORD-002637,buyer0723@example.com,(416) 555-8071,José García,Blue Harbour Logistics,Nova Scotia,79.40,2,customer asked for late delivery to the Brampton warehouse
2025-03-20,ORD-002638,buyer0700@example.com,(416) 555-1083,Nguyễn Văn An,Acme Holdings Ltd,Alberta,193.97,4,
2025-03-19,ORD-002639,buyer0876@example.com,(416) 555-0221,Zoë Müller,Acme Holdings Ltd,Quebec,111.35,2,gift wrap and a handwritten card please
2025-03-20,ORD-002640,buyer0782@example.com,(416) 555-8485,Oluwaseun Adeyemi,Blue Harbour Logistics,Alberta,298.37,5,"second order this month, repeat buyer"
2025-03-08,ORD-002641,buyer0793@example.com,(416) 555-0980,Zoë Müller,Northwind Traders Inc,Ontario,99.76,2,gift wrap and a handwritten card please
2025-03-22,ORD-002642,buyer0214@example.com,(416) 555-4023,Li Wei,Blue Harbour Logistics,Ontario,171.72,4,"second order this month, repeat buyer"
2025-03-08,ORD-002643,buyer0158@example.com,(416) 555-1646,Oluwaseun Adeyemi,Kestrel Analytics Corp,Ontario,207.74,5,
2025-03-27,ORD-002644,buyer0369@example.com,(416) 555-6778,Li Wei,Blue Harbour Logistics,Alberta,227.44,4,gift wrap and a handwritten card please
2025-03-15,ORD-002645,buyer0812@example.com,(416) 555-4332,Zoë Müller,Northwind Traders Inc,Nova Scotia,34.73,1,
2025-03-10,ORD-002646,buyer0037@example.com,(416) 555-7223,Nguyễn Văn An,Acme Holdings Ltd,Alberta,77.52,2,gift wrap and a handwritten card please
2025-03-20,ORD-002647,buyer0865@example.com,(416) 555-4281,Zoë Müller,Maple Leaf Dental Group,Ontario,58.68,1,
2025-03-24,ORD-002648,buyer0749@example.com,(416) 555-8160,Nguyễn Văn An,Blue Harbour Logistics,Ontario,121.59,4,gift wrap and a handwritten card please
2025-03-18,ORD-002649,buyer0395@example.com,(416) 555-8599,Nguyễn Văn An,Blue Harbour Logistics,Ontario,172.38,4,
2025-03-13,ORD-002650,buyer0020@example.com,(416) 555-1923,Nguyễn Văn An,Acme Holdings Ltd,Alberta,245.28,5,"call before delivery, dog in the yard"
2025-03-24,ORD-002651,buyer0313@example.com,(416) 555-8302,Li Wei,Northwind Traders Inc,Ontario,114.94,2,
2025-03-19,ORD-002652,buyer0031@example.com,(416) 555-4591,Oluwaseun Adeyemi,Acme Holdings Ltd,Ontario,34.66,1,"second order this month, repeat buyer"
2025-03-27,ORD-002653,buyer0735@example.com,(416) 555-2962,Oluwaseun Adeyemi,Blue Harbour Logistics,Nova Scotia,122.91,3,"second order this month, repeat buyer"
2025-03-15,ORD-002654,buyer0581@example.com,(416) 555-2272,Nguyễn Văn An,Acme Holdings Ltd,Ontario,33.39,1,"call before delivery, dog in the yard"
2025-03-24,ORD-002655,buyer0122@example.com,(416) 555-0741,Zoë Müller,Maple Leaf Dental Group,Quebec,144.65,3,"call before delivery, dog in the yard"
2025-03-05,ORD-002656,buyer0697@example.com,(416) 555-0973,Zoë Müller,Maple Leaf Dental Group,Alberta,43.98,1,
2025-03-15,ORD-002657,buyer0735@example.com,(416) 555-2818,Zoë Müller,Blue Harbour Logistics,Nova Scotia,102.39,3,
2025-03-28,ORD-002658,buyer0730@example.com,(416) 555-1651,Oluwaseun Adeyemi,Maple Leaf Dental Group,Ontario,34.14,1,"call before delivery, dog in the yard"
2025-03-21,ORD-002659,buyer0859@example.com,(416) 555-6882,Priya Raman,Maple Leaf Dental Group,Ontario,65.19,2,
2025-03-23,ORD-002660,buyer0806@example.com,(416) 555-6698,Nguyễn Văn An,Northwind Traders Inc,Alberta,109.23,3,customer asked for late delivery to the Brampton warehouse
2025-03-10,ORD-002661,buyer0172@example.com,(416) 555-5424,Priya Raman,Kestrel Analytics Corp,Ontario,175.06,4,"call before delivery, dog in the yard"
2025-03-08,ORD-002662,buyer0237@example.com,(416) 555-4721,Nguyễn Văn An,Northwind Traders Inc,Quebec,37.54,1,"call before delivery, dog in the yard"
2025-03-24,ORD-002663,buyer0571@example.com,(416) 555-1941,Nguyễn Văn An,Maple Leaf Dental Group,Ontario,161.45,3,gift wrap and a handwritten card please
2025-03-09,ORD-002664,buyer0211@example.com,(416) 555-5927,Zoë Müller,Acme Holdings Ltd,Ontario,56.71,1,gift wrap and a handwritten card please
2025-03-19,ORD-002665,buyer0778@example.com,(416) 555-3183,Nguyễn Văn An,Kestrel Analytics Corp,Alberta,138.32,3,
2025-03-14,ORD-002666,buyer0127@example.com,(416) 555-7013,José García,Acme Holdings Ltd,Quebec,85.72,2,gift wrap and a handwritten card please
2025-03-26,ORD-002667,buyer0702@example.com,(416) 555-5621,Priya Raman,Blue Harbour Logistics,Quebec,297.22,5,"call before delivery, dog in the yard"
2025-03-11,ORD-002668,buyer0428@example.com,(416) 555-9766,Oluwaseun Adeyemi,Northwind Traders Inc,Quebec,200.44,4,
2025-03-20,ORD-002669,buyer0550@example.com,(416) 555-9536,Oluwaseun Adeyemi,Acme Holdings Ltd,Nova Scotia,132.31,4,customer asked for late delivery to the Brampton warehouse
2025-04-26,ORD-002700,buyer0625@example.com,(416) 555-8898,Oluwaseun Adeyemi,Maple Leaf Dental Group,Quebec,160.74,4,"call before delivery, dog in the yard"
2025-04-02,ORD-002701,buyer0333@example.com,(416) 555-1165,Li Wei,Northwind Traders Inc,Alberta,136.75,4,"call before delivery, dog in the yard"
2025-04-23,ORD-002702,buyer0630@example.com,(416) 555-7484,Li Wei,Maple Leaf Dental Group,Quebec,87.90,2,
2025-04-28,ORD-002703,buyer0895@example.com,(416) 555-5219,Oluwaseun Adeyemi,Acme Holdings Ltd,Alberta,56.83,1,
2025-04-14,ORD-002704,buyer0243@example.com,(416) 555-9827,Nguyễn Văn An,Northwind Traders Inc,Nova Scotia,114.05,3,"call before delivery, dog in the yard"
2025-04-16,ORD-002705,buyer0685@example.com,(416) 555-1745,Zoë Müller,Maple Leaf Dental Group,Quebec,168.82,4,customer asked for late delivery to the Brampton warehouse
2025-04-20,ORD-002706,buyer0797@example.com,(416) 555-8333,Oluwaseun Adeyemi,Blue Harbour Logistics,Quebec,155.07,3,
2025-04-20,ORD-002707,buyer0682@example.com,(416) 555-9725,Li Wei,Acme Holdings Ltd,Quebec,124.14,4,
2025-04-23,ORD-002708,buyer0895@example.com,(416) 555-5766,Nguyễn Văn An,Maple Leaf Dental Group,Nova Scotia,175.54,4,
2025-04-12,ORD-002709,buyer0524@example.com,(416) 555-8355,Zoë Müller,Blue Harbour Logistics,Alberta,232.12,5,"call before delivery, dog in the yard"
2025-04-19,ORD-002710,buyer0567@example.com,(416) 555-8835,Nguyễn Văn An,Kestrel Analytics Corp,Quebec,219.37,5,customer asked for late delivery to the Brampton warehouse
2025-04-28,ORD-002711,buyer0131@example.com,(416) 555-0695,Oluwaseun Adeyemi,Kestrel Analytics Corp,Alberta,166.54,5,
2025-04-24,ORD-002712,buyer0537@example.com,(416) 555-3123,Oluwaseun Adeyemi,Northwind Traders Inc,Alberta,42.19,1,
2025-04-28,ORD-002713,buyer0271@example.com,(416) 555-0836,Li Wei,Acme Holdings Ltd,Nova Scotia,36.34,1,
2025-04-22,ORD-002714,buyer0656@example.com,(416) 555-4890,Zoë Müller,Kestrel Analytics Corp,Ontario,215.38,4,"call before delivery, dog in the yard"
2025-04-10,ORD-002715,buyer0040@example.com,(416) 555-3079,Zoë Müller,Blue Harbour Logistics,Nova Scotia,177.88,3,
2025-04-18,ORD-002716,buyer0372@example.com,(416) 555-6018,Zoë Müller,Kestrel Analytics Corp,Quebec,55.70,1,"call before delivery, dog in the yard"
2025-04-03,ORD-002717,buyer0199@example.com,(416) 555-5683,Priya Raman,Northwind Traders Inc,Quebec,145.84,3,
2025-04-26,ORD-002718,buyer0500@example.com,(416) 555-4448,Oluwaseun Adeyemi,Maple Leaf Dental Group,Nova Scotia,49.98,1,gift wrap and a handwritten card please
2025-04-28,ORD-002719,buyer0658@example.com,(416) 555-1526,Zoë Müller,Acme Holdings Ltd,Nova Scotia,32.68,1,customer asked for late delivery to the Brampton warehouse
2025-04-09,ORD-002720,buyer0070@example.com,(416) 555-4853,Priya Raman,Maple Leaf Dental Group,Alberta,86.36,2,
2025-04-28,ORD-002721,buyer0622@example.com,(416) 555-1104,José García,Kestrel Analytics Corp,Ontario,206.49,5,
2025-04-12,ORD-002722,buyer0784@example.com,(416) 555-6084,Nguyễn Văn An,Maple Leaf Dental Group,Quebec,149.96,4,
2025-04-25,ORD-002723,buyer0294@example.com,(416) 555-9485,Li Wei,Northwind Traders Inc,Quebec,122.38,4,
2025-04-24,ORD-002724,buyer0702@example.com,(416) 555-7519,Li Wei,Kestrel Analytics Corp,Nova Scotia,40.88,1,
2025-04-18,ORD-002725,buyer0450@example.com,(416) 555-9884,Zoë Müller,Northwind Traders Inc,Alberta,97.16,3,gift wrap and a handwritten card please
2025-04-08,ORD-002726,buyer0377@example.com,(416) 555-6593,José García,Northwind Traders Inc,Ontario,105.75,2,
2025-04-03,ORD-002727,buyer0061@example.com,(416) 555-5853,José García,Maple Leaf Dental Group,Alberta,132.87,3,"call before delivery, dog in the yard"
2025-04-28,ORD-002728,buyer0417@example.com,(416) 555-9851,José García,Blue Harbour Logistics,Ontario,132.59,3,customer asked for late delivery to the Brampton warehouse
2025-04-10,ORD-002729,buyer0679@example.com,(416) 555-5342,Zoë Müller,Northwind Traders Inc,Quebec,218.13,5,
2025-04-06,ORD-002730,buyer0285@example.com,(416) 555-4683,Priya Raman,Northwind Traders Inc,Ontario,108.00,2,"call before delivery, dog in the yard"
2025-04-18,ORD-002731,buyer0822@example.com,(416) 555-5424,Zoë Müller,Maple Leaf Dental Group,Nova Scotia,118.91,2,customer asked for late delivery to the Brampton warehouse
2025-04-15,ORD-002732,buyer0089@example.com,(416) 555-1464,Oluwaseun Adeyemi,Kestrel Analytics Corp,Quebec,31.32,1,customer asked for late delivery to the Brampton warehouse
2025-04-20,ORD-002733,buyer0067@example.com,(416) 555-2567,José García,Kestrel Analytics Corp,Alberta,161.35,5,customer asked for late delivery to the Brampton warehouse
2025-04-15,ORD-002734,buyer0433@example.com,(416) 555-2136,Zoë Müller,Northwind Traders Inc,Ontario,45.71,1,
2025-04-25,ORD-002735,buyer0650@example.com,(416) 555-1250,Zoë Müller,Acme Holdings Ltd,Quebec,120.66,4,gift wrap and a handwritten card please
2025-04-13,ORD-002736,buyer0559@example.com,(416) 555-1168,Li Wei,Kestrel Analytics Corp,Alberta,90.45,2,customer asked for late delivery to the Brampton warehouse
2025-04-01,ORD-002737,buyer0670@example.com,(416) 555-0278,Priya Raman,Kestrel Analytics Corp,Quebec,225.90,5,
2025-04-28,ORD-002738,buyer0083@example.com,(416) 555-2786,Li Wei,Maple Leaf Dental Group,Alberta,103.56,2,"call before delivery, dog in the yard"
2025-04-21,ORD-002739,buyer0739@example.com,(416) 555-3609,Oluwaseun Adeyemi,Blue Harbour Logistics,Alberta,268.69,5,"second order this month, repeat buyer"
2025-04-14,ORD-002740,buyer0420@example.com,(416) 555-3406,Li Wei,Maple Leaf Dental Group,Alberta,196.17,4,gift wrap and a handwritten card please
2025-04-25,ORD-002741,buyer0353@example.com,(416) 555-7540,José García,Northwind Traders Inc,Alberta,168.00,4,"second order this month, repeat buyer"
2025-04-19,ORD-002742,buyer0377@example.com,(416) 555-9195,Oluwaseun Adeyemi,Acme Holdings Ltd,Quebec,45.93,1,
2025-04-11,ORD-002743,buyer0274@example.com,(416) 555-7401,Priya Raman,Maple Leaf Dental Group,Ontario,194.26,4,customer asked for late delivery to the Brampton warehouse
2025-04-24,ORD-002744,buyer0478@example.com,(416) 555-6159,Priya Raman,Blue Harbour Logistics,Quebec,204.33,4,customer asked for late delivery to the Brampton warehouse
2025-04-08,ORD-002745,buyer0516@example.com,(416) 555-9600,Nguyễn Văn An,Kestrel Analytics Corp,Nova Scotia,35.07,1,customer asked for late delivery to the Brampton warehouse
2025-04-14,ORD-002746,buyer0889@example.com,(416) 555-2361,Priya Raman,Maple Leaf Dental Group,Alberta,93.62,3,"second order this month, repeat buyer"
2025-04-05,ORD-002747,buyer0386@example.com,(416) 555-8514,Li Wei,Kestrel Analytics Corp,Quebec,54.67,1,customer asked for late delivery to the Brampton warehouse
2025-04-28,ORD-002748,buyer0718@example.com,(416) 555-8664,Li Wei,Kestrel Analytics Corp,Ontario,112.10,3,"call before delivery, dog in the yard"
2025-04-13,ORD-002749,buyer0481@example.com,(416) 555-6489,Priya Raman,Northwind Traders Inc,Ontario,253.90,5,"call before delivery, dog in the yard"
2025-04-18,ORD-002750,buyer0026@example.com,(416) 555-7224,Li Wei,Maple Leaf Dental Group,Quebec,64.11,2,
2025-04-21,ORD-002751,buyer0261@example.com,(416) 555-3983,José García,Kestrel Analytics Corp,Ontario,133.07,3,
2025-04-02,ORD-002752,buyer0243@example.com,(416) 555-1427,Zoë Müller,Blue Harbour Logistics,Quebec,157.23,3,"second order this month, repeat buyer"
2025-04-27,ORD-002753,buyer0641@example.com,(416) 555-5450,Zoë Müller,Maple Leaf Dental Group,Nova Scotia,184.67,4,"second order this month, repeat buyer"
2025-04-01,ORD-002754,buyer0572@example.com,(416) 555-2847,José García,Kestrel Analytics Corp,Alberta,114.36,3,customer asked for late delivery to the Brampton warehouse
2025-04-12,ORD-002755,buyer0327@example.com,(416) 555-7225,Zoë Müller,Northwind Traders Inc,Quebec,218.96,5,
2025-04-03,ORD-002756,buyer0078@example.com,(416) 555-0430,Zoë Müller,Kestrel Analytics Corp,Alberta,295.33,5,"second order this month, repeat buyer"
2025-04-22,ORD-002757,buyer0221@example.com,(416) 555-2505,Priya Raman,Blue Harbour Logistics,Quebec,155.19,3,
2025-04-22,ORD-002758,buyer0014@example.com,(416) 555-6682,Li Wei,Acme Holdings Ltd,Ontario,44.29,1,"second order this month, repeat buyer"
2025-04-25,ORD-002759,buyer0113@example.com,(416) 555-3615,Priya Raman,Kestrel Analytics Corp,Quebec,162.61,4,gift wrap and a handwritten card please
2025-04-15,ORD-002760,buyer0480@example.com,(416) 555-5184,José García,Northwind Traders Inc,Ontario,227.90,5,"call before delivery, dog in the yard"
2025-04-07,ORD-002761,buyer0358@example.com,(416) 555-6043,José García,Northwind Traders Inc,Quebec,282.43,5,
2025-04-28,ORD-002762,buyer0736@example.com,(416) 555-8941,Nguyễn Văn An,Maple Leaf Dental Group,Nova Scotia,66.36,2,
2025-04-28,ORD-002763,buyer0557@example.com,(416) 555-6447,José García,Northwind Traders Inc,Alberta,40.60,1,"second order this month, repeat buyer"
2025-04-17,ORD-002764,buyer0615@example.com,(416) 555-0047,Oluwaseun Adeyemi,Blue Harbour Logistics,Nova Scotia,172.37,3,"second order this month, repeat buyer"
2025-04-16,ORD-002765,buyer0713@example.com,(416) 555-2381,Nguyễn Văn An,Kestrel Analytics Corp,Nova Scotia,78.95,2,"second order this month, repeat buyer"
2025-04-16,ORD-002766,buyer0369@example.com,(416) 555-3096,Li Wei,Maple Leaf Dental Group,Nova Scotia,35.57,1,"call before delivery, dog in the yard"
2025-04-19,ORD-002767,buyer0388@example.com,(416) 555-1642,Nguyễn Văn An,Maple Leaf Dental Group,Ontario,163.68,3,"call before delivery, dog in the yard"
2025-04-12,ORD-002768,buyer0297@example.com,(416) 555-0198,José García,Acme Holdings Ltd,Quebec,45.35,1,gift wrap and a handwritten card please
2025-04-06,ORD-002769,buyer0109@example.com,(416) 555-8351,Li Wei,Northwind Traders Inc,Nova Scotia,193.14,4,
2025-05-09,ORD-002800,buyer0880@example.com,(416) 555-8396,Zoë Müller,Northwind Traders Inc,Nova Scotia,249.75,5,
2025-05-02,ORD-002801,buyer0461@example.com,(416) 555-4672,Zoë Müller,Blue Harbour Logistics,Quebec,138.07,3,
2025-05-08,ORD-002802,buyer0858@example.com,(416) 555-6567,Li Wei,Kestrel Analytics Corp,Alberta,167.27,3,"call before delivery, dog in the yard"
2025-05-25,ORD-002803,buyer0765@example.com,(416) 555-8715,Zoë Müller,Northwind Traders Inc,Ontario,213.94,5,
2025-05-21,ORD-002804,buyer0492@example.com,(416) 555-7135,Nguyễn Văn An,Northwind Traders Inc,Quebec,239.33,4,
2025-05-05,ORD-002805,buyer0340@example.com,(416) 555-9811,Zoë Müller,Northwind Traders Inc,Nova Scotia,112.49,3,customer asked for late delivery to the Brampton warehouse
2025-05-23,ORD-002806,buyer0017@example.com,(416) 555-8587,José García,Kestrel Analytics Corp,Quebec,191.47,5,"second order this month, repeat buyer"
2025-05-12,ORD-002807,buyer0621@example.com,(416) 555-2571,Oluwaseun Adeyemi,Kestrel Analytics Corp,Nova Scotia,58.09,1,
2025-05-06,ORD-002808,buyer0651@example.com,(416) 555-7444,Priya Raman,Northwind Traders Inc,Nova Scotia,235.22,4,"second order this month, repeat buyer"
2025-05-11,ORD-002809,buyer0402@example.com,(416) 555-2295,Li Wei,Blue Harbour Logistics,Alberta,176.66,3,customer asked for late delivery to the Brampton warehouse
2025-05-06,ORD-002810,buyer0427@example.com,(416) 555-0526,Li Wei,Blue Harbour Logistics,Quebec,148.43,4,"second order this month, repeat buyer"
2025-05-06,ORD-002811,buyer0392@example.com,(416) 555-7809,Oluwaseun Adeyemi,Northwind Traders Inc,Ontario,159.08,3,"call before delivery, dog in the yard"
2025-05-21,ORD-002812,buyer0395@example.com,(416) 555-3545,Priya Raman,Northwind Traders Inc,Quebec,195.77,4,"second order this month, repeat buyer"
2025-05-20,ORD-002813,buyer0842@example.com,(416) 555-5441,José García,Blue Harbour Logistics,Nova Scotia,70.72,2,"second order this month, repeat buyer"
2025-05-12,ORD-002814,buyer0084@example.com,(416) 555-2327,Oluwaseun Adeyemi,Kestrel Analytics Corp,Ontario,118.44,2,customer asked for late delivery to the Brampton warehouse
2025-05-01,ORD-002815,buyer0440@example.com,(416) 555-7750,Li Wei,Northwind Traders Inc,Quebec,286.97,5,"second order this month, repeat buyer"
2025-05-23,ORD-002816,buyer0765@example.com,(416) 555-1816,Priya Raman,Kestrel Analytics Corp,Alberta,146.92,3,"second order this month, repeat buyer"
2025-05-06,ORD-002817,buyer0240@example.com,(416) 555-9019,Li Wei,Blue Harbour Logistics,Nova Scotia,48.95,1,
2025-05-11,ORD-002818,buyer0756@example.com,(416) 555-7597,Li Wei,Kestrel Analytics Corp,Nova Scotia,30.01,1,
2025-05-06,ORD-002819,buyer0237@example.com,(416) 555-4440,Nguyễn Văn An,Acme Holdings Ltd,Nova Scotia,117.91,3,"call before delivery, dog in the yard"
2025-05-14,ORD-002820,buyer0392@example.com,(416) 555-9291,José García,Acme Holdings Ltd,Alberta,187.59,5,"call before delivery, dog in the yard"
2025-05-28,ORD-002821,buyer0703@example.com,(416) 555-4134,Oluwaseun Adeyemi,Acme Holdings Ltd,Quebec,154.56,4,"second order this month, repeat buyer"
2025-05-25,ORD-002822,buyer0019@example.com,(416) 555-9446,Nguyễn Văn An,Blue Harbour Logistics,Alberta,112.52,2,
2025-05-03,ORD-002823,buyer0329@example.com,(416) 555-0324,Priya Raman,Kestrel Analytics Corp,Ontario,46.56,1,gift wrap and a handwritten card please
2025-05-18,ORD-002824,buyer0371@example.com,(416) 555-9348,Priya Raman,Northwind Traders Inc,Ontario,262.19,5,customer asked for late delivery to the Brampton warehouse
2025-05-27,ORD-002825,buyer0716@example.com,(416) 555-1763,Oluwaseun Adeyemi,Maple Leaf Dental Group,Alberta,110.32,2,"call before delivery, dog in the yard"
2025-05-26,ORD-002826,buyer0792@example.com,(416) 555-3542,Oluwaseun Adeyemi,Kestrel Analytics Corp,Quebec,38.02,1,"second order this month, repeat buyer"
2025-05-04,ORD-002827,buyer0834@example.com,(416) 555-6666,Priya Raman,Blue Harbour Logistics,Alberta,170.25,4,
2025-05-10,ORD-002828,buyer0528@example.com,(416) 555-7852,Zoë Müller,Maple Leaf Dental Group,Nova Scotia,90.75,3,gift wrap and a handwritten card please
2025-05-08,ORD-002829,buyer0843@example.com,(416) 555-1392,Priya Raman,Northwind Traders Inc,Ontario,99.67,2,gift wrap and a handwritten card please
2025-05-23,ORD-002830,buyer0290@example.com,(416) 555-6645,Priya Raman,Kestrel Analytics Corp,Alberta,169.27,5,
2025-05-01,ORD-002831,buyer0211@example.com,(416) 555-8209,Nguyễn Văn An,Maple Leaf Dental Group,Nova Scotia,75.82,2,
2025-05-06,ORD-002832,buyer0106@example.com,(416) 555-1855,Zoë Müller,Northwind Traders Inc,Ontario,174.37,3,"call before delivery, dog in the yard"
2025-05-18,ORD-002833,buyer0618@example.com,(416) 555-8706,Zoë Müller,Northwind Traders Inc,Ontario,269.52,5,"second order this month, repeat buyer"
2025-05-11,ORD-002834,buyer0235@example.com,(416) 555-3119,Nguyễn Văn An,Blue Harbour Logistics,Quebec,134.38,4,"call before delivery, dog in the yard"
2025-05-17,ORD-002835,buyer0570@example.com,(416) 555-3465,Priya Raman,Northwind Traders Inc,Ontario,220.88,4,gift wrap and a handwritten card please
2025-05-06,ORD-002836,buyer0451@example.com,(416) 555-5649,Li Wei,Blue Harbour Logistics,Nova Scotia,110.33,3,customer asked for late delivery to the Brampton warehouse
2025-05-26,ORD-002837,buyer0349@example.com,(416) 555-2224,Li Wei,Blue Harbour Logistics,Ontario,81.86,2,"second order this month, repeat buyer"
2025-05-10,ORD-002838,buyer0085@example.com,(416) 555-4718,Priya Raman,Kestrel Analytics Corp,Quebec,237.72,4,"call before delivery, dog in the yard"
2025-05-10,ORD-002839,buyer0637@example.com,(416) 555-7025,Oluwaseun Adeyemi,Acme Holdings Ltd,Quebec,47.18,1,"second order this month, repeat buyer"
2025-05-17,ORD-002840,buyer0489@example.com,(416) 555-6155,Priya Raman,Northwind Traders Inc,Ontario,90.24,3,"call before delivery, dog in the yard"
2025-05-17,ORD-002841,buyer0405@example.com,(416) 555-6038,José García,Kestrel Analytics Corp,Ontario,171.66,3,"call before delivery, dog in the yard"
2025-05-27,ORD-002842,buyer0492@example.com,(416) 555-7208,José García,Maple Leaf Dental Group,Ontario,295.80,5,"call before delivery, dog in the yard"
2025-05-01,ORD-002843,buyer0436@example.com,(416) 555-6189,José García,Northwind Traders Inc,Nova Scotia,124.97,3,
2025-05-02,ORD-002844,buyer0509@example.com,(416) 555-2454,Li Wei,Maple Leaf Dental Group,Alberta,49.33,1,
2025-05-24,ORD-002845,buyer0577@example.com,(416) 555-7880,Nguyễn Văn An,Acme Holdings Ltd,Quebec,152.82,3,
2025-05-18,ORD-002846,buyer0343@example.com,(416) 555-7767,José García,Blue Harbour Logistics,Nova Scotia,172.66,3,"call before delivery, dog in the yard"
2025-05-05,ORD-002847,buyer0828@example.com,(416) 555-1741,Priya Raman,Kestrel Analytics Corp,Ontario,56.60,1,
2025-05-02,ORD-002848,buyer0721@example.com,(416) 555-9015,Li Wei,Blue Harbour Logistics,Alberta,55.79,1,
2025-05-16,ORD-002849,buyer0088@example.com,(416) 555-7424,Oluwaseun Adeyemi,Acme Holdings Ltd,Ontario,238.95,5,
2025-05-22,ORD-002850,buyer0636@example.com,(416) 555-1877,Oluwaseun Adeyemi,Blue Harbour Logistics,Nova Scotia,143.34,4,gift wrap and a handwritten card please
2025-05-16,ORD-002851,buyer0858@example.com,(416) 555-4137,Li Wei,Maple Leaf Dental Group,Nova Scotia,119.51,2,
2025-05-15,ORD-002852,buyer0654@example.com,(416) 555-1234,Zoë Müller,Maple Leaf Dental Group,Nova Scotia,56.27,1,
2025-05-19,ORD-002853,buyer0839@example.com,(416) 555-2639,Priya Raman,Acme Holdings Ltd,Ontario,102.19,2,
2025-05-20,ORD-002854,buyer0727@example.com,(416) 555-2245,Priya Raman,Acme Holdings Ltd,Ontario,237.50,4,"second order this month, repeat buyer"
2025-05-14,ORD-002855,buyer0123@example.com,(416) 555-4348,José García,Kestrel Analytics Corp,Quebec,46.95,1,
2025-05-12,ORD-002856,buyer0451@example.com,(416) 555-3097,José García,Kestrel Analytics Corp,Alberta,116.18,3,"call before delivery, dog in the yard"
2025-05-12,ORD-002857,buyer0866@example.com,(416) 555-8713,Zoë Müller,Blue Harbour Logistics,Nova Scotia,98.55,2,gift wrap and a handwritten card please
2025-05-20,ORD-002858,buyer0657@example.com,(416) 555-9957,José García,Acme Holdings Ltd,Alberta,67.75,2,"call before delivery, dog in the yard"
2025-05-18,ORD-002859,buyer0709@example.com,(416) 555-2748,Zoë Müller,Blue Harbour Logistics,Quebec,210.92,4,gift wrap and a handwritten card please
2025-05-08,ORD-002860,buyer0027@example.com,(416) 555-0753,José García,Maple Leaf Dental Group,Quebec,237.48,5,"call before delivery, dog in the yard"
2025-05-25,ORD-002861,buyer0866@example.com,(416) 555-1984,José García,Kestrel Analytics Corp,Quebec,35.07,1,customer asked for late delivery to the Brampton warehouse
2025-05-16,ORD-002862,buyer0311@example.com,(416) 555-2096,Zoë Müller,Kestrel Analytics Corp,Ontario,141.97,4,
2025-05-02,ORD-002863,buyer0354@example.com,(416) 555-4714,Priya Raman,Blue Harbour Logistics,Quebec,73.66,2,"second order this month, repeat buyer"
2025-05-07,ORD-002864,buyer0789@example.com,(416) 555-0005,Priya Raman,Blue Harbour Logistics,Nova Scotia,32.70,1,
2025-05-18,ORD-002865,buyer0130@example.com,(416) 555-9221,Li Wei,Acme Holdings Ltd,Ontario,142.38,3,
2025-05-11,ORD-002866,buyer0043@example.com,(416) 555-9174,Zoë Müller,Blue Harbour Logistics,Nova Scotia,89.08,2,
2025-05-02,ORD-002867,buyer0502@example.com,(416) 555-6002,Priya Raman,Northwind Traders Inc,Alberta,76.73,2,"second order this month, repeat buyer"
2025-05-03,ORD-002868,buyer0825@example.com,(416) 555-6437,Zoë Müller,Blue Harbour Logistics,Ontario,115.55,3,
2025-05-22,ORD-002869,buyer0366@example.com,(416) 555-7872,Nguyễn Văn An,Maple Leaf Dental Group,Ontario,57.68,1,
2025-06-11,ORD-002900,buyer0473@example.com,(416) 555-6591,Nguyễn Văn An,Northwind Traders Inc,Nova Scotia,171.67,5,
2025-06-21,ORD-002901,buyer0263@example.com,(416) 555-4408,Zoë Müller,Northwind Traders Inc,Nova Scotia,58.47,1,
2025-06-27,ORD-002902,buyer0641@example.com,(416) 555-5902,Nguyễn Văn An,Kestrel Analytics Corp,Nova Scotia,94.38,2,"call before delivery, dog in the yard"
2025-06-25,ORD-002903,buyer0553@example.com,(416) 555-3035,Oluwaseun Adeyemi,Maple Leaf Dental Group,Quebec,177.81,3,"call before delivery, dog in the yard"
2025-06-08,ORD-002904,buyer0752@example.com,(416) 555-0737,Zoë Müller,Acme Holdings Ltd,Ontario,57.31,1,gift wrap and a handwritten card please
2025-06-19,ORD-002905,buyer0040@example.com,(416) 555-3281,Zoë Müller,Maple Leaf Dental Group,Quebec,66.26,2,"second order this month, repeat buyer"
2025-06-22,ORD-002906,buyer0462@example.com,(416) 555-9911,Priya Raman,Maple Leaf Dental Group,Nova Scotia,224.55,4,gift wrap and a handwritten card please
2025-06-01,ORD-002907,buyer0457@example.com,(416) 555-3274,José García,Blue Harbour Logistics,Alberta,101.25,3,gift wrap and a handwritten card please
2025-06-11,ORD-002908,buyer0854@example.com,(416) 555-5088,Zoë Müller,Blue Harbour Logistics,Quebec,99.90,2,
2025-06-28,ORD-002909,buyer0562@example.com,(416) 555-6421,Oluwaseun Adeyemi,Northwind Traders Inc,Nova Scotia,209.40,4,"call before delivery, dog in the yard"
2025-06-25,ORD-002910,buyer0344@example.com,(416) 555-7989,Priya Raman,Kestrel Analytics Corp,Quebec,125.24,4,"second order this month, repeat buyer"
2025-06-17,ORD-002911,buyer0598@example.com,(416) 555-3336,Zoë Müller,Northwind Traders Inc,Ontario,130.25,3,gift wrap and a handwritten card please
2025-06-11,ORD-002912,buyer0430@example.com,(416) 555-8827,Zoë Müller,Blue Harbour Logistics,Quebec,70.56,2,customer asked for late delivery to the Brampton warehouse
2025-06-17,ORD-002913,buyer0427@example.com,(416) 555-5515,Zoë Müller,Northwind Traders Inc,Nova Scotia,108.34,2,
2025-06-21,ORD-002914,buyer0537@example.com,(416) 555-7644,Li Wei,Northwind Traders Inc,Nova Scotia,116.92,2,
2025-06-01,ORD-002915,buyer0135@example.com,(416) 555-7708,Oluwaseun Adeyemi,Maple Leaf Dental Group,Nova Scotia,30.62,1,
2025-06-03,ORD-002916,buyer0062@example.com,(416) 555-6567,Zoë Müller,Kestrel Analytics Corp,Quebec,270.96,5,"call before delivery, dog in the yard"
2025-06-25,ORD-002917,buyer0748@example.com,(416) 555-8684,Zoë Müller,Blue Harbour Logistics,Ontario,175.84,3,
2025-06-16,ORD-002918,buyer0616@example.com,(416) 555-7489,José García,Kestrel Analytics Corp,Nova Scotia,153.62,3,customer asked for late delivery to the Brampton warehouse
2025-06-10,ORD-002919,buyer0027@example.com,(416) 555-7069,Nguyễn Văn An,Kestrel Analytics Corp,Alberta,103.60,2,"second order this month, repeat buyer"
2025-06-16,ORD-002920,buyer0691@example.com,(416) 555-3287,Zoë Müller,Blue Harbour Logistics,Quebec,109.83,2,gift wrap and a handwritten card please
2025-06-20,ORD-002921,buyer0385@example.com,(416) 555-8774,Zoë Müller,Acme Holdings Ltd,Nova Scotia,175.55,3,"second order this month, repeat buyer"
2025-06-09,ORD-002922,buyer0712@example.com,(416) 555-2276,Oluwaseun Adeyemi,Kestrel Analytics Corp,Quebec,75.32,2,"call before delivery, dog in the yard"
2025-06-04,ORD-002923,buyer0621@example.com,(416) 555-4562,Nguyễn Văn An,Acme Holdings Ltd,Quebec,83.43,2,
2025-06-24,ORD-002924,buyer0285@example.com,(416) 555-2113,Oluwaseun Adeyemi,Northwind Traders Inc,Ontario,200.55,5,"call before delivery, dog in the yard"
2025-06-28,ORD-002925,buyer0890@example.com,(416) 555-5549,Zoë Müller,Blue Harbour Logistics,Quebec,276.82,5,customer asked for late delivery to the Brampton warehouse
2025-06-18,ORD-002926,buyer0306@example.com,(416) 555-7795,José García,Kestrel Analytics Corp,Alberta,96.60,3,"call before delivery, dog in the yard"
2025-06-01,ORD-002927,buyer0397@example.com,(416) 555-4703,Li Wei,Kestrel Analytics Corp,Alberta,125.34,3,customer asked for late delivery to the Brampton warehouse
2025-06-17,ORD-002928,buyer0886@example.com,(416) 555-5338,Zoë Müller,Maple Leaf Dental Group,Ontario,240.86,5,"call before delivery, dog in the yard"
2025-06-21,ORD-002929,buyer0730@example.com,(416) 555-9432,Nguyễn Văn An,Kestrel Analytics Corp,Alberta,186.34,4,customer asked for late delivery to the Brampton warehouse
2025-06-03,ORD-002930,buyer0544@example.com,(416) 555-6383,Priya Raman,Kestrel Analytics Corp,Alberta,48.66,1,gift wrap and a handwritten card please
2025-06-24,ORD-002931,buyer0404@example.com,(416) 555-8095,Priya Raman,Kestrel Analytics Corp,Quebec,287.49,5,"call before delivery, dog in the yard"
2025-06-07,ORD-002932,buyer0092@example.com,(416) 555-9460,Nguyễn Văn An,Blue Harbour Logistics,Ontario,78.21,2,customer asked for late delivery to the Brampton warehouse
2025-06-02,ORD-002933,buyer0461@example.com,(416) 555-7483,Nguyễn Văn An,Blue Harbour Logistics,Nova Scotia,146.39,3,"second order this month, repeat buyer"
2025-06-01,ORD-002934,buyer0015@example.com,(416) 555-5392,José García,Kestrel Analytics Corp,Ontario,53.17,1,"call before delivery, dog in the yard"
2025-06-21,ORD-002935,buyer0567@example.com,(416) 555-8317,Oluwaseun Adeyemi,Maple Leaf Dental Group,Ontario,44.82,1,customer asked for late delivery to the Brampton warehouse
2025-06-09,ORD-002936,buyer0295@example.com,(416) 555-5054,Li Wei,Northwind Traders Inc,Ontario,218.74,5,customer asked for late delivery to the Brampton warehouse
2025-06-06,ORD-002937,buyer0066@example.com,(416) 555-6905,Li Wei,Acme Holdings Ltd,Nova Scotia,258.48,5,
2025-06-19,ORD-002938,buyer0438@example.com,(416) 555-6525,José García,Blue Harbour Logistics,Alberta,50.56,1,gift wrap and a handwritten card please
2025-06-19,ORD-002939,buyer0542@example.com,(416) 555-9758,Nguyễn Văn An,Maple Leaf Dental Group,Nova Scotia,173.23,3,gift wrap and a handwritten card please
2025-06-05,ORD-002940,buyer0366@example.com,(416) 555-8136,José García,Acme Holdings Ltd,Alberta,150.47,3,
2025-06-17,ORD-002941,buyer0651@example.com,(416) 555-4866,Li Wei,Blue Harbour Logistics,Quebec,123.72,4,
2025-06-01,ORD-002942,buyer0543@example.com,(416) 555-1808,Oluwaseun Adeyemi,Acme Holdings Ltd,Alberta,238.00,5,customer asked for late delivery to the Brampton warehouse
2025-06-26,ORD-002943,buyer0286@example.com,(416) 555-6468,Li Wei,Kestrel Analytics Corp,Quebec,169.12,4,
2025-06-17,ORD-002944,buyer0661@example.com,(416) 555-0560,Li Wei,Blue Harbour Logistics,Quebec,123.33,3,"call before delivery, dog in the yard"
2025-06-06,ORD-002945,buyer0791@example.com,(416) 555-8851,José García,Northwind Traders Inc,Alberta,106.48,2,"call before delivery, dog in the yard"
2025-06-21,ORD-002946,buyer0154@example.com,(416) 555-5839,Zoë Müller,Blue Harbour Logistics,Ontario,115.95,2,
2025-06-28,ORD-002947,buyer0807@example.com,(416) 555-3002,Li Wei,Maple Leaf Dental Group,Ontario,75.26,2,
2025-06-25,ORD-002948,buyer0400@example.com,(416) 555-1868,Priya Raman,Blue Harbour Logistics,Nova Scotia,222.42,5,"second order this month, repeat buyer"
2025-06-09,ORD-002949,buyer0169@example.com,(416) 555-1813,Nguyễn Văn An,Kestrel Analytics Corp,Quebec,212.19,4,"second order this month, repeat buyer"
2025-06-07,ORD-002950,buyer0046@example.com,(416) 555-7232,Priya Raman,Maple Leaf Dental Group,Ontario,169.77,3,customer asked for late delivery to the Brampton warehouse
2025-06-16,ORD-002951,buyer0863@example.com,(416) 555-5925,Oluwaseun Adeyemi,Northwind Traders Inc,Quebec,99.65,3,
2025-06-15,ORD-002952,buyer0432@example.com,(416) 555-9659,Li Wei,Blue Harbour Logistics,Ontario,108.42,3,
2025-06-25,ORD-002953,buyer0744@example.com,(416) 555-3856,José García,Kestrel Analytics Corp,Ontario,92.51,3,"second order this month, repeat buyer"
2025-06-03,ORD-002954,buyer0650@example.com,(416) 555-5000,Priya Raman,Blue Harbour Logistics,Ontario,192.28,4,
2025-06-14,ORD-002955,buyer0535@example.com,(416) 555-8952,Zoë Müller,Northwind Traders Inc,Ontario,222.68,5,
2025-06-16,ORD-002956,buyer0713@example.com,(416) 555-0435,Li Wei,Northwind Traders Inc,Nova Scotia,61.38,2,
2025-06-07,ORD-002957,buyer0445@example.com,(416) 555-2756,Li Wei,Northwind Traders Inc,Nova Scotia,225.58,5,"second order this month, repeat buyer"
2025-06-28,ORD-002958,buyer0606@example.com,(416) 555-7885,Oluwaseun Adeyemi,Acme Holdings Ltd,Nova Scotia,32.66,1,
2025-06-09,ORD-002959,buyer0864@example.com,(416) 555-7736,Priya Raman,Kestrel Analytics Corp,Quebec,82.83,2,customer asked for late delivery to the Brampton warehouse
2025-06-15,ORD-002960,buyer0521@example.com,(416) 555-2342,Priya Raman,Blue Harbour Logistics,Alberta,237.20,4,customer asked for late delivery to the Brampton warehouse
2025-06-02,ORD-002961,buyer0777@example.com,(416) 555-7127,Priya Raman,Blue Harbour Logistics,Alberta,38.51,1,
2025-06-17,ORD-002962,buyer0567@example.com,(416) 555-7946,José García,Kestrel Analytics Corp,Quebec,233.43,4,"call before delivery, dog in the yard"
2025-06-08,ORD-002963,buyer0298@example.com,(416) 555-3951,Priya Raman,Blue Harbour Logistics,Quebec,164.16,3,gift wrap and a handwritten card please
2025-06-04,ORD-002964,buyer0199@example.com,(416) 555-5816,José García,Northwind Traders Inc,Alberta,106.07,2,"call before delivery, dog in the yard"
2025-06-04,ORD-002965,buyer0681@example.com,(416) 555-9141,Zoë Müller,Acme Holdings Ltd,Quebec,170.89,4,"call before delivery, dog in the yard"
2025-06-15,ORD-002966,buyer0068@example.com,(416) 555-6380,Zoë Müller,Kestrel Analytics Corp,Ontario,111.35,2,
2025-06-26,ORD-002967,buyer0082@example.com,(416) 555-3855,José García,Maple Leaf Dental Group,Nova Scotia,174.90,3,customer asked for late delivery to the Brampton warehouse
2025-06-18,ORD-002968,buyer0283@example.com,(416) 555-1418,José García,Northwind Traders Inc,Nova Scotia,250.16,5,"call before delivery, dog in the yard"
2025-06-26,ORD-002969,buyer0467@example.com,(416) 555-6357,Nguyễn Văn An,Kestrel Analytics Corp,Quebec,123.63,3,gift wrap and a handwritten card please
