order_date,region,revenue,units
2023-01-01,North,60.11,2
2023-01-02,North,59.84,2
2023-01-03,North,119.94,4
2023-01-04,North,118.96,4
2023-01-05,North,60.49,2
2023-01-06,North,89.57,3
2023-01-07,North,59.63,2
2023-01-08,North,119.93,4
2023-01-09,North,119.94,4
2023-01-10,North,120.87,4
2023-01-11,North,60.16,2
2023-01-12,North,119.74,4
2023-01-13,North,60.21,2
2023-01-14,North,59.59,2
2023-01-15,North,118.90,4
2023-01-16,North,60.39,2
2023-01-17,North,89.95,3
2023-01-18,North,121.01,4
2023-01-19,North,90.39,3
2023-01-20,North,89.81,3
2023-01-21,North,119.87,4
2023-01-22,North,60.45,2
2023-01-23,North,59.44,2
2023-01-24,North,89.49,3
2023-01-25,North,119.85,4
2023-01-26,North,120.85,4
2023-01-27,North,90.01,3
2023-01-28,North,90.13,3
2023-01-01,North,120.20,4
2023-01-02,North,119.36,4
2023-01-03,North,90.33,3
2023-01-04,North,60.43,2
2023-01-05,North,120.41,4
2023-01-06,North,60.24,2
2023-01-07,North,90.84,3
2023-01-08,North,120.17,4
2023-01-09,North,120.37,4
2023-01-10,North,120.80,4
2023-01-11,North,119.44,4
2023-01-12,North,59.48,2
2023-01-13,North,121.18,4
2023-01-14,North,59.81,2
2023-01-15,North,59.89,2
2023-01-16,North,59.42,2
2023-01-17,North,90.48,3
2023-01-18,North,59.45,2
2023-01-19,North,120.63,4
2023-01-20,North,90.39,3
2023-01-21,North,90.09,3
2023-01-22,North,90.01,3
2023-01-23,North,59.77,2
2023-01-24,North,59.53,2
2023-01-25,North,118.88,4
2023-01-26,North,60.57,2
2023-01-27,North,90.20,3
2023-01-28,North,60.23,2
2023-01-01,North,89.66,3
2023-01-02,North,60.48,2
2023-01-03,North,89.78,3
2023-01-04,North,119.73,4
2023-01-05,North,120.43,4
2023-01-06,North,60.14,2
2023-01-07,North,119.45,4
2023-01-08,North,120.53,4
2023-01-09,North,60.52,2
2023-01-10,North,90.86,3
2023-01-11,North,119.53,4
2023-01-12,North,89.12,3
2023-01-13,North,90.88,3
2023-01-14,North,89.14,3
2023-01-15,North,120.21,4
2023-01-16,North,59.47,2
2023-01-17,North,119.60,4
2023-01-18,North,90.32,3
2023-01-19,North,90.20,3
2023-01-20,North,90.43,3
2023-01-21,North,60.11,2
2023-01-22,North,118.85,4
2023-01-23,North,89.55,3
2023-01-24,North,89.64,3
2023-01-25,North,119.57,4
2023-01-26,North,89.43,3
2023-01-27,North,90.62,3
2023-01-28,North,89.64,3
2023-01-01,North,89.29,3
2023-01-02,North,60.57,2
2023-01-03,North,120.56,4
2023-01-04,North,90.00,3
2023-01-05,North,120.73,4
2023-01-06,North,59.79,2
2023-01-07,North,119.84,4
2023-01-08,North,119.03,4
2023-01-09,North,119.57,4
2023-01-10,North,90.31,3
2023-01-11,North,59.93,2
2023-01-12,North,59.50,2
2023-01-13,North,120.36,4
2023-01-14,North,119.88,4
2023-01-15,North,60.34,2
2023-01-16,North,60.04,2
2023-01-17,North,59.78,2
2023-01-18,North,119.24,4
2023-01-19,North,89.71,3
2023-01-20,North,119.01,4
2023-01-21,North,119.63,4
2023-01-22,North,59.91,2
2023-01-23,North,120.71,4
2023-01-24,North,89.94,3
2023-01-25,North,119.80,4
2023-01-26,North,90.12,3
2023-01-27,North,60.50,2
2023-01-28,North,59.64,2
2023-01-01,North,90.80,3
2023-01-02,North,121.17,4
2023-01-03,North,90.11,3
2023-01-04,North,119.33,4
2023-01-05,North,119.90,4
2023-01-06,North,120.60,4
2023-01-07,North,90.08,3
2023-01-08,North,60.43,2
2023-01-09,North,121.13,4
2023-01-10,North,60.37,2
2023-01-11,North,59.44,2
2023-01-12,North,120.03,4
2023-01-13,North,60.48,2
2023-01-14,North,90.14,3
2023-01-15,North,59.98,2
2023-01-16,North,59.61,2
2023-01-17,North,89.53,3
2023-01-18,North,60.03,2
2023-01-19,North,89.20,3
2023-01-20,North,119.07,4
2023-01-21,North,59.70,2
2023-01-22,North,119.95,4
2023-01-23,North,59.82,2
2023-01-24,North,59.55,2
2023-01-25,North,59.61,2
2023-01-26,North,90.76,3
2023-01-27,North,60.39,2
2023-01-28,North,59.99,2
2023-01-01,North,120.87,4
2023-01-02,North,60.31,2
2023-01-03,North,59.72,2
2023-01-04,North,120.05,4
2023-01-05,North,59.97,2
2023-01-06,North,60.43,2
2023-01-07,North,59.46,2
2023-01-08,North,59.48,2
2023-01-09,North,60.43,2
2023-01-10,North,60.02,2
2023-01-11,North,89.67,3
2023-01-12,North,89.23,3
2023-01-13,North,90.26,3
2023-01-14,North,119.53,4
2023-01-15,North,89.44,3
2023-01-16,North,89.87,3
2023-01-17,North,60.07,2
2023-01-18,North,120.54,4
2023-01-19,North,60.08,2
2023-01-20,North,59.85,2
2023-01-21,North,120.36,4
2023-01-22,North,119.71,4
2023-01-23,North,60.15,2
2023-01-24,North,89.20,3
2023-01-25,North,119.99,4
2023-01-26,North,119.56,4
2023-01-27,North,119.80,4
2023-01-28,North,59.69,2
2023-01-01,North,119.45,4
2023-01-02,North,118.97,4
2023-01-03,North,89.50,3
2023-01-04,North,60.46,2
2023-01-05,North,89.77,3
2023-01-06,North,120.70,4
2023-01-07,North,89.32,3
2023-01-08,North,119.10,4
2023-01-09,North,120.39,4
2023-01-10,North,120.70,4
2023-01-11,North,119.06,4
2023-01-12,North,90.11,3
2023-01-13,North,60.37,2
2023-01-14,North,118.81,4
2023-01-15,North,59.68,2
2023-01-16,North,89.18,3
2023-01-17,North,60.08,2
2023-01-18,North,120.91,4
2023-01-19,North,60.38,2
2023-01-20,North,90.61,3
2023-01-21,North,59.43,2
2023-01-22,North,60.21,2
2023-01-23,North,121.09,4
2023-01-24,North,119.52,4
2023-01-25,North,59.44,2
2023-01-26,North,120.03,4
2023-01-27,North,119.37,4
2023-01-28,North,120.60,4
2023-01-01,North,118.95,4
2023-01-02,North,90.66,3
2023-01-03,North,60.39,2
2023-01-04,North,60.60,2
2023-01-01,South,111.44,4
2023-01-02,South,112.45,4
2023-01-03,South,83.58,3
2023-01-04,South,111.77,4
2023-01-05,South,84.10,3
2023-01-06,South,55.86,2
2023-01-07,South,56.53,2
2023-01-08,South,84.58,3
2023-01-09,South,55.91,2
2023-01-10,South,112.57,4
2023-01-11,South,112.95,4
2023-01-12,South,111.96,4
2023-01-13,South,111.78,4
2023-01-14,South,55.62,2
2023-01-15,South,84.42,3
2023-01-16,South,112.04,4
2023-01-17,South,84.15,3
2023-01-18,South,55.59,2
2023-01-19,South,55.60,2
2023-01-20,South,111.59,4
2023-01-21,South,56.39,2
2023-01-22,South,113.02,4
2023-01-23,South,84.29,3
2023-01-24,South,84.16,3
2023-01-25,South,112.19,4
2023-01-26,South,84.65,3
2023-01-27,South,83.20,3
2023-01-28,South,84.51,3
2023-01-01,South,55.63,2
2023-01-02,South,83.56,3
2023-01-03,South,84.46,3
2023-01-04,South,55.91,2
2023-01-05,South,111.95,4
2023-01-06,South,111.34,4
2023-01-07,South,112.75,4
2023-01-08,South,112.13,4
2023-01-09,South,84.83,3
2023-01-10,South,56.40,2
2023-01-11,South,84.48,3
2023-01-12,South,55.96,2
2023-01-13,South,56.44,2
2023-01-14,South,112.49,4
2023-01-15,South,111.04,4
2023-01-16,South,56.40,2
2023-01-17,South,56.44,2
2023-01-18,South,83.39,3
2023-01-19,South,112.46,4
2023-01-20,South,56.45,2
2023-01-21,South,83.45,3
2023-01-22,South,55.79,2
2023-01-23,South,83.31,3
2023-01-24,South,55.57,2
2023-01-25,South,84.56,3
2023-01-26,South,83.22,3
2023-01-27,South,84.13,3
2023-01-28,South,111.63,4
2023-01-01,South,55.81,2
2023-01-02,South,83.80,3
2023-01-03,South,55.68,2
2023-01-04,South,112.54,4
2023-01-05,South,83.82,3
2023-01-06,South,111.59,4
2023-01-07,South,83.29,3
2023-01-08,South,83.35,3
2023-01-09,South,112.92,4
2023-01-10,South,56.03,2
2023-01-11,South,111.72,4
2023-01-12,South,84.43,3
2023-01-13,South,84.27,3
2023-01-14,South,112.35,4
2023-01-15,South,83.34,3
2023-01-16,South,84.29,3
2023-01-17,South,112.06,4
2023-01-18,South,111.99,4
2023-01-19,South,83.26,3
2023-01-20,South,84.30,3
2023-01-21,South,112.54,4
2023-01-22,South,112.33,4
2023-01-23,South,111.21,4
2023-01-24,South,84.66,3
2023-01-25,South,111.90,4
2023-01-26,South,56.48,2
2023-01-27,South,56.47,2
2023-01-28,South,112.49,4
2023-01-01,South,111.82,4
2023-01-02,South,84.25,3
2023-01-03,South,83.97,3
2023-01-04,South,56.23,2
2023-01-05,South,56.24,2
2023-01-06,South,112.10,4
2023-01-07,South,111.76,4
2023-01-08,South,55.74,2
2023-01-09,South,83.25,3
2023-01-10,South,55.49,2
2023-01-11,South,111.49,4
2023-01-12,South,112.60,4
2023-01-13,South,84.63,3
2023-01-14,South,83.91,3
2023-01-15,South,55.84,2
2023-01-16,South,55.61,2
2023-01-17,South,111.10,4
2023-01-18,South,56.07,2
2023-01-19,South,111.13,4
2023-01-20,South,111.30,4
2023-01-21,South,84.29,3
2023-01-22,South,84.53,3
2023-01-23,South,111.17,4
2023-01-24,South,111.21,4
2023-01-25,South,84.50,3
2023-01-26,South,112.06,4
2023-01-27,South,111.28,4
2023-01-28,South,83.78,3
2023-01-01,South,83.21,3
2023-01-02,South,84.66,3
2023-01-03,South,83.69,3
2023-01-04,South,111.57,4
2023-01-05,South,84.80,3
2023-01-06,South,112.46,4
2023-01-07,South,111.96,4
2023-01-08,South,111.31,4
2023-01-09,South,110.89,4
2023-01-10,South,111.40,4
2023-01-11,South,56.03,2
2023-01-12,South,83.49,3
2023-01-13,South,111.35,4
2023-01-14,South,112.95,4
2023-01-15,South,83.35,3
2023-01-16,South,84.77,3
2023-01-17,South,55.59,2
2023-01-18,South,56.14,2
2023-01-19,South,55.47,2
2023-01-20,South,111.40,4
2023-01-21,South,56.00,2
2023-01-22,South,56.48,2
2023-01-23,South,83.71,3
2023-01-24,South,84.33,3
2023-01-25,South,55.53,2
2023-01-26,South,112.62,4
2023-01-27,South,56.24,2
2023-01-28,South,113.11,4
2023-01-01,South,56.48,2
2023-01-02,South,55.93,2
2023-01-03,South,55.98,2
2023-01-04,South,56.32,2
2023-01-05,South,83.29,3
2023-01-06,South,56.23,2
2023-01-07,South,84.00,3
2023-01-08,South,111.03,4
2023-01-09,South,83.51,3
2023-01-10,South,83.67,3
2023-01-11,South,83.93,3
2023-01-12,South,111.78,4
2023-01-13,South,55.95,2
2023-01-14,South,56.25,2
2023-01-15,South,84.59,3
2023-01-16,South,84.05,3
2023-01-17,South,111.78,4
2023-01-18,South,56.34,2
2023-01-19,South,84.48,3
2023-01-20,South,56.40,2
2023-01-21,South,111.32,4
2023-01-22,South,55.46,2
2023-01-23,South,111.78,4
2023-01-24,South,56.15,2
2023-01-25,South,55.56,2
2023-01-26,South,55.94,2
2023-01-27,South,55.51,2
2023-01-28,South,55.89,2
2023-01-01,South,83.85,3
2023-01-02,South,112.48,4
2023-01-01,East,69.86,2
2023-01-02,East,104.99,3
2023-01-03,East,69.64,2
2023-01-04,East,104.95,3
2023-01-05,East,69.77,2
2023-01-06,East,69.78,2
2023-01-07,East,70.13,2
2023-01-08,East,139.41,4
2023-01-09,East,105.61,3
2023-01-10,East,104.98,3
2023-01-11,East,139.34,4
2023-01-12,East,105.27,3
2023-01-13,East,104.62,3
2023-01-14,East,70.26,2
2023-01-15,East,70.13,2
2023-01-16,East,69.45,2
2023-01-17,East,138.85,4
2023-01-18,East,70.00,2
2023-01-19,East,104.06,3
2023-01-20,East,140.03,4
2023-01-21,East,104.37,3
2023-01-22,East,104.66,3
2023-01-23,East,105.88,3
2023-01-24,East,138.70,4
2023-01-25,East,105.53,3
2023-01-26,East,141.25,4
2023-01-27,East,70.63,2
2023-01-28,East,70.49,2
2023-01-01,East,70.01,2
2023-01-02,East,139.54,4
2023-01-03,East,140.78,4
2023-01-04,East,104.32,3
2023-01-05,East,141.02,4
2023-01-06,East,105.70,3
2023-01-07,East,139.61,4
2023-01-08,East,69.81,2
2023-01-09,East,104.87,3
2023-01-10,East,105.59,3
2023-01-11,East,104.67,3
2023-01-12,East,70.01,2
2023-01-13,East,141.16,4
2023-01-14,East,139.68,4
2023-01-15,East,104.04,3
2023-01-16,East,70.29,2
2023-01-17,East,70.45,2
2023-01-18,East,70.36,2
2023-01-19,East,140.45,4
2023-01-20,East,104.45,3
2023-01-21,East,138.76,4
2023-01-22,East,141.04,4
2023-01-23,East,104.93,3
2023-01-24,East,140.41,4
2023-01-25,East,103.95,3
2023-01-26,East,69.86,2
2023-01-27,East,69.77,2
2023-01-28,East,104.18,3
2023-01-01,East,70.45,2
2023-01-02,East,69.64,2
2023-01-03,East,70.67,2
2023-01-04,East,139.00,4
2023-01-05,East,69.46,2
2023-01-06,East,105.98,3
2023-01-07,East,70.49,2
2023-01-08,East,139.77,4
2023-01-09,East,139.49,4
2023-01-10,East,140.79,4
2023-01-11,East,104.32,3
2023-01-12,East,69.36,2
2023-01-13,East,70.14,2
2023-01-14,East,69.58,2
2023-01-15,East,104.13,3
2023-01-16,East,104.79,3
2023-01-17,East,140.32,4
2023-01-18,East,139.96,4
2023-01-19,East,141.04,4
2023-01-20,East,104.80,3
2023-01-21,East,139.85,4
2023-01-22,East,69.71,2
2023-01-23,East,139.84,4
2023-01-24,East,104.38,3
2023-01-25,East,138.62,4
2023-01-26,East,105.48,3
2023-01-27,East,69.78,2
2023-01-28,East,69.98,2
2023-01-01,East,70.59,2
2023-01-02,East,140.66,4
2023-01-03,East,105.60,3
2023-01-04,East,70.15,2
2023-01-05,East,69.65,2
2023-01-06,East,69.77,2
2023-01-07,East,104.87,3
2023-01-08,East,104.41,3
2023-01-09,East,70.35,2
2023-01-10,East,70.32,2
2023-01-11,East,140.31,4
2023-01-12,East,140.10,4
2023-01-13,East,104.72,3
2023-01-14,East,70.56,2
2023-01-15,East,104.97,3
2023-01-16,East,104.94,3
2023-01-17,East,141.18,4
2023-01-18,East,105.96,3
2023-01-19,East,69.56,2
2023-01-20,East,69.34,2
2023-01-21,East,69.71,2
2023-01-22,East,138.77,4
2023-01-23,East,104.04,3
2023-01-24,East,139.18,4
2023-01-25,East,104.86,3
2023-01-26,East,104.93,3
2023-01-27,East,70.35,2
2023-01-28,East,104.25,3
2023-01-01,East,104.58,3
2023-01-02,East,104.88,3
2023-01-03,East,69.51,2
2023-01-04,East,139.40,4
2023-01-05,East,106.01,3
2023-01-06,East,139.64,4
2023-01-07,East,69.90,2
2023-01-08,East,104.95,3
2023-01-09,East,139.22,4
2023-01-10,East,104.55,3
2023-01-11,East,104.73,3
2023-01-12,East,105.64,3
2023-01-13,East,105.52,3
2023-01-14,East,138.63,4
2023-01-15,East,70.18,2
2023-01-16,East,70.05,2
2023-01-17,East,70.63,2
2023-01-18,East,69.59,2
2023-01-19,East,104.70,3
2023-01-20,East,106.01,3
2023-01-21,East,69.99,2
2023-01-22,East,69.32,2
2023-01-23,East,105.85,3
2023-01-24,East,70.14,2
2023-01-25,East,69.93,2
2023-01-26,East,104.47,3
2023-01-27,East,104.83,3
2023-01-28,East,104.66,3
2023-01-01,West,49.93,2
2023-01-02,West,100.99,4
2023-01-03,West,50.41,2
2023-01-04,West,99.49,4
2023-01-05,West,50.24,2
2023-01-06,West,75.01,3
2023-01-07,West,75.08,3
2023-01-08,West,74.27,3
2023-01-09,West,49.52,2
2023-01-10,West,99.12,4
2023-01-11,West,74.95,3
2023-01-12,West,100.51,4
2023-01-13,West,100.03,4
2023-01-14,West,75.03,3
2023-01-15,West,49.79,2
2023-01-16,West,50.18,2
2023-01-17,West,99.20,4
2023-01-18,West,74.92,3
2023-01-19,West,75.45,3
2023-01-20,West,74.67,3
2023-01-21,West,99.31,4
2023-01-22,West,74.46,3
2023-01-23,West,49.91,2
2023-01-24,West,50.33,2
2023-01-25,West,100.22,4
2023-01-26,West,49.82,2
2023-01-27,West,100.10,4
2023-01-28,West,74.44,3
2023-01-01,West,100.51,4
2023-01-02,West,74.40,3
2023-01-03,West,99.15,4
2023-01-04,West,50.01,2
2023-01-05,West,99.90,4
2023-01-06,West,75.63,3
2023-01-07,West,50.15,2
2023-01-08,West,74.72,3
2023-01-09,West,74.57,3
2023-01-10,West,50.44,2
2023-01-11,West,75.17,3
2023-01-12,West,99.56,4
2023-01-13,West,49.92,2
2023-01-14,West,75.72,3
2023-01-15,West,50.00,2
2023-01-16,West,50.24,2
2023-01-17,West,100.05,4
2023-01-18,West,100.26,4
2023-01-19,West,50.13,2
2023-01-20,West,50.44,2
2023-01-21,West,99.14,4
2023-01-22,West,75.73,3
2023-01-23,West,74.65,3
2023-01-24,West,100.12,4
2023-01-25,West,49.74,2
2023-01-26,West,49.64,2
2023-01-27,West,99.36,4
2023-01-28,West,75.26,3
2023-01-01,West,99.02,4
2023-01-02,West,74.33,3
2023-01-03,West,99.35,4
2023-01-04,West,50.15,2
2023-01-05,West,50.37,2
2023-01-06,West,50.02,2
2023-01-07,West,50.03,2
2023-01-08,West,75.42,3
2023-01-09,West,74.83,3
2023-01-10,West,49.78,2
2023-01-11,West,49.62,2
2023-01-12,West,74.44,3
2023-01-13,West,75.66,3
2023-01-14,West,99.15,4
2023-01-15,West,49.51,2
2023-01-16,West,75.75,3
2023-01-17,West,74.62,3
2023-01-18,West,75.07,3
2023-01-19,West,74.41,3
2023-01-20,West,74.96,3
2023-01-21,West,99.69,4
2023-01-22,West,100.71,4
2023-01-23,West,75.10,3
2023-01-24,West,75.06,3
2023-01-25,West,74.91,3
2023-01-26,West,99.91,4
2023-01-27,West,74.55,3
2023-01-28,West,99.59,4
2023-01-01,West,100.70,4
2023-01-02,West,49.80,2
2023-01-03,West,49.82,2
2023-01-04,West,49.63,2
2023-01-05,West,100.96,4
2023-01-06,West,75.17,3
2023-01-07,West,49.61,2
2023-01-08,West,49.66,2
2023-01-09,West,50.29,2
2023-01-10,West,100.37,4
2023-01-11,West,100.39,4
2023-01-12,West,74.39,3
2023-01-13,West,100.16,4
2023-01-14,West,74.47,3
2023-01-15,West,99.44,4
2023-01-16,West,75.01,3
2023-01-17,West,75.21,3
2023-01-18,West,99.72,4
2023-01-19,West,100.54,4
2023-01-20,West,100.87,4
2023-01-21,West,100.67,4
2023-01-22,West,75.71,3
2023-01-23,West,74.65,3
2023-01-24,West,50.10,2
2023-01-25,West,50.23,2
2023-01-26,West,75.34,3
2023-02-01,North,59.74,2
2023-02-02,North,89.92,3
2023-02-03,North,89.70,3
2023-02-04,North,60.58,2
2023-02-05,North,120.05,4
2023-02-06,North,118.92,4
2023-02-07,North,89.87,3
2023-02-08,North,120.67,4
2023-02-09,North,59.68,2
2023-02-10,North,89.79,3
2023-02-11,North,59.84,2
2023-02-12,North,59.47,2
2023-02-13,North,90.69,3
2023-02-14,North,90.42,3
2023-02-15,North,90.38,3
2023-02-16,North,89.12,3
2023-02-17,North,90.01,3
2023-02-18,North,89.89,3
2023-02-19,North,120.44,4
2023-02-20,North,60.10,2
2023-02-21,North,59.79,2
2023-02-22,North,59.85,2
2023-02-23,North,118.80,4
2023-02-24,North,59.65,2
2023-02-25,North,89.61,3
2023-02-26,North,59.43,2
2023-02-27,North,121.01,4
2023-02-28,North,119.87,4
2023-02-01,North,90.59,3
2023-02-02,North,59.93,2
2023-02-03,North,120.20,4
2023-02-04,North,120.91,4
2023-02-05,North,89.50,3
2023-02-06,North,60.47,2
2023-02-07,North,90.09,3
2023-02-08,North,60.39,2
2023-02-09,North,120.92,4
2023-02-10,North,89.15,3
2023-02-11,North,89.79,3
2023-02-12,North,90.60,3
2023-02-13,North,59.97,2
2023-02-14,North,59.87,2
2023-02-15,North,120.33,4
2023-02-16,North,120.31,4
2023-02-17,North,119.52,4
2023-02-18,North,89.27,3
2023-02-19,North,120.46,4
2023-02-20,North,59.48,2
2023-02-21,North,121.18,4
2023-02-22,North,60.42,2
2023-02-23,North,89.96,3
2023-02-24,North,90.24,3
2023-02-25,North,60.39,2
2023-02-26,North,90.26,3
2023-02-27,North,119.34,4
2023-02-28,North,89.46,3
2023-02-01,North,90.82,3
2023-02-02,North,60.17,2
2023-02-03,North,60.48,2
2023-02-04,North,120.06,4
2023-02-05,North,120.79,4
2023-02-06,North,59.68,2
2023-02-07,North,90.58,3
2023-02-08,North,119.75,4
2023-02-09,North,90.87,3
2023-02-10,North,121.11,4
2023-02-11,North,59.64,2
2023-02-12,North,89.72,3
2023-02-13,North,119.12,4
2023-02-14,North,119.67,4
2023-02-15,North,119.65,4
2023-02-16,North,120.86,4
2023-02-17,North,120.06,4
2023-02-18,North,89.21,3
2023-02-19,North,90.64,3
2023-02-20,North,119.27,4
2023-02-21,North,59.62,2
2023-02-22,North,60.53,2
2023-02-23,North,60.51,2
2023-02-24,North,119.75,4
2023-02-25,North,59.78,2
2023-02-26,North,59.79,2
2023-02-27,North,59.86,2
2023-02-28,North,120.80,4
2023-02-01,North,59.68,2
2023-02-02,North,89.80,3
2023-02-03,North,59.74,2
2023-02-04,North,89.57,3
2023-02-05,North,121.12,4
2023-02-06,North,119.07,4
2023-02-07,North,59.76,2
2023-02-08,North,60.08,2
2023-02-09,North,59.98,2
2023-02-10,North,59.66,2
2023-02-11,North,119.68,4
2023-02-12,North,59.61,2
2023-02-13,North,119.75,4
2023-02-14,North,119.82,4
2023-02-15,North,60.15,2
2023-02-16,North,89.77,3
2023-02-17,North,60.34,2
2023-02-18,North,89.98,3
2023-02-19,North,119.22,4
2023-02-20,North,120.96,4
2023-02-21,North,119.99,4
2023-02-22,North,90.57,3
2023-02-23,North,89.72,3
2023-02-24,North,119.96,4
2023-02-25,North,59.54,2
2023-02-26,North,89.71,3
2023-02-27,North,119.15,4
2023-02-28,North,89.29,3
2023-02-01,North,119.15,4
2023-02-02,North,89.96,3
2023-02-03,North,119.16,4
2023-02-04,North,89.77,3
2023-02-05,North,60.10,2
2023-02-06,North,119.29,4
2023-02-07,North,60.24,2
2023-02-08,North,120.22,4
2023-02-09,North,120.94,4
2023-02-10,North,90.07,3
2023-02-11,North,90.60,3
2023-02-12,North,120.36,4
2023-02-13,North,59.91,2
2023-02-14,North,120.56,4
2023-02-15,North,89.86,3
2023-02-16,North,90.12,3
2023-02-17,North,59.75,2
2023-02-18,North,60.08,2
2023-02-19,North,90.38,3
2023-02-20,North,90.10,3
2023-02-21,North,90.75,3
2023-02-22,North,89.41,3
2023-02-23,North,89.94,3
2023-02-24,North,90.10,3
2023-02-25,North,89.29,3
2023-02-26,North,60.13,2
2023-02-27,North,119.28,4
2023-02-28,North,120.40,4
2023-02-01,North,59.52,2
2023-02-02,North,119.08,4
2023-02-03,North,90.66,3
2023-02-04,North,119.56,4
2023-02-05,North,89.22,3
2023-02-06,North,90.33,3
2023-02-07,North,60.53,2
2023-02-08,North,59.65,2
2023-02-09,North,59.97,2
2023-02-10,North,89.37,3
2023-02-11,North,90.83,3
2023-02-12,North,59.72,2
2023-02-13,North,121.07,4
2023-02-14,North,119.34,4
2023-02-15,North,90.52,3
2023-02-16,North,119.62,4
2023-02-17,North,59.52,2
2023-02-18,North,119.12,4
2023-02-19,North,59.67,2
2023-02-20,North,89.70,3
2023-02-21,North,59.79,2
2023-02-22,North,59.60,2
2023-02-23,North,119.98,4
2023-02-24,North,119.12,4
2023-02-25,North,90.44,3
2023-02-26,North,120.16,4
2023-02-27,North,119.83,4
2023-02-28,North,89.56,3
2023-02-01,North,119.45,4
2023-02-02,North,89.38,3
2023-02-03,North,59.60,2
2023-02-04,North,118.80,4
2023-02-05,North,60.01,2
2023-02-06,North,60.42,2
2023-02-07,North,120.35,4
2023-02-08,North,89.18,3
2023-02-09,North,120.15,4
2023-02-10,North,89.46,3
2023-02-11,North,59.66,2
2023-02-12,North,118.98,4
2023-02-13,North,90.43,3
2023-02-14,North,59.54,2
2023-02-15,North,90.30,3
2023-02-16,North,120.55,4
2023-02-17,North,89.35,3
2023-02-18,North,118.99,4
2023-02-19,North,119.13,4
2023-02-20,North,60.24,2
2023-02-21,North,120.68,4
2023-02-22,North,90.37,3
2023-02-23,North,121.19,4
2023-02-24,North,119.86,4
2023-02-25,North,60.24,2
2023-02-26,North,59.48,2
2023-02-27,North,120.48,4
2023-02-28,North,59.41,2
2023-02-01,North,90.03,3
2023-02-02,North,90.60,3
2023-02-03,North,89.28,3
2023-02-04,North,59.87,2
2023-02-01,South,111.88,4
2023-02-02,South,112.50,4
2023-02-03,South,111.38,4
2023-02-04,South,83.56,3
2023-02-05,South,55.83,2
2023-02-06,South,55.62,2
2023-02-07,South,83.32,3
2023-02-08,South,84.81,3
2023-02-09,South,56.05,2
2023-02-10,South,111.43,4
2023-02-11,South,55.47,2
2023-02-12,South,56.10,2
2023-02-13,South,55.66,2
2023-02-14,South,112.02,4
2023-02-15,South,112.59,4
2023-02-16,South,111.73,4
2023-02-17,South,111.35,4
2023-02-18,South,111.84,4
2023-02-19,South,84.50,3
2023-02-20,South,56.33,2
2023-02-21,South,112.07,4
2023-02-22,South,84.72,3
2023-02-23,South,112.98,4
2023-02-24,South,55.93,2
2023-02-25,South,55.79,2
2023-02-26,South,111.26,4
2023-02-27,South,84.04,3
2023-02-28,South,83.37,3
2023-02-01,South,83.27,3
2023-02-02,South,56.27,2
2023-02-03,South,83.19,3
2023-02-04,South,55.97,2
2023-02-05,South,55.51,2
2023-02-06,South,112.83,4
2023-02-07,South,55.49,2
2023-02-08,South,111.54,4
2023-02-09,South,83.99,3
2023-02-10,South,84.51,3
2023-02-11,South,84.21,3
2023-02-12,South,55.89,2
2023-02-13,South,110.98,4
2023-02-14,South,111.31,4
2023-02-15,South,55.62,2
2023-02-16,South,84.05,3
2023-02-17,South,112.02,4
2023-02-18,South,111.25,4
2023-02-19,South,111.55,4
2023-02-20,South,110.89,4
2023-02-21,South,55.85,2
2023-02-22,South,84.72,3
2023-02-23,South,84.28,3
2023-02-24,South,84.10,3
2023-02-25,South,83.89,3
2023-02-26,South,84.17,3
2023-02-27,South,55.80,2
2023-02-28,South,84.40,3
2023-02-01,South,84.48,3
2023-02-02,South,111.46,4
2023-02-03,South,83.32,3
2023-02-04,South,84.41,3
2023-02-05,South,83.96,3
2023-02-06,South,56.25,2
2023-02-07,South,111.01,4
2023-02-08,South,56.56,2
2023-02-09,South,56.12,2
2023-02-10,South,55.87,2
2023-02-11,South,83.32,3
2023-02-12,South,56.46,2
2023-02-13,South,83.59,3
2023-02-14,South,84.11,3
2023-02-15,South,83.79,3
2023-02-16,South,55.85,2
2023-02-17,South,83.77,3
2023-02-18,South,111.76,4
2023-02-19,South,111.37,4
2023-02-20,South,56.42,2
2023-02-21,South,110.95,4
2023-02-22,South,84.38,3
2023-02-23,South,56.12,2
2023-02-24,South,83.96,3
2023-02-25,South,84.00,3
2023-02-26,South,111.85,4
2023-02-27,South,55.97,2
2023-02-28,South,56.16,2
2023-02-01,South,111.24,4
2023-02-02,South,55.66,2
2023-02-03,South,112.67,4
2023-02-04,South,111.10,4
2023-02-05,South,55.88,2
2023-02-06,South,112.89,4
2023-02-07,South,55.56,2
2023-02-08,South,56.50,2
2023-02-09,South,84.08,3
2023-02-10,South,56.46,2
2023-02-11,South,84.83,3
2023-02-12,South,55.68,2
2023-02-13,South,111.83,4
2023-02-14,South,84.21,3
2023-02-15,South,112.96,4
2023-02-16,South,84.08,3
2023-02-17,South,113.01,4
2023-02-18,South,84.09,3
2023-02-19,South,56.53,2
2023-02-20,South,83.49,3
2023-02-21,South,56.43,2
2023-02-22,South,56.40,2
2023-02-23,South,83.55,3
2023-02-24,South,55.81,2
2023-02-25,South,84.46,3
2023-02-26,South,111.34,4
2023-02-27,South,111.77,4
2023-02-28,South,112.32,4
2023-02-01,South,56.49,2
2023-02-02,South,84.54,3
2023-02-03,South,56.33,2
2023-02-04,South,83.50,3
2023-02-05,South,55.83,2
2023-02-06,South,56.45,2
2023-02-07,South,112.13,4
2023-02-08,South,55.95,2
2023-02-09,South,83.25,3
2023-02-10,South,83.61,3
2023-02-11,South,84.55,3
2023-02-12,South,111.33,4
2023-02-13,South,55.79,2
2023-02-14,South,111.08,4
2023-02-15,South,84.67,3
2023-02-16,South,84.36,3
2023-02-17,South,112.62,4
2023-02-18,South,55.72,2
2023-02-19,South,56.12,2
2023-02-20,South,55.47,2
2023-02-21,South,83.74,3
2023-02-22,South,55.69,2
2023-02-23,South,55.57,2
2023-02-24,South,84.18,3
2023-02-25,South,55.90,2
2023-02-26,South,84.09,3
2023-02-27,South,55.98,2
2023-02-28,South,111.86,4
2023-02-01,South,55.98,2
2023-02-02,South,56.32,2
2023-02-03,South,84.58,3
2023-02-04,South,83.63,3
2023-02-05,South,111.32,4
2023-02-06,South,83.79,3
2023-02-07,South,84.33,3
2023-02-08,South,110.90,4
2023-02-09,South,111.62,4
2023-02-10,South,111.99,4
2023-02-11,South,83.18,3
2023-02-12,South,56.24,2
2023-02-13,South,55.70,2
2023-02-14,South,111.14,4
2023-02-15,South,55.64,2
2023-02-16,South,83.69,3
2023-02-17,South,84.07,3
2023-02-18,South,56.39,2
2023-02-19,South,56.54,2
2023-02-20,South,56.54,2
2023-02-21,South,55.56,2
2023-02-22,South,111.89,4
2023-02-23,South,111.97,4
2023-02-24,South,56.56,2
2023-02-25,South,111.85,4
2023-02-26,South,112.11,4
2023-02-27,South,55.56,2
2023-02-28,South,56.19,2
2023-02-01,South,56.37,2
2023-02-02,South,83.30,3
2023-02-01,East,104.01,3
2023-02-02,East,69.37,2
2023-02-03,East,104.03,3
2023-02-04,East,141.09,4
2023-02-05,East,139.20,4
2023-02-06,East,139.85,4
2023-02-07,East,139.45,4
2023-02-08,East,105.42,3
2023-02-09,East,70.50,2
2023-02-10,East,140.10,4
2023-02-11,East,69.60,2
2023-02-12,East,139.82,4
2023-02-13,East,140.97,4
2023-02-14,East,105.04,3
2023-02-15,East,105.36,3
2023-02-16,East,70.17,2
2023-02-17,East,105.76,3
2023-02-18,East,104.11,3
2023-02-19,East,70.06,2
2023-02-20,East,104.87,3
2023-02-21,East,104.46,3
2023-02-22,East,140.10,4
2023-02-23,East,104.66,3
2023-02-24,East,69.71,2
2023-02-25,East,69.56,2
2023-02-26,East,105.48,3
2023-02-27,East,139.88,4
2023-02-28,East,139.81,4
2023-02-01,East,70.59,2
2023-02-02,East,139.58,4
2023-02-03,East,140.66,4
2023-02-04,East,105.94,3
2023-02-05,East,140.39,4
2023-02-06,East,140.45,4
2023-02-07,East,139.30,4
2023-02-08,East,105.07,3
2023-02-09,East,139.98,4
2023-02-10,East,139.14,4
2023-02-11,East,104.13,3
2023-02-12,East,138.80,4
2023-02-13,East,105.59,3
2023-02-14,East,105.44,3
2023-02-15,East,70.50,2
2023-02-16,East,138.97,4
2023-02-17,East,141.14,4
2023-02-18,East,103.95,3
2023-02-19,East,70.61,2
2023-02-20,East,141.28,4
2023-02-21,East,105.37,3
2023-02-22,East,69.71,2
2023-02-23,East,139.14,4
2023-02-24,East,140.48,4
2023-02-25,East,69.76,2
2023-02-26,East,104.98,3
2023-02-27,East,70.58,2
2023-02-28,East,139.49,4
2023-02-01,East,104.33,3
2023-02-02,East,105.18,3
2023-02-03,East,104.60,3
2023-02-04,East,139.93,4
2023-02-05,East,69.39,2
2023-02-06,East,138.70,4
2023-02-07,East,138.81,4
2023-02-08,East,69.55,2
2023-02-09,East,104.28,3
2023-02-10,East,69.54,2
2023-02-11,East,105.17,3
2023-02-12,East,69.97,2
2023-02-13,East,140.38,4
2023-02-14,East,69.32,2
2023-02-15,East,139.24,4
2023-02-16,East,104.25,3
2023-02-17,East,105.13,3
2023-02-18,East,105.76,3
2023-02-19,East,105.17,3
2023-02-20,East,69.94,2
2023-02-21,East,140.57,4
2023-02-22,East,69.95,2
2023-02-23,East,105.72,3
2023-02-24,East,140.56,4
2023-02-25,East,138.83,4
2023-02-26,East,104.83,3
2023-02-27,East,104.21,3
2023-02-28,East,70.65,2
2023-02-01,East,69.87,2
2023-02-02,East,69.85,2
2023-02-03,East,105.55,3
2023-02-04,East,138.82,4
2023-02-05,East,104.04,3
2023-02-06,East,105.93,3
2023-02-07,East,69.90,2
2023-02-08,East,139.57,4
2023-02-09,East,105.50,3
2023-02-10,East,70.27,2
2023-02-11,East,105.98,3
2023-02-12,East,70.35,2
2023-02-13,East,104.73,3
2023-02-14,East,104.55,3
2023-02-15,East,69.62,2
2023-02-16,East,138.60,4
2023-02-17,East,139.04,4
2023-02-18,East,104.36,3
2023-02-19,East,141.04,4
2023-02-20,East,140.24,4
2023-02-21,East,105.81,3
2023-02-22,East,70.35,2
2023-02-23,East,105.70,3
2023-02-24,East,105.55,3
2023-02-25,East,104.14,3
2023-02-26,East,105.32,3
2023-02-27,East,70.52,2
2023-02-28,East,140.21,4
2023-02-01,East,104.49,3
2023-02-02,East,140.46,4
2023-02-03,East,105.31,3
2023-02-04,East,104.27,3
2023-02-05,East,105.04,3
2023-02-06,East,106.02,3
2023-02-07,East,105.81,3
2023-02-08,East,105.48,3
2023-02-09,East,70.32,2
2023-02-10,East,105.32,3
2023-02-11,East,70.21,2
2023-02-12,East,70.03,2
2023-02-13,East,105.78,3
2023-02-14,East,104.89,3
2023-02-15,East,141.13,4
2023-02-16,East,70.68,2
2023-02-17,East,70.02,2
2023-02-18,East,70.22,2
2023-02-19,East,139.76,4
2023-02-20,East,70.64,2
2023-02-21,East,140.13,4
2023-02-22,East,104.60,3
2023-02-23,East,104.21,3
2023-02-24,East,138.97,4
2023-02-25,East,70.43,2
2023-02-26,East,105.57,3
2023-02-27,East,139.68,4
2023-02-28,East,139.27,4
2023-02-01,West,100.72,4
2023-02-02,West,74.37,3
2023-02-03,West,74.27,3
2023-02-04,West,100.34,4
2023-02-05,West,50.06,2
2023-02-06,West,75.58,3
2023-02-07,West,99.78,4
2023-02-08,West,75.47,3
2023-02-09,West,75.20,3
2023-02-10,West,99.80,4
2023-02-11,West,49.96,2
2023-02-12,West,49.57,2
2023-02-13,West,74.91,3
2023-02-14,West,99.23,4
2023-02-15,West,99.14,4
2023-02-16,West,50.09,2
2023-02-17,West,74.67,3
2023-02-18,West,100.65,4
2023-02-19,West,100.36,4
2023-02-20,West,75.55,3
2023-02-21,West,50.49,2
2023-02-22,West,99.00,4
2023-02-23,West,50.12,2
2023-02-24,West,100.59,4
2023-02-25,West,49.85,2
2023-02-26,West,100.53,4
2023-02-27,West,49.89,2
2023-02-28,West,99.91,4
2023-02-01,West,50.32,2
2023-02-02,West,49.88,2
2023-02-03,West,75.42,3
2023-02-04,West,49.55,2
2023-02-05,West,99.14,4
2023-02-06,West,99.61,4
2023-02-07,West,49.68,2
2023-02-08,West,49.59,2
2023-02-09,West,74.36,3
2023-02-10,West,75.00,3
2023-02-11,West,49.64,2
2023-02-12,West,50.14,2
2023-02-13,West,74.86,3
2023-02-14,West,99.12,4
2023-02-15,West,50.12,2
2023-02-16,West,99.71,4
2023-02-17,West,50.14,2
2023-02-18,West,50.13,2
2023-02-19,West,49.95,2
2023-02-20,West,50.38,2
2023-02-21,West,50.34,2
2023-02-22,West,100.91,4
2023-02-23,West,75.30,3
2023-02-24,West,100.55,4
2023-02-25,West,49.79,2
2023-02-26,West,74.62,3
2023-02-27,West,74.60,3
2023-02-28,West,75.71,3
2023-02-01,West,100.25,4
2023-02-02,West,100.79,4
2023-02-03,West,50.16,2
2023-02-04,West,99.53,4
2023-02-05,West,49.97,2
2023-02-06,West,74.29,3
2023-02-07,West,74.42,3
2023-02-08,West,50.04,2
2023-02-09,West,99.33,4
2023-02-10,West,50.43,2
2023-02-11,West,50.31,2
2023-02-12,West,49.74,2
2023-02-13,West,100.64,4
2023-02-14,West,74.96,3
2023-02-15,West,99.92,4
2023-02-16,West,50.33,2
2023-02-17,West,50.30,2
2023-02-18,West,75.14,3
2023-02-19,West,49.52,2
2023-02-20,West,74.72,3
2023-02-21,West,49.68,2
2023-02-22,West,49.53,2
2023-02-23,West,75.28,3
2023-02-24,West,100.98,4
2023-02-25,West,99.01,4
2023-02-26,West,75.32,3
2023-02-27,West,74.33,3
2023-02-28,West,74.48,3
2023-02-01,West,99.70,4
2023-02-02,West,100.48,4
2023-02-03,West,75.42,3
2023-02-04,West,75.07,3
2023-02-05,West,99.76,4
2023-02-06,West,74.63,3
2023-02-07,West,100.17,4
2023-02-08,West,75.26,3
2023-02-09,West,49.89,2
2023-02-10,West,50.11,2
2023-02-11,West,100.05,4
2023-02-12,West,75.27,3
2023-02-13,West,49.72,2
2023-02-14,West,100.16,4
2023-02-15,West,75.68,3
2023-02-16,West,100.82,4
2023-02-17,West,100.62,4
2023-02-18,West,49.65,2
2023-02-19,West,100.25,4
2023-02-20,West,99.01,4
2023-02-21,West,50.01,2
2023-02-22,West,74.81,3
2023-02-23,West,99.83,4
2023-02-24,West,75.36,3
2023-02-25,West,100.12,4
2023-02-26,West,75.05,3
2023-03-01,North,89.24,3
2023-03-02,North,120.28,4
2023-03-03,North,90.68,3
2023-03-04,North,60.50,2
2023-03-05,North,90.20,3
2023-03-06,North,90.37,3
2023-03-07,North,89.27,3
2023-03-08,North,59.94,2
2023-03-09,North,120.51,4
2023-03-10,North,89.39,3
2023-03-11,North,60.10,2
2023-03-12,North,119.99,4
2023-03-13,North,119.85,4
2023-03-14,North,60.28,2
2023-03-15,North,121.16,4
2023-03-16,North,120.69,4
2023-03-17,North,59.56,2
2023-03-18,North,60.27,2
2023-03-19,North,59.97,2
2023-03-20,North,119.73,4
2023-03-21,North,90.65,3
2023-03-22,North,90.51,3
2023-03-23,North,60.31,2
2023-03-24,North,90.83,3
2023-03-25,North,89.91,3
2023-03-26,North,59.61,2
2023-03-27,North,120.44,4
2023-03-28,North,119.70,4
2023-03-01,North,120.17,4
2023-03-02,North,120.98,4
2023-03-03,North,120.31,4
2023-03-04,North,118.86,4
2023-03-05,North,90.25,3
2023-03-06,North,120.82,4
2023-03-07,North,89.98,3
2023-03-08,North,59.65,2
2023-03-09,North,120.52,4
2023-03-10,North,60.46,2
2023-03-11,North,59.50,2
2023-03-12,North,90.15,3
2023-03-13,North,59.97,2
2023-03-14,North,89.11,3
2023-03-15,North,59.76,2
2023-03-16,North,119.13,4
2023-03-17,North,89.55,3
2023-03-18,North,90.46,3
2023-03-19,North,59.48,2
2023-03-20,North,59.70,2
2023-03-21,North,59.70,2
2023-03-22,North,89.66,3
2023-03-23,North,118.91,4
2023-03-24,North,60.54,2
2023-03-25,North,89.30,3
2023-03-26,North,120.87,4
2023-03-27,North,59.86,2
2023-03-28,North,89.41,3
2023-03-01,North,89.77,3
2023-03-02,North,90.72,3
2023-03-03,North,59.93,2
2023-03-04,North,90.61,3
2023-03-05,North,89.51,3
2023-03-06,North,59.96,2
2023-03-07,North,90.22,3
2023-03-08,North,119.50,4
2023-03-09,North,59.88,2
2023-03-10,North,59.52,2
2023-03-11,North,60.48,2
2023-03-12,North,119.38,4
2023-03-13,North,90.74,3
2023-03-14,North,59.61,2
2023-03-15,North,120.56,4
2023-03-16,North,120.06,4
2023-03-17,North,121.15,4
2023-03-18,North,59.64,2
2023-03-19,North,121.17,4
2023-03-20,North,59.49,2
2023-03-21,North,59.88,2
2023-03-22,North,59.70,2
2023-03-23,North,90.77,3
2023-03-24,North,59.85,2
2023-03-25,North,89.70,3
2023-03-26,North,89.71,3
2023-03-27,North,119.86,4
2023-03-28,North,60.43,2
2023-03-01,North,120.52,4
2023-03-02,North,120.45,4
2023-03-03,North,121.04,4
2023-03-04,North,60.08,2
2023-03-05,North,90.38,3
2023-03-06,North,120.99,4
2023-03-07,North,90.56,3
2023-03-08,North,90.86,3
2023-03-09,North,119.99,4
2023-03-10,North,59.81,2
2023-03-11,North,59.46,2
2023-03-12,North,60.40,2
2023-03-13,North,89.11,3
2023-03-14,North,59.77,2
2023-03-15,North,89.42,3
2023-03-16,North,90.32,3
2023-03-17,North,59.78,2
2023-03-18,North,90.17,3
2023-03-19,North,119.32,4
2023-03-20,North,90.68,3
2023-03-21,North,90.72,3
2023-03-22,North,60.35,2
2023-03-23,North,60.43,2
2023-03-24,North,119.10,4
2023-03-25,North,121.19,4
2023-03-26,North,60.41,2
2023-03-27,North,118.84,4
2023-03-28,North,89.57,3
2023-03-01,North,89.61,3
2023-03-02,North,89.82,3
2023-03-03,North,118.99,4
2023-03-04,North,59.54,2
2023-03-05,North,89.26,3
2023-03-06,North,121.07,4
2023-03-07,North,120.24,4
2023-03-08,North,119.89,4
2023-03-09,North,89.69,3
2023-03-10,North,90.36,3
2023-03-11,North,59.87,2
2023-03-12,North,59.85,2
2023-03-13,North,120.13,4
2023-03-14,North,90.28,3
2023-03-15,North,89.38,3
2023-03-16,North,89.13,3
2023-03-17,North,118.99,4
2023-03-18,North,60.35,2
2023-03-19,North,120.92,4
2023-03-20,North,89.12,3
2023-03-21,North,90.83,3
2023-03-22,North,120.64,4
2023-03-23,North,59.51,2
2023-03-24,North,120.33,4
2023-03-25,North,119.63,4
2023-03-26,North,60.10,2
2023-03-27,North,120.60,4
2023-03-28,North,120.22,4
2023-03-01,North,119.93,4
2023-03-02,North,120.33,4
2023-03-03,North,60.29,2
2023-03-04,North,89.93,3
2023-03-05,North,89.40,3
2023-03-06,North,90.46,3
2023-03-07,North,90.58,3
2023-03-08,North,89.89,3
2023-03-09,North,89.66,3
2023-03-10,North,119.03,4
2023-03-11,North,120.12,4
2023-03-12,North,60.31,2
2023-03-13,North,119.03,4
2023-03-14,North,90.59,3
2023-03-15,North,89.98,3
2023-03-16,North,119.47,4
2023-03-17,North,59.83,2
2023-03-18,North,90.74,3
2023-03-19,North,119.62,4
2023-03-20,North,59.97,2
2023-03-21,North,119.69,4
2023-03-22,North,118.84,4
2023-03-23,North,119.97,4
2023-03-24,North,89.61,3
2023-03-25,North,120.78,4
2023-03-26,North,90.36,3
2023-03-27,North,89.59,3
2023-03-28,North,90.38,3
2023-03-01,North,118.93,4
2023-03-02,North,119.82,4
2023-03-03,North,59.62,2
2023-03-04,North,59.58,2
2023-03-05,North,89.73,3
2023-03-06,North,60.60,2
2023-03-07,North,120.05,4
2023-03-08,North,89.57,3
2023-03-09,North,90.37,3
2023-03-10,North,60.01,2
2023-03-11,North,119.88,4
2023-03-12,North,90.16,3
2023-03-13,North,90.59,3
2023-03-14,North,90.79,3
2023-03-15,North,60.10,2
2023-03-16,North,59.81,2
2023-03-17,North,59.61,2
2023-03-18,North,60.49,2
2023-03-19,North,120.33,4
2023-03-20,North,60.07,2
2023-03-21,North,119.90,4
2023-03-22,North,89.65,3
2023-03-23,North,60.20,2
2023-03-24,North,90.16,3
2023-03-25,North,90.25,3
2023-03-26,North,90.34,3
2023-03-27,North,120.34,4
2023-03-28,North,119.27,4
2023-03-01,North,89.33,3
2023-03-02,North,120.99,4
2023-03-03,North,119.26,4
2023-03-04,North,119.67,4
2023-03-01,South,111.91,4
2023-03-02,South,56.42,2
2023-03-03,South,84.29,3
2023-03-04,South,84.40,3
2023-03-05,South,112.06,4
2023-03-06,South,83.65,3
2023-03-07,South,83.76,3
2023-03-08,South,111.45,4
2023-03-09,South,55.50,2
2023-03-10,South,56.39,2
2023-03-11,South,83.92,3
2023-03-12,South,84.15,3
2023-03-13,South,112.52,4
2023-03-14,South,56.30,2
2023-03-15,South,56.40,2
2023-03-16,South,55.79,2
2023-03-17,South,111.90,4
2023-03-18,South,112.14,4
2023-03-19,South,56.11,2
2023-03-20,South,83.83,3
2023-03-21,South,84.47,3
2023-03-22,South,56.16,2
2023-03-23,South,84.74,3
2023-03-24,South,56.39,2
2023-03-25,South,112.97,4
2023-03-26,South,55.59,2
2023-03-27,South,56.48,2
2023-03-28,South,84.39,3
2023-03-01,South,83.66,3
2023-03-02,South,56.01,2
2023-03-03,South,84.66,3
2023-03-04,South,84.26,3
2023-03-05,South,111.93,4
2023-03-06,South,55.49,2
2023-03-07,South,56.44,2
2023-03-08,South,56.56,2
2023-03-09,South,111.72,4
2023-03-10,South,56.28,2
2023-03-11,South,56.37,2
2023-03-12,South,112.79,4
2023-03-13,South,56.36,2
2023-03-14,South,112.00,4
2023-03-15,South,84.70,3
2023-03-16,South,83.72,3
2023-03-17,South,111.58,4
2023-03-18,South,56.12,2
2023-03-19,South,112.20,4
2023-03-20,South,84.73,3
2023-03-21,South,111.09,4
2023-03-22,South,84.61,3
2023-03-23,South,112.20,4
2023-03-24,South,55.97,2
2023-03-25,South,111.05,4
2023-03-26,South,112.30,4
2023-03-27,South,111.08,4
2023-03-28,South,55.79,2
2023-03-01,South,83.72,3
2023-03-02,South,111.58,4
2023-03-03,South,112.55,4
2023-03-04,South,83.77,3
2023-03-05,South,111.44,4
2023-03-06,South,112.06,4
2023-03-07,South,55.61,2
2023-03-08,South,84.53,3
2023-03-09,South,55.86,2
2023-03-10,South,111.07,4
2023-03-11,South,112.31,4
2023-03-12,South,55.78,2
2023-03-13,South,56.03,2
2023-03-14,South,56.50,2
2023-03-15,South,112.82,4
2023-03-16,South,112.14,4
2023-03-17,South,84.07,3
2023-03-18,South,56.51,2
2023-03-19,South,56.56,2
2023-03-20,South,56.06,2
2023-03-21,South,84.59,3
2023-03-22,South,112.22,4
2023-03-23,South,83.56,3
2023-03-24,South,112.80,4
2023-03-25,South,111.78,4
2023-03-26,South,113.02,4
2023-03-27,South,83.79,3
2023-03-28,South,55.87,2
2023-03-01,South,56.29,2
2023-03-02,South,84.38,3
2023-03-03,South,56.31,2
2023-03-04,South,83.70,3
2023-03-05,South,56.03,2
2023-03-06,South,83.48,3
2023-03-07,South,111.60,4
2023-03-08,South,83.75,3
2023-03-09,South,84.28,3
2023-03-10,South,112.22,4
2023-03-11,South,55.86,2
2023-03-12,South,84.42,3
2023-03-13,South,111.76,4
2023-03-14,South,112.26,4
2023-03-15,South,83.19,3
2023-03-16,South,84.08,3
2023-03-17,South,55.55,2
2023-03-18,South,83.98,3
2023-03-19,South,84.45,3
2023-03-20,South,84.52,3
2023-03-21,South,112.87,4
2023-03-22,South,84.51,3
2023-03-23,South,111.96,4
2023-03-24,South,112.63,4
2023-03-25,South,112.75,4
2023-03-26,South,84.36,3
2023-03-27,South,84.76,3
2023-03-28,South,110.93,4
2023-03-01,South,55.71,2
2023-03-02,South,83.77,3
2023-03-03,South,112.32,4
2023-03-04,South,112.18,4
2023-03-05,South,84.04,3
2023-03-06,South,111.72,4
2023-03-07,South,56.45,2
2023-03-08,South,83.16,3
2023-03-09,South,84.80,3
2023-03-10,South,56.38,2
2023-03-11,South,111.29,4
2023-03-12,South,112.67,4
2023-03-13,South,56.23,2
2023-03-14,South,84.52,3
2023-03-15,South,55.73,2
2023-03-16,South,112.67,4
2023-03-17,South,112.43,4
2023-03-18,South,112.71,4
2023-03-19,South,111.63,4
2023-03-20,South,112.10,4
2023-03-21,South,55.52,2
2023-03-22,South,112.97,4
2023-03-23,South,83.52,3
2023-03-24,South,111.12,4
2023-03-25,South,83.61,3
2023-03-26,South,56.38,2
2023-03-27,South,55.62,2
2023-03-28,South,112.23,4
2023-03-01,South,83.28,3
2023-03-02,South,112.32,4
2023-03-03,South,55.87,2
2023-03-04,South,55.75,2
2023-03-05,South,55.60,2
2023-03-06,South,84.28,3
2023-03-07,South,84.29,3
2023-03-08,South,84.57,3
2023-03-09,South,84.52,3
2023-03-10,South,111.70,4
2023-03-11,South,84.34,3
2023-03-12,South,55.89,2
2023-03-13,South,113.01,4
2023-03-14,South,111.71,4
2023-03-15,South,55.46,2
2023-03-16,South,55.64,2
2023-03-17,South,84.78,3
2023-03-18,South,56.22,2
2023-03-19,South,56.54,2
2023-03-20,South,112.29,4
2023-03-21,South,83.37,3
2023-03-22,South,112.29,4
2023-03-23,South,84.19,3
2023-03-24,South,110.93,4
2023-03-25,South,83.98,3
2023-03-26,South,111.33,4
2023-03-27,South,110.93,4
2023-03-28,South,111.32,4
2023-03-01,South,83.29,3
2023-03-02,South,83.66,3
2023-03-01,East,106.02,3
2023-03-02,East,139.21,4
2023-03-03,East,104.20,3
2023-03-04,East,69.42,2
2023-03-05,East,70.02,2
2023-03-06,East,70.64,2
2023-03-07,East,140.29,4
2023-03-08,East,69.60,2
2023-03-09,East,70.69,2
2023-03-10,East,139.10,4
2023-03-11,East,139.07,4
2023-03-12,East,69.55,2
2023-03-13,East,105.97,3
2023-03-14,East,104.72,3
2023-03-15,East,70.68,2
2023-03-16,East,70.56,2
2023-03-17,East,139.59,4
2023-03-18,East,104.66,3
2023-03-19,East,139.45,4
2023-03-20,East,138.70,4
2023-03-21,East,140.95,4
2023-03-22,East,105.35,3
2023-03-23,East,104.80,3
2023-03-24,East,69.54,2
2023-03-25,East,139.00,4
2023-03-26,East,104.52,3
2023-03-27,East,141.23,4
2023-03-28,East,69.94,2
2023-03-01,East,141.37,4
2023-03-02,East,70.36,2
2023-03-03,East,69.69,2
2023-03-04,East,105.20,3
2023-03-05,East,139.44,4
2023-03-06,East,140.67,4
2023-03-07,East,139.28,4
2023-03-08,East,140.42,4
2023-03-09,East,139.88,4
2023-03-10,East,69.74,2
2023-03-11,East,139.10,4
2023-03-12,East,70.14,2
2023-03-13,East,69.90,2
2023-03-14,East,138.93,4
2023-03-15,East,140.08,4
2023-03-16,East,105.41,3
2023-03-17,East,69.62,2
2023-03-18,East,105.90,3
2023-03-19,East,69.36,2
2023-03-20,East,69.62,2
2023-03-21,East,104.64,3
2023-03-22,East,104.44,3
2023-03-23,East,104.37,3
2023-03-24,East,140.09,4
2023-03-25,East,105.03,3
2023-03-26,East,141.21,4
2023-03-27,East,104.74,3
2023-03-28,East,139.49,4
2023-03-01,East,70.31,2
2023-03-02,East,105.30,3
2023-03-03,East,105.54,3
2023-03-04,East,139.03,4
2023-03-05,East,70.23,2
2023-03-06,East,69.66,2
2023-03-07,East,105.99,3
2023-03-08,East,69.46,2
2023-03-09,East,69.50,2
2023-03-10,East,139.55,4
2023-03-11,East,70.31,2
2023-03-12,East,139.39,4
2023-03-13,East,139.19,4
2023-03-14,East,70.66,2
2023-03-15,East,69.37,2
2023-03-16,East,139.46,4
2023-03-17,East,104.32,3
2023-03-18,East,105.94,3
2023-03-19,East,139.33,4
2023-03-20,East,139.22,4
2023-03-21,East,69.66,2
2023-03-22,East,70.64,2
2023-03-23,East,105.44,3
2023-03-24,East,140.46,4
2023-03-25,East,105.83,3
2023-03-26,East,104.88,3
2023-03-27,East,139.66,4
2023-03-28,East,104.67,3
2023-03-01,East,69.35,2
2023-03-02,East,105.46,3
2023-03-03,East,104.76,3
2023-03-04,East,138.81,4
2023-03-05,East,141.18,4
2023-03-06,East,140.75,4
2023-03-07,East,138.75,4
2023-03-08,East,69.54,2
2023-03-09,East,104.42,3
2023-03-10,East,105.55,3
2023-03-11,East,105.86,3
2023-03-12,East,141.31,4
2023-03-13,East,139.61,4
2023-03-14,East,104.09,3
2023-03-15,East,69.90,2
2023-03-16,East,140.99,4
2023-03-17,East,140.17,4
2023-03-18,East,139.38,4
2023-03-19,East,69.96,2
2023-03-20,East,105.66,3
2023-03-21,East,139.89,4
2023-03-22,East,141.06,4
2023-03-23,East,70.64,2
2023-03-24,East,139.76,4
2023-03-25,East,70.14,2
2023-03-26,East,141.02,4
2023-03-27,East,105.68,3
2023-03-28,East,104.20,3
2023-03-01,East,70.05,2
2023-03-02,East,70.65,2
2023-03-03,East,104.12,3
2023-03-04,East,104.82,3
2023-03-05,East,105.80,3
2023-03-06,East,140.08,4
2023-03-07,East,70.56,2
2023-03-08,East,139.41,4
2023-03-09,East,105.07,3
2023-03-10,East,105.10,3
2023-03-11,East,70.50,2
2023-03-12,East,139.21,4
2023-03-13,East,70.61,2
2023-03-14,East,105.08,3
2023-03-15,East,140.93,4
2023-03-16,East,140.65,4
2023-03-17,East,105.32,3
2023-03-18,East,70.22,2
2023-03-19,East,138.66,4
2023-03-20,East,69.65,2
2023-03-21,East,139.82,4
2023-03-22,East,140.85,4
2023-03-23,East,141.39,4
2023-03-24,East,105.17,3
2023-03-25,East,139.89,4
2023-03-26,East,139.80,4
2023-03-27,East,69.94,2
2023-03-28,East,139.30,4
2023-03-01,West,75.75,3
2023-03-02,West,99.42,4
2023-03-03,West,49.51,2
2023-03-04,West,74.36,3
2023-03-05,West,74.91,3
2023-03-06,West,49.65,2
2023-03-07,West,75.56,3
2023-03-08,West,74.68,3
2023-03-09,West,99.41,4
2023-03-10,West,100.12,4
2023-03-11,West,100.44,4
2023-03-12,West,49.91,2
2023-03-13,West,99.48,4
2023-03-14,West,50.00,2
2023-03-15,West,99.47,4
2023-03-16,West,74.45,3
2023-03-17,West,50.04,2
2023-03-18,West,74.90,3
2023-03-19,West,50.07,2
2023-03-20,West,50.30,2
2023-03-21,West,99.49,4
2023-03-22,West,50.18,2
2023-03-23,West,50.12,2
2023-03-24,West,50.48,2
2023-03-25,West,75.58,3
2023-03-26,West,75.61,3
2023-03-27,West,99.23,4
2023-03-28,West,50.16,2
2023-03-01,West,75.26,3
2023-03-02,West,50.19,2
2023-03-03,West,100.84,4
2023-03-04,West,75.00,3
2023-03-05,West,49.69,2
2023-03-06,West,74.65,3
2023-03-07,West,99.57,4
2023-03-08,West,74.80,3
2023-03-09,West,75.45,3
2023-03-10,West,99.89,4
2023-03-11,West,100.09,4
2023-03-12,West,49.93,2
2023-03-13,West,75.13,3
2023-03-14,West,100.98,4
2023-03-15,West,100.70,4
2023-03-16,West,74.36,3
2023-03-17,West,75.16,3
2023-03-18,West,74.54,3
2023-03-19,West,75.66,3
2023-03-20,West,75.10,3
2023-03-21,West,75.02,3
2023-03-22,West,74.89,3
2023-03-23,West,49.56,2
2023-03-24,West,75.08,3
2023-03-25,West,99.76,4
2023-03-26,West,50.04,2
2023-03-27,West,49.70,2
2023-03-28,West,49.73,2
2023-03-01,West,75.13,3
2023-03-02,West,50.35,2
2023-03-03,West,100.03,4
2023-03-04,West,50.17,2
2023-03-05,West,100.82,4
2023-03-06,West,99.50,4
2023-03-07,West,49.66,2
2023-03-08,West,100.18,4
2023-03-09,West,100.96,4
2023-03-10,West,99.51,4
2023-03-11,West,50.44,2
2023-03-12,West,100.42,4
2023-03-13,West,49.81,2
2023-03-14,West,75.38,3
2023-03-15,West,99.59,4
2023-03-16,West,75.73,3
2023-03-17,West,99.93,4
2023-03-18,West,74.84,3
2023-03-19,West,99.88,4
2023-03-20,West,99.44,4
2023-03-21,West,75.50,3
2023-03-22,West,49.57,2
2023-03-23,West,74.56,3
2023-03-24,West,50.01,2
2023-03-25,West,50.04,2
2023-03-26,West,74.38,3
2023-03-27,West,99.99,4
2023-03-28,West,74.36,3
2023-03-01,West,49.92,2
2023-03-02,West,50.35,2
2023-03-03,West,75.37,3
2023-03-04,West,49.58,2
2023-03-05,West,75.51,3
2023-03-06,West,75.16,3
2023-03-07,West,74.57,3
2023-03-08,West,74.75,3
2023-03-09,West,74.89,3
2023-03-10,West,50.22,2
2023-03-11,West,49.92,2
2023-03-12,West,74.92,3
2023-03-13,West,99.78,4
2023-03-14,West,75.58,3
2023-03-15,West,49.96,2
2023-03-16,West,74.70,3
2023-03-17,West,75.42,3
2023-03-18,West,75.58,3
2023-03-19,West,100.35,4
2023-03-20,West,74.90,3
2023-03-21,West,49.95,2
2023-03-22,West,49.95,2
2023-03-23,West,49.92,2
2023-03-24,West,50.00,2
2023-03-25,West,50.29,2
2023-03-26,West,99.43,4
2023-04-01,North,59.78,2
2023-04-02,North,89.57,3
2023-04-03,North,60.17,2
2023-04-04,North,120.97,4
2023-04-05,North,90.70,3
2023-04-06,North,90.70,3
2023-04-07,North,119.09,4
2023-04-08,North,119.17,4
2023-04-09,North,59.74,2
2023-04-10,North,120.75,4
2023-04-11,North,60.58,2
2023-04-12,North,59.43,2
2023-04-13,North,119.70,4
2023-04-14,North,118.90,4
2023-04-15,North,119.00,4
2023-04-16,North,120.33,4
2023-04-17,North,59.46,2
2023-04-18,North,59.79,2
2023-04-19,North,120.53,4
2023-04-20,North,89.90,3
2023-04-21,North,60.25,2
2023-04-22,North,89.95,3
2023-04-23,North,60.41,2
2023-04-24,North,90.33,3
2023-04-25,North,119.29,4
2023-04-26,North,89.93,3
2023-04-27,North,119.01,4
2023-04-28,North,120.83,4
2023-04-01,North,90.68,3
2023-04-02,North,89.29,3
2023-04-03,North,120.14,4
2023-04-04,North,89.76,3
2023-04-05,North,90.17,3
2023-04-06,North,89.59,3
2023-04-07,North,59.84,2
2023-04-08,North,59.65,2
2023-04-09,North,89.11,3
2023-04-10,North,90.84,3
2023-04-11,North,120.77,4
2023-04-12,North,90.87,3
2023-04-13,North,60.56,2
2023-04-14,North,59.51,2
2023-04-15,North,90.02,3
2023-04-16,North,119.65,4
2023-04-17,North,59.76,2
2023-04-18,North,89.78,3
2023-04-19,North,60.41,2
2023-04-20,North,60.02,2
2023-04-21,North,120.23,4
2023-04-22,North,118.83,4
2023-04-23,North,119.35,4
2023-04-24,North,119.48,4
2023-04-25,North,120.42,4
2023-04-26,North,89.93,3
2023-04-27,North,59.87,2
2023-04-28,North,90.10,3
2023-04-01,North,120.25,4
2023-04-02,North,59.95,2
2023-04-03,North,90.06,3
2023-04-04,North,90.29,3
2023-04-05,North,60.38,2
2023-04-06,North,89.31,3
2023-04-07,North,90.51,3
2023-04-08,North,119.82,4
2023-04-09,North,60.49,2
2023-04-10,North,120.23,4
2023-04-11,North,60.03,2
2023-04-12,North,89.84,3
2023-04-13,North,59.41,2
2023-04-14,North,60.27,2
2023-04-15,North,90.48,3
2023-04-16,North,59.60,2
2023-04-17,North,60.01,2
2023-04-18,North,60.14,2
2023-04-19,North,119.19,4
2023-04-20,North,59.92,2
2023-04-21,North,119.56,4
2023-04-22,North,59.40,2
2023-04-23,North,60.50,2
2023-04-24,North,89.54,3
2023-04-25,North,120.00,4
2023-04-26,North,59.91,2
2023-04-27,North,59.68,2
2023-04-28,North,89.20,3
2023-04-01,North,60.44,2
2023-04-02,North,59.44,2
2023-04-03,North,90.11,3
2023-04-04,North,60.37,2
2023-04-05,North,89.32,3
2023-04-06,North,89.16,3
2023-04-07,North,60.07,2
2023-04-08,North,60.13,2
2023-04-09,North,120.74,4
2023-04-10,North,59.78,2
2023-04-11,North,59.79,2
2023-04-12,North,120.30,4
2023-04-13,North,119.63,4
2023-04-14,North,60.50,2
2023-04-15,North,89.64,3
2023-04-16,North,119.81,4
2023-04-17,North,89.68,3
2023-04-18,North,90.52,3
2023-04-19,North,119.39,4
2023-04-20,North,59.59,2
2023-04-21,North,120.51,4
2023-04-22,North,121.01,4
2023-04-23,North,90.28,3
2023-04-24,North,60.24,2
2023-04-25,North,59.65,2
2023-04-26,North,60.58,2
2023-04-27,North,120.64,4
2023-04-28,North,120.58,4
2023-04-01,North,119.11,4
2023-04-02,North,59.83,2
2023-04-03,North,119.09,4
2023-04-04,North,89.79,3
2023-04-05,North,90.27,3
2023-04-06,North,90.87,3
2023-04-07,North,89.55,3
2023-04-08,North,119.65,4
2023-04-09,North,60.31,2
2023-04-10,North,59.92,2
2023-04-11,North,60.55,2
2023-04-12,North,120.02,4
2023-04-13,North,120.80,4
2023-04-14,North,60.46,2
2023-04-15,North,89.70,3
2023-04-16,North,90.90,3
2023-04-17,North,60.39,2
2023-04-18,North,59.46,2
2023-04-19,North,59.61,2
2023-04-20,North,120.40,4
2023-04-21,North,90.59,3
2023-04-22,North,59.91,2
2023-04-23,North,60.37,2
2023-04-24,North,90.02,3
2023-04-25,North,119.78,4
2023-04-26,North,90.00,3
2023-04-27,North,90.08,3
2023-04-28,North,90.16,3
2023-04-01,North,59.43,2
2023-04-02,North,59.51,2
2023-04-03,North,89.42,3
2023-04-04,North,90.63,3
2023-04-05,North,89.63,3
2023-04-06,North,59.80,2
2023-04-07,North,89.74,3
2023-04-08,North,60.01,2
2023-04-09,North,119.14,4
2023-04-10,North,120.17,4
2023-04-11,North,121.13,4
2023-04-12,North,59.82,2
2023-04-13,North,60.21,2
2023-04-14,North,89.52,3
2023-04-15,North,59.51,2
2023-04-16,North,90.00,3
2023-04-17,North,60.25,2
2023-04-18,North,121.08,4
2023-04-19,North,90.90,3
2023-04-20,North,59.57,2
2023-04-21,North,59.95,2
2023-04-22,North,59.40,2
2023-04-23,North,59.79,2
2023-04-24,North,60.40,2
2023-04-25,North,89.78,3
2023-04-26,North,90.07,3
2023-04-27,North,59.45,2
2023-04-28,North,60.58,2
2023-04-01,North,120.34,4
2023-04-02,North,60.21,2
2023-04-03,North,90.12,3
2023-04-04,North,59.69,2
2023-04-05,North,59.47,2
2023-04-06,North,59.41,2
2023-04-07,North,59.71,2
2023-04-08,North,89.51,3
2023-04-09,North,120.75,4
2023-04-10,North,119.09,4
2023-04-11,North,89.42,3
2023-04-12,North,89.82,3
2023-04-13,North,119.71,4
2023-04-14,North,90.03,3
2023-04-15,North,89.82,3
2023-04-16,North,118.99,4
2023-04-17,North,59.97,2
2023-04-18,North,120.65,4
2023-04-19,North,89.14,3
2023-04-20,North,89.77,3
2023-04-21,North,89.60,3
2023-04-22,North,89.24,3
2023-04-23,North,90.27,3
2023-04-24,North,89.55,3
2023-04-25,North,60.31,2
2023-04-26,North,120.16,4
2023-04-27,North,121.06,4
2023-04-28,North,59.76,2
2023-04-01,North,60.17,2
2023-04-02,North,90.53,3
2023-04-03,North,120.25,4
2023-04-04,North,89.12,3
2023-04-01,South,112.51,4
2023-04-02,South,84.46,3
2023-04-03,South,83.62,3
2023-04-04,South,83.84,3
2023-04-05,South,112.25,4
2023-04-06,South,83.92,3
2023-04-07,South,83.54,3
2023-04-08,South,112.85,4
2023-04-09,South,83.47,3
2023-04-10,South,84.25,3
2023-04-11,South,56.34,2
2023-04-12,South,112.75,4
2023-04-13,South,55.99,2
2023-04-14,South,55.99,2
2023-04-15,South,84.13,3
2023-04-16,South,111.51,4
2023-04-17,South,111.39,4
2023-04-18,South,111.21,4
2023-04-19,South,111.84,4
2023-04-20,South,83.42,3
2023-04-21,South,55.46,2
2023-04-22,South,112.94,4
2023-04-23,South,84.27,3
2023-04-24,South,55.80,2
2023-04-25,South,84.69,3
2023-04-26,South,83.56,3
2023-04-27,South,55.88,2
2023-04-28,South,84.81,3
2023-04-01,South,56.37,2
2023-04-02,South,111.95,4
2023-04-03,South,56.55,2
2023-04-04,South,83.82,3
2023-04-05,South,84.25,3
2023-04-06,South,55.60,2
2023-04-07,South,56.10,2
2023-04-08,South,83.53,3
2023-04-09,South,83.71,3
2023-04-10,South,56.19,2
2023-04-11,South,84.19,3
2023-04-12,South,83.47,3
2023-04-13,South,55.45,2
2023-04-14,South,84.61,3
2023-04-15,South,84.66,3
2023-04-16,South,55.69,2
2023-04-17,South,111.05,4
2023-04-18,South,111.59,4
2023-04-19,South,83.88,3
2023-04-20,South,83.38,3
2023-04-21,South,83.22,3
2023-04-22,South,110.92,4
2023-04-23,South,83.18,3
2023-04-24,South,83.66,3
2023-04-25,South,84.18,3
2023-04-26,South,56.17,2
2023-04-27,South,84.79,3
2023-04-28,South,56.11,2
2023-04-01,South,83.55,3
2023-04-02,South,111.37,4
2023-04-03,South,84.35,3
2023-04-04,South,111.86,4
2023-04-05,South,84.41,3
2023-04-06,South,56.54,2
2023-04-07,South,83.18,3
2023-04-08,South,84.20,3
2023-04-09,South,84.47,3
2023-04-10,South,56.12,2
2023-04-11,South,55.85,2
2023-04-12,South,84.74,3
2023-04-13,South,56.52,2
2023-04-14,South,55.55,2
2023-04-15,South,112.60,4
2023-04-16,South,55.78,2
2023-04-17,South,83.78,3
2023-04-18,South,84.33,3
2023-04-19,South,111.40,4
2023-04-20,South,83.20,3
2023-04-21,South,111.27,4
2023-04-22,South,111.06,4
2023-04-23,South,83.48,3
2023-04-24,South,112.87,4
2023-04-25,South,83.50,3
2023-04-26,South,56.34,2
2023-04-27,South,112.03,4
2023-04-28,South,55.53,2
2023-04-01,South,84.57,3
2023-04-02,South,55.45,2
2023-04-03,South,112.62,4
2023-04-04,South,84.43,3
2023-04-05,South,84.47,3
2023-04-06,South,55.79,2
2023-04-07,South,112.13,4
2023-04-08,South,83.51,3
2023-04-09,South,55.97,2
2023-04-10,South,84.52,3
2023-04-11,South,113.01,4
2023-04-12,South,56.43,2
2023-04-13,South,55.60,2
2023-04-14,South,112.70,4
2023-04-15,South,55.88,2
2023-04-16,South,83.76,3
2023-04-17,South,55.69,2
2023-04-18,South,83.36,3
2023-04-19,South,84.58,3
2023-04-20,South,112.25,4
2023-04-21,South,84.33,3
2023-04-22,South,55.69,2
2023-04-23,South,111.06,4
2023-04-24,South,111.97,4
2023-04-25,South,84.64,3
2023-04-26,South,112.33,4
2023-04-27,South,111.84,4
2023-04-28,South,83.67,3
2023-04-01,South,55.65,2
2023-04-02,South,55.93,2
2023-04-03,South,56.15,2
2023-04-04,South,83.94,3
2023-04-05,South,112.96,4
2023-04-06,South,111.06,4
2023-04-07,South,111.48,4
2023-04-08,South,56.49,2
2023-04-09,South,55.98,2
2023-04-10,South,83.17,3
2023-04-11,South,56.20,2
2023-04-12,South,55.54,2
2023-04-13,South,55.61,2
2023-04-14,South,83.18,3
2023-04-15,South,112.36,4
2023-04-16,South,112.57,4
2023-04-17,South,112.78,4
2023-04-18,South,56.53,2
2023-04-19,South,83.66,3
2023-04-20,South,112.43,4
2023-04-21,South,55.66,2
2023-04-22,South,83.22,3
2023-04-23,South,112.28,4
2023-04-24,South,112.34,4
2023-04-25,South,113.12,4
2023-04-26,South,55.90,2
2023-04-27,South,56.07,2
2023-04-28,South,55.79,2
2023-04-01,South,56.43,2
2023-04-02,South,84.19,3
2023-04-03,South,83.19,3
2023-04-04,South,112.54,4
2023-04-05,South,83.29,3
2023-04-06,South,84.57,3
2023-04-07,South,111.28,4
2023-04-08,South,84.78,3
2023-04-09,South,84.07,3
2023-04-10,South,56.54,2
2023-04-11,South,55.57,2
2023-04-12,South,84.82,3
2023-04-13,South,55.80,2
2023-04-14,South,84.25,3
2023-04-15,South,56.34,2
2023-04-16,South,56.53,2
2023-04-17,South,84.56,3
2023-04-18,South,111.22,4
2023-04-19,South,110.95,4
2023-04-20,South,83.41,3
2023-04-21,South,56.09,2
2023-04-22,South,83.84,3
2023-04-23,South,56.49,2
2023-04-24,South,112.33,4
2023-04-25,South,111.44,4
2023-04-26,South,83.93,3
2023-04-27,South,56.17,2
2023-04-28,South,56.41,2
2023-04-01,South,55.62,2
2023-04-02,South,83.54,3
2023-04-01,East,140.18,4
2023-04-02,East,139.64,4
2023-04-03,East,105.74,3
2023-04-04,East,139.34,4
2023-04-05,East,140.48,4
2023-04-06,East,70.32,2
2023-04-07,East,104.00,3
2023-04-08,East,70.25,2
2023-04-09,East,106.01,3
2023-04-10,East,140.30,4
2023-04-11,East,104.14,3
2023-04-12,East,69.38,2
2023-04-13,East,104.23,3
2023-04-14,East,105.80,3
2023-04-15,East,70.07,2
2023-04-16,East,104.22,3
2023-04-17,East,70.26,2
2023-04-18,East,139.39,4
2023-04-19,East,140.10,4
2023-04-20,East,140.55,4
2023-04-21,East,69.57,2
2023-04-22,East,70.51,2
2023-04-23,East,103.95,3
2023-04-24,East,139.19,4
2023-04-25,East,69.48,2
2023-04-26,East,139.88,4
2023-04-27,East,70.68,2
2023-04-28,East,104.39,3
2023-04-01,East,70.36,2
2023-04-02,East,104.81,3
2023-04-03,East,104.59,3
2023-04-04,East,139.31,4
2023-04-05,East,139.56,4
2023-04-06,East,140.31,4
2023-04-07,East,105.75,3
2023-04-08,East,104.12,3
2023-04-09,East,70.51,2
2023-04-10,East,139.50,4
2023-04-11,East,140.69,4
2023-04-12,East,69.80,2
2023-04-13,East,138.74,4
2023-04-14,East,69.53,2
2023-04-15,East,69.72,2
2023-04-16,East,139.50,4
2023-04-17,East,104.43,3
2023-04-18,East,70.09,2
2023-04-19,East,140.84,4
2023-04-20,East,140.55,4
2023-04-21,East,140.32,4
2023-04-22,East,105.08,3
2023-04-23,East,140.03,4
2023-04-24,East,69.91,2
2023-04-25,East,70.52,2
2023-04-26,East,138.77,4
2023-04-27,East,105.43,3
2023-04-28,East,139.09,4
2023-04-01,East,105.91,3
2023-04-02,East,105.72,3
2023-04-03,East,138.90,4
2023-04-04,East,105.25,3
2023-04-05,East,69.49,2
2023-04-06,East,105.59,3
2023-04-07,East,138.75,4
2023-04-08,East,69.64,2
2023-04-09,East,104.23,3
2023-04-10,East,105.27,3
2023-04-11,East,69.97,2
2023-04-12,East,70.63,2
2023-04-13,East,105.73,3
2023-04-14,East,139.81,4
2023-04-15,East,104.85,3
2023-04-16,East,105.86,3
2023-04-17,East,69.84,2
2023-04-18,East,104.00,3
2023-04-19,East,70.50,2
2023-04-20,East,105.36,3
2023-04-21,East,104.56,3
2023-04-22,East,104.60,3
2023-04-23,East,138.85,4
2023-04-24,East,70.52,2
2023-04-25,East,104.94,3
2023-04-26,East,104.14,3
2023-04-27,East,139.64,4
2023-04-28,East,70.44,2
2023-04-01,East,104.78,3
2023-04-02,East,69.32,2
2023-04-03,East,70.48,2
2023-04-04,East,69.95,2
2023-04-05,East,104.56,3
2023-04-06,East,70.12,2
2023-04-07,East,138.79,4
2023-04-08,East,104.97,3
2023-04-09,East,69.52,2
2023-04-10,East,139.22,4
2023-04-11,East,104.37,3
2023-04-12,East,70.53,2
2023-04-13,East,70.19,2
2023-04-14,East,104.74,3
2023-04-15,East,140.98,4
2023-04-16,East,140.19,4
2023-04-17,East,105.92,3
2023-04-18,East,105.59,3
2023-04-19,East,140.76,4
2023-04-20,East,69.75,2
2023-04-21,East,70.30,2
2023-04-22,East,69.32,2
2023-04-23,East,104.85,3
2023-04-24,East,70.38,2
2023-04-25,East,70.03,2
2023-04-26,East,70.30,2
2023-04-27,East,70.05,2
2023-04-28,East,141.27,4
2023-04-01,East,105.36,3
2023-04-02,East,105.58,3
2023-04-03,East,139.24,4
2023-04-04,East,105.86,3
2023-04-05,East,69.81,2
2023-04-06,East,140.37,4
2023-04-07,East,104.46,3
2023-04-08,East,70.67,2
2023-04-09,East,139.27,4
2023-04-10,East,69.66,2
2023-04-11,East,69.39,2
2023-04-12,East,69.36,2
2023-04-13,East,70.04,2
2023-04-14,East,69.45,2
2023-04-15,East,141.39,4
2023-04-16,East,105.43,3
2023-04-17,East,105.10,3
2023-04-18,East,106.02,3
2023-04-19,East,70.62,2
2023-04-20,East,105.74,3
2023-04-21,East,139.60,4
2023-04-22,East,69.35,2
2023-04-23,East,69.85,2
2023-04-24,East,104.39,3
2023-04-25,East,105.53,3
2023-04-26,East,70.01,2
2023-04-27,East,69.31,2
2023-04-28,East,139.40,4
2023-04-01,West,99.96,4
2023-04-02,West,75.07,3
2023-04-03,West,50.19,2
2023-04-04,West,50.04,2
2023-04-05,West,75.08,3
2023-04-06,West,74.98,3
2023-04-07,West,50.43,2
2023-04-08,West,100.92,4
2023-04-09,West,100.61,4
2023-04-10,West,50.25,2
2023-04-11,West,49.55,2
2023-04-12,West,49.67,2
2023-04-13,West,100.26,4
2023-04-14,West,99.98,4
2023-04-15,West,74.83,3
2023-04-16,West,100.89,4
2023-04-17,West,50.38,2
2023-04-18,West,100.61,4
2023-04-19,West,75.64,3
2023-04-20,West,75.62,3
2023-04-21,West,74.70,3
2023-04-22,West,99.70,4
2023-04-23,West,49.57,2
2023-04-24,West,75.60,3
2023-04-25,West,100.13,4
2023-04-26,West,75.51,3
2023-04-27,West,99.60,4
2023-04-28,West,99.17,4
2023-04-01,West,100.34,4
2023-04-02,West,75.58,3
2023-04-03,West,50.49,2
2023-04-04,West,99.86,4
2023-04-05,West,74.50,3
2023-04-06,West,74.60,3
2023-04-07,West,99.68,4
2023-04-08,West,49.80,2
2023-04-09,West,99.38,4
2023-04-10,West,74.43,3
2023-04-11,West,50.12,2
2023-04-12,West,100.55,4
2023-04-13,West,100.89,4
2023-04-14,West,75.32,3
2023-04-15,West,49.63,2
2023-04-16,West,99.58,4
2023-04-17,West,49.55,2
2023-04-18,West,49.76,2
2023-04-19,West,100.22,4
2023-04-20,West,75.06,3
2023-04-21,West,74.75,3
2023-04-22,West,74.27,3
2023-04-23,West,75.12,3
2023-04-24,West,99.81,4
2023-04-25,West,49.53,2
2023-04-26,West,50.01,2
2023-04-27,West,100.91,4
2023-04-28,West,75.41,3
2023-04-01,West,49.96,2
2023-04-02,West,50.23,2
2023-04-03,West,49.59,2
2023-04-04,West,49.76,2
2023-04-05,West,74.73,3
2023-04-06,West,99.26,4
2023-04-07,West,100.91,4
2023-04-08,West,74.99,3
2023-04-09,West,75.00,3
2023-04-10,West,75.32,3
2023-04-11,West,99.68,4
2023-04-12,West,50.42,2
2023-04-13,West,100.44,4
2023-04-14,West,75.14,3
2023-04-15,West,99.45,4
2023-04-16,West,49.88,2
2023-04-17,West,75.55,3
2023-04-18,West,99.98,4
2023-04-19,West,100.87,4
2023-04-20,West,99.51,4
2023-04-21,West,74.59,3
2023-04-22,West,99.88,4
2023-04-23,West,100.14,4
2023-04-24,West,99.27,4
2023-04-25,West,100.55,4
2023-04-26,West,75.54,3
2023-04-27,West,99.42,4
2023-04-28,West,49.51,2
2023-04-01,West,49.57,2
2023-04-02,West,100.70,4
2023-04-03,West,50.29,2
2023-04-04,West,74.63,3
2023-04-05,West,99.72,4
2023-04-06,West,75.14,3
2023-04-07,West,50.46,2
2023-04-08,West,75.34,3
2023-04-09,West,75.61,3
2023-04-10,West,99.71,4
2023-04-11,West,74.79,3
2023-04-12,West,75.41,3
2023-04-13,West,50.12,2
2023-04-14,West,49.62,2
2023-04-15,West,49.94,2
2023-04-16,West,74.80,3
2023-04-17,West,74.31,3
2023-04-18,West,100.21,4
2023-04-19,West,75.11,3
2023-04-20,West,100.02,4
2023-04-21,West,50.09,2
2023-04-22,West,100.64,4
2023-04-23,West,50.28,2
2023-04-24,West,74.36,3
2023-04-25,West,74.69,3
2023-04-26,West,99.72,4
2023-05-01,North,60.02,2
2023-05-02,North,121.00,4
2023-05-03,North,120.10,4
2023-05-04,North,120.08,4
2023-05-05,North,59.59,2
2023-05-06,North,59.71,2
2023-05-07,North,60.49,2
2023-05-08,North,89.41,3
2023-05-09,North,120.54,4
2023-05-10,North,60.06,2
2023-05-11,North,90.49,3
2023-05-12,North,60.48,2
2023-05-13,North,89.57,3
2023-05-14,North,89.85,3
2023-05-15,North,119.54,4
2023-05-16,North,60.14,2
2023-05-17,North,119.02,4
2023-05-18,North,60.59,2
2023-05-19,North,90.06,3
2023-05-20,North,89.15,3
2023-05-21,North,119.62,4
2023-05-22,North,59.71,2
2023-05-23,North,60.44,2
2023-05-24,North,59.71,2
2023-05-25,North,59.97,2
2023-05-26,North,59.58,2
2023-05-27,North,120.50,4
2023-05-28,North,89.16,3
2023-05-01,North,89.97,3
2023-05-02,North,119.84,4
2023-05-03,North,59.76,2
2023-05-04,North,119.79,4
2023-05-05,North,89.70,3
2023-05-06,North,120.91,4
2023-05-07,North,60.11,2
2023-05-08,North,59.63,2
2023-05-09,North,119.83,4
2023-05-10,North,120.98,4
2023-05-11,North,89.50,3
2023-05-12,North,120.38,4
2023-05-13,North,89.41,3
2023-05-14,North,119.04,4
2023-05-15,North,60.51,2
2023-05-16,North,60.40,2
2023-05-17,North,90.24,3
2023-05-18,North,60.53,2
2023-05-19,North,119.28,4
2023-05-20,North,60.49,2
2023-05-21,North,59.84,2
2023-05-22,North,119.81,4
2023-05-23,North,119.72,4
2023-05-24,North,90.19,3
2023-05-25,North,60.30,2
2023-05-26,North,59.95,2
2023-05-27,North,119.11,4
2023-05-28,North,60.27,2
2023-05-01,North,119.21,4
2023-05-02,North,89.67,3
2023-05-03,North,120.14,4
2023-05-04,North,90.80,3
2023-05-05,North,59.79,2
2023-05-06,North,120.89,4
2023-05-07,North,119.27,4
2023-05-08,North,60.20,2
2023-05-09,North,89.84,3
2023-05-10,North,59.56,2
2023-05-11,North,120.40,4
2023-05-12,North,59.72,2
2023-05-13,North,121.06,4
2023-05-14,North,89.70,3
2023-05-15,North,118.86,4
2023-05-16,North,59.68,2
2023-05-17,North,90.42,3
2023-05-18,North,120.11,4
2023-05-19,North,120.75,4
2023-05-20,North,119.02,4
2023-05-21,North,90.07,3
2023-05-22,North,60.36,2
2023-05-23,North,90.31,3
2023-05-24,North,120.94,4
2023-05-25,North,60.13,2
2023-05-26,North,89.23,3
2023-05-27,North,120.83,4
2023-05-28,North,59.63,2
2023-05-01,North,60.54,2
2023-05-02,North,120.99,4
2023-05-03,North,89.77,3
2023-05-04,North,90.70,3
2023-05-05,North,59.55,2
2023-05-06,North,59.87,2
2023-05-07,North,90.08,3
2023-05-08,North,120.54,4
2023-05-09,North,119.09,4
2023-05-10,North,60.37,2
2023-05-11,North,119.99,4
2023-05-12,North,90.69,3
2023-05-13,North,89.96,3
2023-05-14,North,59.75,2
2023-05-15,North,90.56,3
2023-05-16,North,59.71,2
2023-05-17,North,59.64,2
2023-05-18,North,89.37,3
2023-05-19,North,119.64,4
2023-05-20,North,89.46,3
2023-05-21,North,119.88,4
2023-05-22,North,89.20,3
2023-05-23,North,89.58,3
2023-05-24,North,89.31,3
2023-05-25,North,90.77,3
2023-05-26,North,90.23,3
2023-05-27,North,120.45,4
2023-05-28,North,89.89,3
2023-05-01,North,89.88,3
2023-05-02,North,89.75,3
2023-05-03,North,119.15,4
2023-05-04,North,90.80,3
2023-05-05,North,60.16,2
2023-05-06,North,59.87,2
2023-05-07,North,60.19,2
2023-05-08,North,89.88,3
2023-05-09,North,59.69,2
2023-05-10,North,89.40,3
2023-05-11,North,60.36,2
2023-05-12,North,89.96,3
2023-05-13,North,60.01,2
2023-05-14,North,90.03,3
2023-05-15,North,59.76,2
2023-05-16,North,119.37,4
2023-05-17,North,90.19,3
2023-05-18,North,90.72,3
2023-05-19,North,90.84,3
2023-05-20,North,59.91,2
2023-05-21,North,89.70,3
2023-05-22,North,89.40,3
2023-05-23,North,121.08,4
2023-05-24,North,120.84,4
2023-05-25,North,120.16,4
2023-05-26,North,119.38,4
2023-05-27,North,120.39,4
2023-05-28,North,60.25,2
2023-05-01,North,120.27,4
2023-05-02,North,90.27,3
2023-05-03,North,89.52,3
2023-05-04,North,60.56,2
2023-05-05,North,89.54,3
2023-05-06,North,60.49,2
2023-05-07,North,60.56,2
2023-05-08,North,59.60,2
2023-05-09,North,118.97,4
2023-05-10,North,60.45,2
2023-05-11,North,59.86,2
2023-05-12,North,120.74,4
2023-05-13,North,89.12,3
2023-05-14,North,60.43,2
2023-05-15,North,118.92,4
2023-05-16,North,89.97,3
2023-05-17,North,90.26,3
2023-05-18,North,89.96,3
2023-05-19,North,59.66,2
2023-05-20,North,118.86,4
2023-05-21,North,118.83,4
2023-05-22,North,59.59,2
2023-05-23,North,90.44,3
2023-05-24,North,60.24,2
2023-05-25,North,89.15,3
2023-05-26,North,119.20,4
2023-05-27,North,120.43,4
2023-05-28,North,119.20,4
2023-05-01,North,60.52,2
2023-05-02,North,89.44,3
2023-05-03,North,59.97,2
2023-05-04,North,60.18,2
2023-05-05,North,59.85,2
2023-05-06,North,89.91,3
2023-05-07,North,90.88,3
2023-05-08,North,89.28,3
2023-05-09,North,60.43,2
2023-05-10,North,120.20,4
2023-05-11,North,59.91,2
2023-05-12,North,89.19,3
2023-05-13,North,59.91,2
2023-05-14,North,89.29,3
2023-05-15,North,59.82,2
2023-05-16,North,59.45,2
2023-05-17,North,119.37,4
2023-05-18,North,89.86,3
2023-05-19,North,59.60,2
2023-05-20,North,119.53,4
2023-05-21,North,60.32,2
2023-05-22,North,120.94,4
2023-05-23,North,90.17,3
2023-05-24,North,119.11,4
2023-05-25,North,60.39,2
2023-05-26,North,120.58,4
2023-05-27,North,89.33,3
2023-05-28,North,120.47,4
2023-05-01,North,119.98,4
2023-05-02,North,89.54,3
2023-05-03,North,119.48,4
2023-05-04,North,60.22,2
2023-05-01,South,83.20,3
2023-05-02,South,56.36,2
2023-05-03,South,56.11,2
2023-05-04,South,84.61,3
2023-05-05,South,83.39,3
2023-05-06,South,112.99,4
2023-05-07,South,56.17,2
2023-05-08,South,111.11,4
2023-05-09,South,112.14,4
2023-05-10,South,55.48,2
2023-05-11,South,84.10,3
2023-05-12,South,112.12,4
2023-05-13,South,111.27,4
2023-05-14,South,55.84,2
2023-05-15,South,84.31,3
2023-05-16,South,84.60,3
2023-05-17,South,83.28,3
2023-05-18,South,56.07,2
2023-05-19,South,83.35,3
2023-05-20,South,84.66,3
2023-05-21,South,56.09,2
2023-05-22,South,111.80,4
2023-05-23,South,56.55,2
2023-05-24,South,111.78,4
2023-05-25,South,111.51,4
2023-05-26,South,56.41,2
2023-05-27,South,111.61,4
2023-05-28,South,83.76,3
2023-05-01,South,83.20,3
2023-05-02,South,83.31,3
2023-05-03,South,55.77,2
2023-05-04,South,84.02,3
2023-05-05,South,110.95,4
2023-05-06,South,111.01,4
2023-05-07,South,83.57,3
2023-05-08,South,111.80,4
2023-05-09,South,55.74,2
2023-05-10,South,111.67,4
2023-05-11,South,112.82,4
2023-05-12,South,84.40,3
2023-05-13,South,111.03,4
2023-05-14,South,112.79,4
2023-05-15,South,56.33,2
2023-05-16,South,112.64,4
2023-05-17,South,55.96,2
2023-05-18,South,83.75,3
2023-05-19,South,84.06,3
2023-05-20,South,55.95,2
2023-05-21,South,112.11,4
2023-05-22,South,83.26,3
2023-05-23,South,83.62,3
2023-05-24,South,56.49,2
2023-05-25,South,112.76,4
2023-05-26,South,84.12,3
2023-05-27,South,84.73,3
2023-05-28,South,112.56,4
2023-05-01,South,111.43,4
2023-05-02,South,55.76,2
2023-05-03,South,56.45,2
2023-05-04,South,110.92,4
2023-05-05,South,56.08,2
2023-05-06,South,83.99,3
2023-05-07,South,55.65,2
2023-05-08,South,112.48,4
2023-05-09,South,112.05,4
2023-05-10,South,56.38,2
2023-05-11,South,56.41,2
2023-05-12,South,112.55,4
2023-05-13,South,56.23,2
2023-05-14,South,111.92,4
2023-05-15,South,55.45,2
2023-05-16,South,55.45,2
2023-05-17,South,83.79,3
2023-05-18,South,83.59,3
2023-05-19,South,84.63,3
2023-05-20,South,84.72,3
2023-05-21,South,111.44,4
2023-05-22,South,111.03,4
2023-05-23,South,111.69,4
2023-05-24,South,84.61,3
2023-05-25,South,56.07,2
2023-05-26,South,84.61,3
2023-05-27,South,84.57,3
2023-05-28,South,112.42,4
2023-05-01,South,83.37,3
2023-05-02,South,84.64,3
2023-05-03,South,83.93,3
2023-05-04,South,55.93,2
2023-05-05,South,56.53,2
2023-05-06,South,83.49,3
2023-05-07,South,83.71,3
2023-05-08,South,84.01,3
2023-05-09,South,84.64,3
2023-05-10,South,83.24,3
2023-05-11,South,112.11,4
2023-05-12,South,84.18,3
2023-05-13,South,84.81,3
2023-05-14,South,112.55,4
2023-05-15,South,84.22,3
2023-05-16,South,111.01,4
2023-05-17,South,55.71,2
2023-05-18,South,84.64,3
2023-05-19,South,55.70,2
2023-05-20,South,83.22,3
2023-05-21,South,83.40,3
2023-05-22,South,112.11,4
2023-05-23,South,112.10,4
2023-05-24,South,56.21,2
2023-05-25,South,111.13,4
2023-05-26,South,55.64,2
2023-05-27,South,83.17,3
2023-05-28,South,84.38,3
2023-05-01,South,56.26,2
2023-05-02,South,84.81,3
2023-05-03,South,55.65,2
2023-05-04,South,112.83,4
2023-05-05,South,112.43,4
2023-05-06,South,56.39,2
2023-05-07,South,55.77,2
2023-05-08,South,83.78,3
2023-05-09,South,111.88,4
2023-05-10,South,112.71,4
2023-05-11,South,83.71,3
2023-05-12,South,111.28,4
2023-05-13,South,55.94,2
2023-05-14,South,56.25,2
2023-05-15,South,56.13,2
2023-05-16,South,111.23,4
2023-05-17,South,112.79,4
2023-05-18,South,111.78,4
2023-05-19,South,55.48,2
2023-05-20,South,56.23,2
2023-05-21,South,83.61,3
2023-05-22,South,111.07,4
2023-05-23,South,111.69,4
2023-05-24,South,56.33,2
2023-05-25,South,56.25,2
2023-05-26,South,55.61,2
2023-05-27,South,56.36,2
2023-05-28,South,112.33,4
2023-05-01,South,111.07,4
2023-05-02,South,84.55,3
2023-05-03,South,56.41,2
2023-05-04,South,112.91,4
2023-05-05,South,83.87,3
2023-05-06,South,83.97,3
2023-05-07,South,56.56,2
2023-05-08,South,56.17,2
2023-05-09,South,83.25,3
2023-05-10,South,112.42,4
2023-05-11,South,111.50,4
2023-05-12,South,110.88,4
2023-05-13,South,112.55,4
2023-05-14,South,56.00,2
2023-05-15,South,83.35,3
2023-05-16,South,56.49,2
2023-05-17,South,111.48,4
2023-05-18,South,83.61,3
2023-05-19,South,84.67,3
2023-05-20,South,83.44,3
2023-05-21,South,56.16,2
2023-05-22,South,84.58,3
2023-05-23,South,55.57,2
2023-05-24,South,55.52,2
2023-05-25,South,83.24,3
2023-05-26,South,56.45,2
2023-05-27,South,83.48,3
2023-05-28,South,56.22,2
2023-05-01,South,55.66,2
2023-05-02,South,56.38,2
2023-05-01,East,69.49,2
2023-05-02,East,139.81,4
2023-05-03,East,139.11,4
2023-05-04,East,105.73,3
2023-05-05,East,104.06,3
2023-05-06,East,69.39,2
2023-05-07,East,70.57,2
2023-05-08,East,70.17,2
2023-05-09,East,105.29,3
2023-05-10,East,105.63,3
2023-05-11,East,138.85,4
2023-05-12,East,105.06,3
2023-05-13,East,104.90,3
2023-05-14,East,69.88,2
2023-05-15,East,140.78,4
2023-05-16,East,70.23,2
2023-05-17,East,104.87,3
2023-05-18,East,70.64,2
2023-05-19,East,105.43,3
2023-05-20,East,70.52,2
2023-05-21,East,70.30,2
2023-05-22,East,70.44,2
2023-05-23,East,104.59,3
2023-05-24,East,105.45,3
2023-05-25,East,70.00,2
2023-05-26,East,69.80,2
2023-05-27,East,138.61,4
2023-05-28,East,140.01,4
2023-05-01,East,70.02,2
2023-05-02,East,69.55,2
2023-05-03,East,141.26,4
2023-05-04,East,104.95,3
2023-05-05,East,70.07,2
2023-05-06,East,70.12,2
2023-05-07,East,69.59,2
2023-05-08,East,69.99,2
2023-05-09,East,105.53,3
2023-05-10,East,105.88,3
2023-05-11,East,69.85,2
2023-05-12,East,139.50,4
2023-05-13,East,140.04,4
2023-05-14,East,139.37,4
2023-05-15,East,104.47,3
2023-05-16,East,104.66,3
2023-05-17,East,70.67,2
2023-05-18,East,104.01,3
2023-05-19,East,104.86,3
2023-05-20,East,139.77,4
2023-05-21,East,141.39,4
2023-05-22,East,141.03,4
2023-05-23,East,139.97,4
2023-05-24,East,69.31,2
2023-05-25,East,70.08,2
2023-05-26,East,104.75,3
2023-05-27,East,104.51,3
2023-05-28,East,69.77,2
2023-05-01,East,70.57,2
2023-05-02,East,105.53,3
2023-05-03,East,69.82,2
2023-05-04,East,138.67,4
2023-05-05,East,105.78,3
2023-05-06,East,105.80,3
2023-05-07,East,104.42,3
2023-05-08,East,140.80,4
2023-05-09,East,140.62,4
2023-05-10,East,69.51,2
2023-05-11,East,139.87,4
2023-05-12,East,139.45,4
2023-05-13,East,140.07,4
2023-05-14,East,104.18,3
2023-05-15,East,104.10,3
2023-05-16,East,139.69,4
2023-05-17,East,104.18,3
2023-05-18,East,70.28,2
2023-05-19,East,105.98,3
2023-05-20,East,140.60,4
2023-05-21,East,105.46,3
2023-05-22,East,141.26,4
2023-05-23,East,70.27,2
2023-05-24,East,69.52,2
2023-05-25,East,104.78,3
2023-05-26,East,141.10,4
2023-05-27,East,70.18,2
2023-05-28,East,140.13,4
2023-05-01,East,140.35,4
2023-05-02,East,105.19,3
2023-05-03,East,139.91,4
2023-05-04,East,104.93,3
2023-05-05,East,69.39,2
2023-05-06,East,70.27,2
2023-05-07,East,69.99,2
2023-05-08,East,104.99,3
2023-05-09,East,105.62,3
2023-05-10,East,105.08,3
2023-05-11,East,105.52,3
2023-05-12,East,139.78,4
2023-05-13,East,70.29,2
2023-05-14,East,103.97,3
2023-05-15,East,69.47,2
2023-05-16,East,105.73,3
2023-05-17,East,69.57,2
2023-05-18,East,69.86,2
2023-05-19,East,105.86,3
2023-05-20,East,139.94,4
2023-05-21,East,104.95,3
2023-05-22,East,105.53,3
2023-05-23,East,140.86,4
2023-05-24,East,140.35,4
2023-05-25,East,70.19,2
2023-05-26,East,69.85,2
2023-05-27,East,104.18,3
2023-05-28,East,69.69,2
2023-05-01,East,104.28,3
2023-05-02,East,69.51,2
2023-05-03,East,70.30,2
2023-05-04,East,70.31,2
2023-05-05,East,69.43,2
2023-05-06,East,104.55,3
2023-05-07,East,140.04,4
2023-05-08,East,139.13,4
2023-05-09,East,105.06,3
2023-05-10,East,106.02,3
2023-05-11,East,69.61,2
2023-05-12,East,104.80,3
2023-05-13,East,140.60,4
2023-05-14,East,105.41,3
2023-05-15,East,104.06,3
2023-05-16,East,138.66,4
2023-05-17,East,139.14,4
2023-05-18,East,70.20,2
2023-05-19,East,70.51,2
2023-05-20,East,70.59,2
2023-05-21,East,138.81,4
2023-05-22,East,70.23,2
2023-05-23,East,140.90,4
2023-05-24,East,69.91,2
2023-05-25,East,105.33,3
2023-05-26,East,105.36,3
2023-05-27,East,104.10,3
2023-05-28,East,139.07,4
2023-05-01,West,99.73,4
2023-05-02,West,50.16,2
2023-05-03,West,50.11,2
2023-05-04,West,50.47,2
2023-05-05,West,100.32,4
2023-05-06,West,99.20,4
2023-05-07,West,74.77,3
2023-05-08,West,100.61,4
2023-05-09,West,50.09,2
2023-05-10,West,99.83,4
2023-05-11,West,100.43,4
2023-05-12,West,49.66,2
2023-05-13,West,99.62,4
2023-05-14,West,50.20,2
2023-05-15,West,74.59,3
2023-05-16,West,50.31,2
2023-05-17,West,99.44,4
2023-05-18,West,75.62,3
2023-05-19,West,74.66,3
2023-05-20,West,75.17,3
2023-05-21,West,100.10,4
2023-05-22,West,49.57,2
2023-05-23,West,74.65,3
2023-05-24,West,49.54,2
2023-05-25,West,99.16,4
2023-05-26,West,49.72,2
2023-05-27,West,75.49,3
2023-05-28,West,99.19,4
2023-05-01,West,75.40,3
2023-05-02,West,75.52,3
2023-05-03,West,74.74,3
2023-05-04,West,99.63,4
2023-05-05,West,74.85,3
2023-05-06,West,75.32,3
2023-05-07,West,75.07,3
2023-05-08,West,99.36,4
2023-05-09,West,50.22,2
2023-05-10,West,99.97,4
2023-05-11,West,100.75,4
2023-05-12,West,100.00,4
2023-05-13,West,50.32,2
2023-05-14,West,100.73,4
2023-05-15,West,74.28,3
2023-05-16,West,75.29,3
2023-05-17,West,100.85,4
2023-05-18,West,74.84,3
2023-05-19,West,99.21,4
2023-05-20,West,74.32,3
2023-05-21,West,99.51,4
2023-05-22,West,50.38,2
2023-05-23,West,74.77,3
2023-05-24,West,75.52,3
2023-05-25,West,50.48,2
2023-05-26,West,99.66,4
2023-05-27,West,50.05,2
2023-05-28,West,49.62,2
2023-05-01,West,74.58,3
2023-05-02,West,50.06,2
2023-05-03,West,50.18,2
2023-05-04,West,49.64,2
2023-05-05,West,49.55,2
2023-05-06,West,49.50,2
2023-05-07,West,49.66,2
2023-05-08,West,49.91,2
2023-05-09,West,49.84,2
2023-05-10,West,49.90,2
2023-05-11,West,49.69,2
2023-05-12,West,100.02,4
2023-05-13,West,50.11,2
2023-05-14,West,74.43,3
2023-05-15,West,75.16,3
2023-05-16,West,100.87,4
2023-05-17,West,75.74,3
2023-05-18,West,75.52,3
2023-05-19,West,74.34,3
2023-05-20,West,99.59,4
2023-05-21,West,75.68,3
2023-05-22,West,50.42,2
2023-05-23,West,100.99,4
2023-05-24,West,100.89,4
2023-05-25,West,100.69,4
2023-05-26,West,99.21,4
2023-05-27,West,75.40,3
2023-05-28,West,75.56,3
2023-05-01,West,99.61,4
2023-05-02,West,99.28,4
2023-05-03,West,50.38,2
2023-05-04,West,50.48,2
2023-05-05,West,49.61,2
2023-05-06,West,75.66,3
2023-05-07,West,74.99,3
2023-05-08,West,49.99,2
2023-05-09,West,99.30,4
2023-05-10,West,50.23,2
2023-05-11,West,74.84,3
2023-05-12,West,75.23,3
2023-05-13,West,50.07,2
2023-05-14,West,50.03,2
2023-05-15,West,74.61,3
2023-05-16,West,75.69,3
2023-05-17,West,74.48,3
2023-05-18,West,99.24,4
2023-05-19,West,100.64,4
2023-05-20,West,99.85,4
2023-05-21,West,99.72,4
2023-05-22,West,50.06,2
2023-05-23,West,74.49,3
2023-05-24,West,75.29,3
2023-05-25,West,99.65,4
2023-05-26,West,99.12,4
2023-06-01,North,90.21,3
2023-06-02,North,59.76,2
2023-06-03,North,59.81,2
2023-06-04,North,120.16,4
2023-06-05,North,60.22,2
2023-06-06,North,119.22,4
2023-06-07,North,60.26,2
2023-06-08,North,90.69,3
2023-06-09,North,90.33,3
2023-06-10,North,90.33,3
2023-06-11,North,89.16,3
2023-06-12,North,60.42,2
2023-06-13,North,119.00,4
2023-06-14,North,119.44,4
2023-06-15,North,120.71,4
2023-06-16,North,90.49,3
2023-06-17,North,89.88,3
2023-06-18,North,60.50,2
2023-06-19,North,119.96,4
2023-06-20,North,119.75,4
2023-06-21,North,89.81,3
2023-06-22,North,60.33,2
2023-06-23,North,120.16,4
2023-06-24,North,60.10,2
2023-06-25,North,90.46,3
2023-06-26,North,60.19,2
2023-06-27,North,121.05,4
2023-06-28,North,120.01,4
2023-06-01,North,118.96,4
2023-06-02,North,119.33,4
2023-06-03,North,89.97,3
2023-06-04,North,90.60,3
2023-06-05,North,90.21,3
2023-06-06,North,90.56,3
2023-06-07,North,59.71,2
2023-06-08,North,119.91,4
2023-06-09,North,119.12,4
2023-06-10,North,90.49,3
2023-06-11,North,90.05,3
2023-06-12,North,89.20,3
2023-06-13,North,90.90,3
2023-06-14,North,60.01,2
2023-06-15,North,121.01,4
2023-06-16,North,90.24,3
2023-06-17,North,89.27,3
2023-06-18,North,60.36,2
2023-06-19,North,59.61,2
2023-06-20,North,119.00,4
2023-06-21,North,119.59,4
2023-06-22,North,89.69,3
2023-06-23,North,119.62,4
2023-06-24,North,59.47,2
2023-06-25,North,119.30,4
2023-06-26,North,60.48,2
2023-06-27,North,60.14,2
2023-06-28,North,59.64,2
2023-06-01,North,89.21,3
2023-06-02,North,89.36,3
2023-06-03,North,90.17,3
2023-06-04,North,89.15,3
2023-06-05,North,60.34,2
2023-06-06,North,90.77,3
2023-06-07,North,60.31,2
2023-06-08,North,120.58,4
2023-06-09,North,119.38,4
2023-06-10,North,90.35,3
2023-06-11,North,60.37,2
2023-06-12,North,119.10,4
2023-06-13,North,120.05,4
2023-06-14,North,120.34,4
2023-06-15,North,60.21,2
2023-06-16,North,59.47,2
2023-06-17,North,59.94,2
2023-06-18,North,89.14,3
2023-06-19,North,120.62,4
2023-06-20,North,120.35,4
2023-06-21,North,89.56,3
2023-06-22,North,89.67,3
2023-06-23,North,119.56,4
2023-06-24,North,119.25,4
2023-06-25,North,119.94,4
2023-06-26,North,89.52,3
2023-06-27,North,119.01,4
2023-06-28,North,119.63,4
2023-06-01,North,59.74,2
2023-06-02,North,118.90,4
2023-06-03,North,89.42,3
2023-06-04,North,90.01,3
2023-06-05,North,59.57,2
2023-06-06,North,59.97,2
2023-06-07,North,121.13,4
2023-06-08,North,89.40,3
2023-06-09,North,120.58,4
2023-06-10,North,90.55,3
2023-06-11,North,90.35,3
2023-06-12,North,59.49,2
2023-06-13,North,60.57,2
2023-06-14,North,90.68,3
2023-06-15,North,119.50,4
2023-06-16,North,118.82,4
2023-06-17,North,59.48,2
2023-06-18,North,90.35,3
2023-06-19,North,119.12,4
2023-06-20,North,89.71,3
2023-06-21,North,119.63,4
2023-06-22,North,60.54,2
2023-06-23,North,59.92,2
2023-06-24,North,90.56,3
2023-06-25,North,89.86,3
2023-06-26,North,120.54,4
2023-06-27,North,59.90,2
2023-06-28,North,120.82,4
2023-06-01,North,90.51,3
2023-06-02,North,89.69,3
2023-06-03,North,119.65,4
2023-06-04,North,119.96,4
2023-06-05,North,120.81,4
2023-06-06,North,120.57,4
2023-06-07,North,89.30,3
2023-06-08,North,120.06,4
2023-06-09,North,60.57,2
2023-06-10,North,120.40,4
2023-06-11,North,90.00,3
2023-06-12,North,120.30,4
2023-06-13,North,89.93,3
2023-06-14,North,89.66,3
2023-06-15,North,120.91,4
2023-06-16,North,89.48,3
2023-06-17,North,89.72,3
2023-06-18,North,121.04,4
2023-06-19,North,89.89,3
2023-06-20,North,60.08,2
2023-06-21,North,59.73,2
2023-06-22,North,90.68,3
2023-06-23,North,59.66,2
2023-06-24,North,120.99,4
2023-06-25,North,60.43,2
2023-06-26,North,59.94,2
2023-06-27,North,90.84,3
2023-06-28,North,60.01,2
2023-06-01,North,60.05,2
2023-06-02,North,90.74,3
2023-06-03,North,119.58,4
2023-06-04,North,89.60,3
2023-06-05,North,59.58,2
2023-06-06,North,59.41,2
2023-06-07,North,118.85,4
2023-06-08,North,119.90,4
2023-06-09,North,59.70,2
2023-06-10,North,89.76,3
2023-06-11,North,90.88,3
2023-06-12,North,59.93,2
2023-06-13,North,89.63,3
2023-06-14,North,60.07,2
2023-06-15,North,119.52,4
2023-06-16,North,90.86,3
2023-06-17,North,90.34,3
2023-06-18,North,89.74,3
2023-06-19,North,120.67,4
2023-06-20,North,119.36,4
2023-06-21,North,59.47,2
2023-06-22,North,120.09,4
2023-06-23,North,90.80,3
2023-06-24,North,89.77,3
2023-06-25,North,89.29,3
2023-06-26,North,89.44,3
2023-06-27,North,89.35,3
2023-06-28,North,59.93,2
2023-06-01,North,89.57,3
2023-06-02,North,60.55,2
2023-06-03,North,120.86,4
2023-06-04,North,119.90,4
2023-06-05,North,59.74,2
2023-06-06,North,60.34,2
2023-06-07,North,119.72,4
2023-06-08,North,89.27,3
2023-06-09,North,60.15,2
2023-06-10,North,60.13,2
2023-06-11,North,90.09,3
2023-06-12,North,59.77,2
2023-06-13,North,120.10,4
2023-06-14,North,89.80,3
2023-06-15,North,60.58,2
2023-06-16,North,120.46,4
2023-06-17,North,59.91,2
2023-06-18,North,120.56,4
2023-06-19,North,120.89,4
2023-06-20,North,119.68,4
2023-06-21,North,59.90,2
2023-06-22,North,59.77,2
2023-06-23,North,119.31,4
2023-06-24,North,119.47,4
2023-06-25,North,89.76,3
2023-06-26,North,60.27,2
2023-06-27,North,119.84,4
2023-06-28,North,89.78,3
2023-06-01,North,90.30,3
2023-06-02,North,59.85,2
2023-06-03,North,120.60,4
2023-06-04,North,121.07,4
2023-06-01,South,56.32,2
2023-06-02,South,83.97,3
2023-06-03,South,83.60,3
2023-06-04,South,112.93,4
2023-06-05,South,84.67,3
2023-06-06,South,84.33,3
2023-06-07,South,55.47,2
2023-06-08,South,112.17,4
2023-06-09,South,55.96,2
2023-06-10,South,83.94,3
2023-06-11,South,111.23,4
2023-06-12,South,83.57,3
2023-06-13,South,56.09,2
2023-06-14,South,112.69,4
2023-06-15,South,83.20,3
2023-06-16,South,112.67,4
2023-06-17,South,56.00,2
2023-06-18,South,83.87,3
2023-06-19,South,84.29,3
2023-06-20,South,112.36,4
2023-06-21,South,83.92,3
2023-06-22,South,111.29,4
2023-06-23,South,83.46,3
2023-06-24,South,55.65,2
2023-06-25,South,84.03,3
2023-06-26,South,55.53,2
2023-06-27,South,83.41,3
2023-06-28,South,84.64,3
2023-06-01,South,55.82,2
2023-06-02,South,83.34,3
2023-06-03,South,55.73,2
2023-06-04,South,83.22,3
2023-06-05,South,56.35,2
2023-06-06,South,56.13,2
2023-06-07,South,111.21,4
2023-06-08,South,83.66,3
2023-06-09,South,111.51,4
2023-06-10,South,83.84,3
2023-06-11,South,84.78,3
2023-06-12,South,111.20,4
2023-06-13,South,84.22,3
2023-06-14,South,55.94,2
2023-06-15,South,55.85,2
2023-06-16,South,55.84,2
2023-06-17,South,112.20,4
2023-06-18,South,56.23,2
2023-06-19,South,83.69,3
2023-06-20,South,111.69,4
2023-06-21,South,84.13,3
2023-06-22,South,55.63,2
2023-06-23,South,84.68,3
2023-06-24,South,83.83,3
2023-06-25,South,84.74,3
2023-06-26,South,55.71,2
2023-06-27,South,83.77,3
2023-06-28,South,84.39,3
2023-06-01,South,112.85,4
2023-06-02,South,84.15,3
2023-06-03,South,56.50,2
2023-06-04,South,56.49,2
2023-06-05,South,112.42,4
2023-06-06,South,113.08,4
2023-06-07,South,83.64,3
2023-06-08,South,111.18,4
2023-06-09,South,112.04,4
2023-06-10,South,84.52,3
2023-06-11,South,84.22,3
2023-06-12,South,84.48,3
2023-06-13,South,56.28,2
2023-06-14,South,56.43,2
2023-06-15,South,113.01,4
2023-06-16,South,55.98,2
2023-06-17,South,84.79,3
2023-06-18,South,83.31,3
2023-06-19,South,83.33,3
2023-06-20,South,111.84,4
2023-06-21,South,84.73,3
2023-06-22,South,56.55,2
2023-06-23,South,55.78,2
2023-06-24,South,56.36,2
2023-06-25,South,84.62,3
2023-06-26,South,84.11,3
2023-06-27,South,83.18,3
2023-06-28,South,55.81,2
2023-06-01,South,84.45,3
2023-06-02,South,56.14,2
2023-06-03,South,55.56,2
2023-06-04,South,112.59,4
2023-06-05,South,84.18,3
2023-06-06,South,84.52,3
2023-06-07,South,111.42,4
2023-06-08,South,84.63,3
2023-06-09,South,84.14,3
2023-06-10,South,111.15,4
2023-06-11,South,83.76,3
2023-06-12,South,84.63,3
2023-06-13,South,112.25,4
2023-06-14,South,112.96,4
2023-06-15,South,111.40,4
2023-06-16,South,84.66,3
2023-06-17,South,55.95,2
2023-06-18,South,55.85,2
2023-06-19,South,56.11,2
2023-06-20,South,111.93,4
2023-06-21,South,56.16,2
2023-06-22,South,83.71,3
2023-06-23,South,84.34,3
2023-06-24,South,111.80,4
2023-06-25,South,83.29,3
2023-06-26,South,83.97,3
2023-06-27,South,84.46,3
2023-06-28,South,56.17,2
2023-06-01,South,111.37,4
2023-06-02,South,111.92,4
2023-06-03,South,111.04,4
2023-06-04,South,83.27,3
2023-06-05,South,84.57,3
2023-06-06,South,84.40,3
2023-06-07,South,112.89,4
2023-06-08,South,55.88,2
2023-06-09,South,55.95,2
2023-06-10,South,55.79,2
2023-06-11,South,56.10,2
2023-06-12,South,55.80,2
2023-06-13,South,84.58,3
2023-06-14,South,84.47,3
2023-06-15,South,111.36,4
2023-06-16,South,112.14,4
2023-06-17,South,83.87,3
2023-06-18,South,56.20,2
2023-06-19,South,56.49,2
2023-06-20,South,113.04,4
2023-06-21,South,111.18,4
2023-06-22,South,55.68,2
2023-06-23,South,55.87,2
2023-06-24,South,56.07,2
2023-06-25,South,55.49,2
2023-06-26,South,112.84,4
2023-06-27,South,83.79,3
2023-06-28,South,56.50,2
2023-06-01,South,56.04,2
2023-06-02,South,110.92,4
2023-06-03,South,84.43,3
2023-06-04,South,55.59,2
2023-06-05,South,112.33,4
2023-06-06,South,56.43,2
2023-06-07,South,83.37,3
2023-06-08,South,84.31,3
2023-06-09,South,56.10,2
2023-06-10,South,111.97,4
2023-06-11,South,110.97,4
2023-06-12,South,55.63,2
2023-06-13,South,111.91,4
2023-06-14,South,56.00,2
2023-06-15,South,55.63,2
2023-06-16,South,55.95,2
2023-06-17,South,56.39,2
2023-06-18,South,111.20,4
2023-06-19,South,112.26,4
2023-06-20,South,83.92,3
2023-06-21,South,110.97,4
2023-06-22,South,56.08,2
2023-06-23,South,55.80,2
2023-06-24,South,112.64,4
2023-06-25,South,55.54,2
2023-06-26,South,112.94,4
2023-06-27,South,111.42,4
2023-06-28,South,111.48,4
2023-06-01,South,55.44,2
2023-06-02,South,56.49,2
2023-06-01,East,105.99,3
2023-06-02,East,69.63,2
2023-06-03,East,104.84,3
2023-06-04,East,139.93,4
2023-06-05,East,104.70,3
2023-06-06,East,138.91,4
2023-06-07,East,69.74,2
2023-06-08,East,69.49,2
2023-06-09,East,139.12,4
2023-06-10,East,138.77,4
2023-06-11,East,140.10,4
2023-06-12,East,105.26,3
2023-06-13,East,69.33,2
2023-06-14,East,138.89,4
2023-06-15,East,141.17,4
2023-06-16,East,139.20,4
2023-06-17,East,104.61,3
2023-06-18,East,139.38,4
2023-06-19,East,70.00,2
2023-06-20,East,140.24,4
2023-06-21,East,69.61,2
2023-06-22,East,139.63,4
2023-06-23,East,104.54,3
2023-06-24,East,138.95,4
2023-06-25,East,104.19,3
2023-06-26,East,105.46,3
2023-06-27,East,69.82,2
2023-06-28,East,105.63,3
2023-06-01,East,139.15,4
2023-06-02,East,140.53,4
2023-06-03,East,105.30,3
2023-06-04,East,140.64,4
2023-06-05,East,104.88,3
2023-06-06,East,140.25,4
2023-06-07,East,140.27,4
2023-06-08,East,141.20,4
2023-06-09,East,69.80,2
2023-06-10,East,105.54,3
2023-06-11,East,141.06,4
2023-06-12,East,70.59,2
2023-06-13,East,138.93,4
2023-06-14,East,140.91,4
2023-06-15,East,139.63,4
2023-06-16,East,140.45,4
2023-06-17,East,70.11,2
2023-06-18,East,105.90,3
2023-06-19,East,140.24,4
2023-06-20,East,70.34,2
2023-06-21,East,138.89,4
2023-06-22,East,105.71,3
2023-06-23,East,104.45,3
2023-06-24,East,141.12,4
2023-06-25,East,139.29,4
2023-06-26,East,105.59,3
2023-06-27,East,141.24,4
2023-06-28,East,104.62,3
2023-06-01,East,105.77,3
2023-06-02,East,141.32,4
2023-06-03,East,141.37,4
2023-06-04,East,140.45,4
2023-06-05,East,105.24,3
2023-06-06,East,70.25,2
2023-06-07,East,69.85,2
2023-06-08,East,104.18,3
2023-06-09,East,104.18,3
2023-06-10,East,69.99,2
2023-06-11,East,105.92,3
2023-06-12,East,104.52,3
2023-06-13,East,140.63,4
2023-06-14,East,70.31,2
2023-06-15,East,140.61,4
2023-06-16,East,138.79,4
2023-06-17,East,105.76,3
2023-06-18,East,70.35,2
2023-06-19,East,106.03,3
2023-06-20,East,103.98,3
2023-06-21,East,104.54,3
2023-06-22,East,69.47,2
2023-06-23,East,105.53,3
2023-06-24,East,104.28,3
2023-06-25,East,140.75,4
2023-06-26,East,104.34,3
2023-06-27,East,69.65,2
2023-06-28,East,104.24,3
2023-06-01,East,104.22,3
2023-06-02,East,140.35,4
2023-06-03,East,104.21,3
2023-06-04,East,138.85,4
2023-06-05,East,104.78,3
2023-06-06,East,140.17,4
2023-06-07,East,104.57,3
2023-06-08,East,70.42,2
2023-06-09,East,106.05,3
2023-06-10,East,104.19,3
2023-06-11,East,140.20,4
2023-06-12,East,140.64,4
2023-06-13,East,138.63,4
2023-06-14,East,69.70,2
2023-06-15,East,141.10,4
2023-06-16,East,104.53,3
2023-06-17,East,105.20,3
2023-06-18,East,69.81,2
2023-06-19,East,105.24,3
2023-06-20,East,104.78,3
2023-06-21,East,104.03,3
2023-06-22,East,70.53,2
2023-06-23,East,70.59,2
2023-06-24,East,106.01,3
2023-06-25,East,140.33,4
2023-06-26,East,138.83,4
2023-06-27,East,104.01,3
2023-06-28,East,69.37,2
2023-06-01,East,104.49,3
2023-06-02,East,70.13,2
2023-06-03,East,104.98,3
2023-06-04,East,104.09,3
2023-06-05,East,104.36,3
2023-06-06,East,141.30,4
2023-06-07,East,69.84,2
2023-06-08,East,69.68,2
2023-06-09,East,138.94,4
2023-06-10,East,105.59,3
2023-06-11,East,104.89,3
2023-06-12,East,139.93,4
2023-06-13,East,69.97,2
2023-06-14,East,139.59,4
2023-06-15,East,140.08,4
2023-06-16,East,69.88,2
2023-06-17,East,70.41,2
2023-06-18,East,69.79,2
2023-06-19,East,70.22,2
2023-06-20,East,70.50,2
2023-06-21,East,140.97,4
2023-06-22,East,140.62,4
2023-06-23,East,140.98,4
2023-06-24,East,105.52,3
2023-06-25,East,138.81,4
2023-06-26,East,104.88,3
2023-06-27,East,140.84,4
2023-06-28,East,70.52,2
2023-06-01,West,100.80,4
2023-06-02,West,50.29,2
2023-06-03,West,50.21,2
2023-06-04,West,75.63,3
2023-06-05,West,74.87,3
2023-06-06,West,74.56,3
2023-06-07,West,100.47,4
2023-06-08,West,50.26,2
2023-06-09,West,50.46,2
2023-06-10,West,50.34,2
2023-06-11,West,50.46,2
2023-06-12,West,74.65,3
2023-06-13,West,74.70,3
2023-06-14,West,99.17,4
2023-06-15,West,100.01,4
2023-06-16,West,49.91,2
2023-06-17,West,75.28,3
2023-06-18,West,50.47,2
2023-06-19,West,75.58,3
2023-06-20,West,100.28,4
2023-06-21,West,74.26,3
2023-06-22,West,49.94,2
2023-06-23,West,99.06,4
2023-06-24,West,99.00,4
2023-06-25,West,100.31,4
2023-06-26,West,99.57,4
2023-06-27,West,49.61,2
2023-06-28,West,49.88,2
2023-06-01,West,74.94,3
2023-06-02,West,50.16,2
2023-06-03,West,75.42,3
2023-06-04,West,49.79,2
2023-06-05,West,50.42,2
2023-06-06,West,74.94,3
2023-06-07,West,99.01,4
2023-06-08,West,74.43,3
2023-06-09,West,100.88,4
2023-06-10,West,99.66,4
2023-06-11,West,75.36,3
2023-06-12,West,49.58,2
2023-06-13,West,75.32,3
2023-06-14,West,100.85,4
2023-06-15,West,74.33,3
2023-06-16,West,49.94,2
2023-06-17,West,74.49,3
2023-06-18,West,74.25,3
2023-06-19,West,75.65,3
2023-06-20,West,49.58,2
2023-06-21,West,49.92,2
2023-06-22,West,74.55,3
2023-06-23,West,49.61,2
2023-06-24,West,75.19,3
2023-06-25,West,75.64,3
2023-06-26,West,74.70,3
2023-06-27,West,74.42,3
2023-06-28,West,50.14,2
2023-06-01,West,99.09,4
2023-06-02,West,50.01,2
2023-06-03,West,49.60,2
2023-06-04,West,74.87,3
2023-06-05,West,50.27,2
2023-06-06,West,75.14,3
2023-06-07,West,100.59,4
2023-06-08,West,74.57,3
2023-06-09,West,49.61,2
2023-06-10,West,49.62,2
2023-06-11,West,100.53,4
2023-06-12,West,99.66,4
2023-06-13,West,99.53,4
2023-06-14,West,50.44,2
2023-06-15,West,75.05,3
2023-06-16,West,49.67,2
2023-06-17,West,50.05,2
2023-06-18,West,100.71,4
2023-06-19,West,50.18,2
2023-06-20,West,99.36,4
2023-06-21,West,49.85,2
2023-06-22,West,74.93,3
2023-06-23,West,75.72,3
2023-06-24,West,74.58,3
2023-06-25,West,75.65,3
2023-06-26,West,100.48,4
2023-06-27,West,74.92,3
2023-06-28,West,100.90,4
2023-06-01,West,74.43,3
2023-06-02,West,99.97,4
2023-06-03,West,49.92,2
2023-06-04,West,50.50,2
2023-06-05,West,74.41,3
2023-06-06,West,49.96,2
2023-06-07,West,49.84,2
2023-06-08,West,75.37,3
2023-06-09,West,50.44,2
2023-06-10,West,74.33,3
2023-06-11,West,75.45,3
2023-06-12,West,49.68,2
2023-06-13,West,50.39,2
2023-06-14,West,50.18,2
2023-06-15,West,99.28,4
2023-06-16,West,49.57,2
2023-06-17,West,75.47,3
2023-06-18,West,50.43,2
2023-06-19,West,75.17,3
2023-06-20,West,75.57,3
2023-06-21,West,74.95,3
2023-06-22,West,50.21,2
2023-06-23,West,75.01,3
2023-06-24,West,74.54,3
2023-06-25,West,100.56,4
2023-06-26,West,50.26,2
2023-07-01,North,59.55,2
2023-07-02,North,119.12,4
2023-07-03,North,89.82,3
2023-07-04,North,59.98,2
2023-07-05,North,119.32,4
2023-07-06,North,120.20,4
2023-07-07,North,118.88,4
2023-07-08,North,121.15,4
2023-07-09,North,90.62,3
2023-07-10,North,60.55,2
2023-07-11,North,89.32,3
2023-07-12,North,89.54,3
2023-07-13,North,60.24,2
2023-07-14,North,120.33,4
2023-07-15,North,89.79,3
2023-07-16,North,89.26,3
2023-07-17,North,89.57,3
2023-07-18,North,60.57,2
2023-07-19,North,89.92,3
2023-07-20,North,119.89,4
2023-07-21,North,60.08,2
2023-07-22,North,90.78,3
2023-07-23,North,120.07,4
2023-07-24,North,90.04,3
2023-07-25,North,59.69,2
2023-07-26,North,89.39,3
2023-07-27,North,120.86,4
2023-07-28,North,120.06,4
2023-07-01,North,90.86,3
2023-07-02,North,119.57,4
2023-07-03,North,60.08,2
2023-07-04,North,90.19,3
2023-07-05,North,60.16,2
2023-07-06,North,60.26,2
2023-07-07,North,59.42,2
2023-07-08,North,120.17,4
2023-07-09,North,119.80,4
2023-07-10,North,118.92,4
2023-07-11,North,89.27,3
2023-07-12,North,119.22,4
2023-07-13,North,89.81,3
2023-07-14,North,59.66,2
2023-07-15,North,59.52,2
2023-07-16,North,119.20,4
2023-07-17,North,90.26,3
2023-07-18,North,59.77,2
2023-07-19,North,60.03,2
2023-07-20,North,89.20,3
2023-07-21,North,90.31,3
2023-07-22,North,89.19,3
2023-07-23,North,89.89,3
2023-07-24,North,118.81,4
2023-07-25,North,89.42,3
2023-07-26,North,118.87,4
2023-07-27,North,59.45,2
2023-07-28,North,118.82,4
2023-07-01,North,60.44,2
2023-07-02,North,119.13,4
2023-07-03,North,90.17,3
2023-07-04,North,59.93,2
2023-07-05,North,89.54,3
2023-07-06,North,89.47,3
2023-07-07,North,120.37,4
2023-07-08,North,119.66,4
2023-07-09,North,119.92,4
2023-07-10,North,120.77,4
2023-07-11,North,60.24,2
2023-07-12,North,118.96,4
2023-07-13,North,89.88,3
2023-07-14,North,121.10,4
2023-07-15,North,119.84,4
2023-07-16,North,90.75,3
2023-07-17,North,89.25,3
2023-07-18,North,89.70,3
2023-07-19,North,59.82,2
2023-07-20,North,89.63,3
2023-07-21,North,119.99,4
2023-07-22,North,60.14,2
2023-07-23,North,60.32,2
2023-07-24,North,59.92,2
2023-07-25,North,90.71,3
2023-07-26,North,60.38,2
2023-07-27,North,90.47,3
2023-07-28,North,119.28,4
2023-07-01,North,119.74,4
2023-07-02,North,89.59,3
2023-07-03,North,119.77,4
2023-07-04,North,90.83,3
2023-07-05,North,89.67,3
2023-07-06,North,119.80,4
2023-07-07,North,59.88,2
2023-07-08,North,119.83,4
2023-07-09,North,120.20,4
2023-07-10,North,90.62,3
2023-07-11,North,89.60,3
2023-07-12,North,89.66,3
2023-07-13,North,120.34,4
2023-07-14,North,59.52,2
2023-07-15,North,121.04,4
2023-07-16,North,59.54,2
2023-07-17,North,60.01,2
2023-07-18,North,59.95,2
2023-07-19,North,60.13,2
2023-07-20,North,60.11,2
2023-07-21,North,60.24,2
2023-07-22,North,90.04,3
2023-07-23,North,59.55,2
2023-07-24,North,118.87,4
2023-07-25,North,89.98,3
2023-07-26,North,90.69,3
2023-07-27,North,60.19,2
2023-07-28,North,59.43,2
2023-07-01,North,120.71,4
2023-07-02,North,60.56,2
2023-07-03,North,89.29,3
2023-07-04,North,90.15,3
2023-07-05,North,89.92,3
2023-07-06,North,89.70,3
2023-07-07,North,59.66,2
2023-07-08,North,120.65,4
2023-07-09,North,119.57,4
2023-07-10,North,120.34,4
2023-07-11,North,60.44,2
2023-07-12,North,60.02,2
2023-07-13,North,89.84,3
2023-07-14,North,59.67,2
2023-07-15,North,60.24,2
2023-07-16,North,60.06,2
2023-07-17,North,90.02,3
2023-07-18,North,90.58,3
2023-07-19,North,60.42,2
2023-07-20,North,59.92,2
2023-07-21,North,89.71,3
2023-07-22,North,120.65,4
2023-07-23,North,119.09,4
2023-07-24,North,90.27,3
2023-07-25,North,120.42,4
2023-07-26,North,60.44,2
2023-07-27,North,120.58,4
2023-07-28,North,121.15,4
2023-07-01,North,59.43,2
2023-07-02,North,119.30,4
2023-07-03,North,60.46,2
2023-07-04,North,119.74,4
2023-07-05,North,119.33,4
2023-07-06,North,59.64,2
2023-07-07,North,118.87,4
2023-07-08,North,89.71,3
2023-07-09,North,59.88,2
2023-07-10,North,59.51,2
2023-07-11,North,120.54,4
2023-07-12,North,60.45,2
2023-07-13,North,59.74,2
2023-07-14,North,59.79,2
2023-07-15,North,60.37,2
2023-07-16,North,120.16,4
2023-07-17,North,90.53,3
2023-07-18,North,59.77,2
2023-07-19,North,119.06,4
2023-07-20,North,60.00,2
2023-07-21,North,90.12,3
2023-07-22,North,120.16,4
2023-07-23,North,119.33,4
2023-07-24,North,89.70,3
2023-07-25,North,120.06,4
2023-07-26,North,59.60,2
2023-07-27,North,120.36,4
2023-07-28,North,60.24,2
2023-07-01,North,60.20,2
2023-07-02,North,119.83,4
2023-07-03,North,119.41,4
2023-07-04,North,119.97,4
2023-07-05,North,119.53,4
2023-07-06,North,90.24,3
2023-07-07,North,118.85,4
2023-07-08,North,120.16,4
2023-07-09,North,60.05,2
2023-07-10,North,119.90,4
2023-07-11,North,90.54,3
2023-07-12,North,59.59,2
2023-07-13,North,60.28,2
2023-07-14,North,118.89,4
2023-07-15,North,59.46,2
2023-07-16,North,59.84,2
2023-07-17,North,90.03,3
2023-07-18,North,120.66,4
2023-07-19,North,90.26,3
2023-07-20,North,120.03,4
2023-07-21,North,89.51,3
2023-07-22,North,89.52,3
2023-07-23,North,119.88,4
2023-07-24,North,90.65,3
2023-07-25,North,119.70,4
2023-07-26,North,89.87,3
2023-07-27,North,89.62,3
2023-07-28,North,60.42,2
2023-07-01,North,90.15,3
2023-07-02,North,89.45,3
2023-07-03,North,90.51,3
2023-07-04,North,90.65,3
2023-07-01,South,111.83,4
2023-07-02,South,111.84,4
2023-07-03,South,83.96,3
2023-07-04,South,55.49,2
2023-07-05,South,111.14,4
2023-07-06,South,83.35,3
2023-07-07,South,56.43,2
2023-07-08,South,111.14,4
2023-07-09,South,84.02,3
2023-07-10,South,56.40,2
2023-07-11,South,55.48,2
2023-07-12,South,55.99,2
2023-07-13,South,56.20,2
2023-07-14,South,84.11,3
2023-07-15,South,83.88,3
2023-07-16,South,84.76,3
2023-07-17,South,83.29,3
2023-07-18,South,112.84,4
2023-07-19,South,84.04,3
2023-07-20,South,112.25,4
2023-07-21,South,56.09,2
2023-07-22,South,112.49,4
2023-07-23,South,56.05,2
2023-07-24,South,111.99,4
2023-07-25,South,111.70,4
2023-07-26,South,111.50,4
2023-07-27,South,83.87,3
2023-07-28,South,55.67,2
2023-07-01,South,84.48,3
2023-07-02,South,83.17,3
2023-07-03,South,56.45,2
2023-07-04,South,84.82,3
2023-07-05,South,111.52,4
2023-07-06,South,83.23,3
2023-07-07,South,83.45,3
2023-07-08,South,55.78,2
2023-07-09,South,56.12,2
2023-07-10,South,56.16,2
2023-07-11,South,83.91,3
2023-07-12,South,55.70,2
2023-07-13,South,112.26,4
2023-07-14,South,55.98,2
2023-07-15,South,84.50,3
2023-07-16,South,84.20,3
2023-07-17,South,112.36,4
2023-07-18,South,56.40,2
2023-07-19,South,56.13,2
2023-07-20,South,56.22,2
2023-07-21,South,56.49,2
2023-07-22,South,113.08,4
2023-07-23,South,112.82,4
2023-07-24,South,56.46,2
2023-07-25,South,112.50,4
2023-07-26,South,112.37,4
2023-07-27,South,55.86,2
2023-07-28,South,55.59,2
2023-07-01,South,83.79,3
2023-07-02,South,55.80,2
2023-07-03,South,111.43,4
2023-07-04,South,112.40,4
2023-07-05,South,56.29,2
2023-07-06,South,56.48,2
2023-07-07,South,56.35,2
2023-07-08,South,84.20,3
2023-07-09,South,111.34,4
2023-07-10,South,56.52,2
2023-07-11,South,84.79,3
2023-07-12,South,55.68,2
2023-07-13,South,83.67,3
2023-07-14,South,83.23,3
2023-07-15,South,56.36,2
2023-07-16,South,83.31,3
2023-07-17,South,111.88,4
2023-07-18,South,56.17,2
2023-07-19,South,111.95,4
2023-07-20,South,56.48,2
2023-07-21,South,55.77,2
2023-07-22,South,111.57,4
2023-07-23,South,56.14,2
2023-07-24,South,55.69,2
2023-07-25,South,84.65,3
2023-07-26,South,84.36,3
2023-07-27,South,84.37,3
2023-07-28,South,112.97,4
2023-07-01,South,83.19,3
2023-07-02,South,83.57,3
2023-07-03,South,83.78,3
2023-07-04,South,55.96,2
2023-07-05,South,83.82,3
2023-07-06,South,84.30,3
2023-07-07,South,111.58,4
2023-07-08,South,56.10,2
2023-07-09,South,56.23,2
2023-07-10,South,55.76,2
2023-07-11,South,84.58,3
2023-07-12,South,111.90,4
2023-07-13,South,111.43,4
2023-07-14,South,55.86,2
2023-07-15,South,112.50,4
2023-07-16,South,111.67,4
2023-07-17,South,55.58,2
2023-07-18,South,113.00,4
2023-07-19,South,83.28,3
2023-07-20,South,84.09,3
2023-07-21,South,83.80,3
2023-07-22,South,55.52,2
2023-07-23,South,84.35,3
2023-07-24,South,55.52,2
2023-07-25,South,112.13,4
2023-07-26,South,83.52,3
2023-07-27,South,84.79,3
2023-07-28,South,55.68,2
2023-07-01,South,55.51,2
2023-07-02,South,83.52,3
2023-07-03,South,83.39,3
2023-07-04,South,56.28,2
2023-07-05,South,55.94,2
2023-07-06,South,83.55,3
2023-07-07,South,112.31,4
2023-07-08,South,112.43,4
2023-07-09,South,111.05,4
2023-07-10,South,56.46,2
2023-07-11,South,56.49,2
2023-07-12,South,84.19,3
2023-07-13,South,112.18,4
2023-07-14,South,55.80,2
2023-07-15,South,112.58,4
2023-07-16,South,111.92,4
2023-07-17,South,111.74,4
2023-07-18,South,84.50,3
2023-07-19,South,111.65,4
2023-07-20,South,56.05,2
2023-07-21,South,83.56,3
2023-07-22,South,55.48,2
2023-07-23,South,55.66,2
2023-07-24,South,84.54,3
2023-07-25,South,55.76,2
2023-07-26,South,110.88,4
2023-07-27,South,113.06,4
2023-07-28,South,111.45,4
2023-07-01,South,83.56,3
2023-07-02,South,84.14,3
2023-07-03,South,112.65,4
2023-07-04,South,56.37,2
2023-07-05,South,111.00,4
2023-07-06,South,111.92,4
2023-07-07,South,84.62,3
2023-07-08,South,55.66,2
2023-07-09,South,56.45,2
2023-07-10,South,111.19,4
2023-07-11,South,56.26,2
2023-07-12,South,55.78,2
2023-07-13,South,83.52,3
2023-07-14,South,84.36,3
2023-07-15,South,112.24,4
2023-07-16,South,55.77,2
2023-07-17,South,56.38,2
2023-07-18,South,56.04,2
2023-07-19,South,112.66,4
2023-07-20,South,112.02,4
2023-07-21,South,55.70,2
2023-07-22,South,112.90,4
2023-07-23,South,55.62,2
2023-07-24,South,83.74,3
2023-07-25,South,110.99,4
2023-07-26,South,112.25,4
2023-07-27,South,56.44,2
2023-07-28,South,83.73,3
2023-07-01,South,111.38,4
2023-07-02,South,111.19,4
2023-07-01,East,104.32,3
2023-07-02,East,139.61,4
2023-07-03,East,70.43,2
2023-07-04,East,69.92,2
2023-07-05,East,141.11,4
2023-07-06,East,105.36,3
2023-07-07,East,138.95,4
2023-07-08,East,69.86,2
2023-07-09,East,105.30,3
2023-07-10,East,140.00,4
2023-07-11,East,105.83,3
2023-07-12,East,105.63,3
2023-07-13,East,140.21,4
2023-07-14,East,105.66,3
2023-07-15,East,70.57,2
2023-07-16,East,105.63,3
2023-07-17,East,141.06,4
2023-07-18,East,104.72,3
2023-07-19,East,138.96,4
2023-07-20,East,104.59,3
2023-07-21,East,105.17,3
2023-07-22,East,104.87,3
2023-07-23,East,69.68,2
2023-07-24,East,141.31,4
2023-07-25,East,140.46,4
2023-07-26,East,69.85,2
2023-07-27,East,141.24,4
2023-07-28,East,139.79,4
2023-07-01,East,69.32,2
2023-07-02,East,139.20,4
2023-07-03,East,70.65,2
2023-07-04,East,70.49,2
2023-07-05,East,70.42,2
2023-07-06,East,70.53,2
2023-07-07,East,138.87,4
2023-07-08,East,105.05,3
2023-07-09,East,69.55,2
2023-07-10,East,70.54,2
2023-07-11,East,141.03,4
2023-07-12,East,70.56,2
2023-07-13,East,104.99,3
2023-07-14,East,140.20,4
2023-07-15,East,69.81,2
2023-07-16,East,104.23,3
2023-07-17,East,69.73,2
2023-07-18,East,104.50,3
2023-07-19,East,139.96,4
2023-07-20,East,69.43,2
2023-07-21,East,105.24,3
2023-07-22,East,104.23,3
2023-07-23,East,141.01,4
2023-07-24,East,70.33,2
2023-07-25,East,104.86,3
2023-07-26,East,141.14,4
2023-07-27,East,139.52,4
2023-07-28,East,69.56,2
2023-07-01,East,140.79,4
2023-07-02,East,104.38,3
2023-07-03,East,139.69,4
2023-07-04,East,70.36,2
2023-07-05,East,105.72,3
2023-07-06,East,104.41,3
2023-07-07,East,69.84,2
2023-07-08,East,141.04,4
2023-07-09,East,70.09,2
2023-07-10,East,139.85,4
2023-07-11,East,140.49,4
2023-07-12,East,138.67,4
2023-07-13,East,140.61,4
2023-07-14,East,69.45,2
2023-07-15,East,104.93,3
2023-07-16,East,139.89,4
2023-07-17,East,105.35,3
2023-07-18,East,69.66,2
2023-07-19,East,106.01,3
2023-07-20,East,139.07,4
2023-07-21,East,70.25,2
2023-07-22,East,138.75,4
2023-07-23,East,105.75,3
2023-07-24,East,69.44,2
2023-07-25,East,104.45,3
2023-07-26,East,70.45,2
2023-07-27,East,139.94,4
2023-07-28,East,139.20,4
2023-07-01,East,104.84,3
2023-07-02,East,105.24,3
2023-07-03,East,140.63,4
2023-07-04,East,103.95,3
2023-07-05,East,104.58,3
2023-07-06,East,69.48,2
2023-07-07,East,104.89,3
2023-07-08,East,140.62,4
2023-07-09,East,104.42,3
2023-07-10,East,105.59,3
2023-07-11,East,104.86,3
2023-07-12,East,105.13,3
2023-07-13,East,104.37,3
2023-07-14,East,140.99,4
2023-07-15,East,104.46,3
2023-07-16,East,70.31,2
2023-07-17,East,141.35,4
2023-07-18,East,141.27,4
2023-07-19,East,70.55,2
2023-07-20,East,138.89,4
2023-07-21,East,70.07,2
2023-07-22,East,140.71,4
2023-07-23,East,139.36,4
2023-07-24,East,139.62,4
2023-07-25,East,139.78,4
2023-07-26,East,70.15,2
2023-07-27,East,140.86,4
2023-07-28,East,140.84,4
2023-07-01,East,105.58,3
2023-07-02,East,69.90,2
2023-07-03,East,104.63,3
2023-07-04,East,139.60,4
2023-07-05,East,104.68,3
2023-07-06,East,69.42,2
2023-07-07,East,139.43,4
2023-07-08,East,139.57,4
2023-07-09,East,104.18,3
2023-07-10,East,70.41,2
2023-07-11,East,140.57,4
2023-07-12,East,69.44,2
2023-07-13,East,105.47,3
2023-07-14,East,139.08,4
2023-07-15,East,139.13,4
2023-07-16,East,70.01,2
2023-07-17,East,140.21,4
2023-07-18,East,138.73,4
2023-07-19,East,138.88,4
2023-07-20,East,105.67,3
2023-07-21,East,70.53,2
2023-07-22,East,141.30,4
2023-07-23,East,140.94,4
2023-07-24,East,104.78,3
2023-07-25,East,105.98,3
2023-07-26,East,139.64,4
2023-07-27,East,104.33,3
2023-07-28,East,141.14,4
2023-07-01,West,50.28,2
2023-07-02,West,100.12,4
2023-07-03,West,99.82,4
2023-07-04,West,74.30,3
2023-07-05,West,50.49,2
2023-07-06,West,50.21,2
2023-07-07,West,99.23,4
2023-07-08,West,100.33,4
2023-07-09,West,99.74,4
2023-07-10,West,99.71,4
2023-07-11,West,99.80,4
2023-07-12,West,50.16,2
2023-07-13,West,100.14,4
2023-07-14,West,49.54,2
2023-07-15,West,100.46,4
2023-07-16,West,99.95,4
2023-07-17,West,75.36,3
2023-07-18,West,50.32,2
2023-07-19,West,75.26,3
2023-07-20,West,74.39,3
2023-07-21,West,99.02,4
2023-07-22,West,49.87,2
2023-07-23,West,50.30,2
2023-07-24,West,49.89,2
2023-07-25,West,74.31,3
2023-07-26,West,50.47,2
2023-07-27,West,75.18,3
2023-07-28,West,99.27,4
2023-07-01,West,75.69,3
2023-07-02,West,75.05,3
2023-07-03,West,74.69,3
2023-07-04,West,100.60,4
2023-07-05,West,50.44,2
2023-07-06,West,50.15,2
2023-07-07,West,99.09,4
2023-07-08,West,49.77,2
2023-07-09,West,99.97,4
2023-07-10,West,74.38,3
2023-07-11,West,99.88,4
2023-07-12,West,49.56,2
2023-07-13,West,75.45,3
2023-07-14,West,75.64,3
2023-07-15,West,99.27,4
2023-07-16,West,99.77,4
2023-07-17,West,75.59,3
2023-07-18,West,49.96,2
2023-07-19,West,75.24,3
2023-07-20,West,49.88,2
2023-07-21,West,100.52,4
2023-07-22,West,49.93,2
2023-07-23,West,74.31,3
2023-07-24,West,99.15,4
2023-07-25,West,75.74,3
2023-07-26,West,49.65,2
2023-07-27,West,49.81,2
2023-07-28,West,99.38,4
2023-07-01,West,100.31,4
2023-07-02,West,49.76,2
2023-07-03,West,74.42,3
2023-07-04,West,100.13,4
2023-07-05,West,99.18,4
2023-07-06,West,75.46,3
2023-07-07,West,99.29,4
2023-07-08,West,49.76,2
2023-07-09,West,99.37,4
2023-07-10,West,49.87,2
2023-07-11,West,100.71,4
2023-07-12,West,49.72,2
2023-07-13,West,100.94,4
2023-07-14,West,50.40,2
2023-07-15,West,100.87,4
2023-07-16,West,50.22,2
2023-07-17,West,100.11,4
2023-07-18,West,50.35,2
2023-07-19,West,50.00,2
2023-07-20,West,50.20,2
2023-07-21,West,75.51,3
2023-07-22,West,50.03,2
2023-07-23,West,75.45,3
2023-07-24,West,49.76,2
2023-07-25,West,75.61,3
2023-07-26,West,100.39,4
2023-07-27,West,100.46,4
2023-07-28,West,75.19,3
2023-07-01,West,99.37,4
2023-07-02,West,74.77,3
2023-07-03,West,75.41,3
2023-07-04,West,74.26,3
2023-07-05,West,99.89,4
2023-07-06,West,75.20,3
2023-07-07,West,100.98,4
2023-07-08,West,75.56,3
2023-07-09,West,74.38,3
2023-07-10,West,75.54,3
2023-07-11,West,50.45,2
2023-07-12,West,50.28,2
2023-07-13,West,100.69,4
2023-07-14,West,50.19,2
2023-07-15,West,50.24,2
2023-07-16,West,50.09,2
2023-07-17,West,50.38,2
2023-07-18,West,50.31,2
2023-07-19,West,100.54,4
2023-07-20,West,99.83,4
2023-07-21,West,75.57,3
2023-07-22,West,75.23,3
2023-07-23,West,75.16,3
2023-07-24,West,50.40,2
2023-07-25,West,100.02,4
2023-07-26,West,75.06,3
2023-08-01,North,59.56,2
2023-08-02,North,120.05,4
2023-08-03,North,59.98,2
2023-08-04,North,89.89,3
2023-08-05,North,60.51,2
2023-08-06,North,120.80,4
2023-08-07,North,120.63,4
2023-08-08,North,120.65,4
2023-08-09,North,90.07,3
2023-08-10,North,89.61,3
2023-08-11,North,89.84,3
2023-08-12,North,90.60,3
2023-08-13,North,89.19,3
2023-08-14,North,59.49,2
2023-08-15,North,59.42,2
2023-08-16,North,119.76,4
2023-08-17,North,89.53,3
2023-08-18,North,120.33,4
2023-08-19,North,59.76,2
2023-08-20,North,90.55,3
2023-08-21,North,120.29,4
2023-08-22,North,59.71,2
2023-08-23,North,60.53,2
2023-08-24,North,60.54,2
2023-08-25,North,89.75,3
2023-08-26,North,121.16,4
2023-08-27,North,119.82,4
2023-08-28,North,118.88,4
2023-08-01,North,89.93,3
2023-08-02,North,59.55,2
2023-08-03,North,120.24,4
2023-08-04,North,90.19,3
2023-08-05,North,59.58,2
2023-08-06,North,90.08,3
2023-08-07,North,90.12,3
2023-08-08,North,120.64,4
2023-08-09,North,120.74,4
2023-08-10,North,89.11,3
2023-08-11,North,59.92,2
2023-08-12,North,90.67,3
2023-08-13,North,120.10,4
2023-08-14,North,90.35,3
2023-08-15,North,120.66,4
2023-08-16,North,120.72,4
2023-08-17,North,119.35,4
2023-08-18,North,60.54,2
2023-08-19,North,59.45,2
2023-08-20,North,89.21,3
2023-08-21,North,90.58,3
2023-08-22,North,59.61,2
2023-08-23,North,121.16,4
2023-08-24,North,90.86,3
2023-08-25,North,59.88,2
2023-08-26,North,89.26,3
2023-08-27,North,90.81,3
2023-08-28,North,60.50,2
2023-08-01,North,120.76,4
2023-08-02,North,59.97,2
2023-08-03,North,90.28,3
2023-08-04,North,90.81,3
2023-08-05,North,89.89,3
2023-08-06,North,120.55,4
2023-08-07,North,60.09,2
2023-08-08,North,60.34,2
2023-08-09,North,59.62,2
2023-08-10,North,89.54,3
2023-08-11,North,119.74,4
2023-08-12,North,119.62,4
2023-08-13,North,89.44,3
2023-08-14,North,89.91,3
2023-08-15,North,60.04,2
2023-08-16,North,60.55,2
2023-08-17,North,59.55,2
2023-08-18,North,120.67,4
2023-08-19,North,120.71,4
2023-08-20,North,90.23,3
2023-08-21,North,120.21,4
2023-08-22,North,89.43,3
2023-08-23,North,60.13,2
2023-08-24,North,119.90,4
2023-08-25,North,119.45,4
2023-08-26,North,59.55,2
2023-08-27,North,60.27,2
2023-08-28,North,89.40,3
2023-08-01,North,60.47,2
2023-08-02,North,119.63,4
2023-08-03,North,59.44,2
2023-08-04,North,119.79,4
2023-08-05,North,60.01,2
2023-08-06,North,119.83,4
2023-08-07,North,90.30,3
2023-08-08,North,119.53,4
2023-08-09,North,119.14,4
2023-08-10,North,89.28,3
2023-08-11,North,90.34,3
2023-08-12,North,120.34,4
2023-08-13,North,89.61,3
2023-08-14,North,119.15,4
2023-08-15,North,59.51,2
2023-08-16,North,90.74,3
2023-08-17,North,89.13,3
2023-08-18,North,90.08,3
2023-08-19,North,60.16,2
2023-08-20,North,89.14,3
2023-08-21,North,120.40,4
2023-08-22,North,119.50,4
2023-08-23,North,90.13,3
2023-08-24,North,119.78,4
2023-08-25,North,89.99,3
2023-08-26,North,120.55,4
2023-08-27,North,89.42,3
2023-08-28,North,89.21,3
2023-08-01,North,60.15,2
2023-08-02,North,120.44,4
2023-08-03,North,89.68,3
2023-08-04,North,120.51,4
2023-08-05,North,60.36,2
2023-08-06,North,90.46,3
2023-08-07,North,119.00,4
2023-08-08,North,89.64,3
2023-08-09,North,90.09,3
2023-08-10,North,89.79,3
2023-08-11,North,90.32,3
2023-08-12,North,60.47,2
2023-08-13,North,89.43,3
2023-08-14,North,90.78,3
2023-08-15,North,89.29,3
2023-08-16,North,59.45,2
2023-08-17,North,118.88,4
2023-08-18,North,59.70,2
2023-08-19,North,119.46,4
2023-08-20,North,89.52,3
2023-08-21,North,89.50,3
2023-08-22,North,89.85,3
2023-08-23,North,120.38,4
2023-08-24,North,59.48,2
2023-08-25,North,120.54,4
2023-08-26,North,90.75,3
2023-08-27,North,120.89,4
2023-08-28,North,60.16,2
2023-08-01,North,120.79,4
2023-08-02,North,59.87,2
2023-08-03,North,120.32,4
2023-08-04,North,60.22,2
2023-08-05,North,119.86,4
2023-08-06,North,59.97,2
2023-08-07,North,119.55,4
2023-08-08,North,119.22,4
2023-08-09,North,119.39,4
2023-08-10,North,60.19,2
2023-08-11,North,89.76,3
2023-08-12,North,60.03,2
2023-08-13,North,60.52,2
2023-08-14,North,60.55,2
2023-08-15,North,120.73,4
2023-08-16,North,59.85,2
2023-08-17,North,119.38,4
2023-08-18,North,59.83,2
2023-08-19,North,59.91,2
2023-08-20,North,119.58,4
2023-08-21,North,59.87,2
2023-08-22,North,60.36,2
2023-08-23,North,59.58,2
2023-08-24,North,90.01,3
2023-08-25,North,60.18,2
2023-08-26,North,89.36,3
2023-08-27,North,60.50,2
2023-08-28,North,89.18,3
2023-08-01,North,90.50,3
2023-08-02,North,120.83,4
2023-08-03,North,89.20,3
2023-08-04,North,90.02,3
2023-08-05,North,89.40,3
2023-08-06,North,60.38,2
2023-08-07,North,90.52,3
2023-08-08,North,59.84,2
2023-08-09,North,121.10,4
2023-08-10,North,89.30,3
2023-08-11,North,119.59,4
2023-08-12,North,89.83,3
2023-08-13,North,120.66,4
2023-08-14,North,90.72,3
2023-08-15,North,120.21,4
2023-08-16,North,59.73,2
2023-08-17,North,119.58,4
2023-08-18,North,118.93,4
2023-08-19,North,119.43,4
2023-08-20,North,60.23,2
2023-08-21,North,90.34,3
2023-08-22,North,120.52,4
2023-08-23,North,90.30,3
2023-08-24,North,90.04,3
2023-08-25,North,90.28,3
2023-08-26,North,60.02,2
2023-08-27,North,120.57,4
2023-08-28,North,90.46,3
2023-08-01,North,59.68,2
2023-08-02,North,60.06,2
2023-08-03,North,118.98,4
2023-08-04,North,119.98,4
2023-08-01,South,83.51,3
2023-08-02,South,84.70,3
2023-08-03,South,84.51,3
2023-08-04,South,112.24,4
2023-08-05,South,111.08,4
2023-08-06,South,112.20,4
2023-08-07,South,84.66,3
2023-08-08,South,112.87,4
2023-08-09,South,112.89,4
2023-08-10,South,84.83,3
2023-08-11,South,83.45,3
2023-08-12,South,55.86,2
2023-08-13,South,112.11,4
2023-08-14,South,55.78,2
2023-08-15,South,83.55,3
2023-08-16,South,56.10,2
2023-08-17,South,111.49,4
2023-08-18,South,56.22,2
2023-08-19,South,112.96,4
2023-08-20,South,111.94,4
2023-08-21,South,83.94,3
2023-08-22,South,84.68,3
2023-08-23,South,55.71,2
2023-08-24,South,112.83,4
2023-08-25,South,111.60,4
2023-08-26,South,83.73,3
2023-08-27,South,56.37,2
2023-08-28,South,83.25,3
2023-08-01,South,83.84,3
2023-08-02,South,84.51,3
2023-08-03,South,55.82,2
2023-08-04,South,84.71,3
2023-08-05,South,55.98,2
2023-08-06,South,83.29,3
2023-08-07,South,56.22,2
2023-08-08,South,83.88,3
2023-08-09,South,56.39,2
2023-08-10,South,56.06,2
2023-08-11,South,84.52,3
2023-08-12,South,83.68,3
2023-08-13,South,111.45,4
2023-08-14,South,84.84,3
2023-08-15,South,84.09,3
2023-08-16,South,56.01,2
2023-08-17,South,56.22,2
2023-08-18,South,56.23,2
2023-08-19,South,56.25,2
2023-08-20,South,84.57,3
2023-08-21,South,112.28,4
2023-08-22,South,56.36,2
2023-08-23,South,56.56,2
2023-08-24,South,55.63,2
2023-08-25,South,83.25,3
2023-08-26,South,55.53,2
2023-08-27,South,83.85,3
2023-08-28,South,55.78,2
2023-08-01,South,112.99,4
2023-08-02,South,84.06,3
2023-08-03,South,55.60,2
2023-08-04,South,56.39,2
2023-08-05,South,84.26,3
2023-08-06,South,84.20,3
2023-08-07,South,56.04,2
2023-08-08,South,56.32,2
2023-08-09,South,56.22,2
2023-08-10,South,55.51,2
2023-08-11,South,56.16,2
2023-08-12,South,83.69,3
2023-08-13,South,111.86,4
2023-08-14,South,110.98,4
2023-08-15,South,84.06,3
2023-08-16,South,55.52,2
2023-08-17,South,112.40,4
2023-08-18,South,83.58,3
2023-08-19,South,84.70,3
2023-08-20,South,83.90,3
2023-08-21,South,84.78,3
2023-08-22,South,84.70,3
2023-08-23,South,112.56,4
2023-08-24,South,111.17,4
2023-08-25,South,111.31,4
2023-08-26,South,55.58,2
2023-08-27,South,84.59,3
2023-08-28,South,113.12,4
2023-08-01,South,83.90,3
2023-08-02,South,112.70,4
2023-08-03,South,83.88,3
2023-08-04,South,55.75,2
2023-08-05,South,111.53,4
2023-08-06,South,84.06,3
2023-08-07,South,84.13,3
2023-08-08,South,84.60,3
2023-08-09,South,55.56,2
2023-08-10,South,84.11,3
2023-08-11,South,83.71,3
2023-08-12,South,84.42,3
2023-08-13,South,111.22,4
2023-08-14,South,84.03,3
2023-08-15,South,111.20,4
2023-08-16,South,112.65,4
2023-08-17,South,83.45,3
2023-08-18,South,110.90,4
2023-08-19,South,84.53,3
2023-08-20,South,56.11,2
2023-08-21,South,111.58,4
2023-08-22,South,112.04,4
2023-08-23,South,111.00,4
2023-08-24,South,55.48,2
2023-08-25,South,84.24,3
2023-08-26,South,55.56,2
2023-08-27,South,111.70,4
2023-08-28,South,84.20,3
2023-08-01,South,55.76,2
2023-08-02,South,55.93,2
2023-08-03,South,56.09,2
2023-08-04,South,83.59,3
2023-08-05,South,84.44,3
2023-08-06,South,111.63,4
2023-08-07,South,84.82,3
2023-08-08,South,56.30,2
2023-08-09,South,112.07,4
2023-08-10,South,84.01,3
2023-08-11,South,84.05,3
2023-08-12,South,83.22,3
2023-08-13,South,84.82,3
2023-08-14,South,111.76,4
2023-08-15,South,55.99,2
2023-08-16,South,55.78,2
2023-08-17,South,56.33,2
2023-08-18,South,55.57,2
2023-08-19,South,84.46,3
2023-08-20,South,56.27,2
2023-08-21,South,112.75,4
2023-08-22,South,55.64,2
2023-08-23,South,83.71,3
2023-08-24,South,84.58,3
2023-08-25,South,83.62,3
2023-08-26,South,112.38,4
2023-08-27,South,83.74,3
2023-08-28,South,111.13,4
2023-08-01,South,56.24,2
2023-08-02,South,56.01,2
2023-08-03,South,83.71,3
2023-08-04,South,84.63,3
2023-08-05,South,56.28,2
2023-08-06,South,112.65,4
2023-08-07,South,113.06,4
2023-08-08,South,112.65,4
2023-08-09,South,112.60,4
2023-08-10,South,112.12,4
2023-08-11,South,55.94,2
2023-08-12,South,83.44,3
2023-08-13,South,83.36,3
2023-08-14,South,84.30,3
2023-08-15,South,83.20,3
2023-08-16,South,83.59,3
2023-08-17,South,83.51,3
2023-08-18,South,56.21,2
2023-08-19,South,56.32,2
2023-08-20,South,83.33,3
2023-08-21,South,111.57,4
2023-08-22,South,112.89,4
2023-08-23,South,83.84,3
2023-08-24,South,56.34,2
2023-08-25,South,83.39,3
2023-08-26,South,55.86,2
2023-08-27,South,56.17,2
2023-08-28,South,111.27,4
2023-08-01,South,111.73,4
2023-08-02,South,111.42,4
2023-08-01,East,104.37,3
2023-08-02,East,141.39,4
2023-08-03,East,105.07,3
2023-08-04,East,105.29,3
2023-08-05,East,69.71,2
2023-08-06,East,70.54,2
2023-08-07,East,141.04,4
2023-08-08,East,104.07,3
2023-08-09,East,105.31,3
2023-08-10,East,105.36,3
2023-08-11,East,104.65,3
2023-08-12,East,70.66,2
2023-08-13,East,138.85,4
2023-08-14,East,140.88,4
2023-08-15,East,69.93,2
2023-08-16,East,70.18,2
2023-08-17,East,69.90,2
2023-08-18,East,140.45,4
2023-08-19,East,70.33,2
2023-08-20,East,104.57,3
2023-08-21,East,140.19,4
2023-08-22,East,104.65,3
2023-08-23,East,138.65,4
2023-08-24,East,139.43,4
2023-08-25,East,105.17,3
2023-08-26,East,139.25,4
2023-08-27,East,70.66,2
2023-08-28,East,104.62,3
2023-08-01,East,139.91,4
2023-08-02,East,140.42,4
2023-08-03,East,69.63,2
2023-08-04,East,105.87,3
2023-08-05,East,105.66,3
2023-08-06,East,141.24,4
2023-08-07,East,69.45,2
2023-08-08,East,69.71,2
2023-08-09,East,105.16,3
2023-08-10,East,69.45,2
2023-08-11,East,69.34,2
2023-08-12,East,104.68,3
2023-08-13,East,139.76,4
2023-08-14,East,139.87,4
2023-08-15,East,139.82,4
2023-08-16,East,69.65,2
2023-08-17,East,141.27,4
2023-08-18,East,70.57,2
2023-08-19,East,70.22,2
2023-08-20,East,140.12,4
2023-08-21,East,138.61,4
2023-08-22,East,105.58,3
2023-08-23,East,104.52,3
2023-08-24,East,140.89,4
2023-08-25,East,69.78,2
2023-08-26,East,70.47,2
2023-08-27,East,104.75,3
2023-08-28,East,140.94,4
2023-08-01,East,140.13,4
2023-08-02,East,139.48,4
2023-08-03,East,138.69,4
2023-08-04,East,70.67,2
2023-08-05,East,140.05,4
2023-08-06,East,70.47,2
2023-08-07,East,140.98,4
2023-08-08,East,70.41,2
2023-08-09,East,105.00,3
2023-08-10,East,69.93,2
2023-08-11,East,104.81,3
2023-08-12,East,69.76,2
2023-08-13,East,69.51,2
2023-08-14,East,141.21,4
2023-08-15,East,104.91,3
2023-08-16,East,69.35,2
2023-08-17,East,105.64,3
2023-08-18,East,105.35,3
2023-08-19,East,70.46,2
2023-08-20,East,139.10,4
2023-08-21,East,104.56,3
2023-08-22,East,69.47,2
2023-08-23,East,69.88,2
2023-08-24,East,138.63,4
2023-08-25,East,139.04,4
2023-08-26,East,70.02,2
2023-08-27,East,140.81,4
2023-08-28,East,69.41,2
2023-08-01,East,70.19,2
2023-08-02,East,69.67,2
2023-08-03,East,104.18,3
2023-08-04,East,140.67,4
2023-08-05,East,139.83,4
2023-08-06,East,105.88,3
2023-08-07,East,104.66,3
2023-08-08,East,69.84,2
2023-08-09,East,139.28,4
2023-08-10,East,105.18,3
2023-08-11,East,141.02,4
2023-08-12,East,70.66,2
2023-08-13,East,69.33,2
2023-08-14,East,139.27,4
2023-08-15,East,70.55,2
2023-08-16,East,70.58,2
2023-08-17,East,139.62,4
2023-08-18,East,139.76,4
2023-08-19,East,141.39,4
2023-08-20,East,70.29,2
2023-08-21,East,69.45,2
2023-08-22,East,140.46,4
2023-08-23,East,105.17,3
2023-08-24,East,70.32,2
2023-08-25,East,105.58,3
2023-08-26,East,104.56,3
2023-08-27,East,104.82,3
2023-08-28,East,138.67,4
2023-08-01,East,106.01,3
2023-08-02,East,70.18,2
2023-08-03,East,105.03,3
2023-08-04,East,69.32,2
2023-08-05,East,69.31,2
2023-08-06,East,139.30,4
2023-08-07,East,69.58,2
2023-08-08,East,105.58,3
2023-08-09,East,105.11,3
2023-08-10,East,70.32,2
2023-08-11,East,140.64,4
2023-08-12,East,104.50,3
2023-08-13,East,105.37,3
2023-08-14,East,104.29,3
2023-08-15,East,105.54,3
2023-08-16,East,105.04,3
2023-08-17,East,138.93,4
2023-08-18,East,139.94,4
2023-08-19,East,140.69,4
2023-08-20,East,70.65,2
2023-08-21,East,140.51,4
2023-08-22,East,139.47,4
2023-08-23,East,104.53,3
2023-08-24,East,105.39,3
2023-08-25,East,139.12,4
2023-08-26,East,69.65,2
2023-08-27,East,69.44,2
2023-08-28,East,69.40,2
2023-08-01,West,50.27,2
2023-08-02,West,99.46,4
2023-08-03,West,50.32,2
2023-08-04,West,49.63,2
2023-08-05,West,100.94,4
2023-08-06,West,50.01,2
2023-08-07,West,100.66,4
2023-08-08,West,74.83,3
2023-08-09,West,50.18,2
2023-08-10,West,100.06,4
2023-08-11,West,75.24,3
2023-08-12,West,74.44,3
2023-08-13,West,50.08,2
2023-08-14,West,75.65,3
2023-08-15,West,100.90,4
2023-08-16,West,50.31,2
2023-08-17,West,49.90,2
2023-08-18,West,74.80,3
2023-08-19,West,49.92,2
2023-08-20,West,100.28,4
2023-08-21,West,74.69,3
2023-08-22,West,100.96,4
2023-08-23,West,74.45,3
2023-08-24,West,49.59,2
2023-08-25,West,74.46,3
2023-08-26,West,74.43,3
2023-08-27,West,100.50,4
2023-08-28,West,49.87,2
2023-08-01,West,74.78,3
2023-08-02,West,75.70,3
2023-08-03,West,100.75,4
2023-08-04,West,100.53,4
2023-08-05,West,75.40,3
2023-08-06,West,50.46,2
2023-08-07,West,99.67,4
2023-08-08,West,50.49,2
2023-08-09,West,50.37,2
2023-08-10,West,99.31,4
2023-08-11,West,49.70,2
2023-08-12,West,74.53,3
2023-08-13,West,74.86,3
2023-08-14,West,74.71,3
2023-08-15,West,75.54,3
2023-08-16,West,50.48,2
2023-08-17,West,100.68,4
2023-08-18,West,99.94,4
2023-08-19,West,74.94,3
2023-08-20,West,100.52,4
2023-08-21,West,99.27,4
2023-08-22,West,100.89,4
2023-08-23,West,75.14,3
2023-08-24,West,100.61,4
2023-08-25,West,50.25,2
2023-08-26,West,74.75,3
2023-08-27,West,74.33,3
2023-08-28,West,49.84,2
2023-08-01,West,50.06,2
2023-08-02,West,50.08,2
2023-08-03,West,74.51,3
2023-08-04,West,100.71,4
2023-08-05,West,74.59,3
2023-08-06,West,74.90,3
2023-08-07,West,75.59,3
2023-08-08,West,75.73,3
2023-08-09,West,49.70,2
2023-08-10,West,49.93,2
2023-08-11,West,50.10,2
2023-08-12,West,100.70,4
2023-08-13,West,99.46,4
2023-08-14,West,49.67,2
2023-08-15,West,49.65,2
2023-08-16,West,100.66,4
2023-08-17,West,100.54,4
2023-08-18,West,99.77,4
2023-08-19,West,50.42,2
2023-08-20,West,99.97,4
2023-08-21,West,50.09,2
2023-08-22,West,49.69,2
2023-08-23,West,75.56,3
2023-08-24,West,49.97,2
2023-08-25,West,74.44,3
2023-08-26,West,75.70,3
2023-08-27,West,99.24,4
2023-08-28,West,100.73,4
2023-08-01,West,50.36,2
2023-08-02,West,75.67,3
2023-08-03,West,50.02,2
2023-08-04,West,74.67,3
2023-08-05,West,49.69,2
2023-08-06,West,99.86,4
2023-08-07,West,50.00,2
2023-08-08,West,100.50,4
2023-08-09,West,100.50,4
2023-08-10,West,100.42,4
2023-08-11,West,75.59,3
2023-08-12,West,75.65,3
2023-08-13,West,75.30,3
2023-08-14,West,99.31,4
2023-08-15,West,99.32,4
2023-08-16,West,99.30,4
2023-08-17,West,100.20,4
2023-08-18,West,100.83,4
2023-08-19,West,75.68,3
2023-08-20,West,50.47,2
2023-08-21,West,75.10,3
2023-08-22,West,75.01,3
2023-08-23,West,49.78,2
2023-08-24,West,49.53,2
2023-08-25,West,50.12,2
2023-08-26,West,75.75,3
2023-09-01,North,59.84,2
2023-09-02,North,118.97,4
2023-09-03,North,90.14,3
2023-09-04,North,120.14,4
2023-09-05,North,89.62,3
2023-09-06,North,119.25,4
2023-09-07,North,90.02,3
2023-09-08,North,59.68,2
2023-09-09,North,119.96,4
2023-09-10,North,118.91,4
2023-09-11,North,120.03,4
2023-09-12,North,60.53,2
2023-09-13,North,60.45,2
2023-09-14,North,119.60,4
2023-09-15,North,60.47,2
2023-09-16,North,120.37,4
2023-09-17,North,90.30,3
2023-09-18,North,59.67,2
2023-09-19,North,59.83,2
2023-09-20,North,90.83,3
2023-09-21,North,90.28,3
2023-09-22,North,118.95,4
2023-09-23,North,60.34,2
2023-09-24,North,89.45,3
2023-09-25,North,89.50,3
2023-09-26,North,90.47,3
2023-09-27,North,89.28,3
2023-09-28,North,59.93,2
2023-09-01,North,60.20,2
2023-09-02,North,119.67,4
2023-09-03,North,89.78,3
2023-09-04,North,90.85,3
2023-09-05,North,60.56,2
2023-09-06,North,90.72,3
2023-09-07,North,90.88,3
2023-09-08,North,90.74,3
2023-09-09,North,60.17,2
2023-09-10,North,118.96,4
2023-09-11,North,60.09,2
2023-09-12,North,90.89,3
2023-09-13,North,120.25,4
2023-09-14,North,120.13,4
2023-09-15,North,60.15,2
2023-09-16,North,121.18,4
2023-09-17,North,120.67,4
2023-09-18,North,121.08,4
2023-09-19,North,59.96,2
2023-09-20,North,119.11,4
2023-09-21,North,120.63,4
2023-09-22,North,120.44,4
2023-09-23,North,89.37,3
2023-09-24,North,90.81,3
2023-09-25,North,60.30,2
2023-09-26,North,59.65,2
2023-09-27,North,59.79,2
2023-09-28,North,60.10,2
2023-09-01,North,60.26,2
2023-09-02,North,89.34,3
2023-09-03,North,60.18,2
2023-09-04,North,89.37,3
2023-09-05,North,120.39,4
2023-09-06,North,60.27,2
2023-09-07,North,60.33,2
2023-09-08,North,59.88,2
2023-09-09,North,120.39,4
2023-09-10,North,90.21,3
2023-09-11,North,90.70,3
2023-09-12,North,120.72,4
2023-09-13,North,90.76,3
2023-09-14,North,90.01,3
2023-09-15,North,59.64,2
2023-09-16,North,119.22,4
2023-09-17,North,120.01,4
2023-09-18,North,89.23,3
2023-09-19,North,90.76,3
2023-09-20,North,89.81,3
2023-09-21,North,60.00,2
2023-09-22,North,120.06,4
2023-09-23,North,121.08,4
2023-09-24,North,59.71,2
2023-09-25,North,90.59,3
2023-09-26,North,121.18,4
2023-09-27,North,120.11,4
2023-09-28,North,89.92,3
2023-09-01,North,59.91,2
2023-09-02,North,119.19,4
2023-09-03,North,119.57,4
2023-09-04,North,119.99,4
2023-09-05,North,90.41,3
2023-09-06,North,120.96,4
2023-09-07,North,119.77,4
2023-09-08,North,119.89,4
2023-09-09,North,89.67,3
2023-09-10,North,89.87,3
2023-09-11,North,120.03,4
2023-09-12,North,89.30,3
2023-09-13,North,89.87,3
2023-09-14,North,119.69,4
2023-09-15,North,90.75,3
2023-09-16,North,59.75,2
2023-09-17,North,89.52,3
2023-09-18,North,119.20,4
2023-09-19,North,90.24,3
2023-09-20,North,119.74,4
2023-09-21,North,89.35,3
2023-09-22,North,118.88,4
2023-09-23,North,120.85,4
2023-09-24,North,120.09,4
2023-09-25,North,90.11,3
2023-09-26,North,60.15,2
2023-09-27,North,121.17,4
2023-09-28,North,89.69,3
2023-09-01,North,89.16,3
2023-09-02,North,119.45,4
2023-09-03,North,60.46,2
2023-09-04,North,59.82,2
2023-09-05,North,90.26,3
2023-09-06,North,60.47,2
2023-09-07,North,60.60,2
2023-09-08,North,89.12,3
2023-09-09,North,90.35,3
2023-09-10,North,119.50,4
2023-09-11,North,60.51,2
2023-09-12,North,121.13,4
2023-09-13,North,90.07,3
2023-09-14,North,118.93,4
2023-09-15,North,90.78,3
2023-09-16,North,121.05,4
2023-09-17,North,121.20,4
2023-09-18,North,59.72,2
2023-09-19,North,89.80,3
2023-09-20,North,119.24,4
2023-09-21,North,59.48,2
2023-09-22,North,59.80,2
2023-09-23,North,120.75,4
2023-09-24,North,60.54,2
2023-09-25,North,120.65,4
2023-09-26,North,90.24,3
2023-09-27,North,90.56,3
2023-09-28,North,119.23,4
2023-09-01,North,89.56,3
2023-09-02,North,120.49,4
2023-09-03,North,118.94,4
2023-09-04,North,59.67,2
2023-09-05,North,59.63,2
2023-09-06,North,60.36,2
2023-09-07,North,120.55,4
2023-09-08,North,59.49,2
2023-09-09,North,89.15,3
2023-09-10,North,89.40,3
2023-09-11,North,89.78,3
2023-09-12,North,59.74,2
2023-09-13,North,89.19,3
2023-09-14,North,120.81,4
2023-09-15,North,89.52,3
2023-09-16,North,90.21,3
2023-09-17,North,120.89,4
2023-09-18,North,90.78,3
2023-09-19,North,118.93,4
2023-09-20,North,120.67,4
2023-09-21,North,89.59,3
2023-09-22,North,60.21,2
2023-09-23,North,60.46,2
2023-09-24,North,90.15,3
2023-09-25,North,89.36,3
2023-09-26,North,118.93,4
2023-09-27,North,89.59,3
2023-09-28,North,89.27,3
2023-09-01,North,90.69,3
2023-09-02,North,120.57,4
2023-09-03,North,90.50,3
2023-09-04,North,59.83,2
2023-09-05,North,59.44,2
2023-09-06,North,59.88,2
2023-09-07,North,60.39,2
2023-09-08,North,119.26,4
2023-09-09,North,120.02,4
2023-09-10,North,59.49,2
2023-09-11,North,89.12,3
2023-09-12,North,59.85,2
2023-09-13,North,89.13,3
2023-09-14,North,119.63,4
2023-09-15,North,90.14,3
2023-09-16,North,121.02,4
2023-09-17,North,118.97,4
2023-09-18,North,89.22,3
2023-09-19,North,120.47,4
2023-09-20,North,60.59,2
2023-09-21,North,60.33,2
2023-09-22,North,90.51,3
2023-09-23,North,119.53,4
2023-09-24,North,60.16,2
2023-09-25,North,89.11,3
2023-09-26,North,60.34,2
2023-09-27,North,119.24,4
2023-09-28,North,90.04,3
2023-09-01,North,119.64,4
2023-09-02,North,89.18,3
2023-09-03,North,90.81,3
2023-09-04,North,90.74,3
2023-09-01,South,56.52,2
2023-09-02,South,56.28,2
2023-09-03,South,112.99,4
2023-09-04,South,56.43,2
2023-09-05,South,110.98,4
2023-09-06,South,84.43,3
2023-09-07,South,111.44,4
2023-09-08,South,55.69,2
2023-09-09,South,84.82,3
2023-09-10,South,111.72,4
2023-09-11,South,83.58,3
2023-09-12,South,84.15,3
2023-09-13,South,56.47,2
2023-09-14,South,84.02,3
2023-09-15,South,84.76,3
2023-09-16,South,84.42,3
2023-09-17,South,113.07,4
2023-09-18,South,55.58,2
2023-09-19,South,83.95,3
2023-09-20,South,110.91,4
2023-09-21,South,56.11,2
2023-09-22,South,83.32,3
2023-09-23,South,111.68,4
2023-09-24,South,56.01,2
2023-09-25,South,83.71,3
2023-09-26,South,84.82,3
2023-09-27,South,84.19,3
2023-09-28,South,83.54,3
2023-09-01,South,83.75,3
2023-09-02,South,84.01,3
2023-09-03,South,84.31,3
2023-09-04,South,111.39,4
2023-09-05,South,83.82,3
2023-09-06,South,55.72,2
2023-09-07,South,55.56,2
2023-09-08,South,111.60,4
2023-09-09,South,112.52,4
2023-09-10,South,56.45,2
2023-09-11,South,55.83,2
2023-09-12,South,55.57,2
2023-09-13,South,83.44,3
2023-09-14,South,111.85,4
2023-09-15,South,112.49,4
2023-09-16,South,55.54,2
2023-09-17,South,56.23,2
2023-09-18,South,56.24,2
2023-09-19,South,56.29,2
2023-09-20,South,56.18,2
2023-09-21,South,111.97,4
2023-09-22,South,84.37,3
2023-09-23,South,112.92,4
2023-09-24,South,55.88,2
2023-09-25,South,55.57,2
2023-09-26,South,83.21,3
2023-09-27,South,111.49,4
2023-09-28,South,111.89,4
2023-09-01,South,56.31,2
2023-09-02,South,56.24,2
2023-09-03,South,112.49,4
2023-09-04,South,55.87,2
2023-09-05,South,83.16,3
2023-09-06,South,111.99,4
2023-09-07,South,83.33,3
2023-09-08,South,111.27,4
2023-09-09,South,111.31,4
2023-09-10,South,112.19,4
2023-09-11,South,83.40,3
2023-09-12,South,112.28,4
2023-09-13,South,56.44,2
2023-09-14,South,83.77,3
2023-09-15,South,84.08,3
2023-09-16,South,84.19,3
2023-09-17,South,111.75,4
2023-09-18,South,56.07,2
2023-09-19,South,111.16,4
2023-09-20,South,56.27,2
2023-09-21,South,84.18,3
2023-09-22,South,56.21,2
2023-09-23,South,55.69,2
2023-09-24,South,111.22,4
2023-09-25,South,110.90,4
2023-09-26,South,83.19,3
2023-09-27,South,84.39,3
2023-09-28,South,56.40,2
2023-09-01,South,83.77,3
2023-09-02,South,84.67,3
2023-09-03,South,83.83,3
2023-09-04,South,83.20,3
2023-09-05,South,112.85,4
2023-09-06,South,84.59,3
2023-09-07,South,55.73,2
2023-09-08,South,55.95,2
2023-09-09,South,56.13,2
2023-09-10,South,84.15,3
2023-09-11,South,84.75,3
2023-09-12,South,55.78,2
2023-09-13,South,56.03,2
2023-09-14,South,55.63,2
2023-09-15,South,56.45,2
2023-09-16,South,83.52,3
2023-09-17,South,56.49,2
2023-09-18,South,83.46,3
2023-09-19,South,111.43,4
2023-09-20,South,55.44,2
2023-09-21,South,55.98,2
2023-09-22,South,56.09,2
2023-09-23,South,113.11,4
2023-09-24,South,84.01,3
2023-09-25,South,55.90,2
2023-09-26,South,83.80,3
2023-09-27,South,56.18,2
2023-09-28,South,83.78,3
2023-09-01,South,56.19,2
2023-09-02,South,55.64,2
2023-09-03,South,111.59,4
2023-09-04,South,111.20,4
2023-09-05,South,55.96,2
2023-09-06,South,84.22,3
2023-09-07,South,111.74,4
2023-09-08,South,113.08,4
2023-09-09,South,111.54,4
2023-09-10,South,84.38,3
2023-09-11,South,55.61,2
2023-09-12,South,55.59,2
2023-09-13,South,55.89,2
2023-09-14,South,112.99,4
2023-09-15,South,111.00,4
2023-09-16,South,56.52,2
2023-09-17,South,83.57,3
2023-09-18,South,55.75,2
2023-09-19,South,84.00,3
2023-09-20,South,55.98,2
2023-09-21,South,111.66,4
2023-09-22,South,56.14,2
2023-09-23,South,55.84,2
2023-09-24,South,112.45,4
2023-09-25,South,84.09,3
2023-09-26,South,112.45,4
2023-09-27,South,83.62,3
2023-09-28,South,111.30,4
2023-09-01,South,111.13,4
2023-09-02,South,84.32,3
2023-09-03,South,83.70,3
2023-09-04,South,112.49,4
2023-09-05,South,83.34,3
2023-09-06,South,84.20,3
2023-09-07,South,112.51,4
2023-09-08,South,111.47,4
2023-09-09,South,84.79,3
2023-09-10,South,111.29,4
2023-09-11,South,84.42,3
2023-09-12,South,56.06,2
2023-09-13,South,83.25,3
2023-09-14,South,55.54,2
2023-09-15,South,111.07,4
2023-09-16,South,55.63,2
2023-09-17,South,55.69,2
2023-09-18,South,111.98,4
2023-09-19,South,56.30,2
2023-09-20,South,111.22,4
2023-09-21,South,112.77,4
2023-09-22,South,56.07,2
2023-09-23,South,111.56,4
2023-09-24,South,111.01,4
2023-09-25,South,84.67,3
2023-09-26,South,112.48,4
2023-09-27,South,112.95,4
2023-09-28,South,111.02,4
2023-09-01,South,56.38,2
2023-09-02,South,55.86,2
2023-09-01,East,139.28,4
2023-09-02,East,70.11,2
2023-09-03,East,104.87,3
2023-09-04,East,70.26,2
2023-09-05,East,104.16,3
2023-09-06,East,69.69,2
2023-09-07,East,70.44,2
2023-09-08,East,69.95,2
2023-09-09,East,69.79,2
2023-09-10,East,140.17,4
2023-09-11,East,69.51,2
2023-09-12,East,139.99,4
2023-09-13,East,138.69,4
2023-09-14,East,104.61,3
2023-09-15,East,139.58,4
2023-09-16,East,69.47,2
2023-09-17,East,105.77,3
2023-09-18,East,141.35,4
2023-09-19,East,105.47,3
2023-09-20,East,105.61,3
2023-09-21,East,140.80,4
2023-09-22,East,140.09,4
2023-09-23,East,104.39,3
2023-09-24,East,104.59,3
2023-09-25,East,70.35,2
2023-09-26,East,69.56,2
2023-09-27,East,69.57,2
2023-09-28,East,139.24,4
2023-09-01,East,105.56,3
2023-09-02,East,141.12,4
2023-09-03,East,69.75,2
2023-09-04,East,69.39,2
2023-09-05,East,104.83,3
2023-09-06,East,104.23,3
2023-09-07,East,70.26,2
2023-09-08,East,138.64,4
2023-09-09,East,104.33,3
2023-09-10,East,104.62,3
2023-09-11,East,139.44,4
2023-09-12,East,140.43,4
2023-09-13,East,139.07,4
2023-09-14,East,140.47,4
2023-09-15,East,140.09,4
2023-09-16,East,69.67,2
2023-09-17,East,139.45,4
2023-09-18,East,70.21,2
2023-09-19,East,70.32,2
2023-09-20,East,104.29,3
2023-09-21,East,141.39,4
2023-09-22,East,69.89,2
2023-09-23,East,140.58,4
2023-09-24,East,141.34,4
2023-09-25,East,69.48,2
2023-09-26,East,140.43,4
2023-09-27,East,138.62,4
2023-09-28,East,105.82,3
2023-09-01,East,140.12,4
2023-09-02,East,139.61,4
2023-09-03,East,104.11,3
2023-09-04,East,104.80,3
2023-09-05,East,140.45,4
2023-09-06,East,70.00,2
2023-09-07,East,105.01,3
2023-09-08,East,70.33,2
2023-09-09,East,69.55,2
2023-09-10,East,105.62,3
2023-09-11,East,69.94,2
2023-09-12,East,140.67,4
2023-09-13,East,69.47,2
2023-09-14,East,141.16,4
2023-09-15,East,69.34,2
2023-09-16,East,104.57,3
2023-09-17,East,70.39,2
2023-09-18,East,140.29,4
2023-09-19,East,103.97,3
2023-09-20,East,70.28,2
2023-09-21,East,70.18,2
2023-09-22,East,105.01,3
2023-09-23,East,141.34,4
2023-09-24,East,70.33,2
2023-09-25,East,69.51,2
2023-09-26,East,69.93,2
2023-09-27,East,106.01,3
2023-09-28,East,138.79,4
2023-09-01,East,69.95,2
2023-09-02,East,141.08,4
2023-09-03,East,105.80,3
2023-09-04,East,140.65,4
2023-09-05,East,70.62,2
2023-09-06,East,141.20,4
2023-09-07,East,140.28,4
2023-09-08,East,104.25,3
2023-09-09,East,106.00,3
2023-09-10,East,139.97,4
2023-09-11,East,104.96,3
2023-09-12,East,69.84,2
2023-09-13,East,141.28,4
2023-09-14,East,69.55,2
2023-09-15,East,69.44,2
2023-09-16,East,70.41,2
2023-09-17,East,140.84,4
2023-09-18,East,70.33,2
2023-09-19,East,138.88,4
2023-09-20,East,139.61,4
2023-09-21,East,140.91,4
2023-09-22,East,105.79,3
2023-09-23,East,69.79,2
2023-09-24,East,104.80,3
2023-09-25,East,105.00,3
2023-09-26,East,69.65,2
2023-09-27,East,140.33,4
2023-09-28,East,69.33,2
2023-09-01,East,70.35,2
2023-09-02,East,70.29,2
2023-09-03,East,104.70,3
2023-09-04,East,69.56,2
2023-09-05,East,141.34,4
2023-09-06,East,138.92,4
2023-09-07,East,69.31,2
2023-09-08,East,141.07,4
2023-09-09,East,69.94,2
2023-09-10,East,140.64,4
2023-09-11,East,70.28,2
2023-09-12,East,104.93,3
2023-09-13,East,105.57,3
2023-09-14,East,69.99,2
2023-09-15,East,103.99,3
2023-09-16,East,105.33,3
2023-09-17,East,69.86,2
2023-09-18,East,139.71,4
2023-09-19,East,104.60,3
2023-09-20,East,141.24,4
2023-09-21,East,69.80,2
2023-09-22,East,105.27,3
2023-09-23,East,141.20,4
2023-09-24,East,69.86,2
2023-09-25,East,104.11,3
2023-09-26,East,104.29,3
2023-09-27,East,70.43,2
2023-09-28,East,139.45,4
2023-09-01,West,50.08,2
2023-09-02,West,100.72,4
2023-09-03,West,99.45,4
2023-09-04,West,49.72,2
2023-09-05,West,50.40,2
2023-09-06,West,100.34,4
2023-09-07,West,100.14,4
2023-09-08,West,50.14,2
2023-09-09,West,50.47,2
2023-09-10,West,100.16,4
2023-09-11,West,49.52,2
2023-09-12,West,100.86,4
2023-09-13,West,50.30,2
2023-09-14,West,75.22,3
2023-09-15,West,49.94,2
2023-09-16,West,75.52,3
2023-09-17,West,74.84,3
2023-09-18,West,50.12,2
2023-09-19,West,49.66,2
2023-09-20,West,100.70,4
2023-09-21,West,74.78,3
2023-09-22,West,100.29,4
2023-09-23,West,74.52,3
2023-09-24,West,75.70,3
2023-09-25,West,50.28,2
2023-09-26,West,99.71,4
2023-09-27,West,99.72,4
2023-09-28,West,99.05,4
2023-09-01,West,75.69,3
2023-09-02,West,50.11,2
2023-09-03,West,100.77,4
2023-09-04,West,99.16,4
2023-09-05,West,74.62,3
2023-09-06,West,74.56,3
2023-09-07,West,50.48,2
2023-09-08,West,50.29,2
2023-09-09,West,75.01,3
2023-09-10,West,100.43,4
2023-09-11,West,100.73,4
2023-09-12,West,74.28,3
2023-09-13,West,75.45,3
2023-09-14,West,49.73,2
2023-09-15,West,49.64,2
2023-09-16,West,49.59,2
2023-09-17,West,100.96,4
2023-09-18,West,50.48,2
2023-09-19,West,49.78,2
2023-09-20,West,99.86,4
2023-09-21,West,49.94,2
2023-09-22,West,49.55,2
2023-09-23,West,75.11,3
2023-09-24,West,49.57,2
2023-09-25,West,100.25,4
2023-09-26,West,49.64,2
2023-09-27,West,75.52,3
2023-09-28,West,49.86,2
2023-09-01,West,50.40,2
2023-09-02,West,74.40,3
2023-09-03,West,50.38,2
2023-09-04,West,74.83,3
2023-09-05,West,100.31,4
2023-09-06,West,74.28,3
2023-09-07,West,74.87,3
2023-09-08,West,99.28,4
2023-09-09,West,100.26,4
2023-09-10,West,50.04,2
2023-09-11,West,75.22,3
2023-09-12,West,74.35,3
2023-09-13,West,75.49,3
2023-09-14,West,74.81,3
2023-09-15,West,50.36,2
2023-09-16,West,99.98,4
2023-09-17,West,74.91,3
2023-09-18,West,74.76,3
2023-09-19,West,99.77,4
2023-09-20,West,75.68,3
2023-09-21,West,99.49,4
2023-09-22,West,50.45,2
2023-09-23,West,75.62,3
2023-09-24,West,100.80,4
2023-09-25,West,75.08,3
2023-09-26,West,50.42,2
2023-09-27,West,49.85,2
2023-09-28,West,100.96,4
2023-09-01,West,100.56,4
2023-09-02,West,74.75,3
2023-09-03,West,50.33,2
2023-09-04,West,74.77,3
2023-09-05,West,49.54,2
2023-09-06,West,99.67,4
2023-09-07,West,75.45,3
2023-09-08,West,75.04,3
2023-09-09,West,74.62,3
2023-09-10,West,49.63,2
2023-09-11,West,75.23,3
2023-09-12,West,74.28,3
2023-09-13,West,75.28,3
2023-09-14,West,49.65,2
2023-09-15,West,50.31,2
2023-09-16,West,100.26,4
2023-09-17,West,74.61,3
2023-09-18,West,100.12,4
2023-09-19,West,50.14,2
2023-09-20,West,75.72,3
2023-09-21,West,75.16,3
2023-09-22,West,49.66,2
2023-09-23,West,49.73,2
2023-09-24,West,49.60,2
2023-09-25,West,75.65,3
2023-09-26,West,75.53,3
2023-10-01,North,89.42,3
2023-10-02,North,59.94,2
2023-10-03,North,90.36,3
2023-10-04,North,59.83,2
2023-10-05,North,119.34,4
2023-10-06,North,120.73,4
2023-10-07,North,119.07,4
2023-10-08,North,119.40,4
2023-10-09,North,60.43,2
2023-10-10,North,89.21,3
2023-10-11,North,119.45,4
2023-10-12,North,89.92,3
2023-10-13,North,89.48,3
2023-10-14,North,89.99,3
2023-10-15,North,89.29,3
2023-10-16,North,59.50,2
2023-10-17,North,60.36,2
2023-10-18,North,59.47,2
2023-10-19,North,120.53,4
2023-10-20,North,90.13,3
2023-10-21,North,90.01,3
2023-10-22,North,119.80,4
2023-10-23,North,119.26,4
2023-10-24,North,59.42,2
2023-10-25,North,59.44,2
2023-10-26,North,89.76,3
2023-10-27,North,60.17,2
2023-10-28,North,120.92,4
2023-10-01,North,119.24,4
2023-10-02,North,120.40,4
2023-10-03,North,118.87,4
2023-10-04,North,120.81,4
2023-10-05,North,120.51,4
2023-10-06,North,90.20,3
2023-10-07,North,90.04,3
2023-10-08,North,90.48,3
2023-10-09,North,60.00,2
2023-10-10,North,120.25,4
2023-10-11,North,90.69,3
2023-10-12,North,119.53,4
2023-10-13,North,59.68,2
2023-10-14,North,59.99,2
2023-10-15,North,59.71,2
2023-10-16,North,90.26,3
2023-10-17,North,59.71,2
2023-10-18,North,90.68,3
2023-10-19,North,60.27,2
2023-10-20,North,60.53,2
2023-10-21,North,60.05,2
2023-10-22,North,89.83,3
2023-10-23,North,60.00,2
2023-10-24,North,120.88,4
2023-10-25,North,89.54,3
2023-10-26,North,121.05,4
2023-10-27,North,119.12,4
2023-10-28,North,59.67,2
2023-10-01,North,90.15,3
2023-10-02,North,120.96,4
2023-10-03,North,60.20,2
2023-10-04,North,90.63,3
2023-10-05,North,60.15,2
2023-10-06,North,59.91,2
2023-10-07,North,59.86,2
2023-10-08,North,119.54,4
2023-10-09,North,59.62,2
2023-10-10,North,89.34,3
2023-10-11,North,89.13,3
2023-10-12,North,90.56,3
2023-10-13,North,89.95,3
2023-10-14,North,60.06,2
2023-10-15,North,120.70,4
2023-10-16,North,90.73,3
2023-10-17,North,119.15,4
2023-10-18,North,120.83,4
2023-10-19,North,89.38,3
2023-10-20,North,89.65,3
2023-10-21,North,90.59,3
2023-10-22,North,60.51,2
2023-10-23,North,90.60,3
2023-10-24,North,120.71,4
2023-10-25,North,89.57,3
2023-10-26,North,60.09,2
2023-10-27,North,60.32,2
2023-10-28,North,59.40,2
2023-10-01,North,60.57,2
2023-10-02,North,60.20,2
2023-10-03,North,59.40,2
2023-10-04,North,89.12,3
2023-10-05,North,89.45,3
2023-10-06,North,59.83,2
2023-10-07,North,89.36,3
2023-10-08,North,60.50,2
2023-10-09,North,89.50,3
2023-10-10,North,59.82,2
2023-10-11,North,60.55,2
2023-10-12,North,90.56,3
2023-10-13,North,120.73,4
2023-10-14,North,90.01,3
2023-10-15,North,90.14,3
2023-10-16,North,89.26,3
2023-10-17,North,89.12,3
2023-10-18,North,60.43,2
2023-10-19,North,119.01,4
2023-10-20,North,89.41,3
2023-10-21,North,119.04,4
2023-10-22,North,59.40,2
2023-10-23,North,90.77,3
2023-10-24,North,120.72,4
2023-10-25,North,120.60,4
2023-10-26,North,59.58,2
2023-10-27,North,60.19,2
2023-10-28,North,60.59,2
2023-10-01,North,59.71,2
2023-10-02,North,120.90,4
2023-10-03,North,59.55,2
2023-10-04,North,119.12,4
2023-10-05,North,89.77,3
2023-10-06,North,120.34,4
2023-10-07,North,90.80,3
2023-10-08,North,60.39,2
2023-10-09,North,60.49,2
2023-10-10,North,89.73,3
2023-10-11,North,90.38,3
2023-10-12,North,89.28,3
2023-10-13,North,59.67,2
2023-10-14,North,60.27,2
2023-10-15,North,89.56,3
2023-10-16,North,119.41,4
2023-10-17,North,90.35,3
2023-10-18,North,119.67,4
2023-10-19,North,89.53,3
2023-10-20,North,60.54,2
2023-10-21,North,119.26,4
2023-10-22,North,119.14,4
2023-10-23,North,119.62,4
2023-10-24,North,120.66,4
2023-10-25,North,119.02,4
2023-10-26,North,60.20,2
2023-10-27,North,60.38,2
2023-10-28,North,59.84,2
2023-10-01,North,59.78,2
2023-10-02,North,59.98,2
2023-10-03,North,60.22,2
2023-10-04,North,120.01,4
2023-10-05,North,89.56,3
2023-10-06,North,59.85,2
2023-10-07,North,59.88,2
2023-10-08,North,119.15,4
2023-10-09,North,60.07,2
2023-10-10,North,89.59,3
2023-10-11,North,90.23,3
2023-10-12,North,119.29,4
2023-10-13,North,60.58,2
2023-10-14,North,60.28,2
2023-10-15,North,90.52,3
2023-10-16,North,89.93,3
2023-10-17,North,59.41,2
2023-10-18,North,90.50,3
2023-10-19,North,90.36,3
2023-10-20,North,59.88,2
2023-10-21,North,119.49,4
2023-10-22,North,119.68,4
2023-10-23,North,120.71,4
2023-10-24,North,90.36,3
2023-10-25,North,121.02,4
2023-10-26,North,59.96,2
2023-10-27,North,90.11,3
2023-10-28,North,120.59,4
2023-10-01,North,120.62,4
2023-10-02,North,119.39,4
2023-10-03,North,89.38,3
2023-10-04,North,59.70,2
2023-10-05,North,120.02,4
2023-10-06,North,90.04,3
2023-10-07,North,90.25,3
2023-10-08,North,60.54,2
2023-10-09,North,118.94,4
2023-10-10,North,89.45,3
2023-10-11,North,60.32,2
2023-10-12,North,60.02,2
2023-10-13,North,119.73,4
2023-10-14,North,90.81,3
2023-10-15,North,59.76,2
2023-10-16,North,60.04,2
2023-10-17,North,90.87,3
2023-10-18,North,120.91,4
2023-10-19,North,119.05,4
2023-10-20,North,90.31,3
2023-10-21,North,89.83,3
2023-10-22,North,119.66,4
2023-10-23,North,90.16,3
2023-10-24,North,119.38,4
2023-10-25,North,89.79,3
2023-10-26,North,119.37,4
2023-10-27,North,90.76,3
2023-10-28,North,60.57,2
2023-10-01,North,120.25,4
2023-10-02,North,90.27,3
2023-10-03,North,119.43,4
2023-10-04,North,90.19,3
2023-10-01,South,55.89,2
2023-10-02,South,84.36,3
2023-10-03,South,113.07,4
2023-10-04,South,56.34,2
2023-10-05,South,84.39,3
2023-10-06,South,113.03,4
2023-10-07,South,56.06,2
2023-10-08,South,56.12,2
2023-10-09,South,112.34,4
2023-10-10,South,56.35,2
2023-10-11,South,56.10,2
2023-10-12,South,112.79,4
2023-10-13,South,56.09,2
2023-10-14,South,112.44,4
2023-10-15,South,83.52,3
2023-10-16,South,83.87,3
2023-10-17,South,56.31,2
2023-10-18,South,112.29,4
2023-10-19,South,112.72,4
2023-10-20,South,84.75,3
2023-10-21,South,111.58,4
2023-10-22,South,111.14,4
2023-10-23,South,112.33,4
2023-10-24,South,56.13,2
2023-10-25,South,111.51,4
2023-10-26,South,111.78,4
2023-10-27,South,56.29,2
2023-10-28,South,112.38,4
2023-10-01,South,83.90,3
2023-10-02,South,56.35,2
2023-10-03,South,83.82,3
2023-10-04,South,56.55,2
2023-10-05,South,55.88,2
2023-10-06,South,83.87,3
2023-10-07,South,55.57,2
2023-10-08,South,111.67,4
2023-10-09,South,84.46,3
2023-10-10,South,56.06,2
2023-10-11,South,111.59,4
2023-10-12,South,111.88,4
2023-10-13,South,112.66,4
2023-10-14,South,83.59,3
2023-10-15,South,56.09,2
2023-10-16,South,84.29,3
2023-10-17,South,84.72,3
2023-10-18,South,83.36,3
2023-10-19,South,56.13,2
2023-10-20,South,84.10,3
2023-10-21,South,83.23,3
2023-10-22,South,56.38,2
2023-10-23,South,56.16,2
2023-10-24,South,83.83,3
2023-10-25,South,56.02,2
2023-10-26,South,55.70,2
2023-10-27,South,113.07,4
2023-10-28,South,83.93,3
2023-10-01,South,56.19,2
2023-10-02,South,56.30,2
2023-10-03,South,55.79,2
2023-10-04,South,84.50,3
2023-10-05,South,56.03,2
2023-10-06,South,111.52,4
2023-10-07,South,56.54,2
2023-10-08,South,83.23,3
2023-10-09,South,110.96,4
2023-10-10,South,55.79,2
2023-10-11,South,55.55,2
2023-10-12,South,56.27,2
2023-10-13,South,56.41,2
2023-10-14,South,55.50,2
2023-10-15,South,84.12,3
2023-10-16,South,56.07,2
2023-10-17,South,112.38,4
2023-10-18,South,56.35,2
2023-10-19,South,83.86,3
2023-10-20,South,112.86,4
2023-10-21,South,55.96,2
2023-10-22,South,83.29,3
2023-10-23,South,111.21,4
2023-10-24,South,55.61,2
2023-10-25,South,83.86,3
2023-10-26,South,56.38,2
2023-10-27,South,83.69,3
2023-10-28,South,112.72,4
2023-10-01,South,112.27,4
2023-10-02,South,111.82,4
2023-10-03,South,111.03,4
2023-10-04,South,56.04,2
2023-10-05,South,112.73,4
2023-10-06,South,111.42,4
2023-10-07,South,83.82,3
2023-10-08,South,112.65,4
2023-10-09,South,84.20,3
2023-10-10,South,55.58,2
2023-10-11,South,111.12,4
2023-10-12,South,111.49,4
2023-10-13,South,111.15,4
2023-10-14,South,84.20,3
2023-10-15,South,111.29,4
2023-10-16,South,83.62,3
2023-10-17,South,84.49,3
2023-10-18,South,55.44,2
2023-10-19,South,84.60,3
2023-10-20,South,112.83,4
2023-10-21,South,55.58,2
2023-10-22,South,84.63,3
2023-10-23,South,84.64,3
2023-10-24,South,110.98,4
2023-10-25,South,83.38,3
2023-10-26,South,112.01,4
2023-10-27,South,56.50,2
2023-10-28,South,55.76,2
2023-10-01,South,111.16,4
2023-10-02,South,55.50,2
2023-10-03,South,56.46,2
2023-10-04,South,110.99,4
2023-10-05,South,111.51,4
2023-10-06,South,112.04,4
2023-10-07,South,55.85,2
2023-10-08,South,56.26,2
2023-10-09,South,112.93,4
2023-10-10,South,110.96,4
2023-10-11,South,84.59,3
2023-10-12,South,111.71,4
2023-10-13,South,84.83,3
2023-10-14,South,55.78,2
2023-10-15,South,111.77,4
2023-10-16,South,84.44,3
2023-10-17,South,83.91,3
2023-10-18,South,83.41,3
2023-10-19,South,112.95,4
2023-10-20,South,112.67,4
2023-10-21,South,84.76,3
2023-10-22,South,112.56,4
2023-10-23,South,84.52,3
2023-10-24,South,112.92,4
2023-10-25,South,83.75,3
2023-10-26,South,84.20,3
2023-10-27,South,56.33,2
2023-10-28,South,56.25,2
2023-10-01,South,112.78,4
2023-10-02,South,111.50,4
2023-10-03,South,113.04,4
2023-10-04,South,55.67,2
2023-10-05,South,113.09,4
2023-10-06,South,84.23,3
2023-10-07,South,83.88,3
2023-10-08,South,84.51,3
2023-10-09,South,112.65,4
2023-10-10,South,84.45,3
2023-10-11,South,55.70,2
2023-10-12,South,83.20,3
2023-10-13,South,55.98,2
2023-10-14,South,55.94,2
2023-10-15,South,112.75,4
2023-10-16,South,111.19,4
2023-10-17,South,111.84,4
2023-10-18,South,56.04,2
2023-10-19,South,83.45,3
2023-10-20,South,110.92,4
2023-10-21,South,112.43,4
2023-10-22,South,55.95,2
2023-10-23,South,112.58,4
2023-10-24,South,83.38,3
2023-10-25,South,56.08,2
2023-10-26,South,112.99,4
2023-10-27,South,112.48,4
2023-10-28,South,83.52,3
2023-10-01,South,84.07,3
2023-10-02,South,112.59,4
2023-10-01,East,70.17,2
2023-10-02,East,104.40,3
2023-10-03,East,105.76,3
2023-10-04,East,104.81,3
2023-10-05,East,140.85,4
2023-10-06,East,139.07,4
2023-10-07,East,69.70,2
2023-10-08,East,141.13,4
2023-10-09,East,104.79,3
2023-10-10,East,70.30,2
2023-10-11,East,105.21,3
2023-10-12,East,69.87,2
2023-10-13,East,104.38,3
2023-10-14,East,69.72,2
2023-10-15,East,104.54,3
2023-10-16,East,105.79,3
2023-10-17,East,70.41,2
2023-10-18,East,104.34,3
2023-10-19,East,69.85,2
2023-10-20,East,104.38,3
2023-10-21,East,70.36,2
2023-10-22,East,69.95,2
2023-10-23,East,105.27,3
2023-10-24,East,70.55,2
2023-10-25,East,104.11,3
2023-10-26,East,70.61,2
2023-10-27,East,70.56,2
2023-10-28,East,104.91,3
2023-10-01,East,103.95,3
2023-10-02,East,70.33,2
2023-10-03,East,104.68,3
2023-10-04,East,139.57,4
2023-10-05,East,69.91,2
2023-10-06,East,139.42,4
2023-10-07,East,139.93,4
2023-10-08,East,105.63,3
2023-10-09,East,104.14,3
2023-10-10,East,70.47,2
2023-10-11,East,104.22,3
2023-10-12,East,138.67,4
2023-10-13,East,104.35,3
2023-10-14,East,104.50,3
2023-10-15,East,70.67,2
2023-10-16,East,105.97,3
2023-10-17,East,70.53,2
2023-10-18,East,69.41,2
2023-10-19,East,141.08,4
2023-10-20,East,104.92,3
2023-10-21,East,138.97,4
2023-10-22,East,104.33,3
2023-10-23,East,69.85,2
2023-10-24,East,141.39,4
2023-10-25,East,140.29,4
2023-10-26,East,105.03,3
2023-10-27,East,104.55,3
2023-10-28,East,140.64,4
2023-10-01,East,104.97,3
2023-10-02,East,105.05,3
2023-10-03,East,104.02,3
2023-10-04,East,140.32,4
2023-10-05,East,69.73,2
2023-10-06,East,70.04,2
2023-10-07,East,70.19,2
2023-10-08,East,69.37,2
2023-10-09,East,69.36,2
2023-10-10,East,69.40,2
2023-10-11,East,70.21,2
2023-10-12,East,140.28,4
2023-10-13,East,103.99,3
2023-10-14,East,103.98,3
2023-10-15,East,140.70,4
2023-10-16,East,70.32,2
2023-10-17,East,141.36,4
2023-10-18,East,138.89,4
2023-10-19,East,105.56,3
2023-10-20,East,105.98,3
2023-10-21,East,70.39,2
2023-10-22,East,141.02,4
2023-10-23,East,69.98,2
2023-10-24,East,104.74,3
2023-10-25,East,105.18,3
2023-10-26,East,139.01,4
2023-10-27,East,70.50,2
2023-10-28,East,70.58,2
2023-10-01,East,105.48,3
2023-10-02,East,104.14,3
2023-10-03,East,104.36,3
2023-10-04,East,140.89,4
2023-10-05,East,70.03,2
2023-10-06,East,69.33,2
2023-10-07,East,69.88,2
2023-10-08,East,69.61,2
2023-10-09,East,70.43,2
2023-10-10,East,105.89,3
2023-10-11,East,69.40,2
2023-10-12,East,69.60,2
2023-10-13,East,139.95,4
2023-10-14,East,70.17,2
2023-10-15,East,69.76,2
2023-10-16,East,106.05,3
2023-10-17,East,141.26,4
2023-10-18,East,138.67,4
2023-10-19,East,70.22,2
2023-10-20,East,139.35,4
2023-10-21,East,105.38,3
2023-10-22,East,139.91,4
2023-10-23,East,104.37,3
2023-10-24,East,138.97,4
2023-10-25,East,69.78,2
2023-10-26,East,139.85,4
2023-10-27,East,69.40,2
2023-10-28,East,138.93,4
2023-10-01,East,104.13,3
2023-10-02,East,70.19,2
2023-10-03,East,104.00,3
2023-10-04,East,104.41,3
2023-10-05,East,105.26,3
2023-10-06,East,69.85,2
2023-10-07,East,104.64,3
2023-10-08,East,104.31,3
2023-10-09,East,104.44,3
2023-10-10,East,140.12,4
2023-10-11,East,70.47,2
2023-10-12,East,140.68,4
2023-10-13,East,69.85,2
2023-10-14,East,70.00,2
2023-10-15,East,70.11,2
2023-10-16,East,104.47,3
2023-10-17,East,70.16,2
2023-10-18,East,138.63,4
2023-10-19,East,139.16,4
2023-10-20,East,105.49,3
2023-10-21,East,105.15,3
2023-10-22,East,69.55,2
2023-10-23,East,140.33,4
2023-10-24,East,104.56,3
2023-10-25,East,139.45,4
2023-10-26,East,140.07,4
2023-10-27,East,105.18,3
2023-10-28,East,69.62,2
2023-10-01,West,50.08,2
2023-10-02,West,50.08,2
2023-10-03,West,75.21,3
2023-10-04,West,49.91,2
2023-10-05,West,100.93,4
2023-10-06,West,49.59,2
2023-10-07,West,100.25,4
2023-10-08,West,75.26,3
2023-10-09,West,74.86,3
2023-10-10,West,50.14,2
2023-10-11,West,100.25,4
2023-10-12,West,49.70,2
2023-10-13,West,99.65,4
2023-10-14,West,100.04,4
2023-10-15,West,75.42,3
2023-10-16,West,99.87,4
2023-10-17,West,50.33,2
2023-10-18,West,99.44,4
2023-10-19,West,74.49,3
2023-10-20,West,100.51,4
2023-10-21,West,100.19,4
2023-10-22,West,49.63,2
2023-10-23,West,100.40,4
2023-10-24,West,50.35,2
2023-10-25,West,99.99,4
2023-10-26,West,49.66,2
2023-10-27,West,75.74,3
2023-10-28,West,50.35,2
2023-10-01,West,74.88,3
2023-10-02,West,99.51,4
2023-10-03,West,49.60,2
2023-10-04,West,50.10,2
2023-10-05,West,74.43,3
2023-10-06,West,49.87,2
2023-10-07,West,100.60,4
2023-10-08,West,75.55,3
2023-10-09,West,50.25,2
2023-10-10,West,100.37,4
2023-10-11,West,74.63,3
2023-10-12,West,75.37,3
2023-10-13,West,99.60,4
2023-10-14,West,75.66,3
2023-10-15,West,100.18,4
2023-10-16,West,99.60,4
2023-10-17,West,99.79,4
2023-10-18,West,99.25,4
2023-10-19,West,99.58,4
2023-10-20,West,74.37,3
2023-10-21,West,75.50,3
2023-10-22,West,75.08,3
2023-10-23,West,99.97,4
2023-10-24,West,74.36,3
2023-10-25,West,75.16,3
2023-10-26,West,100.95,4
2023-10-27,West,74.63,3
2023-10-28,West,74.72,3
2023-10-01,West,75.05,3
2023-10-02,West,75.54,3
2023-10-03,West,100.79,4
2023-10-04,West,74.58,3
2023-10-05,West,50.28,2
2023-10-06,West,50.03,2
2023-10-07,West,99.26,4
2023-10-08,West,74.62,3
2023-10-09,West,99.80,4
2023-10-10,West,49.75,2
2023-10-11,West,100.89,4
2023-10-12,West,49.78,2
2023-10-13,West,49.55,2
2023-10-14,West,99.97,4
2023-10-15,West,99.55,4
2023-10-16,West,50.22,2
2023-10-17,West,100.48,4
2023-10-18,West,99.62,4
2023-10-19,West,100.81,4
2023-10-20,West,75.63,3
2023-10-21,West,99.30,4
2023-10-22,West,74.90,3
2023-10-23,West,75.47,3
2023-10-24,West,99.57,4
2023-10-25,West,50.38,2
2023-10-26,West,50.28,2
2023-10-27,West,99.06,4
2023-10-28,West,74.78,3
2023-10-01,West,99.39,4
2023-10-02,West,74.41,3
2023-10-03,West,50.23,2
2023-10-04,West,50.27,2
2023-10-05,West,74.68,3
2023-10-06,West,74.60,3
2023-10-07,West,74.77,3
2023-10-08,West,99.72,4
2023-10-09,West,75.70,3
2023-10-10,West,49.78,2
2023-10-11,West,99.57,4
2023-10-12,West,99.86,4
2023-10-13,West,99.14,4
2023-10-14,West,49.61,2
2023-10-15,West,50.05,2
2023-10-16,West,74.85,3
2023-10-17,West,99.47,4
2023-10-18,West,75.60,3
2023-10-19,West,75.48,3
2023-10-20,West,100.37,4
2023-10-21,West,49.65,2
2023-10-22,West,75.30,3
2023-10-23,West,50.25,2
2023-10-24,West,50.31,2
2023-10-25,West,50.00,2
2023-10-26,West,75.18,3
2023-11-01,North,59.44,2
2023-11-02,North,60.46,2
2023-11-03,North,89.94,3
2023-11-04,North,60.55,2
2023-11-05,North,59.40,2
2023-11-06,North,119.46,4
2023-11-07,North,60.02,2
2023-11-08,North,60.29,2
2023-11-09,North,120.12,4
2023-11-10,North,118.86,4
2023-11-11,North,119.08,4
2023-11-12,North,119.60,4
2023-11-13,North,59.71,2
2023-11-14,North,60.36,2
2023-11-15,North,59.41,2
2023-11-16,North,121.11,4
2023-11-17,North,89.91,3
2023-11-18,North,60.09,2
2023-11-19,North,90.01,3
2023-11-20,North,90.64,3
2023-11-21,North,89.79,3
2023-11-22,North,59.73,2
2023-11-23,North,60.43,2
2023-11-24,North,60.55,2
2023-11-25,North,120.16,4
2023-11-26,North,60.17,2
2023-11-27,North,59.94,2
2023-11-28,North,89.49,3
2023-11-01,North,59.72,2
2023-11-02,North,90.71,3
2023-11-03,North,89.36,3
2023-11-04,North,89.53,3
2023-11-05,North,120.83,4
2023-11-06,North,89.66,3
2023-11-07,North,89.34,3
2023-11-08,North,120.06,4
2023-11-09,North,120.48,4
2023-11-10,North,89.21,3
2023-11-11,North,59.93,2
2023-11-12,North,120.48,4
2023-11-13,North,89.10,3
2023-11-14,North,119.26,4
2023-11-15,North,60.35,2
2023-11-16,North,59.67,2
2023-11-17,North,118.81,4
2023-11-18,North,89.21,3
2023-11-19,North,118.80,4
2023-11-20,North,119.96,4
2023-11-21,North,89.60,3
2023-11-22,North,90.27,3
2023-11-23,North,119.48,4
2023-11-24,North,119.94,4
2023-11-25,North,119.64,4
2023-11-26,North,121.15,4
2023-11-27,North,90.43,3
2023-11-28,North,90.24,3
2023-11-01,North,119.20,4
2023-11-02,North,59.88,2
2023-11-03,North,89.80,3
2023-11-04,North,120.76,4
2023-11-05,North,119.84,4
2023-11-06,North,120.38,4
2023-11-07,North,119.47,4
2023-11-08,North,60.37,2
2023-11-09,North,89.16,3
2023-11-10,North,59.73,2
2023-11-11,North,90.59,3
2023-11-12,North,90.66,3
2023-11-13,North,120.74,4
2023-11-14,North,89.99,3
2023-11-15,North,59.69,2
2023-11-16,North,89.28,3
2023-11-17,North,59.64,2
2023-11-18,North,89.70,3
2023-11-19,North,119.28,4
2023-11-20,North,60.41,2
2023-11-21,North,60.45,2
2023-11-22,North,59.96,2
2023-11-23,North,120.52,4
2023-11-24,North,59.84,2
2023-11-25,North,119.13,4
2023-11-26,North,119.40,4
2023-11-27,North,59.55,2
2023-11-28,North,89.91,3
2023-11-01,North,119.35,4
2023-11-02,North,90.11,3
2023-11-03,North,121.07,4
2023-11-04,North,90.47,3
2023-11-05,North,90.36,3
2023-11-06,North,59.50,2
2023-11-07,North,119.73,4
2023-11-08,North,120.51,4
2023-11-09,North,120.07,4
2023-11-10,North,120.06,4
2023-11-11,North,121.06,4
2023-11-12,North,90.63,3
2023-11-13,North,60.35,2
2023-11-14,North,119.35,4
2023-11-15,North,90.81,3
2023-11-16,North,90.18,3
2023-11-17,North,89.31,3
2023-11-18,North,118.96,4
2023-11-19,North,90.64,3
2023-11-20,North,90.68,3
2023-11-21,North,119.35,4
2023-11-22,North,60.55,2
2023-11-23,North,60.11,2
2023-11-24,North,60.19,2
2023-11-25,North,60.45,2
2023-11-26,North,59.41,2
2023-11-27,North,120.11,4
2023-11-28,North,119.92,4
2023-11-01,North,89.24,3
2023-11-02,North,60.45,2
2023-11-03,North,60.60,2
2023-11-04,North,120.70,4
2023-11-05,North,121.11,4
2023-11-06,North,90.67,3
2023-11-07,North,119.28,4
2023-11-08,North,120.70,4
2023-11-09,North,119.88,4
2023-11-10,North,60.06,2
2023-11-11,North,59.56,2
2023-11-12,North,89.51,3
2023-11-13,North,89.85,3
2023-11-14,North,90.37,3
2023-11-15,North,89.67,3
2023-11-16,North,120.50,4
2023-11-17,North,90.86,3
2023-11-18,North,119.86,4
2023-11-19,North,119.23,4
2023-11-20,North,120.91,4
2023-11-21,North,120.39,4
2023-11-22,North,119.51,4
2023-11-23,North,120.28,4
2023-11-24,North,59.95,2
2023-11-25,North,60.59,2
2023-11-26,North,89.93,3
2023-11-27,North,90.80,3
2023-11-28,North,90.65,3
2023-11-01,North,90.90,3
2023-11-02,North,89.13,3
2023-11-03,North,60.08,2
2023-11-04,North,59.78,2
2023-11-05,North,119.60,4
2023-11-06,North,90.85,3
2023-11-07,North,59.53,2
2023-11-08,North,90.66,3
2023-11-09,North,90.10,3
2023-11-10,North,121.13,4
2023-11-11,North,120.94,4
2023-11-12,North,119.98,4
2023-11-13,North,60.33,2
2023-11-14,North,59.83,2
2023-11-15,North,60.29,2
2023-11-16,North,90.47,3
2023-11-17,North,119.53,4
2023-11-18,North,90.04,3
2023-11-19,North,120.88,4
2023-11-20,North,120.14,4
2023-11-21,North,119.99,4
2023-11-22,North,119.52,4
2023-11-23,North,90.80,3
2023-11-24,North,60.23,2
2023-11-25,North,120.47,4
2023-11-26,North,120.82,4
2023-11-27,North,60.55,2
2023-11-28,North,59.50,2
2023-11-01,North,59.49,2
2023-11-02,North,89.58,3
2023-11-03,North,118.95,4
2023-11-04,North,119.81,4
2023-11-05,North,118.99,4
2023-11-06,North,89.45,3
2023-11-07,North,120.09,4
2023-11-08,North,120.40,4
2023-11-09,North,89.85,3
2023-11-10,North,90.20,3
2023-11-11,North,120.96,4
2023-11-12,North,59.78,2
2023-11-13,North,60.07,2
2023-11-14,North,118.92,4
2023-11-15,North,89.73,3
2023-11-16,North,60.11,2
2023-11-17,North,60.56,2
2023-11-18,North,60.55,2
2023-11-19,North,59.49,2
2023-11-20,North,90.27,3
2023-11-21,North,119.31,4
2023-11-22,North,119.05,4
2023-11-23,North,121.10,4
2023-11-24,North,89.84,3
2023-11-25,North,120.09,4
2023-11-26,North,120.06,4
2023-11-27,North,59.61,2
2023-11-28,North,119.47,4
2023-11-01,North,119.45,4
2023-11-02,North,119.59,4
2023-11-03,North,119.85,4
2023-11-04,North,120.03,4
2023-11-01,South,56.19,2
2023-11-02,South,112.59,4
2023-11-03,South,111.04,4
2023-11-04,South,83.69,3
2023-11-05,South,83.30,3
2023-11-06,South,112.36,4
2023-11-07,South,112.80,4
2023-11-08,South,84.61,3
2023-11-09,South,56.26,2
2023-11-10,South,111.87,4
2023-11-11,South,83.24,3
2023-11-12,South,112.24,4
2023-11-13,South,84.41,3
2023-11-14,South,83.16,3
2023-11-15,South,55.64,2
2023-11-16,South,112.18,4
2023-11-17,South,111.97,4
2023-11-18,South,111.88,4
2023-11-19,South,111.82,4
2023-11-20,South,113.00,4
2023-11-21,South,111.13,4
2023-11-22,South,111.13,4
2023-11-23,South,83.77,3
2023-11-24,South,56.07,2
2023-11-25,South,84.42,3
2023-11-26,South,56.52,2
2023-11-27,South,112.00,4
2023-11-28,South,112.18,4
2023-11-01,South,111.72,4
2023-11-02,South,56.53,2
2023-11-03,South,84.22,3
2023-11-04,South,83.99,3
2023-11-05,South,113.03,4
2023-11-06,South,83.49,3
2023-11-07,South,84.66,3
2023-11-08,South,84.43,3
2023-11-09,South,83.71,3
2023-11-10,South,56.31,2
2023-11-11,South,55.49,2
2023-11-12,South,112.99,4
2023-11-13,South,113.03,4
2023-11-14,South,56.31,2
2023-11-15,South,84.32,3
2023-11-16,South,112.71,4
2023-11-17,South,83.33,3
2023-11-18,South,56.27,2
2023-11-19,South,112.91,4
2023-11-20,South,56.31,2
2023-11-21,South,55.69,2
2023-11-22,South,56.55,2
2023-11-23,South,112.92,4
2023-11-24,South,84.16,3
2023-11-25,South,84.73,3
2023-11-26,South,84.81,3
2023-11-27,South,55.87,2
2023-11-28,South,56.52,2
2023-11-01,South,84.03,3
2023-11-02,South,83.90,3
2023-11-03,South,111.41,4
2023-11-04,South,83.67,3
2023-11-05,South,83.57,3
2023-11-06,South,113.04,4
2023-11-07,South,56.00,2
2023-11-08,South,84.31,3
2023-11-09,South,111.16,4
2023-11-10,South,84.17,3
2023-11-11,South,84.68,3
2023-11-12,South,55.74,2
2023-11-13,South,84.19,3
2023-11-14,South,84.82,3
2023-11-15,South,56.07,2
2023-11-16,South,111.47,4
2023-11-17,South,56.22,2
2023-11-18,South,56.45,2
2023-11-19,South,112.96,4
2023-11-20,South,83.25,3
2023-11-21,South,112.64,4
2023-11-22,South,55.60,2
2023-11-23,South,56.47,2
2023-11-24,South,84.22,3
2023-11-25,South,83.98,3
2023-11-26,South,83.69,3
2023-11-27,South,55.63,2
2023-11-28,South,83.97,3
2023-11-01,South,111.50,4
2023-11-02,South,55.47,2
2023-11-03,South,83.38,3
2023-11-04,South,56.23,2
2023-11-05,South,55.82,2
2023-11-06,South,111.39,4
2023-11-07,South,56.24,2
2023-11-08,South,84.03,3
2023-11-09,South,83.38,3
2023-11-10,South,84.64,3
2023-11-11,South,83.68,3
2023-11-12,South,55.87,2
2023-11-13,South,83.32,3
2023-11-14,South,84.60,3
2023-11-15,South,112.38,4
2023-11-16,South,56.25,2
2023-11-17,South,56.47,2
2023-11-18,South,83.26,3
2023-11-19,South,84.19,3
2023-11-20,South,83.27,3
2023-11-21,South,111.93,4
2023-11-22,South,56.18,2
2023-11-23,South,84.64,3
2023-11-24,South,84.17,3
2023-11-25,South,111.45,4
2023-11-26,South,112.36,4
2023-11-27,South,112.89,4
2023-11-28,South,111.25,4
2023-11-01,South,112.20,4
2023-11-02,South,55.77,2
2023-11-03,South,83.80,3
2023-11-04,South,83.19,3
2023-11-05,South,111.00,4
2023-11-06,South,84.62,3
2023-11-07,South,56.50,2
2023-11-08,South,84.24,3
2023-11-09,South,55.77,2
2023-11-10,South,55.91,2
2023-11-11,South,112.58,4
2023-11-12,South,83.48,3
2023-11-13,South,84.80,3
2023-11-14,South,111.78,4
2023-11-15,South,55.75,2
2023-11-16,South,84.61,3
2023-11-17,South,83.98,3
2023-11-18,South,55.80,2
2023-11-19,South,55.47,2
2023-11-20,South,112.46,4
2023-11-21,South,56.15,2
2023-11-22,South,110.92,4
2023-11-23,South,55.52,2
2023-11-24,South,111.35,4
2023-11-25,South,55.95,2
2023-11-26,South,111.66,4
2023-11-27,South,112.67,4
2023-11-28,South,83.46,3
2023-11-01,South,111.23,4
2023-11-02,South,110.98,4
2023-11-03,South,56.09,2
2023-11-04,South,111.07,4
2023-11-05,South,112.89,4
2023-11-06,South,55.99,2
2023-11-07,South,56.16,2
2023-11-08,South,83.48,3
2023-11-09,South,112.58,4
2023-11-10,South,112.93,4
2023-11-11,South,83.56,3
2023-11-12,South,112.74,4
2023-11-13,South,113.10,4
2023-11-14,South,112.00,4
2023-11-15,South,55.86,2
2023-11-16,South,56.00,2
2023-11-17,South,112.41,4
2023-11-18,South,83.37,3
2023-11-19,South,55.89,2
2023-11-20,South,112.93,4
2023-11-21,South,112.59,4
2023-11-22,South,111.63,4
2023-11-23,South,83.77,3
2023-11-24,South,56.04,2
2023-11-25,South,111.43,4
2023-11-26,South,111.45,4
2023-11-27,South,84.82,3
2023-11-28,South,83.65,3
2023-11-01,South,111.06,4
2023-11-02,South,55.91,2
2023-11-01,East,140.11,4
2023-11-02,East,140.69,4
2023-11-03,East,139.33,4
2023-11-04,East,69.46,2
2023-11-05,East,141.34,4
2023-11-06,East,70.25,2
2023-11-07,East,139.09,4
2023-11-08,East,69.75,2
2023-11-09,East,103.98,3
2023-11-10,East,69.71,2
2023-11-11,East,70.41,2
2023-11-12,East,139.94,4
2023-11-13,East,70.41,2
2023-11-14,East,139.85,4
2023-11-15,East,105.55,3
2023-11-16,East,139.75,4
2023-11-17,East,69.59,2
2023-11-18,East,105.60,3
2023-11-19,East,140.82,4
2023-11-20,East,69.68,2
2023-11-21,East,139.76,4
2023-11-22,East,104.01,3
2023-11-23,East,140.31,4
2023-11-24,East,70.39,2
2023-11-25,East,140.10,4
2023-11-26,East,69.86,2
2023-11-27,East,139.43,4
2023-11-28,East,69.60,2
2023-11-01,East,69.41,2
2023-11-02,East,140.57,4
2023-11-03,East,139.01,4
2023-11-04,East,139.49,4
2023-11-05,East,70.40,2
2023-11-06,East,138.73,4
2023-11-07,East,104.70,3
2023-11-08,East,141.02,4
2023-11-09,East,141.13,4
2023-11-10,East,140.05,4
2023-11-11,East,69.35,2
2023-11-12,East,69.86,2
2023-11-13,East,105.48,3
2023-11-14,East,70.48,2
2023-11-15,East,105.31,3
2023-11-16,East,70.62,2
2023-11-17,East,104.81,3
2023-11-18,East,105.13,3
2023-11-19,East,139.28,4
2023-11-20,East,69.76,2
2023-11-21,East,70.47,2
2023-11-22,East,105.28,3
2023-11-23,East,140.68,4
2023-11-24,East,69.67,2
2023-11-25,East,70.69,2
2023-11-26,East,104.87,3
2023-11-27,East,69.37,2
2023-11-28,East,69.92,2
2023-11-01,East,104.38,3
2023-11-02,East,70.64,2
2023-11-03,East,140.21,4
2023-11-04,East,141.30,4
2023-11-05,East,140.12,4
2023-11-06,East,104.57,3
2023-11-07,East,141.02,4
2023-11-08,East,70.26,2
2023-11-09,East,141.09,4
2023-11-10,East,104.55,3
2023-11-11,East,140.97,4
2023-11-12,East,140.34,4
2023-11-13,East,140.51,4
2023-11-14,East,140.99,4
2023-11-15,East,69.86,2
2023-11-16,East,69.68,2
2023-11-17,East,105.14,3
2023-11-18,East,140.06,4
2023-11-19,East,104.61,3
2023-11-20,East,69.86,2
2023-11-21,East,70.58,2
2023-11-22,East,104.97,3
2023-11-23,East,139.11,4
2023-11-24,East,70.10,2
2023-11-25,East,138.83,4
2023-11-26,East,105.88,3
2023-11-27,East,104.74,3
2023-11-28,East,141.11,4
2023-11-01,East,105.13,3
2023-11-02,East,104.99,3
2023-11-03,East,69.63,2
2023-11-04,East,104.89,3
2023-11-05,East,141.03,4
2023-11-06,East,105.37,3
2023-11-07,East,140.13,4
2023-11-08,East,138.64,4
2023-11-09,East,105.92,3
2023-11-10,East,140.08,4
2023-11-11,East,69.80,2
2023-11-12,East,105.30,3
2023-11-13,East,105.42,3
2023-11-14,East,69.69,2
2023-11-15,East,105.03,3
2023-11-16,East,138.65,4
2023-11-17,East,140.50,4
2023-11-18,East,69.87,2
2023-11-19,East,69.79,2
2023-11-20,East,70.28,2
2023-11-21,East,69.44,2
2023-11-22,East,140.06,4
2023-11-23,East,104.16,3
2023-11-24,East,69.63,2
2023-11-25,East,138.67,4
2023-11-26,East,104.63,3
2023-11-27,East,69.73,2
2023-11-28,East,70.15,2
2023-11-01,East,70.25,2
2023-11-02,East,140.94,4
2023-11-03,East,69.51,2
2023-11-04,East,104.38,3
2023-11-05,East,140.50,4
2023-11-06,East,140.65,4
2023-11-07,East,70.06,2
2023-11-08,East,139.64,4
2023-11-09,East,105.39,3
2023-11-10,East,69.56,2
2023-11-11,East,69.85,2
2023-11-12,East,69.62,2
2023-11-13,East,69.66,2
2023-11-14,East,105.67,3
2023-11-15,East,139.47,4
2023-11-16,East,105.93,3
2023-11-17,East,140.61,4
2023-11-18,East,69.44,2
2023-11-19,East,69.41,2
2023-11-20,East,104.61,3
2023-11-21,East,105.77,3
2023-11-22,East,105.38,3
2023-11-23,East,141.28,4
2023-11-24,East,140.72,4
2023-11-25,East,139.55,4
2023-11-26,East,105.39,3
2023-11-27,East,140.96,4
2023-11-28,East,140.37,4
2023-11-01,West,99.68,4
2023-11-02,West,74.55,3
2023-11-03,West,100.50,4
2023-11-04,West,49.53,2
2023-11-05,West,75.00,3
2023-11-06,West,75.17,3
2023-11-07,West,99.40,4
2023-11-08,West,74.56,3
2023-11-09,West,75.07,3
2023-11-10,West,50.29,2
2023-11-11,West,50.11,2
2023-11-12,West,50.03,2
2023-11-13,West,100.64,4
2023-11-14,West,99.58,4
2023-11-15,West,75.26,3
2023-11-16,West,75.45,3
2023-11-17,West,75.06,3
2023-11-18,West,100.60,4
2023-11-19,West,100.83,4
2023-11-20,West,74.78,3
2023-11-21,West,50.26,2
2023-11-22,West,75.52,3
2023-11-23,West,74.30,3
2023-11-24,West,74.35,3
2023-11-25,West,75.65,3
2023-11-26,West,99.34,4
2023-11-27,West,75.07,3
2023-11-28,West,99.75,4
2023-11-01,West,50.40,2
2023-11-02,West,49.68,2
2023-11-03,West,99.12,4
2023-11-04,West,100.18,4
2023-11-05,West,74.70,3
2023-11-06,West,74.92,3
2023-11-07,West,74.52,3
2023-11-08,West,99.12,4
2023-11-09,West,74.53,3
2023-11-10,West,99.32,4
2023-11-11,West,100.00,4
2023-11-12,West,100.42,4
2023-11-13,West,100.81,4
2023-11-14,West,49.67,2
2023-11-15,West,99.76,4
2023-11-16,West,49.65,2
2023-11-17,West,100.83,4
2023-11-18,West,49.75,2
2023-11-19,West,50.47,2
2023-11-20,West,100.66,4
2023-11-21,West,75.65,3
2023-11-22,West,99.26,4
2023-11-23,West,99.82,4
2023-11-24,West,49.90,2
2023-11-25,West,100.18,4
2023-11-26,West,99.97,4
2023-11-27,West,75.06,3
2023-11-28,West,74.68,3
2023-11-01,West,74.48,3
2023-11-02,West,49.61,2
2023-11-03,West,74.46,3
2023-11-04,West,74.72,3
2023-11-05,West,50.38,2
2023-11-06,West,99.87,4
2023-11-07,West,99.23,4
2023-11-08,West,100.82,4
2023-11-09,West,99.23,4
2023-11-10,West,99.80,4
2023-11-11,West,75.74,3
2023-11-12,West,49.68,2
2023-11-13,West,49.94,2
2023-11-14,West,99.69,4
2023-11-15,West,99.09,4
2023-11-16,West,50.48,2
2023-11-17,West,75.34,3
2023-11-18,West,75.36,3
2023-11-19,West,49.57,2
2023-11-20,West,75.52,3
2023-11-21,West,99.83,4
2023-11-22,West,74.70,3
2023-11-23,West,50.45,2
2023-11-24,West,49.78,2
2023-11-25,West,50.34,2
2023-11-26,West,74.48,3
2023-11-27,West,75.07,3
2023-11-28,West,74.31,3
2023-11-01,West,100.69,4
2023-11-02,West,49.62,2
2023-11-03,West,74.61,3
2023-11-04,West,99.39,4
2023-11-05,West,75.15,3
2023-11-06,West,75.46,3
2023-11-07,West,50.25,2
2023-11-08,West,100.70,4
2023-11-09,West,50.09,2
2023-11-10,West,99.62,4
2023-11-11,West,74.29,3
2023-11-12,West,49.69,2
2023-11-13,West,74.83,3
2023-11-14,West,75.27,3
2023-11-15,West,100.29,4
2023-11-16,West,75.43,3
2023-11-17,West,99.05,4
2023-11-18,West,50.23,2
2023-11-19,West,75.37,3
2023-11-20,West,99.76,4
2023-11-21,West,100.40,4
2023-11-22,West,50.35,2
2023-11-23,West,50.27,2
2023-11-24,West,49.74,2
2023-11-25,West,75.17,3
2023-11-26,West,75.33,3
2023-12-01,North,119.56,4
2023-12-02,North,120.65,4
2023-12-03,North,121.08,4
2023-12-04,North,120.96,4
2023-12-05,North,119.47,4
2023-12-06,North,120.40,4
2023-12-07,North,120.79,4
2023-12-08,North,90.38,3
2023-12-09,North,90.05,3
2023-12-10,North,60.06,2
2023-12-11,North,60.52,2
2023-12-12,North,120.97,4
2023-12-13,North,90.81,3
2023-12-14,North,59.86,2
2023-12-15,North,89.36,3
2023-12-16,North,60.37,2
2023-12-17,North,89.39,3
2023-12-18,North,89.59,3
2023-12-19,North,119.63,4
2023-12-20,North,59.76,2
2023-12-21,North,89.19,3
2023-12-22,North,59.76,2
2023-12-23,North,89.48,3
2023-12-24,North,120.75,4
2023-12-25,North,60.50,2
2023-12-26,North,120.96,4
2023-12-27,North,60.39,2
2023-12-28,North,118.83,4
2023-12-01,North,59.69,2
2023-12-02,North,120.91,4
2023-12-03,North,121.14,4
2023-12-04,North,120.45,4
2023-12-05,North,60.58,2
2023-12-06,North,59.53,2
2023-12-07,North,60.43,2
2023-12-08,North,90.61,3
2023-12-09,North,89.62,3
2023-12-10,North,119.70,4
2023-12-11,North,59.98,2
2023-12-12,North,90.87,3
2023-12-13,North,120.95,4
2023-12-14,North,119.63,4
2023-12-15,North,119.64,4
2023-12-16,North,90.30,3
2023-12-17,North,120.59,4
2023-12-18,North,90.71,3
2023-12-19,North,59.67,2
2023-12-20,North,120.74,4
2023-12-21,North,119.09,4
2023-12-22,North,120.80,4
2023-12-23,North,119.39,4
2023-12-24,North,60.02,2
2023-12-25,North,59.95,2
2023-12-26,North,89.93,3
2023-12-27,North,60.41,2
2023-12-28,North,60.18,2
2023-12-01,North,89.35,3
2023-12-02,North,59.63,2
2023-12-03,North,119.52,4
2023-12-04,North,119.29,4
2023-12-05,North,59.44,2
2023-12-06,North,120.92,4
2023-12-07,North,89.27,3
2023-12-08,North,120.62,4
2023-12-09,North,59.80,2
2023-12-10,North,121.20,4
2023-12-11,North,60.29,2
2023-12-12,North,120.49,4
2023-12-13,North,59.91,2
2023-12-14,North,90.50,3
2023-12-15,North,60.33,2
2023-12-16,North,120.97,4
2023-12-17,North,119.09,4
2023-12-18,North,89.80,3
2023-12-19,North,59.64,2
2023-12-20,North,120.75,4
2023-12-21,North,120.51,4
2023-12-22,North,59.47,2
2023-12-23,North,60.52,2
2023-12-24,North,89.37,3
2023-12-25,North,90.39,3
2023-12-26,North,89.72,3
2023-12-27,North,119.07,4
2023-12-28,North,119.69,4
2023-12-01,North,89.29,3
2023-12-02,North,120.83,4
2023-12-03,North,89.89,3
2023-12-04,North,60.54,2
2023-12-05,North,89.12,3
2023-12-06,North,121.11,4
2023-12-07,North,90.54,3
2023-12-08,North,60.29,2
2023-12-09,North,60.34,2
2023-12-10,North,121.08,4
2023-12-11,North,120.13,4
2023-12-12,North,119.69,4
2023-12-13,North,90.69,3
2023-12-14,North,89.38,3
2023-12-15,North,119.22,4
2023-12-16,North,59.82,2
2023-12-17,North,90.11,3
2023-12-18,North,89.55,3
2023-12-19,North,60.50,2
2023-12-20,North,59.47,2
2023-12-21,North,90.20,3
2023-12-22,North,119.56,4
2023-12-23,North,89.80,3
2023-12-24,North,60.10,2
2023-12-25,North,60.23,2
2023-12-26,North,90.09,3
2023-12-27,North,119.01,4
2023-12-28,North,59.72,2
2023-12-01,North,59.76,2
2023-12-02,North,89.47,3
2023-12-03,North,119.25,4
2023-12-04,North,120.40,4
2023-12-05,North,89.65,3
2023-12-06,North,60.46,2
2023-12-07,North,59.98,2
2023-12-08,North,90.08,3
2023-12-09,North,89.62,3
2023-12-10,North,119.27,4
2023-12-11,North,89.79,3
2023-12-12,North,89.14,3
2023-12-13,North,60.29,2
2023-12-14,North,119.08,4
2023-12-15,North,90.02,3
2023-12-16,North,60.22,2
2023-12-17,North,59.48,2
2023-12-18,North,59.88,2
2023-12-19,North,59.63,2
2023-12-20,North,59.59,2
2023-12-21,North,118.84,4
2023-12-22,North,60.57,2
2023-12-23,North,59.57,2
2023-12-24,North,90.46,3
2023-12-25,North,59.64,2
2023-12-26,North,59.82,2
2023-12-27,North,90.19,3
2023-12-28,North,60.26,2
2023-12-01,North,60.21,2
2023-12-02,North,120.10,4
2023-12-03,North,119.72,4
2023-12-04,North,60.55,2
2023-12-05,North,121.16,4
2023-12-06,North,119.45,4
2023-12-07,North,89.11,3
2023-12-08,North,120.16,4
2023-12-09,North,120.71,4
2023-12-10,North,121.10,4
2023-12-11,North,119.49,4
2023-12-12,North,60.50,2
2023-12-13,North,119.55,4
2023-12-14,North,60.36,2
2023-12-15,North,121.03,4
2023-12-16,North,59.79,2
2023-12-17,North,120.88,4
2023-12-18,North,120.41,4
2023-12-19,North,59.63,2
2023-12-20,North,59.94,2
2023-12-21,North,89.26,3
2023-12-22,North,89.58,3
2023-12-23,North,90.01,3
2023-12-24,North,89.24,3
2023-12-25,North,90.40,3
2023-12-26,North,59.50,2
2023-12-27,North,59.47,2
2023-12-28,North,120.47,4
2023-12-01,North,60.19,2
2023-12-02,North,90.21,3
2023-12-03,North,120.85,4
2023-12-04,North,59.67,2
2023-12-05,North,119.03,4
2023-12-06,North,120.82,4
2023-12-07,North,119.72,4
2023-12-08,North,118.90,4
2023-12-09,North,118.84,4
2023-12-10,North,119.65,4
2023-12-11,North,120.94,4
2023-12-12,North,59.92,2
2023-12-13,North,90.67,3
2023-12-14,North,60.05,2
2023-12-15,North,59.91,2
2023-12-16,North,89.98,3
2023-12-17,North,121.00,4
2023-12-18,North,90.11,3
2023-12-19,North,59.95,2
2023-12-20,North,90.66,3
2023-12-21,North,59.72,2
2023-12-22,North,89.54,3
2023-12-23,North,119.16,4
2023-12-24,North,120.15,4
2023-12-25,North,90.83,3
2023-12-26,North,59.81,2
2023-12-27,North,59.83,2
2023-12-28,North,60.08,2
2023-12-01,North,90.83,3
2023-12-02,North,90.03,3
2023-12-03,North,90.62,3
2023-12-04,North,89.64,3
2023-12-01,South,112.81,4
2023-12-02,South,111.35,4
2023-12-03,South,83.33,3
2023-12-04,South,83.49,3
2023-12-05,South,83.82,3
2023-12-06,South,111.52,4
2023-12-07,South,83.53,3
2023-12-08,South,112.79,4
2023-12-09,South,110.97,4
2023-12-10,South,55.55,2
2023-12-11,South,56.04,2
2023-12-12,South,112.26,4
2023-12-13,South,83.31,3
2023-12-14,South,112.14,4
2023-12-15,South,84.65,3
2023-12-16,South,111.92,4
2023-12-17,South,56.36,2
2023-12-18,South,112.01,4
2023-12-19,South,112.38,4
2023-12-20,South,84.75,3
2023-12-21,South,112.15,4
2023-12-22,South,110.92,4
2023-12-23,South,111.08,4
2023-12-24,South,111.98,4
2023-12-25,South,112.53,4
2023-12-26,South,112.28,4
2023-12-27,South,84.39,3
2023-12-28,South,55.88,2
2023-12-01,South,55.93,2
2023-12-02,South,84.45,3
2023-12-03,South,83.22,3
2023-12-04,South,111.32,4
2023-12-05,South,83.70,3
2023-12-06,South,83.99,3
2023-12-07,South,111.39,4
2023-12-08,South,112.44,4
2023-12-09,South,112.10,4
2023-12-10,South,111.94,4
2023-12-11,South,84.68,3
2023-12-12,South,55.96,2
2023-12-13,South,56.53,2
2023-12-14,South,56.06,2
2023-12-15,South,56.07,2
2023-12-16,South,111.56,4
2023-12-17,South,55.50,2
2023-12-18,South,55.52,2
2023-12-19,South,111.53,4
2023-12-20,South,112.92,4
2023-12-21,South,56.24,2
2023-12-22,South,84.31,3
2023-12-23,South,56.20,2
2023-12-24,South,83.20,3
2023-12-25,South,111.08,4
2023-12-26,South,111.91,4
2023-12-27,South,112.41,4
2023-12-28,South,83.91,3
2023-12-01,South,111.13,4
2023-12-02,South,112.21,4
2023-12-03,South,111.36,4
2023-12-04,South,56.07,2
2023-12-05,South,55.97,2
2023-12-06,South,112.39,4
2023-12-07,South,55.96,2
2023-12-08,South,110.99,4
2023-12-09,South,112.91,4
2023-12-10,South,56.53,2
2023-12-11,South,112.84,4
2023-12-12,South,112.36,4
2023-12-13,South,56.55,2
2023-12-14,South,56.50,2
2023-12-15,South,55.68,2
2023-12-16,South,111.47,4
2023-12-17,South,55.47,2
2023-12-18,South,84.80,3
2023-12-19,South,84.68,3
2023-12-20,South,112.80,4
2023-12-21,South,83.60,3
2023-12-22,South,56.21,2
2023-12-23,South,112.94,4
2023-12-24,South,84.03,3
2023-12-25,South,83.79,3
2023-12-26,South,56.44,2
2023-12-27,South,56.09,2
2023-12-28,South,55.48,2
2023-12-01,South,84.82,3
2023-12-02,South,111.88,4
2023-12-03,South,56.30,2
2023-12-04,South,83.68,3
2023-12-05,South,55.71,2
2023-12-06,South,55.97,2
2023-12-07,South,56.45,2
2023-12-08,South,111.05,4
2023-12-09,South,55.61,2
2023-12-10,South,55.70,2
2023-12-11,South,113.01,4
2023-12-12,South,112.85,4
2023-12-13,South,55.91,2
2023-12-14,South,84.17,3
2023-12-15,South,83.38,3
2023-12-16,South,56.22,2
2023-12-17,South,84.38,3
2023-12-18,South,55.76,2
2023-12-19,South,112.05,4
2023-12-20,South,83.38,3
2023-12-21,South,111.61,4
2023-12-22,South,112.26,4
2023-12-23,South,55.57,2
2023-12-24,South,55.83,2
2023-12-25,South,56.54,2
2023-12-26,South,56.14,2
2023-12-27,South,56.22,2
2023-12-28,South,83.86,3
2023-12-01,South,84.02,3
2023-12-02,South,84.65,3
2023-12-03,South,56.45,2
2023-12-04,South,56.15,2
2023-12-05,South,83.97,3
2023-12-06,South,55.97,2
2023-12-07,South,112.18,4
2023-12-08,South,111.59,4
2023-12-09,South,111.47,4
2023-12-10,South,112.57,4
2023-12-11,South,84.21,3
2023-12-12,South,111.45,4
2023-12-13,South,111.06,4
2023-12-14,South,56.17,2
2023-12-15,South,83.62,3
2023-12-16,South,111.23,4
2023-12-17,South,56.00,2
2023-12-18,South,56.47,2
2023-12-19,South,84.83,3
2023-12-20,South,112.78,4
2023-12-21,South,111.63,4
2023-12-22,South,55.85,2
2023-12-23,South,55.78,2
2023-12-24,South,110.97,4
2023-12-25,South,56.09,2
2023-12-26,South,84.10,3
2023-12-27,South,112.51,4
2023-12-28,South,55.58,2
2023-12-01,South,83.73,3
2023-12-02,South,83.74,3
2023-12-03,South,83.85,3
2023-12-04,South,112.02,4
2023-12-05,South,83.41,3
2023-12-06,South,83.18,3
2023-12-07,South,112.55,4
2023-12-08,South,111.99,4
2023-12-09,South,111.36,4
2023-12-10,South,55.58,2
2023-12-11,South,111.48,4
2023-12-12,South,112.23,4
2023-12-13,South,111.67,4
2023-12-14,South,112.04,4
2023-12-15,South,83.50,3
2023-12-16,South,83.78,3
2023-12-17,South,112.12,4
2023-12-18,South,83.36,3
2023-12-19,South,112.11,4
2023-12-20,South,111.54,4
2023-12-21,South,83.75,3
2023-12-22,South,111.28,4
2023-12-23,South,111.48,4
2023-12-24,South,84.62,3
2023-12-25,South,84.11,3
2023-12-26,South,84.12,3
2023-12-27,South,55.60,2
2023-12-28,South,112.23,4
2023-12-01,South,56.01,2
2023-12-02,South,83.80,3
2023-12-01,East,141.08,4
2023-12-02,East,140.94,4
2023-12-03,East,104.58,3
2023-12-04,East,103.97,3
2023-12-05,East,105.46,3
2023-12-06,East,69.52,2
2023-12-07,East,104.95,3
2023-12-08,East,104.97,3
2023-12-09,East,70.53,2
2023-12-10,East,105.22,3
2023-12-11,East,70.53,2
2023-12-12,East,104.91,3
2023-12-13,East,69.55,2
2023-12-14,East,69.35,2
2023-12-15,East,140.08,4
2023-12-16,East,139.26,4
2023-12-17,East,70.34,2
2023-12-18,East,104.16,3
2023-12-19,East,139.62,4
2023-12-20,East,70.57,2
2023-12-21,East,70.49,2
2023-12-22,East,138.78,4
2023-12-23,East,70.43,2
2023-12-24,East,139.85,4
2023-12-25,East,139.14,4
2023-12-26,East,139.64,4
2023-12-27,East,140.81,4
2023-12-28,East,104.77,3
2023-12-01,East,139.85,4
2023-12-02,East,105.78,3
2023-12-03,East,138.99,4
2023-12-04,East,105.77,3
2023-12-05,East,140.32,4
2023-12-06,East,139.44,4
2023-12-07,East,139.54,4
2023-12-08,East,70.58,2
2023-12-09,East,104.33,3
2023-12-10,East,69.96,2
2023-12-11,East,105.76,3
2023-12-12,East,70.08,2
2023-12-13,East,139.22,4
2023-12-14,East,139.65,4
2023-12-15,East,70.36,2
2023-12-16,East,138.78,4
2023-12-17,East,139.44,4
2023-12-18,East,104.40,3
2023-12-19,East,70.58,2
2023-12-20,East,70.69,2
2023-12-21,East,105.64,3
2023-12-22,East,139.70,4
2023-12-23,East,69.93,2
2023-12-24,East,141.21,4
2023-12-25,East,69.89,2
2023-12-26,East,70.68,2
2023-12-27,East,139.70,4
2023-12-28,East,139.98,4
2023-12-01,East,140.89,4
2023-12-02,East,139.85,4
2023-12-03,East,70.11,2
2023-12-04,East,106.02,3
2023-12-05,East,69.96,2
2023-12-06,East,140.59,4
2023-12-07,East,69.59,2
2023-12-08,East,104.22,3
2023-12-09,East,104.35,3
2023-12-10,East,104.81,3
2023-12-11,East,140.17,4
2023-12-12,East,141.06,4
2023-12-13,East,139.58,4
2023-12-14,East,69.57,2
2023-12-15,East,104.53,3
2023-12-16,East,105.79,3
2023-12-17,East,69.73,2
2023-12-18,East,105.38,3
2023-12-19,East,105.41,3
2023-12-20,East,69.36,2
2023-12-21,East,138.99,4
2023-12-22,East,140.49,4
2023-12-23,East,139.11,4
2023-12-24,East,70.08,2
2023-12-25,East,105.63,3
2023-12-26,East,140.15,4
2023-12-27,East,105.04,3
2023-12-28,East,69.89,2
2023-12-01,East,104.31,3
2023-12-02,East,104.14,3
2023-12-03,East,70.14,2
2023-12-04,East,140.56,4
2023-12-05,East,140.55,4
2023-12-06,East,70.23,2
2023-12-07,East,70.06,2
2023-12-08,East,105.48,3
2023-12-09,East,139.39,4
2023-12-10,East,69.86,2
2023-12-11,East,138.83,4
2023-12-12,East,105.39,3
2023-12-13,East,69.35,2
2023-12-14,East,105.94,3
2023-12-15,East,138.66,4
2023-12-16,East,139.54,4
2023-12-17,East,104.47,3
2023-12-18,East,139.46,4
2023-12-19,East,138.90,4
2023-12-20,East,140.70,4
2023-12-21,East,70.11,2
2023-12-22,East,104.90,3
2023-12-23,East,104.17,3
2023-12-24,East,104.46,3
2023-12-25,East,138.68,4
2023-12-26,East,139.43,4
2023-12-27,East,105.12,3
2023-12-28,East,103.97,3
2023-12-01,East,141.05,4
2023-12-02,East,105.29,3
2023-12-03,East,104.41,3
2023-12-04,East,105.86,3
2023-12-05,East,140.14,4
2023-12-06,East,140.89,4
2023-12-07,East,70.53,2
2023-12-08,East,139.57,4
2023-12-09,East,104.19,3
2023-12-10,East,105.46,3
2023-12-11,East,139.59,4
2023-12-12,East,69.56,2
2023-12-13,East,105.29,3
2023-12-14,East,104.39,3
2023-12-15,East,70.56,2
2023-12-16,East,139.45,4
2023-12-17,East,140.67,4
2023-12-18,East,141.03,4
2023-12-19,East,139.34,4
2023-12-20,East,70.57,2
2023-12-21,East,70.59,2
2023-12-22,East,139.24,4
2023-12-23,East,105.74,3
2023-12-24,East,104.66,3
2023-12-25,East,104.31,3
2023-12-26,East,139.57,4
2023-12-27,East,105.64,3
2023-12-28,East,105.87,3
2023-12-01,West,50.37,2
2023-12-02,West,49.72,2
2023-12-03,West,99.86,4
2023-12-04,West,49.58,2
2023-12-05,West,50.21,2
2023-12-06,West,50.10,2
2023-12-07,West,100.78,4
2023-12-08,West,99.20,4
2023-12-09,West,74.74,3
2023-12-10,West,100.80,4
2023-12-11,West,100.25,4
2023-12-12,West,74.79,3
2023-12-13,West,74.67,3
2023-12-14,West,74.85,3
2023-12-15,West,49.98,2
2023-12-16,West,50.38,2
2023-12-17,West,49.64,2
2023-12-18,West,50.23,2
2023-12-19,West,75.75,3
2023-12-20,West,100.06,4
2023-12-21,West,74.50,3
2023-12-22,West,74.73,3
2023-12-23,West,75.32,3
2023-12-24,West,50.37,2
2023-12-25,West,50.49,2
2023-12-26,West,99.90,4
2023-12-27,West,74.46,3
2023-12-28,West,49.81,2
2023-12-01,West,75.13,3
2023-12-02,West,99.25,4
2023-12-03,West,74.86,3
2023-12-04,West,49.98,2
2023-12-05,West,75.29,3
2023-12-06,West,74.50,3
2023-12-07,West,99.13,4
2023-12-08,West,100.84,4
2023-12-09,West,50.25,2
2023-12-10,West,49.58,2
2023-12-11,West,74.47,3
2023-12-12,West,50.39,2
2023-12-13,West,100.69,4
2023-12-14,West,100.09,4
2023-12-15,West,49.85,2
2023-12-16,West,74.62,3
2023-12-17,West,74.33,3
2023-12-18,West,50.48,2
2023-12-19,West,50.45,2
2023-12-20,West,75.24,3
2023-12-21,West,74.27,3
2023-12-22,West,75.09,3
2023-12-23,West,49.72,2
2023-12-24,West,99.99,4
2023-12-25,West,49.98,2
2023-12-26,West,49.99,2
2023-12-27,West,75.54,3
2023-12-28,West,75.08,3
2023-12-01,West,75.27,3
2023-12-02,West,49.94,2
2023-12-03,West,75.19,3
2023-12-04,West,75.72,3
2023-12-05,West,99.69,4
2023-12-06,West,75.40,3
2023-12-07,West,75.73,3
2023-12-08,West,99.11,4
2023-12-09,West,74.70,3
2023-12-10,West,100.80,4
2023-12-11,West,100.89,4
2023-12-12,West,99.95,4
2023-12-13,West,74.55,3
2023-12-14,West,100.97,4
2023-12-15,West,75.44,3
2023-12-16,West,50.29,2
2023-12-17,West,75.64,3
2023-12-18,West,75.02,3
2023-12-19,West,50.32,2
2023-12-20,West,75.65,3
2023-12-21,West,100.74,4
2023-12-22,West,99.83,4
2023-12-23,West,75.32,3
2023-12-24,West,74.92,3
2023-12-25,West,50.37,2
2023-12-26,West,49.60,2
2023-12-27,West,100.96,4
2023-12-28,West,50.28,2
2023-12-01,West,100.97,4
2023-12-02,West,75.25,3
2023-12-03,West,74.61,3
2023-12-04,West,99.29,4
2023-12-05,West,100.73,4
2023-12-06,West,75.54,3
2023-12-07,West,74.83,3
2023-12-08,West,75.48,3
2023-12-09,West,50.17,2
2023-12-10,West,49.74,2
2023-12-11,West,49.68,2
2023-12-12,West,50.05,2
2023-12-13,West,75.09,3
2023-12-14,West,49.61,2
2023-12-15,West,50.21,2
2023-12-16,West,75.74,3
2023-12-17,West,74.94,3
2023-12-18,West,100.15,4
2023-12-19,West,100.70,4
2023-12-20,West,74.96,3
2023-12-21,West,50.28,2
2023-12-22,West,99.14,4
2023-12-23,West,49.80,2
2023-12-24,West,75.50,3
2023-12-25,West,100.64,4
2023-12-26,West,99.80,4
2024-01-01,North,90.35,3
2024-01-02,North,120.15,4
2024-01-03,North,120.41,4
2024-01-04,North,59.83,2
2024-01-05,North,60.24,2
2024-01-06,North,119.94,4
2024-01-07,North,60.35,2
2024-01-08,North,60.31,2
2024-01-09,North,120.46,4
2024-01-10,North,119.73,4
2024-01-11,North,119.72,4
2024-01-12,North,120.12,4
2024-01-13,North,90.05,3
2024-01-14,North,89.80,3
2024-01-15,North,90.72,3
2024-01-16,North,89.92,3
2024-01-17,North,60.22,2
2024-01-18,North,89.60,3
2024-01-19,North,60.44,2
2024-01-20,North,60.40,2
2024-01-21,North,59.48,2
2024-01-22,North,90.73,3
2024-01-23,North,59.55,2
2024-01-24,North,119.70,4
2024-01-25,North,59.95,2
2024-01-26,North,89.82,3
2024-01-27,North,59.59,2
2024-01-28,North,90.51,3
2024-01-01,North,59.40,2
2024-01-02,North,119.39,4
2024-01-03,North,120.30,4
2024-01-04,North,120.09,4
2024-01-05,North,60.37,2
2024-01-06,North,89.36,3
2024-01-07,North,90.05,3
2024-01-08,North,89.73,3
2024-01-09,North,60.02,2
2024-01-10,North,120.81,4
2024-01-11,North,89.96,3
2024-01-12,North,90.80,3
2024-01-13,North,120.12,4
2024-01-14,North,90.60,3
2024-01-15,North,59.59,2
2024-01-16,North,60.14,2
2024-01-17,North,120.30,4
2024-01-18,North,120.59,4
2024-01-19,North,90.89,3
2024-01-20,North,60.44,2
2024-01-21,North,89.61,3
2024-01-22,North,90.35,3
2024-01-23,North,119.09,4
2024-01-24,North,89.69,3
2024-01-25,North,121.13,4
2024-01-26,North,120.89,4
2024-01-27,North,90.85,3
2024-01-28,North,121.00,4
2024-01-01,North,59.90,2
2024-01-02,North,59.99,2
2024-01-03,North,90.51,3
2024-01-04,North,60.24,2
2024-01-05,North,121.16,4
2024-01-06,North,89.81,3
2024-01-07,North,119.50,4
2024-01-08,North,118.90,4
2024-01-09,North,119.11,4
2024-01-10,North,120.22,4
2024-01-11,North,120.00,4
2024-01-12,North,118.89,4
2024-01-13,North,59.54,2
2024-01-14,North,121.00,4
2024-01-15,North,60.47,2
2024-01-16,North,121.04,4
2024-01-17,North,120.08,4
2024-01-18,North,90.34,3
2024-01-19,North,120.03,4
2024-01-20,North,59.47,2
2024-01-21,North,60.43,2
2024-01-22,North,120.01,4
2024-01-23,North,90.18,3
2024-01-24,North,118.87,4
2024-01-25,North,60.43,2
2024-01-26,North,120.95,4
2024-01-27,North,90.42,3
2024-01-28,North,90.09,3
2024-01-01,North,119.78,4
2024-01-02,North,89.68,3
2024-01-03,North,60.20,2
2024-01-04,North,60.45,2
2024-01-05,North,118.90,4
2024-01-06,North,90.45,3
2024-01-07,North,118.87,4
2024-01-08,North,120.69,4
2024-01-09,North,90.68,3
2024-01-10,North,90.76,3
2024-01-11,North,60.21,2
2024-01-12,North,59.68,2
2024-01-13,North,60.15,2
2024-01-14,North,119.12,4
2024-01-15,North,60.04,2
2024-01-16,North,119.13,4
2024-01-17,North,119.18,4
2024-01-18,North,60.29,2
2024-01-19,North,120.82,4
2024-01-20,North,90.63,3
2024-01-21,North,90.39,3
2024-01-22,North,89.57,3
2024-01-23,North,121.14,4
2024-01-24,North,89.55,3
2024-01-25,North,60.09,2
2024-01-26,North,89.86,3
2024-01-27,North,59.65,2
2024-01-28,North,90.19,3
2024-01-01,North,89.29,3
2024-01-02,North,90.25,3
2024-01-03,North,89.37,3
2024-01-04,North,89.60,3
2024-01-05,North,89.34,3
2024-01-06,North,60.53,2
2024-01-07,North,90.65,3
2024-01-08,North,120.19,4
2024-01-09,North,90.09,3
2024-01-10,North,60.27,2
2024-01-11,North,119.35,4
2024-01-12,North,90.59,3
2024-01-13,North,121.00,4
2024-01-14,North,120.71,4
2024-01-15,North,60.39,2
2024-01-16,North,59.49,2
2024-01-17,North,120.59,4
2024-01-18,North,119.58,4
2024-01-19,North,90.61,3
2024-01-20,North,89.69,3
2024-01-21,North,59.76,2
2024-01-22,North,60.45,2
2024-01-23,North,89.60,3
2024-01-24,North,60.37,2
2024-01-25,North,60.35,2
2024-01-26,North,120.95,4
2024-01-27,North,90.00,3
2024-01-28,North,89.99,3
2024-01-01,North,118.94,4
2024-01-02,North,121.15,4
2024-01-03,North,119.81,4
2024-01-04,North,120.18,4
2024-01-05,North,89.55,3
2024-01-06,North,119.33,4
2024-01-07,North,89.11,3
2024-01-08,North,60.32,2
2024-01-09,North,90.71,3
2024-01-10,North,121.11,4
2024-01-11,North,60.31,2
2024-01-12,North,120.02,4
2024-01-13,North,90.32,3
2024-01-14,North,59.82,2
2024-01-15,North,60.44,2
2024-01-16,North,90.77,3
2024-01-17,North,59.53,2
2024-01-18,North,60.20,2
2024-01-19,North,90.50,3
2024-01-20,North,120.24,4
2024-01-21,North,59.59,2
2024-01-22,North,59.72,2
2024-01-23,North,120.58,4
2024-01-24,North,89.35,3
2024-01-25,North,89.31,3
2024-01-26,North,119.22,4
2024-01-27,North,119.65,4
2024-01-28,North,90.29,3
2024-01-01,North,60.11,2
2024-01-02,North,60.53,2
2024-01-03,North,90.43,3
2024-01-04,North,90.04,3
2024-01-05,North,90.85,3
2024-01-06,North,119.59,4
2024-01-07,North,120.09,4
2024-01-08,North,89.41,3
2024-01-09,North,59.92,2
2024-01-10,North,120.83,4
2024-01-11,North,59.92,2
2024-01-12,North,90.20,3
2024-01-13,North,89.62,3
2024-01-14,North,90.77,3
2024-01-15,North,60.33,2
2024-01-16,North,120.19,4
2024-01-17,North,89.87,3
2024-01-18,North,120.14,4
2024-01-19,North,60.37,2
2024-01-20,North,89.62,3
2024-01-21,North,89.61,3
2024-01-22,North,60.53,2
2024-01-23,North,59.44,2
2024-01-24,North,119.91,4
2024-01-25,North,59.71,2
2024-01-26,North,59.86,2
2024-01-27,North,119.47,4
2024-01-28,North,59.87,2
2024-01-01,North,90.13,3
2024-01-02,North,119.96,4
2024-01-03,North,118.94,4
2024-01-04,North,59.85,2
2024-01-01,South,83.16,3
2024-01-02,South,55.80,2
2024-01-03,South,84.51,3
2024-01-04,South,56.35,2
2024-01-05,South,112.95,4
2024-01-06,South,83.54,3
2024-01-07,South,84.76,3
2024-01-08,South,56.13,2
2024-01-09,South,111.50,4
2024-01-10,South,83.91,3
2024-01-11,South,56.52,2
2024-01-12,South,84.74,3
2024-01-13,South,111.44,4
2024-01-14,South,84.29,3
2024-01-15,South,112.13,4
2024-01-16,South,56.17,2
2024-01-17,South,112.95,4
2024-01-18,South,55.89,2
2024-01-19,South,112.80,4
2024-01-20,South,83.17,3
2024-01-21,South,112.36,4
2024-01-22,South,113.12,4
2024-01-23,South,83.50,3
2024-01-24,South,55.84,2
2024-01-25,South,112.51,4
2024-01-26,South,56.07,2
2024-01-27,South,84.51,3
2024-01-28,South,84.11,3
2024-01-01,South,84.03,3
2024-01-02,South,55.93,2
2024-01-03,South,112.16,4
2024-01-04,South,83.37,3
2024-01-05,South,84.31,3
2024-01-06,South,56.37,2
2024-01-07,South,112.30,4
2024-01-08,South,83.67,3
2024-01-09,South,111.98,4
2024-01-10,South,55.99,2
2024-01-11,South,56.29,2
2024-01-12,South,56.42,2
2024-01-13,South,84.35,3
2024-01-14,South,84.52,3
2024-01-15,South,55.78,2
2024-01-16,South,112.28,4
2024-01-17,South,84.71,3
2024-01-18,South,111.11,4
2024-01-19,South,111.33,4
2024-01-20,South,56.16,2
2024-01-21,South,111.89,4
2024-01-22,South,56.21,2
2024-01-23,South,55.98,2
2024-01-24,South,112.03,4
2024-01-25,South,55.57,2
2024-01-26,South,55.99,2
2024-01-27,South,83.91,3
2024-01-28,South,113.08,4
2024-01-01,South,111.94,4
2024-01-02,South,83.84,3
2024-01-03,South,84.22,3
2024-01-04,South,111.20,4
2024-01-05,South,112.52,4
2024-01-06,South,55.75,2
2024-01-07,South,111.80,4
2024-01-08,South,55.97,2
2024-01-09,South,84.59,3
2024-01-10,South,56.28,2
2024-01-11,South,84.38,3
2024-01-12,South,111.27,4
2024-01-13,South,111.44,4
2024-01-14,South,56.24,2
2024-01-15,South,83.52,3
2024-01-16,South,83.51,3
2024-01-17,South,111.60,4
2024-01-18,South,56.27,2
2024-01-19,South,83.96,3
2024-01-20,South,111.33,4
2024-01-21,South,56.16,2
2024-01-22,South,111.46,4
2024-01-23,South,55.66,2
2024-01-24,South,112.83,4
2024-01-25,South,56.35,2
2024-01-26,South,84.46,3
2024-01-27,South,111.37,4
2024-01-28,South,83.61,3
2024-01-01,South,111.60,4
2024-01-02,South,112.14,4
2024-01-03,South,56.25,2
2024-01-04,South,83.70,3
2024-01-05,South,84.42,3
2024-01-06,South,56.18,2
2024-01-07,South,111.13,4
2024-01-08,South,84.03,3
2024-01-09,South,55.86,2
2024-01-10,South,56.36,2
2024-01-11,South,56.27,2
2024-01-12,South,55.58,2
2024-01-13,South,84.65,3
2024-01-14,South,83.95,3
2024-01-15,South,84.71,3
2024-01-16,South,83.23,3
2024-01-17,South,55.83,2
2024-01-18,South,55.62,2
2024-01-19,South,113.03,4
2024-01-20,South,55.86,2
2024-01-21,South,83.95,3
2024-01-22,South,111.79,4
2024-01-23,South,56.35,2
2024-01-24,South,112.79,4
2024-01-25,South,112.50,4
2024-01-26,South,56.47,2
2024-01-27,South,84.57,3
2024-01-28,South,56.37,2
2024-01-01,South,83.71,3
2024-01-02,South,112.40,4
2024-01-03,South,83.89,3
2024-01-04,South,84.04,3
2024-01-05,South,112.68,4
2024-01-06,South,83.83,3
2024-01-07,South,84.25,3
2024-01-08,South,83.16,3
2024-01-09,South,84.65,3
2024-01-10,South,55.54,2
2024-01-11,South,55.53,2
2024-01-12,South,112.76,4
2024-01-13,South,55.99,2
2024-01-14,South,56.49,2
2024-01-15,South,83.36,3
2024-01-16,South,83.70,3
2024-01-17,South,113.05,4
2024-01-18,South,55.64,2
2024-01-19,South,83.45,3
2024-01-20,South,83.21,3
2024-01-21,South,112.25,4
2024-01-22,South,111.18,4
2024-01-23,South,83.54,3
2024-01-24,South,111.61,4
2024-01-25,South,112.33,4
2024-01-26,South,83.27,3
2024-01-27,South,111.66,4
2024-01-28,South,83.96,3
2024-01-01,South,110.90,4
2024-01-02,South,111.63,4
2024-01-03,South,55.85,2
2024-01-04,South,56.33,2
2024-01-05,South,84.54,3
2024-01-06,South,110.91,4
2024-01-07,South,113.07,4
2024-01-08,South,111.18,4
2024-01-09,South,83.90,3
2024-01-10,South,110.95,4
2024-01-11,South,84.32,3
2024-01-12,South,111.76,4
2024-01-13,South,55.92,2
2024-01-14,South,84.09,3
2024-01-15,South,113.02,4
2024-01-16,South,83.73,3
2024-01-17,South,84.42,3
2024-01-18,South,55.99,2
2024-01-19,South,56.21,2
2024-01-20,South,83.20,3
2024-01-21,South,111.42,4
2024-01-22,South,84.84,3
2024-01-23,South,56.20,2
2024-01-24,South,55.68,2
2024-01-25,South,55.85,2
2024-01-26,South,111.27,4
2024-01-27,South,112.55,4
2024-01-28,South,56.06,2
2024-01-01,South,112.37,4
2024-01-02,South,56.17,2
2024-01-01,East,69.64,2
2024-01-02,East,105.05,3
2024-01-03,East,105.54,3
2024-01-04,East,139.07,4
2024-01-05,East,69.41,2
2024-01-06,East,140.94,4
2024-01-07,East,70.09,2
2024-01-08,East,105.70,3
2024-01-09,East,105.46,3
2024-01-10,East,70.63,2
2024-01-11,East,104.54,3
2024-01-12,East,105.56,3
2024-01-13,East,70.43,2
2024-01-14,East,70.08,2
2024-01-15,East,105.40,3
2024-01-16,East,70.68,2
2024-01-17,East,141.31,4
2024-01-18,East,141.16,4
2024-01-19,East,69.43,2
2024-01-20,East,139.95,4
2024-01-21,East,139.36,4
2024-01-22,East,140.24,4
2024-01-23,East,139.38,4
2024-01-24,East,104.29,3
2024-01-25,East,105.72,3
2024-01-26,East,69.62,2
2024-01-27,East,69.51,2
2024-01-28,East,70.12,2
2024-01-01,East,139.02,4
2024-01-02,East,104.84,3
2024-01-03,East,70.26,2
2024-01-04,East,139.32,4
2024-01-05,East,140.76,4
2024-01-06,East,69.56,2
2024-01-07,East,70.34,2
2024-01-08,East,139.68,4
2024-01-09,East,138.63,4
2024-01-10,East,69.43,2
2024-01-11,East,70.10,2
2024-01-12,East,138.75,4
2024-01-13,East,70.70,2
2024-01-14,East,104.25,3
2024-01-15,East,69.81,2
2024-01-16,East,70.06,2
2024-01-17,East,138.72,4
2024-01-18,East,139.48,4
2024-01-19,East,139.50,4
2024-01-20,East,140.75,4
2024-01-21,East,70.48,2
2024-01-22,East,139.87,4
2024-01-23,East,140.50,4
2024-01-24,East,140.26,4
2024-01-25,East,138.92,4
2024-01-26,East,140.99,4
2024-01-27,East,70.52,2
2024-01-28,East,104.49,3
2024-01-01,East,104.49,3
2024-01-02,East,140.10,4
2024-01-03,East,69.44,2
2024-01-04,East,139.42,4
2024-01-05,East,104.45,3
2024-01-06,East,70.47,2
2024-01-07,East,105.54,3
2024-01-08,East,105.80,3
2024-01-09,East,105.59,3
2024-01-10,East,70.33,2
2024-01-11,East,70.67,2
2024-01-12,East,140.75,4
2024-01-13,East,69.82,2
2024-01-14,East,105.45,3
2024-01-15,East,140.08,4
2024-01-16,East,70.46,2
2024-01-17,East,140.43,4
2024-01-18,East,105.37,3
2024-01-19,East,70.27,2
2024-01-20,East,141.24,4
2024-01-21,East,70.06,2
2024-01-22,East,138.70,4
2024-01-23,East,69.77,2
2024-01-24,East,141.31,4
2024-01-25,East,104.48,3
2024-01-26,East,70.33,2
2024-01-27,East,104.34,3
2024-01-28,East,140.44,4
2024-01-01,East,105.41,3
2024-01-02,East,104.03,3
2024-01-03,East,70.59,2
2024-01-04,East,69.41,2
2024-01-05,East,140.32,4
2024-01-06,East,70.24,2
2024-01-07,East,69.76,2
2024-01-08,East,140.54,4
2024-01-09,East,139.07,4
2024-01-10,East,105.20,3
2024-01-11,East,104.21,3
2024-01-12,East,139.51,4
2024-01-13,East,70.37,2
2024-01-14,East,141.14,4
2024-01-15,East,69.79,2
2024-01-16,East,139.14,4
2024-01-17,East,104.04,3
2024-01-18,East,70.18,2
2024-01-19,East,140.72,4
2024-01-20,East,141.09,4
2024-01-21,East,140.46,4
2024-01-22,East,70.04,2
2024-01-23,East,69.54,2
2024-01-24,East,69.60,2
2024-01-25,East,69.83,2
2024-01-26,East,69.87,2
2024-01-27,East,139.98,4
2024-01-28,East,140.26,4
2024-01-01,East,140.63,4
2024-01-02,East,105.29,3
2024-01-03,East,69.54,2
2024-01-04,East,140.66,4
2024-01-05,East,104.77,3
2024-01-06,East,70.48,2
2024-01-07,East,70.08,2
2024-01-08,East,105.33,3
2024-01-09,East,70.07,2
2024-01-10,East,139.29,4
2024-01-11,East,70.05,2
2024-01-12,East,105.40,3
2024-01-13,East,104.78,3
2024-01-14,East,105.05,3
2024-01-15,East,69.55,2
2024-01-16,East,105.15,3
2024-01-17,East,70.70,2
2024-01-18,East,105.63,3
2024-01-19,East,105.86,3
2024-01-20,East,138.96,4
2024-01-21,East,140.75,4
2024-01-22,East,105.00,3
2024-01-23,East,104.75,3
2024-01-24,East,139.31,4
2024-01-25,East,141.28,4
2024-01-26,East,138.73,4
2024-01-27,East,69.34,2
2024-01-28,East,70.28,2
2024-01-01,West,74.70,3
2024-01-02,West,50.46,2
2024-01-03,West,50.47,2
2024-01-04,West,50.22,2
2024-01-05,West,74.55,3
2024-01-06,West,100.99,4
2024-01-07,West,74.91,3
2024-01-08,West,74.75,3
2024-01-09,West,75.28,3
2024-01-10,West,50.01,2
2024-01-11,West,74.40,3
2024-01-12,West,74.28,3
2024-01-13,West,49.71,2
2024-01-14,West,100.81,4
2024-01-15,West,75.45,3
2024-01-16,West,99.63,4
2024-01-17,West,99.90,4
2024-01-18,West,100.90,4
2024-01-19,West,100.03,4
2024-01-20,West,50.04,2
2024-01-21,West,75.11,3
2024-01-22,West,100.98,4
2024-01-23,West,50.50,2
2024-01-24,West,100.22,4
2024-01-25,West,99.73,4
2024-01-26,West,74.36,3
2024-01-27,West,100.30,4
2024-01-28,West,100.30,4
2024-01-01,West,49.74,2
2024-01-02,West,100.69,4
2024-01-03,West,74.69,3
2024-01-04,West,75.37,3
2024-01-05,West,74.61,3
2024-01-06,West,75.47,3
2024-01-07,West,75.54,3
2024-01-08,West,75.22,3
2024-01-09,West,75.18,3
2024-01-10,West,100.44,4
2024-01-11,West,100.93,4
2024-01-12,West,49.63,2
2024-01-13,West,74.72,3
2024-01-14,West,49.98,2
2024-01-15,West,75.61,3
2024-01-16,West,49.75,2
2024-01-17,West,74.55,3
2024-01-18,West,49.50,2
2024-01-19,West,75.32,3
2024-01-20,West,50.49,2
2024-01-21,West,99.76,4
2024-01-22,West,99.23,4
2024-01-23,West,50.32,2
2024-01-24,West,49.82,2
2024-01-25,West,75.06,3
2024-01-26,West,99.76,4
2024-01-27,West,74.67,3
2024-01-28,West,75.24,3
2024-01-01,West,49.86,2
2024-01-02,West,75.64,3
2024-01-03,West,50.26,2
2024-01-04,West,74.69,3
2024-01-05,West,74.86,3
2024-01-06,West,99.09,4
2024-01-07,West,49.76,2
2024-01-08,West,75.44,3
2024-01-09,West,99.98,4
2024-01-10,West,74.28,3
2024-01-11,West,74.98,3
2024-01-12,West,99.20,4
2024-01-13,West,49.62,2
2024-01-14,West,50.34,2
2024-01-15,West,50.21,2
2024-01-16,West,49.81,2
2024-01-17,West,100.25,4
2024-01-18,West,50.01,2
2024-01-19,West,49.69,2
2024-01-20,West,99.56,4
2024-01-21,West,100.67,4
2024-01-22,West,74.66,3
2024-01-23,West,49.99,2
2024-01-24,West,49.65,2
2024-01-25,West,75.71,3
2024-01-26,West,75.46,3
2024-01-27,West,100.21,4
2024-01-28,West,99.21,4
2024-01-01,West,74.55,3
2024-01-02,West,99.89,4
2024-01-03,West,75.14,3
2024-01-04,West,100.86,4
2024-01-05,West,99.96,4
2024-01-06,West,74.67,3
2024-01-07,West,49.97,2
2024-01-08,West,74.32,3
2024-01-09,West,50.35,2
2024-01-10,West,74.64,3
2024-01-11,West,99.51,4
2024-01-12,West,100.05,4
2024-01-13,West,50.48,2
2024-01-14,West,49.93,2
2024-01-15,West,74.82,3
2024-01-16,West,100.82,4
2024-01-17,West,50.10,2
2024-01-18,West,50.17,2
2024-01-19,West,75.16,3
2024-01-20,West,99.65,4
2024-01-21,West,99.61,4
2024-01-22,West,99.45,4
2024-01-23,West,74.89,3
2024-01-24,West,50.25,2
2024-01-25,West,75.49,3
2024-01-26,West,100.73,4
2024-02-01,North,119.08,4
2024-02-02,North,89.99,3
2024-02-03,North,119.90,4
2024-02-04,North,89.28,3
2024-02-05,North,60.28,2
2024-02-06,North,89.62,3
2024-02-07,North,119.17,4
2024-02-08,North,60.36,2
2024-02-09,North,60.48,2
2024-02-10,North,90.47,3
2024-02-11,North,118.89,4
2024-02-12,North,59.97,2
2024-02-13,North,60.45,2
2024-02-14,North,60.04,2
2024-02-15,North,121.20,4
2024-02-16,North,120.46,4
2024-02-17,North,59.48,2
2024-02-18,North,59.62,2
2024-02-19,North,118.99,4
2024-02-20,North,90.88,3
2024-02-21,North,120.14,4
2024-02-22,North,119.76,4
2024-02-23,North,59.95,2
2024-02-24,North,59.60,2
2024-02-25,North,89.54,3
2024-02-26,North,60.29,2
2024-02-27,North,120.02,4
2024-02-28,North,119.74,4
2024-02-01,North,60.14,2
2024-02-02,North,118.93,4
2024-02-03,North,119.89,4
2024-02-04,North,60.57,2
2024-02-05,North,90.14,3
2024-02-06,North,89.60,3
2024-02-07,North,121.09,4
2024-02-08,North,89.40,3
2024-02-09,North,60.29,2
2024-02-10,North,60.14,2
2024-02-11,North,120.33,4
2024-02-12,North,89.67,3
2024-02-13,North,119.24,4
2024-02-14,North,121.01,4
2024-02-15,North,120.46,4
2024-02-16,North,89.57,3
2024-02-17,North,118.82,4
2024-02-18,North,119.34,4
2024-02-19,North,119.71,4
2024-02-20,North,120.19,4
2024-02-21,North,89.93,3
2024-02-22,North,90.23,3
2024-02-23,North,89.86,3
2024-02-24,North,119.76,4
2024-02-25,North,60.06,2
2024-02-26,North,59.61,2
2024-02-27,North,118.88,4
2024-02-28,North,119.29,4
2024-02-01,North,119.93,4
2024-02-02,North,119.88,4
2024-02-03,North,59.44,2
2024-02-04,North,59.61,2
2024-02-05,North,90.42,3
2024-02-06,North,89.76,3
2024-02-07,North,89.84,3
2024-02-08,North,59.79,2
2024-02-09,North,89.51,3
2024-02-10,North,59.84,2
2024-02-11,North,120.47,4
2024-02-12,North,120.94,4
2024-02-13,North,121.03,4
2024-02-14,North,60.46,2
2024-02-15,North,59.84,2
2024-02-16,North,119.63,4
2024-02-17,North,119.12,4
2024-02-18,North,60.01,2
2024-02-19,North,90.61,3
2024-02-20,North,60.59,2
2024-02-21,North,60.29,2
2024-02-22,North,89.11,3
2024-02-23,North,89.28,3
2024-02-24,North,90.81,3
2024-02-25,North,118.98,4
2024-02-26,North,119.02,4
2024-02-27,North,59.70,2
2024-02-28,North,59.95,2
2024-02-01,North,59.73,2
2024-02-02,North,59.94,2
2024-02-03,North,121.11,4
2024-02-04,North,90.59,3
2024-02-05,North,120.40,4
2024-02-06,North,119.69,4
2024-02-07,North,120.86,4
2024-02-08,North,60.22,2
2024-02-09,North,119.86,4
2024-02-10,North,59.86,2
2024-02-11,North,89.63,3
2024-02-12,North,60.55,2
2024-02-13,North,60.15,2
2024-02-14,North,60.11,2
2024-02-15,North,60.21,2
2024-02-16,North,59.89,2
2024-02-17,North,59.52,2
2024-02-18,North,89.17,3
2024-02-19,North,120.91,4
2024-02-20,North,90.81,3
2024-02-21,North,89.95,3
2024-02-22,North,120.79,4
2024-02-23,North,119.46,4
2024-02-24,North,89.52,3
2024-02-25,North,90.74,3
2024-02-26,North,120.33,4
2024-02-27,North,121.05,4
2024-02-28,North,59.49,2
2024-02-01,North,60.28,2
2024-02-02,North,59.63,2
2024-02-03,North,89.15,3
2024-02-04,North,90.61,3
2024-02-05,North,119.00,4
2024-02-06,North,120.43,4
2024-02-07,North,60.02,2
2024-02-08,North,59.41,2
2024-02-09,North,60.45,2
2024-02-10,North,90.06,3
2024-02-11,North,120.18,4
2024-02-12,North,120.56,4
2024-02-13,North,60.25,2
2024-02-14,North,120.14,4
2024-02-15,North,59.62,2
2024-02-16,North,60.59,2
2024-02-17,North,60.50,2
2024-02-18,North,119.84,4
2024-02-19,North,121.13,4
2024-02-20,North,89.45,3
2024-02-21,North,120.51,4
2024-02-22,North,90.19,3
2024-02-23,North,90.30,3
2024-02-24,North,89.35,3
2024-02-25,North,90.88,3
2024-02-26,North,59.99,2
2024-02-27,North,60.48,2
2024-02-28,North,90.39,3
2024-02-01,North,59.96,2
2024-02-02,North,118.89,4
2024-02-03,North,120.63,4
2024-02-04,North,90.39,3
2024-02-05,North,60.28,2
2024-02-06,North,118.84,4
2024-02-07,North,59.82,2
2024-02-08,North,59.73,2
2024-02-09,North,120.13,4
2024-02-10,North,120.53,4
2024-02-11,North,59.70,2
2024-02-12,North,119.31,4
2024-02-13,North,90.89,3
2024-02-14,North,90.70,3
2024-02-15,North,60.08,2
2024-02-16,North,89.32,3
2024-02-17,North,59.53,2
2024-02-18,North,120.32,4
2024-02-19,North,60.21,2
2024-02-20,North,120.22,4
2024-02-21,North,120.98,4
2024-02-22,North,119.11,4
2024-02-23,North,120.28,4
2024-02-24,North,60.05,2
2024-02-25,North,60.12,2
2024-02-26,North,119.74,4
2024-02-27,North,119.07,4
2024-02-28,North,60.26,2
2024-02-01,North,60.15,2
2024-02-02,North,59.95,2
2024-02-03,North,89.95,3
2024-02-04,North,119.49,4
2024-02-05,North,119.34,4
2024-02-06,North,121.18,4
2024-02-07,North,119.01,4
2024-02-08,North,120.14,4
2024-02-09,North,60.60,2
2024-02-10,North,59.78,2
2024-02-11,North,89.24,3
2024-02-12,North,60.60,2
2024-02-13,North,118.85,4
2024-02-14,North,118.82,4
2024-02-15,North,60.29,2
2024-02-16,North,60.60,2
2024-02-17,North,120.78,4
2024-02-18,North,119.81,4
2024-02-19,North,90.39,3
2024-02-20,North,119.25,4
2024-02-21,North,59.45,2
2024-02-22,North,59.77,2
2024-02-23,North,89.70,3
2024-02-24,North,89.62,3
2024-02-25,North,89.16,3
2024-02-26,North,121.07,4
2024-02-27,North,120.86,4
2024-02-28,North,119.92,4
2024-02-01,North,121.04,4
2024-02-02,North,59.95,2
2024-02-03,North,59.69,2
2024-02-04,North,120.87,4
2024-02-01,South,112.42,4
2024-02-02,South,111.85,4
2024-02-03,South,56.20,2
2024-02-04,South,84.22,3
2024-02-05,South,112.90,4
2024-02-06,South,83.83,3
2024-02-07,South,84.35,3
2024-02-08,South,84.57,3
2024-02-09,South,83.96,3
2024-02-10,South,84.20,3
2024-02-11,South,55.48,2
2024-02-12,South,55.53,2
2024-02-13,South,55.98,2
2024-02-14,South,84.14,3
2024-02-15,South,111.34,4
2024-02-16,South,83.65,3
2024-02-17,South,84.02,3
2024-02-18,South,112.97,4
2024-02-19,South,56.37,2
2024-02-20,South,111.09,4
2024-02-21,South,111.25,4
2024-02-22,South,84.68,3
2024-02-23,South,110.90,4
2024-02-24,South,111.12,4
2024-02-25,South,55.98,2
2024-02-26,South,84.20,3
2024-02-27,South,84.30,3
2024-02-28,South,56.28,2
2024-02-01,South,55.49,2
2024-02-02,South,84.77,3
2024-02-03,South,55.67,2
2024-02-04,South,84.13,3
2024-02-05,South,84.42,3
2024-02-06,South,55.70,2
2024-02-07,South,84.40,3
2024-02-08,South,111.28,4
2024-02-09,South,83.29,3
2024-02-10,South,83.30,3
2024-02-11,South,84.64,3
2024-02-12,South,112.78,4
2024-02-13,South,112.27,4
2024-02-14,South,56.15,2
2024-02-15,South,84.65,3
2024-02-16,South,83.35,3
2024-02-17,South,84.78,3
2024-02-18,South,56.39,2
2024-02-19,South,84.41,3
2024-02-20,South,55.45,2
2024-02-21,South,56.35,2
2024-02-22,South,111.93,4
2024-02-23,South,84.20,3
2024-02-24,South,55.70,2
2024-02-25,South,55.57,2
2024-02-26,South,84.40,3
2024-02-27,South,84.33,3
2024-02-28,South,111.85,4
2024-02-01,South,111.47,4
2024-02-02,South,84.81,3
2024-02-03,South,112.59,4
2024-02-04,South,56.08,2
2024-02-05,South,111.04,4
2024-02-06,South,56.46,2
2024-02-07,South,111.07,4
2024-02-08,South,83.56,3
2024-02-09,South,112.41,4
2024-02-10,South,111.42,4
2024-02-11,South,55.70,2
2024-02-12,South,83.64,3
2024-02-13,South,112.31,4
2024-02-14,South,55.44,2
2024-02-15,South,111.44,4
2024-02-16,South,56.30,2
2024-02-17,South,111.76,4
2024-02-18,South,110.94,4
2024-02-19,South,84.15,3
2024-02-20,South,84.48,3
2024-02-21,South,84.37,3
2024-02-22,South,111.07,4
2024-02-23,South,55.62,2
2024-02-24,South,84.68,3
2024-02-25,South,56.16,2
2024-02-26,South,112.29,4
2024-02-27,South,83.76,3
2024-02-28,South,111.97,4
2024-02-01,South,84.02,3
2024-02-02,South,55.44,2
2024-02-03,South,83.19,3
2024-02-04,South,112.69,4
2024-02-05,South,83.53,3
2024-02-06,South,112.09,4
2024-02-07,South,111.19,4
2024-02-08,South,84.22,3
2024-02-09,South,55.45,2
2024-02-10,South,56.08,2
2024-02-11,South,112.77,4
2024-02-12,South,84.11,3
2024-02-13,South,55.74,2
2024-02-14,South,55.54,2
2024-02-15,South,84.34,3
2024-02-16,South,56.03,2
2024-02-17,South,83.27,3
2024-02-18,South,83.25,3
2024-02-19,South,55.91,2
2024-02-20,South,111.77,4
2024-02-21,South,83.88,3
2024-02-22,South,56.25,2
2024-02-23,South,112.53,4
2024-02-24,South,83.22,3
2024-02-25,South,112.04,4
2024-02-26,South,84.11,3
2024-02-27,South,84.56,3
2024-02-28,South,56.39,2
2024-02-01,South,111.76,4
2024-02-02,South,112.69,4
2024-02-03,South,56.26,2
2024-02-04,South,112.22,4
2024-02-05,South,84.25,3
2024-02-06,South,55.64,2
2024-02-07,South,112.14,4
2024-02-08,South,56.06,2
2024-02-09,South,84.30,3
2024-02-10,South,111.56,4
2024-02-11,South,83.39,3
2024-02-12,South,83.78,3
2024-02-13,South,55.97,2
2024-02-14,South,111.85,4
2024-02-15,South,56.20,2
2024-02-16,South,112.98,4
2024-02-17,South,84.61,3
2024-02-18,South,56.12,2
2024-02-19,South,56.16,2
2024-02-20,South,112.06,4
2024-02-21,South,55.71,2
2024-02-22,South,56.27,2
2024-02-23,South,112.66,4
2024-02-24,South,56.31,2
2024-02-25,South,56.37,2
2024-02-26,South,112.10,4
2024-02-27,South,56.50,2
2024-02-28,South,111.24,4
2024-02-01,South,83.16,3
2024-02-02,South,56.38,2
2024-02-03,South,56.26,2
2024-02-04,South,56.36,2
2024-02-05,South,56.21,2
2024-02-06,South,83.48,3
2024-02-07,South,111.45,4
2024-02-08,South,112.53,4
2024-02-09,South,112.24,4
2024-02-10,South,83.97,3
2024-02-11,South,55.57,2
2024-02-12,South,56.15,2
2024-02-13,South,83.47,3
2024-02-14,South,111.33,4
2024-02-15,South,112.66,4
2024-02-16,South,84.65,3
2024-02-17,South,84.02,3
2024-02-18,South,112.55,4
2024-02-19,South,112.28,4
2024-02-20,South,83.54,3
2024-02-21,South,56.21,2
2024-02-22,South,84.74,3
2024-02-23,South,83.79,3
2024-02-24,South,111.56,4
2024-02-25,South,84.21,3
2024-02-26,South,55.52,2
2024-02-27,South,111.64,4
2024-02-28,South,84.14,3
2024-02-01,South,111.29,4
2024-02-02,South,111.09,4
2024-02-01,East,69.98,2
2024-02-02,East,69.75,2
2024-02-03,East,139.33,4
2024-02-04,East,140.34,4
2024-02-05,East,70.32,2
2024-02-06,East,140.57,4
2024-02-07,East,105.31,3
2024-02-08,East,69.39,2
2024-02-09,East,138.89,4
2024-02-10,East,70.49,2
2024-02-11,East,140.50,4
2024-02-12,East,138.95,4
2024-02-13,East,105.26,3
2024-02-14,East,105.19,3
2024-02-15,East,105.78,3
2024-02-16,East,69.80,2
2024-02-17,East,105.48,3
2024-02-18,East,70.20,2
2024-02-19,East,105.81,3
2024-02-20,East,105.97,3
2024-02-21,East,105.60,3
2024-02-22,East,138.88,4
2024-02-23,East,104.98,3
2024-02-24,East,69.31,2
2024-02-25,East,105.80,3
2024-02-26,East,105.77,3
2024-02-27,East,140.32,4
2024-02-28,East,70.47,2
2024-02-01,East,70.45,2
2024-02-02,East,139.32,4
2024-02-03,East,104.46,3
2024-02-04,East,105.33,3
2024-02-05,East,104.39,3
2024-02-06,East,70.51,2
2024-02-07,East,104.81,3
2024-02-08,East,105.33,3
2024-02-09,East,70.48,2
2024-02-10,East,139.42,4
2024-02-11,East,69.60,2
2024-02-12,East,141.39,4
2024-02-13,East,104.13,3
2024-02-14,East,139.98,4
2024-02-15,East,69.63,2
2024-02-16,East,105.53,3
2024-02-17,East,69.52,2
2024-02-18,East,140.31,4
2024-02-19,East,104.05,3
2024-02-20,East,140.04,4
2024-02-21,East,139.65,4
2024-02-22,East,104.78,3
2024-02-23,East,104.74,3
2024-02-24,East,69.37,2
2024-02-25,East,70.44,2
2024-02-26,East,105.86,3
2024-02-27,East,105.31,3
2024-02-28,East,140.90,4
2024-02-01,East,140.71,4
2024-02-02,East,138.80,4
2024-02-03,East,104.86,3
2024-02-04,East,70.05,2
2024-02-05,East,105.27,3
2024-02-06,East,69.71,2
2024-02-07,East,104.81,3
2024-02-08,East,70.19,2
2024-02-09,East,104.14,3
2024-02-10,East,70.23,2
2024-02-11,East,70.46,2
2024-02-12,East,140.45,4
2024-02-13,East,69.77,2
2024-02-14,East,104.85,3
2024-02-15,East,138.60,4
2024-02-16,East,138.97,4
2024-02-17,East,140.28,4
2024-02-18,East,140.81,4
2024-02-19,East,69.97,2
2024-02-20,East,105.73,3
2024-02-21,East,105.81,3
2024-02-22,East,140.71,4
2024-02-23,East,69.66,2
2024-02-24,East,105.41,3
2024-02-25,East,105.90,3
2024-02-26,East,104.12,3
2024-02-27,East,70.67,2
2024-02-28,East,105.36,3
2024-02-01,East,70.65,2
2024-02-02,East,140.91,4
2024-02-03,East,105.78,3
2024-02-04,East,139.62,4
2024-02-05,East,69.65,2
2024-02-06,East,138.95,4
2024-02-07,East,139.09,4
2024-02-08,East,69.99,2
2024-02-09,East,69.74,2
2024-02-10,East,140.92,4
2024-02-11,East,140.27,4
2024-02-12,East,70.30,2
2024-02-13,East,70.17,2
2024-02-14,East,138.70,4
2024-02-15,East,69.82,2
2024-02-16,East,105.68,3
2024-02-17,East,69.89,2
2024-02-18,East,69.75,2
2024-02-19,East,139.52,4
2024-02-20,East,70.32,2
2024-02-21,East,139.77,4
2024-02-22,East,70.15,2
2024-02-23,East,140.11,4
2024-02-24,East,141.28,4
2024-02-25,East,104.82,3
2024-02-26,East,104.61,3
2024-02-27,East,140.80,4
2024-02-28,East,104.30,3
2024-02-01,East,105.67,3
2024-02-02,East,69.76,2
2024-02-03,East,104.54,3
2024-02-04,East,138.74,4
2024-02-05,East,141.05,4
2024-02-06,East,139.79,4
2024-02-07,East,69.90,2
2024-02-08,East,139.80,4
2024-02-09,East,70.30,2
2024-02-10,East,140.88,4
2024-02-11,East,105.53,3
2024-02-12,East,70.63,2
2024-02-13,East,105.57,3
2024-02-14,East,140.58,4
2024-02-15,East,69.85,2
2024-02-16,East,69.94,2
2024-02-17,East,105.68,3
2024-02-18,East,70.50,2
2024-02-19,East,140.03,4
2024-02-20,East,69.60,2
2024-02-21,East,70.57,2
2024-02-22,East,69.45,2
2024-02-23,East,140.68,4
2024-02-24,East,69.77,2
2024-02-25,East,139.83,4
2024-02-26,East,105.71,3
2024-02-27,East,141.24,4
2024-02-28,East,139.88,4
2024-02-01,West,100.03,4
2024-02-02,West,100.49,4
2024-02-03,West,100.36,4
2024-02-04,West,49.89,2
2024-02-05,West,99.14,4
2024-02-06,West,99.90,4
2024-02-07,West,50.21,2
2024-02-08,West,49.64,2
2024-02-09,West,100.00,4
2024-02-10,West,74.62,3
2024-02-11,West,99.31,4
2024-02-12,West,49.85,2
2024-02-13,West,100.26,4
2024-02-14,West,49.79,2
2024-02-15,West,49.71,2
2024-02-16,West,99.94,4
2024-02-17,West,49.60,2
2024-02-18,West,99.09,4
2024-02-19,West,99.86,4
2024-02-20,West,100.39,4
2024-02-21,West,99.44,4
2024-02-22,West,50.03,2
2024-02-23,West,49.65,2
2024-02-24,West,74.46,3
2024-02-25,West,75.38,3
2024-02-26,West,49.82,2
2024-02-27,West,74.28,3
2024-02-28,West,100.05,4
2024-02-01,West,74.90,3
2024-02-02,West,49.77,2
2024-02-03,West,75.13,3
2024-02-04,West,50.11,2
2024-02-05,West,74.92,3
2024-02-06,West,99.72,4
2024-02-07,West,75.08,3
2024-02-08,West,100.63,4
2024-02-09,West,75.65,3
2024-02-10,West,100.41,4
2024-02-11,West,100.92,4
2024-02-12,West,100.43,4
2024-02-13,West,49.70,2
2024-02-14,West,99.21,4
2024-02-15,West,49.95,2
2024-02-16,West,50.05,2
2024-02-17,West,74.82,3
2024-02-18,West,74.32,3
2024-02-19,West,49.63,2
2024-02-20,West,99.30,4
2024-02-21,West,99.89,4
2024-02-22,West,100.89,4
2024-02-23,West,49.75,2
2024-02-24,West,100.29,4
2024-02-25,West,49.73,2
2024-02-26,West,49.55,2
2024-02-27,West,74.58,3
2024-02-28,West,99.65,4
2024-02-01,West,100.78,4
2024-02-02,West,100.44,4
2024-02-03,West,50.46,2
2024-02-04,West,75.25,3
2024-02-05,West,99.78,4
2024-02-06,West,99.34,4
2024-02-07,West,99.67,4
2024-02-08,West,49.99,2
2024-02-09,West,74.99,3
2024-02-10,West,49.87,2
2024-02-11,West,99.33,4
2024-02-12,West,75.21,3
2024-02-13,West,50.05,2
2024-02-14,West,75.13,3
2024-02-15,West,99.65,4
2024-02-16,West,99.09,4
2024-02-17,West,49.77,2
2024-02-18,West,100.28,4
2024-02-19,West,49.89,2
2024-02-20,West,75.08,3
2024-02-21,West,49.90,2
2024-02-22,West,100.70,4
2024-02-23,West,100.09,4
2024-02-24,West,74.95,3
2024-02-25,West,50.20,2
2024-02-26,West,100.57,4
2024-02-27,West,100.49,4
2024-02-28,West,99.07,4
2024-02-01,West,100.75,4
2024-02-02,West,75.75,3
2024-02-03,West,74.89,3
2024-02-04,West,100.17,4
2024-02-05,West,74.56,3
2024-02-06,West,75.49,3
2024-02-07,West,49.63,2
2024-02-08,West,99.02,4
2024-02-09,West,74.98,3
2024-02-10,West,99.84,4
2024-02-11,West,99.63,4
2024-02-12,West,74.70,3
2024-02-13,West,49.86,2
2024-02-14,West,100.63,4
2024-02-15,West,100.02,4
2024-02-16,West,74.41,3
2024-02-17,West,75.54,3
2024-02-18,West,50.37,2
2024-02-19,West,74.31,3
2024-02-20,West,50.38,2
2024-02-21,West,99.80,4
2024-02-22,West,49.73,2
2024-02-23,West,75.05,3
2024-02-24,West,99.05,4
2024-02-25,West,74.81,3
2024-02-26,West,99.47,4
2024-03-01,North,119.30,4
2024-03-02,North,119.72,4
2024-03-03,North,90.19,3
2024-03-04,North,89.18,3
2024-03-05,North,59.75,2
2024-03-06,North,119.70,4
2024-03-07,North,119.56,4
2024-03-08,North,90.38,3
2024-03-09,North,119.71,4
2024-03-10,North,120.95,4
2024-03-11,North,89.34,3
2024-03-12,North,120.51,4
2024-03-13,North,60.25,2
2024-03-14,North,120.70,4
2024-03-15,North,60.02,2
2024-03-16,North,118.80,4
2024-03-17,North,59.99,2
2024-03-18,North,60.18,2
2024-03-19,North,90.55,3
2024-03-20,North,89.84,3
2024-03-21,North,60.42,2
2024-03-22,North,60.29,2
2024-03-23,North,119.34,4
2024-03-24,North,59.47,2
2024-03-25,North,59.88,2
2024-03-26,North,60.56,2
2024-03-27,North,120.24,4
2024-03-28,North,59.77,2
2024-03-01,North,121.03,4
2024-03-02,North,119.59,4
2024-03-03,North,119.53,4
2024-03-04,North,60.15,2
2024-03-05,North,59.54,2
2024-03-06,North,90.30,3
2024-03-07,North,89.59,3
2024-03-08,North,90.71,3
2024-03-09,North,89.85,3
2024-03-10,North,119.99,4
2024-03-11,North,89.70,3
2024-03-12,North,89.99,3
2024-03-13,North,119.34,4
2024-03-14,North,121.02,4
2024-03-15,North,120.25,4
2024-03-16,North,90.33,3
2024-03-17,North,90.65,3
2024-03-18,North,59.92,2
2024-03-19,North,89.10,3
2024-03-20,North,121.12,4
2024-03-21,North,120.31,4
2024-03-22,North,60.51,2
2024-03-23,North,59.77,2
2024-03-24,North,90.60,3
2024-03-25,North,60.16,2
2024-03-26,North,89.62,3
2024-03-27,North,90.22,3
2024-03-28,North,118.89,4
2024-03-01,North,89.35,3
2024-03-02,North,89.33,3
2024-03-03,North,120.41,4
2024-03-04,North,90.44,3
2024-03-05,North,59.72,2
2024-03-06,North,60.54,2
2024-03-07,North,59.73,2
2024-03-08,North,89.27,3
2024-03-09,North,119.98,4
2024-03-10,North,60.40,2
2024-03-11,North,60.34,2
2024-03-12,North,119.72,4
2024-03-13,North,90.18,3
2024-03-14,North,59.71,2
2024-03-15,North,119.01,4
2024-03-16,North,60.26,2
2024-03-17,North,90.17,3
2024-03-18,North,59.63,2
2024-03-19,North,120.64,4
2024-03-20,North,121.06,4
2024-03-21,North,89.89,3
2024-03-22,North,60.44,2
2024-03-23,North,60.37,2
2024-03-24,North,59.59,2
2024-03-25,North,120.58,4
2024-03-26,North,89.68,3
2024-03-27,North,90.63,3
2024-03-28,North,60.04,2
2024-03-01,North,89.55,3
2024-03-02,North,120.79,4
2024-03-03,North,120.61,4
2024-03-04,North,120.93,4
2024-03-05,North,90.61,3
2024-03-06,North,89.13,3
2024-03-07,North,120.34,4
2024-03-08,North,119.64,4
2024-03-09,North,90.34,3
2024-03-10,North,89.55,3
2024-03-11,North,90.02,3
2024-03-12,North,90.46,3
2024-03-13,North,120.13,4
2024-03-14,North,89.49,3
2024-03-15,North,120.03,4
2024-03-16,North,118.93,4
2024-03-17,North,120.77,4
2024-03-18,North,119.14,4
2024-03-19,North,90.66,3
2024-03-20,North,59.99,2
2024-03-21,North,120.18,4
2024-03-22,North,119.07,4
2024-03-23,North,59.64,2
2024-03-24,North,89.72,3
2024-03-25,North,60.16,2
2024-03-26,North,119.56,4
2024-03-27,North,90.79,3
2024-03-28,North,89.25,3
2024-03-01,North,89.83,3
2024-03-02,North,120.54,4
2024-03-03,North,120.33,4
2024-03-04,North,120.74,4
2024-03-05,North,120.73,4
2024-03-06,North,60.55,2
2024-03-07,North,89.14,3
2024-03-08,North,89.30,3
2024-03-09,North,118.90,4
2024-03-10,North,60.58,2
2024-03-11,North,119.34,4
2024-03-12,North,60.47,2
2024-03-13,North,60.39,2
2024-03-14,North,60.08,2
2024-03-15,North,59.82,2
2024-03-16,North,90.29,3
2024-03-17,North,90.81,3
2024-03-18,North,60.48,2
2024-03-19,North,90.07,3
2024-03-20,North,120.09,4
2024-03-21,North,89.72,3
2024-03-22,North,89.32,3
2024-03-23,North,60.21,2
2024-03-24,North,119.69,4
2024-03-25,North,60.04,2
2024-03-26,North,118.90,4
2024-03-27,North,119.10,4
2024-03-28,North,119.65,4
2024-03-01,North,120.78,4
2024-03-02,North,120.21,4
2024-03-03,North,119.21,4
2024-03-04,North,90.10,3
2024-03-05,North,90.11,3
2024-03-06,North,89.29,3
2024-03-07,North,121.07,4
2024-03-08,North,119.45,4
2024-03-09,North,118.81,4
2024-03-10,North,90.79,3
2024-03-11,North,90.55,3
2024-03-12,North,60.08,2
2024-03-13,North,120.06,4
2024-03-14,North,119.10,4
2024-03-15,North,120.79,4
2024-03-16,North,89.91,3
2024-03-17,North,60.21,2
2024-03-18,North,59.68,2
2024-03-19,North,119.81,4
2024-03-20,North,59.63,2
2024-03-21,North,120.87,4
2024-03-22,North,119.93,4
2024-03-23,North,60.30,2
2024-03-24,North,60.39,2
2024-03-25,North,90.83,3
2024-03-26,North,118.82,4
2024-03-27,North,120.25,4
2024-03-28,North,89.62,3
2024-03-01,North,120.87,4
2024-03-02,North,60.49,2
2024-03-03,North,59.56,2
2024-03-04,North,59.45,2
2024-03-05,North,89.27,3
2024-03-06,North,90.02,3
2024-03-07,North,59.68,2
2024-03-08,North,60.53,2
2024-03-09,North,59.89,2
2024-03-10,North,89.66,3
2024-03-11,North,121.17,4
2024-03-12,North,89.80,3
2024-03-13,North,59.83,2
2024-03-14,North,120.81,4
2024-03-15,North,60.25,2
2024-03-16,North,120.77,4
2024-03-17,North,89.43,3
2024-03-18,North,120.77,4
2024-03-19,North,120.60,4
2024-03-20,North,59.47,2
2024-03-21,North,59.85,2
2024-03-22,North,120.64,4
2024-03-23,North,90.88,3
2024-03-24,North,121.06,4
2024-03-25,North,59.86,2
2024-03-26,North,120.02,4
2024-03-27,North,120.97,4
2024-03-28,North,119.10,4
2024-03-01,North,89.42,3
2024-03-02,North,90.32,3
2024-03-03,North,89.68,3
2024-03-04,North,60.13,2
2024-03-01,South,84.17,3
2024-03-02,South,111.16,4
2024-03-03,South,56.45,2
2024-03-04,South,113.11,4
2024-03-05,South,111.68,4
2024-03-06,South,56.22,2
2024-03-07,South,56.06,2
2024-03-08,South,56.24,2
2024-03-09,South,84.26,3
2024-03-10,South,83.69,3
2024-03-11,South,56.09,2
2024-03-12,South,56.31,2
2024-03-13,South,111.91,4
2024-03-14,South,111.02,4
2024-03-15,South,111.68,4
2024-03-16,South,111.93,4
2024-03-17,South,56.05,2
2024-03-18,South,112.52,4
2024-03-19,South,83.87,3
2024-03-20,South,55.98,2
2024-03-21,South,55.58,2
2024-03-22,South,55.81,2
2024-03-23,South,56.35,2
2024-03-24,South,56.11,2
2024-03-25,South,55.73,2
2024-03-26,South,84.36,3
2024-03-27,South,111.54,4
2024-03-28,South,56.16,2
2024-03-01,South,55.50,2
2024-03-02,South,55.67,2
2024-03-03,South,55.56,2
2024-03-04,South,56.20,2
2024-03-05,South,55.53,2
2024-03-06,South,84.35,3
2024-03-07,South,84.01,3
2024-03-08,South,84.11,3
2024-03-09,South,112.55,4
2024-03-10,South,55.46,2
2024-03-11,South,84.10,3
2024-03-12,South,111.01,4
2024-03-13,South,111.02,4
2024-03-14,South,112.08,4
2024-03-15,South,83.39,3
2024-03-16,South,111.72,4
2024-03-17,South,84.60,3
2024-03-18,South,55.77,2
2024-03-19,South,111.56,4
2024-03-20,South,113.10,4
2024-03-21,South,56.42,2
2024-03-22,South,83.97,3
2024-03-23,South,56.13,2
2024-03-24,South,55.73,2
2024-03-25,South,56.12,2
2024-03-26,South,112.02,4
2024-03-27,South,83.29,3
2024-03-28,South,111.82,4
2024-03-01,South,84.08,3
2024-03-02,South,56.08,2
2024-03-03,South,84.80,3
2024-03-04,South,112.88,4
2024-03-05,South,83.80,3
2024-03-06,South,56.43,2
2024-03-07,South,84.76,3
2024-03-08,South,112.92,4
2024-03-09,South,84.01,3
2024-03-10,South,111.20,4
2024-03-11,South,55.74,2
2024-03-12,South,55.64,2
2024-03-13,South,84.19,3
2024-03-14,South,84.09,3
2024-03-15,South,83.86,3
2024-03-16,South,83.88,3
2024-03-17,South,84.50,3
2024-03-18,South,111.68,4
2024-03-19,South,83.19,3
2024-03-20,South,111.85,4
2024-03-21,South,111.84,4
2024-03-22,South,113.12,4
2024-03-23,South,84.19,3
2024-03-24,South,112.83,4
2024-03-25,South,55.48,2
2024-03-26,South,84.36,3
2024-03-27,South,110.96,4
2024-03-28,South,111.21,4
2024-03-01,South,112.03,4
2024-03-02,South,83.90,3
2024-03-03,South,112.60,4
2024-03-04,South,55.60,2
2024-03-05,South,112.56,4
2024-03-06,South,56.15,2
2024-03-07,South,111.14,4
2024-03-08,South,84.73,3
2024-03-09,South,83.52,3
2024-03-10,South,55.92,2
2024-03-11,South,56.51,2
2024-03-12,South,56.30,2
2024-03-13,South,83.56,3
2024-03-14,South,55.96,2
2024-03-15,South,111.86,4
2024-03-16,South,83.80,3
2024-03-17,South,111.87,4
2024-03-18,South,83.22,3
2024-03-19,South,112.52,4
2024-03-20,South,112.44,4
2024-03-21,South,83.86,3
2024-03-22,South,55.46,2
2024-03-23,South,83.51,3
2024-03-24,South,112.37,4
2024-03-25,South,83.92,3
2024-03-26,South,111.06,4
2024-03-27,South,56.55,2
2024-03-28,South,55.54,2
2024-03-01,South,111.84,4
2024-03-02,South,112.63,4
2024-03-03,South,83.46,3
2024-03-04,South,111.54,4
2024-03-05,South,111.10,4
2024-03-06,South,55.92,2
2024-03-07,South,111.84,4
2024-03-08,South,56.12,2
2024-03-09,South,83.26,3
2024-03-10,South,84.33,3
2024-03-11,South,83.36,3
2024-03-12,South,83.95,3
2024-03-13,South,56.43,2
2024-03-14,South,83.69,3
2024-03-15,South,111.20,4
2024-03-16,South,83.52,3
2024-03-17,South,55.81,2
2024-03-18,South,111.38,4
2024-03-19,South,111.36,4
2024-03-20,South,55.67,2
2024-03-21,South,110.90,4
2024-03-22,South,55.98,2
2024-03-23,South,56.18,2
2024-03-24,South,112.20,4
2024-03-25,South,55.75,2
2024-03-26,South,84.53,3
2024-03-27,South,112.41,4
2024-03-28,South,56.29,2
2024-03-01,South,83.47,3
2024-03-02,South,83.16,3
2024-03-03,South,112.52,4
2024-03-04,South,83.46,3
2024-03-05,South,112.14,4
2024-03-06,South,83.25,3
2024-03-07,South,83.89,3
2024-03-08,South,56.10,2
2024-03-09,South,111.00,4
2024-03-10,South,55.58,2
2024-03-11,South,55.44,2
2024-03-12,South,84.31,3
2024-03-13,South,55.67,2
2024-03-14,South,56.18,2
2024-03-15,South,112.60,4
2024-03-16,South,111.31,4
2024-03-17,South,84.57,3
2024-03-18,South,110.98,4
2024-03-19,South,112.43,4
2024-03-20,South,112.02,4
2024-03-21,South,55.88,2
2024-03-22,South,83.55,3
2024-03-23,South,55.68,2
2024-03-24,South,83.61,3
2024-03-25,South,56.54,2
2024-03-26,South,83.18,3
2024-03-27,South,84.56,3
2024-03-28,South,84.66,3
2024-03-01,South,83.83,3
2024-03-02,South,56.40,2
2024-03-01,East,69.39,2
2024-03-02,East,141.31,4
2024-03-03,East,140.55,4
2024-03-04,East,138.87,4
2024-03-05,East,140.07,4
2024-03-06,East,139.24,4
2024-03-07,East,105.92,3
2024-03-08,East,138.88,4
2024-03-09,East,141.35,4
2024-03-10,East,69.83,2
2024-03-11,East,104.27,3
2024-03-12,East,69.95,2
2024-03-13,East,105.24,3
2024-03-14,East,104.95,3
2024-03-15,East,105.34,3
2024-03-16,East,105.21,3
2024-03-17,East,141.37,4
2024-03-18,East,104.51,3
2024-03-19,East,104.53,3
2024-03-20,East,140.20,4
2024-03-21,East,70.70,2
2024-03-22,East,105.26,3
2024-03-23,East,69.62,2
2024-03-24,East,139.32,4
2024-03-25,East,105.17,3
2024-03-26,East,104.16,3
2024-03-27,East,69.65,2
2024-03-28,East,69.63,2
2024-03-01,East,104.52,3
2024-03-02,East,141.35,4
2024-03-03,East,69.76,2
2024-03-04,East,140.05,4
2024-03-05,East,104.78,3
2024-03-06,East,104.15,3
2024-03-07,East,105.19,3
2024-03-08,East,104.59,3
2024-03-09,East,105.35,3
2024-03-10,East,70.39,2
2024-03-11,East,70.21,2
2024-03-12,East,104.71,3
2024-03-13,East,140.51,4
2024-03-14,East,139.02,4
2024-03-15,East,139.88,4
2024-03-16,East,105.67,3
2024-03-17,East,69.70,2
2024-03-18,East,105.95,3
2024-03-19,East,139.76,4
2024-03-20,East,70.69,2
2024-03-21,East,105.58,3
2024-03-22,East,104.12,3
2024-03-23,East,70.42,2
2024-03-24,East,70.38,2
2024-03-25,East,104.25,3
2024-03-26,East,141.20,4
2024-03-27,East,69.95,2
2024-03-28,East,105.39,3
2024-03-01,East,70.25,2
2024-03-02,East,105.86,3
2024-03-03,East,104.95,3
2024-03-04,East,138.86,4
2024-03-05,East,104.59,3
2024-03-06,East,139.73,4
2024-03-07,East,140.93,4
2024-03-08,East,105.18,3
2024-03-09,East,138.69,4
2024-03-10,East,69.38,2
2024-03-11,East,70.24,2
2024-03-12,East,141.12,4
2024-03-13,East,70.24,2
2024-03-14,East,139.33,4
2024-03-15,East,69.55,2
2024-03-16,East,105.89,3
2024-03-17,East,69.90,2
2024-03-18,East,70.34,2
2024-03-19,East,70.07,2
2024-03-20,East,105.22,3
2024-03-21,East,104.14,3
2024-03-22,East,70.00,2
2024-03-23,East,139.53,4
2024-03-24,East,140.30,4
2024-03-25,East,105.02,3
2024-03-26,East,140.83,4
2024-03-27,East,138.96,4
2024-03-28,East,70.03,2
2024-03-01,East,139.67,4
2024-03-02,East,104.53,3
2024-03-03,East,141.06,4
2024-03-04,East,140.94,4
2024-03-05,East,141.05,4
2024-03-06,East,70.67,2
2024-03-07,East,105.89,3
2024-03-08,East,69.56,2
2024-03-09,East,140.93,4
2024-03-10,East,69.81,2
2024-03-11,East,139.74,4
2024-03-12,East,140.00,4
2024-03-13,East,139.28,4
2024-03-14,East,104.57,3
2024-03-15,East,140.78,4
2024-03-16,East,138.92,4
2024-03-17,East,105.59,3
2024-03-18,East,138.88,4
2024-03-19,East,140.67,4
2024-03-20,East,70.65,2
2024-03-21,East,70.16,2
2024-03-22,East,104.61,3
2024-03-23,East,104.98,3
2024-03-24,East,141.21,4
2024-03-25,East,140.49,4
2024-03-26,East,139.58,4
2024-03-27,East,139.91,4
2024-03-28,East,140.06,4
2024-03-01,East,106.00,3
2024-03-02,East,105.23,3
2024-03-03,East,69.55,2
2024-03-04,East,104.39,3
2024-03-05,East,70.37,2
2024-03-06,East,105.80,3
2024-03-07,East,69.40,2
2024-03-08,East,69.69,2
2024-03-09,East,104.94,3
2024-03-10,East,105.89,3
2024-03-11,East,69.87,2
2024-03-12,East,105.32,3
2024-03-13,East,70.43,2
2024-03-14,East,105.15,3
2024-03-15,East,105.92,3
2024-03-16,East,104.08,3
2024-03-17,East,69.34,2
2024-03-18,East,105.59,3
2024-03-19,East,141.01,4
2024-03-20,East,104.39,3
2024-03-21,East,140.53,4
2024-03-22,East,70.32,2
2024-03-23,East,70.36,2
2024-03-24,East,104.14,3
2024-03-25,East,140.91,4
2024-03-26,East,105.78,3
2024-03-27,East,141.30,4
2024-03-28,East,140.73,4
2024-03-01,West,49.94,2
2024-03-02,West,49.85,2
2024-03-03,West,100.68,4
2024-03-04,West,75.70,3
2024-03-05,West,100.75,4
2024-03-06,West,99.99,4
2024-03-07,West,75.25,3
2024-03-08,West,74.80,3
2024-03-09,West,99.41,4
2024-03-10,West,50.47,2
2024-03-11,West,75.60,3
2024-03-12,West,50.19,2
2024-03-13,West,100.70,4
2024-03-14,West,50.50,2
2024-03-15,West,99.76,4
2024-03-16,West,100.42,4
2024-03-17,West,74.99,3
2024-03-18,West,49.72,2
2024-03-19,West,75.30,3
2024-03-20,West,74.32,3
2024-03-21,West,50.46,2
2024-03-22,West,49.84,2
2024-03-23,West,100.39,4
2024-03-24,West,99.53,4
2024-03-25,West,100.25,4
2024-03-26,West,99.23,4
2024-03-27,West,50.01,2
2024-03-28,West,100.91,4
2024-03-01,West,99.36,4
2024-03-02,West,50.17,2
2024-03-03,West,50.35,2
2024-03-04,West,49.70,2
2024-03-05,West,100.39,4
2024-03-06,West,100.66,4
2024-03-07,West,49.91,2
2024-03-08,West,74.80,3
2024-03-09,West,100.40,4
2024-03-10,West,75.72,3
2024-03-11,West,49.51,2
2024-03-12,West,49.91,2
2024-03-13,West,75.43,3
2024-03-14,West,99.98,4
2024-03-15,West,49.65,2
2024-03-16,West,74.27,3
2024-03-17,West,50.30,2
2024-03-18,West,75.39,3
2024-03-19,West,99.24,4
2024-03-20,West,50.39,2
2024-03-21,West,99.65,4
2024-03-22,West,49.83,2
2024-03-23,West,49.80,2
2024-03-24,West,74.41,3
2024-03-25,West,74.53,3
2024-03-26,West,50.13,2
2024-03-27,West,49.70,2
2024-03-28,West,99.00,4
2024-03-01,West,75.61,3
2024-03-02,West,99.81,4
2024-03-03,West,74.27,3
2024-03-04,West,75.74,3
2024-03-05,West,50.12,2
2024-03-06,West,74.84,3
2024-03-07,West,49.94,2
2024-03-08,West,99.91,4
2024-03-09,West,99.15,4
2024-03-10,West,49.78,2
2024-03-11,West,75.51,3
2024-03-12,West,49.66,2
2024-03-13,West,74.53,3
2024-03-14,West,50.17,2
2024-03-15,West,49.64,2
2024-03-16,West,74.79,3
2024-03-17,West,49.86,2
2024-03-18,West,49.68,2
2024-03-19,West,75.02,3
2024-03-20,West,75.63,3
2024-03-21,West,75.24,3
2024-03-22,West,99.36,4
2024-03-23,West,49.93,2
2024-03-24,West,99.47,4
2024-03-25,West,100.20,4
2024-03-26,West,75.68,3
2024-03-27,West,99.47,4
2024-03-28,West,49.65,2
2024-03-01,West,100.83,4
2024-03-02,West,75.08,3
2024-03-03,West,49.75,2
2024-03-04,West,100.38,4
2024-03-05,West,75.72,3
2024-03-06,West,99.00,4
2024-03-07,West,49.50,2
2024-03-08,West,99.82,4
2024-03-09,West,74.58,3
2024-03-10,West,49.55,2
2024-03-11,West,74.75,3
2024-03-12,West,74.48,3
2024-03-13,West,75.18,3
2024-03-14,West,100.14,4
2024-03-15,West,75.12,3
2024-03-16,West,50.41,2
2024-03-17,West,50.15,2
2024-03-18,West,74.37,3
2024-03-19,West,99.19,4
2024-03-20,West,100.93,4
2024-03-21,West,49.64,2
2024-03-22,West,74.76,3
2024-03-23,West,75.31,3
2024-03-24,West,50.00,2
2024-03-25,West,50.37,2
2024-03-26,West,100.51,4
2024-04-01,North,120.05,4
2024-04-02,North,120.68,4
2024-04-03,North,60.08,2
2024-04-04,North,121.14,4
2024-04-05,North,90.82,3
2024-04-06,North,90.12,3
2024-04-07,North,90.70,3
2024-04-08,North,59.67,2
2024-04-09,North,89.45,3
2024-04-10,North,90.45,3
2024-04-11,North,60.51,2
2024-04-12,North,89.17,3
2024-04-13,North,59.46,2
2024-04-14,North,60.35,2
2024-04-15,North,90.31,3
2024-04-16,North,120.75,4
2024-04-17,North,90.56,3
2024-04-18,North,90.38,3
2024-04-19,North,120.94,4
2024-04-20,North,59.69,2
2024-04-21,North,118.94,4
2024-04-22,North,60.05,2
2024-04-23,North,120.54,4
2024-04-24,North,89.46,3
2024-04-25,North,59.81,2
2024-04-26,North,60.11,2
2024-04-27,North,90.13,3
2024-04-28,North,89.90,3
2024-04-01,North,121.05,4
2024-04-02,North,59.62,2
2024-04-03,North,120.83,4
2024-04-04,North,60.25,2
2024-04-05,North,119.55,4
2024-04-06,North,120.04,4
2024-04-07,North,120.48,4
2024-04-08,North,119.43,4
2024-04-09,North,120.69,4
2024-04-10,North,89.71,3
2024-04-11,North,90.70,3
2024-04-12,North,119.94,4
2024-04-13,North,120.41,4
2024-04-14,North,89.37,3
2024-04-15,North,60.28,2
2024-04-16,North,89.87,3
2024-04-17,North,89.62,3
2024-04-18,North,59.47,2
2024-04-19,North,90.56,3
2024-04-20,North,59.84,2
2024-04-21,North,89.21,3
2024-04-22,North,120.83,4
2024-04-23,North,120.09,4
2024-04-24,North,59.78,2
2024-04-25,North,59.53,2
2024-04-26,North,89.63,3
2024-04-27,North,60.30,2
2024-04-28,North,59.57,2
2024-04-01,North,89.45,3
2024-04-02,North,89.32,3
2024-04-03,North,59.80,2
2024-04-04,North,89.52,3
2024-04-05,North,119.61,4
2024-04-06,North,60.42,2
2024-04-07,North,119.65,4
2024-04-08,North,120.80,4
2024-04-09,North,89.57,3
2024-04-10,North,90.68,3
2024-04-11,North,120.54,4
2024-04-12,North,121.05,4
2024-04-13,North,90.17,3
2024-04-14,North,90.84,3
2024-04-15,North,89.20,3
2024-04-16,North,60.53,2
2024-04-17,North,118.93,4
2024-04-18,North,121.09,4
2024-04-19,North,120.77,4
2024-04-20,North,121.12,4
2024-04-21,North,120.57,4
2024-04-22,North,121.11,4
2024-04-23,North,59.90,2
2024-04-24,North,119.52,4
2024-04-25,North,59.86,2
2024-04-26,North,59.60,2
2024-04-27,North,59.52,2
2024-04-28,North,90.56,3
2024-04-01,North,59.87,2
2024-04-02,North,89.87,3
2024-04-03,North,119.41,4
2024-04-04,North,59.56,2
2024-04-05,North,119.44,4
2024-04-06,North,89.80,3
2024-04-07,North,120.78,4
2024-04-08,North,120.32,4
2024-04-09,North,89.54,3
2024-04-10,North,89.24,3
2024-04-11,North,60.41,2
2024-04-12,North,60.20,2
2024-04-13,North,59.58,2
2024-04-14,North,118.82,4
2024-04-15,North,119.68,4
2024-04-16,North,60.53,2
2024-04-17,North,120.85,4
2024-04-18,North,119.08,4
2024-04-19,North,119.68,4
2024-04-20,North,90.82,3
2024-04-21,North,60.35,2
2024-04-22,North,89.19,3
2024-04-23,North,119.05,4
2024-04-24,North,119.99,4
2024-04-25,North,89.29,3
2024-04-26,North,90.19,3
2024-04-27,North,121.01,4
2024-04-28,North,90.75,3
2024-04-01,North,119.42,4
2024-04-02,North,119.51,4
2024-04-03,North,120.08,4
2024-04-04,North,60.16,2
2024-04-05,North,60.50,2
2024-04-06,North,60.20,2
2024-04-07,North,90.25,3
2024-04-08,North,120.28,4
2024-04-09,North,120.13,4
2024-04-10,North,90.65,3
2024-04-11,North,120.49,4
2024-04-12,North,120.56,4
2024-04-13,North,60.17,2
2024-04-14,North,120.75,4
2024-04-15,North,119.47,4
2024-04-16,North,90.12,3
2024-04-17,North,89.74,3
2024-04-18,North,90.30,3
2024-04-19,North,90.11,3
2024-04-20,North,90.43,3
2024-04-21,North,119.44,4
2024-04-22,North,89.44,3
2024-04-23,North,90.37,3
2024-04-24,North,59.53,2
2024-04-25,North,59.74,2
2024-04-26,North,90.18,3
2024-04-27,North,60.58,2
2024-04-28,North,60.41,2
2024-04-01,North,89.92,3
2024-04-02,North,120.31,4
2024-04-03,North,119.29,4
2024-04-04,North,59.48,2
2024-04-05,North,90.02,3
2024-04-06,North,120.42,4
2024-04-07,North,60.46,2
2024-04-08,North,89.37,3
2024-04-09,North,60.00,2
2024-04-10,North,59.61,2
2024-04-11,North,59.48,2
2024-04-12,North,90.25,3
2024-04-13,North,59.53,2
2024-04-14,North,60.22,2
2024-04-15,North,60.32,2
2024-04-16,North,60.06,2
2024-04-17,North,89.79,3
2024-04-18,North,89.88,3
2024-04-19,North,60.32,2
2024-04-20,North,90.31,3
2024-04-21,North,120.80,4
2024-04-22,North,119.37,4
2024-04-23,North,119.64,4
2024-04-24,North,89.19,3
2024-04-25,North,59.50,2
2024-04-26,North,90.02,3
2024-04-27,North,89.93,3
2024-04-28,North,90.11,3
2024-04-01,North,90.83,3
2024-04-02,North,90.06,3
2024-04-03,North,120.23,4
2024-04-04,North,59.53,2
2024-04-05,North,59.78,2
2024-04-06,North,59.43,2
2024-04-07,North,89.24,3
2024-04-08,North,90.26,3
2024-04-09,North,60.10,2
2024-04-10,North,59.87,2
2024-04-11,North,90.00,3
2024-04-12,North,59.88,2
2024-04-13,North,89.75,3
2024-04-14,North,59.96,2
2024-04-15,North,59.91,2
2024-04-16,North,60.31,2
2024-04-17,North,119.37,4
2024-04-18,North,120.52,4
2024-04-19,North,118.90,4
2024-04-20,North,60.53,2
2024-04-21,North,89.98,3
2024-04-22,North,89.58,3
2024-04-23,North,90.10,3
2024-04-24,North,59.96,2
2024-04-25,North,59.75,2
2024-04-26,North,120.93,4
2024-04-27,North,59.72,2
2024-04-28,North,60.03,2
2024-04-01,North,89.55,3
2024-04-02,North,120.43,4
2024-04-03,North,119.61,4
2024-04-04,North,118.84,4
2024-04-01,South,112.50,4
2024-04-02,South,84.21,3
2024-04-03,South,83.76,3
2024-04-04,South,112.73,4
2024-04-05,South,84.51,3
2024-04-06,South,112.22,4
2024-04-07,South,83.54,3
2024-04-08,South,112.07,4
2024-04-09,South,111.65,4
2024-04-10,South,55.66,2
2024-04-11,South,56.51,2
2024-04-12,South,111.53,4
2024-04-13,South,84.30,3
2024-04-14,South,56.18,2
2024-04-15,South,84.57,3
2024-04-16,South,110.89,4
2024-04-17,South,112.79,4
2024-04-18,South,112.29,4
2024-04-19,South,55.99,2
2024-04-20,South,111.71,4
2024-04-21,South,112.41,4
2024-04-22,South,113.11,4
2024-04-23,South,56.28,2
2024-04-24,South,112.11,4
2024-04-25,South,111.07,4
2024-04-26,South,111.17,4
2024-04-27,South,111.67,4
2024-04-28,South,111.35,4
2024-04-01,South,55.92,2
2024-04-02,South,111.74,4
2024-04-03,South,56.18,2
2024-04-04,South,55.58,2
2024-04-05,South,83.17,3
2024-04-06,South,84.76,3
2024-04-07,South,55.79,2
2024-04-08,South,83.97,3
2024-04-09,South,84.64,3
2024-04-10,South,56.22,2
2024-04-11,South,55.76,2
2024-04-12,South,56.48,2
2024-04-13,South,56.09,2
2024-04-14,South,112.21,4
2024-04-15,South,84.74,3
2024-04-16,South,55.93,2
2024-04-17,South,83.85,3
2024-04-18,South,111.03,4
2024-04-19,South,111.43,4
2024-04-20,South,84.26,3
2024-04-21,South,56.32,2
2024-04-22,South,84.61,3
2024-04-23,South,111.34,4
2024-04-24,South,83.97,3
2024-04-25,South,112.44,4
2024-04-26,South,55.85,2
2024-04-27,South,83.83,3
2024-04-28,South,111.39,4
2024-04-01,South,56.10,2
2024-04-02,South,83.61,3
2024-04-03,South,55.55,2
2024-04-04,South,84.01,3
2024-04-05,South,83.51,3
2024-04-06,South,112.51,4
2024-04-07,South,111.98,4
2024-04-08,South,112.52,4
2024-04-09,South,84.28,3
2024-04-10,South,112.45,4
2024-04-11,South,84.05,3
2024-04-12,South,55.79,2
2024-04-13,South,111.39,4
2024-04-14,South,83.68,3
2024-04-15,South,84.22,3
2024-04-16,South,84.53,3
2024-04-17,South,56.51,2
2024-04-18,South,55.57,2
2024-04-19,South,83.80,3
2024-04-20,South,84.83,3
2024-04-21,South,111.32,4
2024-04-22,South,83.60,3
2024-04-23,South,111.87,4
2024-04-24,South,84.51,3
2024-04-25,South,56.45,2
2024-04-26,South,55.60,2
2024-04-27,South,83.73,3
2024-04-28,South,112.45,4
2024-04-01,South,56.17,2
2024-04-02,South,84.08,3
2024-04-03,South,83.18,3
2024-04-04,South,83.78,3
2024-04-05,South,55.47,2
2024-04-06,South,83.87,3
2024-04-07,South,111.19,4
2024-04-08,South,83.70,3
2024-04-09,South,83.81,3
2024-04-10,South,55.94,2
2024-04-11,South,56.46,2
2024-04-12,South,56.40,2
2024-04-13,South,84.35,3
2024-04-14,South,83.69,3
2024-04-15,South,55.61,2
2024-04-16,South,83.64,3
2024-04-17,South,111.77,4
2024-04-18,South,112.32,4
2024-04-19,South,111.43,4
2024-04-20,South,56.40,2
2024-04-21,South,112.89,4
2024-04-22,South,112.20,4
2024-04-23,South,56.41,2
2024-04-24,South,55.71,2
2024-04-25,South,84.32,3
2024-04-26,South,56.32,2
2024-04-27,South,112.09,4
2024-04-28,South,83.23,3
2024-04-01,South,55.99,2
2024-04-02,South,55.68,2
2024-04-03,South,55.99,2
2024-04-04,South,84.77,3
2024-04-05,South,84.76,3
2024-04-06,South,83.34,3
2024-04-07,South,83.70,3
2024-04-08,South,56.39,2
2024-04-09,South,111.31,4
2024-04-10,South,83.33,3
2024-04-11,South,111.10,4
2024-04-12,South,84.17,3
2024-04-13,South,111.26,4
2024-04-14,South,56.04,2
2024-04-15,South,56.06,2
2024-04-16,South,84.62,3
2024-04-17,South,111.76,4
2024-04-18,South,112.54,4
2024-04-19,South,84.69,3
2024-04-20,South,56.35,2
2024-04-21,South,83.44,3
2024-04-22,South,112.24,4
2024-04-23,South,112.36,4
2024-04-24,South,113.05,4
2024-04-25,South,111.25,4
2024-04-26,South,111.24,4
2024-04-27,South,84.29,3
2024-04-28,South,56.49,2
2024-04-01,South,84.67,3
2024-04-02,South,83.95,3
2024-04-03,South,111.30,4
2024-04-04,South,55.68,2
2024-04-05,South,113.10,4
2024-04-06,South,83.53,3
2024-04-07,South,55.82,2
2024-04-08,South,111.18,4
2024-04-09,South,56.30,2
2024-04-10,South,56.16,2
2024-04-11,South,113.07,4
2024-04-12,South,111.29,4
2024-04-13,South,112.24,4
2024-04-14,South,56.47,2
2024-04-15,South,56.04,2
2024-04-16,South,84.34,3
2024-04-17,South,110.89,4
2024-04-18,South,112.45,4
2024-04-19,South,110.96,4
2024-04-20,South,56.34,2
2024-04-21,South,56.09,2
2024-04-22,South,55.53,2
2024-04-23,South,56.36,2
2024-04-24,South,111.50,4
2024-04-25,South,56.04,2
2024-04-26,South,112.03,4
2024-04-27,South,56.11,2
2024-04-28,South,56.02,2
2024-04-01,South,112.50,4
2024-04-02,South,112.94,4
2024-04-01,East,104.00,3
2024-04-02,East,105.74,3
2024-04-03,East,104.04,3
2024-04-04,East,70.10,2
2024-04-05,East,140.57,4
2024-04-06,East,104.37,3
2024-04-07,East,104.26,3
2024-04-08,East,69.96,2
2024-04-09,East,140.79,4
2024-04-10,East,69.73,2
2024-04-11,East,70.58,2
2024-04-12,East,139.02,4
2024-04-13,East,104.36,3
2024-04-14,East,104.76,3
2024-04-15,East,139.74,4
2024-04-16,East,104.82,3
2024-04-17,East,70.53,2
2024-04-18,East,69.59,2
2024-04-19,East,70.52,2
2024-04-20,East,139.56,4
2024-04-21,East,104.91,3
2024-04-22,East,105.52,3
2024-04-23,East,105.22,3
2024-04-24,East,105.80,3
2024-04-25,East,104.98,3
2024-04-26,East,69.88,2
2024-04-27,East,103.96,3
2024-04-28,East,70.42,2
2024-04-01,East,105.81,3
2024-04-02,East,104.01,3
2024-04-03,East,140.72,4
2024-04-04,East,69.35,2
2024-04-05,East,140.59,4
2024-04-06,East,105.48,3
2024-04-07,East,140.95,4
2024-04-08,East,105.78,3
2024-04-09,East,140.94,4
2024-04-10,East,70.04,2
2024-04-11,East,70.46,2
2024-04-12,East,139.72,4
2024-04-13,East,69.69,2
2024-04-14,East,139.08,4
2024-04-15,East,104.60,3
2024-04-16,East,69.98,2
2024-04-17,East,70.53,2
2024-04-18,East,70.59,2
2024-04-19,East,69.39,2
2024-04-20,East,104.53,3
2024-04-21,East,140.36,4
2024-04-22,East,104.86,3
2024-04-23,East,69.61,2
2024-04-24,East,70.22,2
2024-04-25,East,139.77,4
2024-04-26,East,141.18,4
2024-04-27,East,140.74,4
2024-04-28,East,70.52,2
2024-04-01,East,69.67,2
2024-04-02,East,104.80,3
2024-04-03,East,69.45,2
2024-04-04,East,105.36,3
2024-04-05,East,70.52,2
2024-04-06,East,139.10,4
2024-04-07,East,105.29,3
2024-04-08,East,70.11,2
2024-04-09,East,70.69,2
2024-04-10,East,105.64,3
2024-04-11,East,70.63,2
2024-04-12,East,104.32,3
2024-04-13,East,69.95,2
2024-04-14,East,69.64,2
2024-04-15,East,69.43,2
2024-04-16,East,69.70,2
2024-04-17,East,105.52,3
2024-04-18,East,139.21,4
2024-04-19,East,105.58,3
2024-04-20,East,106.01,3
2024-04-21,East,140.19,4
2024-04-22,East,104.47,3
2024-04-23,East,139.71,4
2024-04-24,East,70.49,2
2024-04-25,East,70.16,2
2024-04-26,East,140.22,4
2024-04-27,East,70.64,2
2024-04-28,East,70.61,2
2024-04-01,East,69.60,2
2024-04-02,East,105.04,3
2024-04-03,East,104.98,3
2024-04-04,East,104.95,3
2024-04-05,East,139.85,4
2024-04-06,East,69.58,2
2024-04-07,East,106.02,3
2024-04-08,East,104.20,3
2024-04-09,East,69.70,2
2024-04-10,East,104.31,3
2024-04-11,East,105.21,3
2024-04-12,East,141.25,4
2024-04-13,East,70.34,2
2024-04-14,East,140.25,4
2024-04-15,East,70.20,2
2024-04-16,East,105.17,3
2024-04-17,East,70.53,2
2024-04-18,East,139.01,4
2024-04-19,East,104.60,3
2024-04-20,East,69.62,2
2024-04-21,East,105.12,3
2024-04-22,East,139.26,4
2024-04-23,East,70.20,2
2024-04-24,East,140.86,4
2024-04-25,East,140.00,4
2024-04-26,East,70.40,2
2024-04-27,East,70.69,2
2024-04-28,East,69.62,2
2024-04-01,East,70.50,2
2024-04-02,East,140.93,4
2024-04-03,East,104.68,3
2024-04-04,East,70.41,2
2024-04-05,East,104.44,3
2024-04-06,East,69.74,2
2024-04-07,East,105.20,3
2024-04-08,East,138.62,4
2024-04-09,East,104.70,3
2024-04-10,East,105.24,3
2024-04-11,East,104.09,3
2024-04-12,East,140.16,4
2024-04-13,East,104.12,3
2024-04-14,East,139.88,4
2024-04-15,East,69.77,2
2024-04-16,East,104.43,3
2024-04-17,East,69.35,2
2024-04-18,East,139.57,4
2024-04-19,East,139.07,4
2024-04-20,East,105.76,3
2024-04-21,East,104.20,3
2024-04-22,East,139.39,4
2024-04-23,East,70.29,2
2024-04-24,East,140.81,4
2024-04-25,East,139.97,4
2024-04-26,East,104.53,3
2024-04-27,East,70.35,2
2024-04-28,East,69.53,2
2024-04-01,West,99.75,4
2024-04-02,West,49.95,2
2024-04-03,West,75.43,3
2024-04-04,West,50.21,2
2024-04-05,West,49.86,2
2024-04-06,West,49.84,2
2024-04-07,West,75.73,3
2024-04-08,West,100.57,4
2024-04-09,West,49.72,2
2024-04-10,West,100.64,4
2024-04-11,West,74.90,3
2024-04-12,West,49.97,2
2024-04-13,West,99.53,4
2024-04-14,West,49.62,2
2024-04-15,West,100.66,4
2024-04-16,West,74.32,3
2024-04-17,West,74.27,3
2024-04-18,West,99.40,4
2024-04-19,West,49.95,2
2024-04-20,West,49.76,2
2024-04-21,West,50.13,2
2024-04-22,West,75.16,3
2024-04-23,West,74.68,3
2024-04-24,West,99.94,4
2024-04-25,West,99.62,4
2024-04-26,West,75.01,3
2024-04-27,West,75.35,3
2024-04-28,West,99.86,4
2024-04-01,West,50.25,2
2024-04-02,West,75.21,3
2024-04-03,West,99.18,4
2024-04-04,West,74.36,3
2024-04-05,West,100.59,4
2024-04-06,West,100.48,4
2024-04-07,West,50.12,2
2024-04-08,West,99.83,4
2024-04-09,West,49.85,2
2024-04-10,West,75.33,3
2024-04-11,West,49.76,2
2024-04-12,West,50.07,2
2024-04-13,West,49.60,2
2024-04-14,West,99.18,4
2024-04-15,West,49.67,2
2024-04-16,West,49.73,2
2024-04-17,West,74.65,3
2024-04-18,West,100.63,4
2024-04-19,West,75.74,3
2024-04-20,West,50.16,2
2024-04-21,West,99.08,4
2024-04-22,West,99.12,4
2024-04-23,West,100.49,4
2024-04-24,West,75.37,3
2024-04-25,West,49.95,2
2024-04-26,West,50.11,2
2024-04-27,West,74.28,3
2024-04-28,West,99.11,4
2024-04-01,West,74.45,3
2024-04-02,West,74.40,3
2024-04-03,West,50.33,2
2024-04-04,West,50.47,2
2024-04-05,West,75.65,3
2024-04-06,West,49.52,2
2024-04-07,West,75.03,3
2024-04-08,West,99.72,4
2024-04-09,West,50.43,2
2024-04-10,West,74.35,3
2024-04-11,West,100.12,4
2024-04-12,West,50.30,2
2024-04-13,West,99.23,4
2024-04-14,West,74.74,3
2024-04-15,West,74.76,3
2024-04-16,West,99.82,4
2024-04-17,West,75.58,3
2024-04-18,West,100.86,4
2024-04-19,West,50.08,2
2024-04-20,West,50.28,2
2024-04-21,West,50.20,2
2024-04-22,West,50.02,2
2024-04-23,West,75.58,3
2024-04-24,West,100.00,4
2024-04-25,West,74.93,3
2024-04-26,West,100.10,4
2024-04-27,West,49.90,2
2024-04-28,West,75.57,3
2024-04-01,West,75.05,3
2024-04-02,West,74.27,3
2024-04-03,West,49.80,2
2024-04-04,West,50.39,2
2024-04-05,West,100.31,4
2024-04-06,West,100.22,4
2024-04-07,West,100.49,4
2024-04-08,West,74.36,3
2024-04-09,West,75.50,3
2024-04-10,West,50.44,2
2024-04-11,West,74.59,3
2024-04-12,West,100.64,4
2024-04-13,West,50.44,2
2024-04-14,West,50.00,2
2024-04-15,West,99.01,4
2024-04-16,West,74.65,3
2024-04-17,West,74.83,3
2024-04-18,West,75.54,3
2024-04-19,West,74.62,3
2024-04-20,West,49.87,2
2024-04-21,West,74.69,3
2024-04-22,West,50.46,2
2024-04-23,West,74.69,3
2024-04-24,West,50.02,2
2024-04-25,West,49.56,2
2024-04-26,West,99.20,4
2024-05-01,North,120.15,4
2024-05-02,North,120.38,4
2024-05-03,North,90.32,3
2024-05-04,North,90.74,3
2024-05-05,North,119.36,4
2024-05-06,North,59.64,2
2024-05-07,North,120.18,4
2024-05-08,North,120.31,4
2024-05-09,North,60.24,2
2024-05-10,North,59.60,2
2024-05-11,North,90.06,3
2024-05-12,North,59.90,2
2024-05-13,North,89.84,3
2024-05-14,North,60.05,2
2024-05-15,North,120.19,4
2024-05-16,North,59.77,2
2024-05-17,North,90.51,3
2024-05-18,North,89.17,3
2024-05-19,North,59.91,2
2024-05-20,North,89.35,3
2024-05-21,North,89.64,3
2024-05-22,North,90.01,3
2024-05-23,North,60.40,2
2024-05-24,North,120.36,4
2024-05-25,North,60.54,2
2024-05-26,North,90.13,3
2024-05-27,North,89.94,3
2024-05-28,North,60.44,2
2024-05-01,North,120.23,4
2024-05-02,North,90.85,3
2024-05-03,North,120.86,4
2024-05-04,North,60.35,2
2024-05-05,North,60.14,2
2024-05-06,North,60.34,2
2024-05-07,North,89.30,3
2024-05-08,North,89.11,3
2024-05-09,North,119.67,4
2024-05-10,North,90.17,3
2024-05-11,North,120.08,4
2024-05-12,North,119.35,4
2024-05-13,North,119.41,4
2024-05-14,North,119.06,4
2024-05-15,North,59.75,2
2024-05-16,North,89.17,3
2024-05-17,North,60.13,2
2024-05-18,North,118.97,4
2024-05-19,North,90.02,3
2024-05-20,North,120.60,4
2024-05-21,North,60.04,2
2024-05-22,North,120.03,4
2024-05-23,North,89.91,3
2024-05-24,North,119.33,4
2024-05-25,North,60.37,2
2024-05-26,North,89.75,3
2024-05-27,North,59.75,2
2024-05-28,North,120.44,4
2024-05-01,North,90.72,3
2024-05-02,North,89.33,3
2024-05-03,North,119.90,4
2024-05-04,North,59.93,2
2024-05-05,North,59.60,2
2024-05-06,North,89.92,3
2024-05-07,North,89.21,3
2024-05-08,North,60.54,2
2024-05-09,North,89.33,3
2024-05-10,North,59.65,2
2024-05-11,North,89.59,3
2024-05-12,North,59.81,2
2024-05-13,North,118.92,4
2024-05-14,North,89.44,3
2024-05-15,North,120.29,4
2024-05-16,North,119.34,4
2024-05-17,North,121.06,4
2024-05-18,North,90.31,3
2024-05-19,North,90.74,3
2024-05-20,North,89.64,3
2024-05-21,North,120.42,4
2024-05-22,North,89.69,3
2024-05-23,North,59.81,2
2024-05-24,North,90.81,3
2024-05-25,North,121.04,4
2024-05-26,North,119.81,4
2024-05-27,North,90.58,3
2024-05-28,North,90.39,3
2024-05-01,North,89.73,3
2024-05-02,North,89.80,3
2024-05-03,North,121.05,4
2024-05-04,North,121.07,4
2024-05-05,North,60.54,2
2024-05-06,North,89.74,3
2024-05-07,North,60.25,2
2024-05-08,North,119.56,4
2024-05-09,North,90.02,3
2024-05-10,North,120.98,4
2024-05-11,North,90.55,3
2024-05-12,North,59.61,2
2024-05-13,North,120.44,4
2024-05-14,North,120.23,4
2024-05-15,North,89.40,3
2024-05-16,North,89.93,3
2024-05-17,North,90.84,3
2024-05-18,North,120.78,4
2024-05-19,North,119.94,4
2024-05-20,North,119.83,4
2024-05-21,North,59.94,2
2024-05-22,North,120.46,4
2024-05-23,North,119.84,4
2024-05-24,North,90.46,3
2024-05-25,North,90.01,3
2024-05-26,North,59.91,2
2024-05-27,North,60.47,2
2024-05-28,North,60.49,2
2024-05-01,North,60.03,2
2024-05-02,North,59.60,2
2024-05-03,North,59.76,2
2024-05-04,North,59.51,2
2024-05-05,North,59.62,2
2024-05-06,North,89.98,3
2024-05-07,North,119.82,4
2024-05-08,North,89.30,3
2024-05-09,North,60.01,2
2024-05-10,North,60.39,2
2024-05-11,North,120.29,4
2024-05-12,North,119.37,4
2024-05-13,North,119.27,4
2024-05-14,North,118.81,4
2024-05-15,North,120.65,4
2024-05-16,North,59.70,2
2024-05-17,North,89.29,3
2024-05-18,North,119.18,4
2024-05-19,North,60.50,2
2024-05-20,North,89.79,3
2024-05-21,North,59.92,2
2024-05-22,North,59.66,2
2024-05-23,North,60.36,2
2024-05-24,North,89.77,3
2024-05-25,North,89.45,3
2024-05-26,North,119.88,4
2024-05-27,North,60.12,2
2024-05-28,North,119.81,4
2024-05-01,North,121.17,4
2024-05-02,North,59.97,2
2024-05-03,North,90.24,3
2024-05-04,North,59.79,2
2024-05-05,North,121.13,4
2024-05-06,North,90.79,3
2024-05-07,North,60.14,2
2024-05-08,North,60.52,2
2024-05-09,North,120.68,4
2024-05-10,North,59.98,2
2024-05-11,North,119.14,4
2024-05-12,North,119.39,4
2024-05-13,North,120.06,4
2024-05-14,North,120.41,4
2024-05-15,North,60.17,2
2024-05-16,North,120.07,4
2024-05-17,North,119.47,4
2024-05-18,North,60.04,2
2024-05-19,North,89.98,3
2024-05-20,North,60.29,2
2024-05-21,North,120.02,4
2024-05-22,North,59.66,2
2024-05-23,North,59.90,2
2024-05-24,North,60.40,2
2024-05-25,North,119.74,4
2024-05-26,North,60.53,2
2024-05-27,North,60.34,2
2024-05-28,North,120.90,4
2024-05-01,North,60.57,2
2024-05-02,North,120.01,4
2024-05-03,North,90.06,3
2024-05-04,North,89.21,3
2024-05-05,North,89.28,3
2024-05-06,North,120.51,4
2024-05-07,North,59.78,2
2024-05-08,North,59.70,2
2024-05-09,North,89.31,3
2024-05-10,North,120.62,4
2024-05-11,North,59.41,2
2024-05-12,North,118.80,4
2024-05-13,North,59.62,2
2024-05-14,North,90.45,3
2024-05-15,North,90.20,3
2024-05-16,North,60.46,2
2024-05-17,North,60.54,2
2024-05-18,North,59.67,2
2024-05-19,North,60.34,2
2024-05-20,North,60.57,2
2024-05-21,North,90.30,3
2024-05-22,North,121.06,4
2024-05-23,North,89.65,3
2024-05-24,North,89.64,3
2024-05-25,North,120.96,4
2024-05-26,North,60.50,2
2024-05-27,North,118.88,4
2024-05-28,North,90.40,3
2024-05-01,North,60.27,2
2024-05-02,North,59.67,2
2024-05-03,North,120.55,4
2024-05-04,North,59.47,2
2024-05-01,South,83.44,3
2024-05-02,South,55.60,2
2024-05-03,South,83.84,3
2024-05-04,South,112.71,4
2024-05-05,South,111.91,4
2024-05-06,South,112.82,4
2024-05-07,South,56.16,2
2024-05-08,South,83.95,3
2024-05-09,South,112.57,4
2024-05-10,South,84.77,3
2024-05-11,South,56.29,2
2024-05-12,South,55.60,2
2024-05-13,South,84.74,3
2024-05-14,South,84.34,3
2024-05-15,South,84.32,3
2024-05-16,South,112.56,4
2024-05-17,South,112.31,4
2024-05-18,South,111.32,4
2024-05-19,South,55.92,2
2024-05-20,South,111.96,4
2024-05-21,South,84.49,3
2024-05-22,South,84.13,3
2024-05-23,South,55.69,2
2024-05-24,South,112.61,4
2024-05-25,South,83.75,3
2024-05-26,South,111.99,4
2024-05-27,South,55.84,2
2024-05-28,South,56.10,2
2024-05-01,South,55.85,2
2024-05-02,South,55.86,2
2024-05-03,South,55.85,2
2024-05-04,South,112.63,4
2024-05-05,South,83.57,3
2024-05-06,South,56.36,2
2024-05-07,South,110.96,4
2024-05-08,South,112.94,4
2024-05-09,South,55.69,2
2024-05-10,South,110.90,4
2024-05-11,South,111.45,4
2024-05-12,South,83.57,3
2024-05-13,South,111.24,4
2024-05-14,South,84.08,3
2024-05-15,South,112.45,4
2024-05-16,South,111.21,4
2024-05-17,South,83.54,3
2024-05-18,South,112.28,4
2024-05-19,South,84.16,3
2024-05-20,South,83.60,3
2024-05-21,South,83.43,3
2024-05-22,South,112.09,4
2024-05-23,South,55.56,2
2024-05-24,South,83.47,3
2024-05-25,South,56.17,2
2024-05-26,South,84.47,3
2024-05-27,South,112.18,4
2024-05-28,South,84.53,3
2024-05-01,South,84.82,3
2024-05-02,South,56.41,2
2024-05-03,South,56.17,2
2024-05-04,South,111.71,4
2024-05-05,South,55.54,2
2024-05-06,South,56.52,2
2024-05-07,South,55.79,2
2024-05-08,South,84.09,3
2024-05-09,South,112.58,4
2024-05-10,South,111.37,4
2024-05-11,South,83.89,3
2024-05-12,South,83.30,3
2024-05-13,South,56.49,2
2024-05-14,South,83.65,3
2024-05-15,South,55.81,2
2024-05-16,South,112.99,4
2024-05-17,South,55.78,2
2024-05-18,South,111.81,4
2024-05-19,South,56.00,2
2024-05-20,South,56.21,2
2024-05-21,South,84.01,3
2024-05-22,South,56.23,2
2024-05-23,South,84.59,3
2024-05-24,South,83.24,3
2024-05-25,South,110.98,4
2024-05-26,South,112.79,4
2024-05-27,South,112.00,4
2024-05-28,South,110.89,4
2024-05-01,South,112.10,4
2024-05-02,South,56.54,2
2024-05-03,South,55.65,2
2024-05-04,South,111.50,4
2024-05-05,South,110.91,4
2024-05-06,South,111.29,4
2024-05-07,South,83.63,3
2024-05-08,South,84.17,3
2024-05-09,South,83.69,3
2024-05-10,South,112.57,4
2024-05-11,South,84.16,3
2024-05-12,South,111.87,4
2024-05-13,South,83.42,3
2024-05-14,South,112.33,4
2024-05-15,South,84.12,3
2024-05-16,South,84.65,3
2024-05-17,South,56.03,2
2024-05-18,South,83.79,3
2024-05-19,South,84.61,3
2024-05-20,South,111.63,4
2024-05-21,South,55.51,2
2024-05-22,South,113.07,4
2024-05-23,South,84.30,3
2024-05-24,South,113.11,4
2024-05-25,South,55.55,2
2024-05-26,South,112.59,4
2024-05-27,South,56.25,2
2024-05-28,South,84.31,3
2024-05-01,South,56.03,2
2024-05-02,South,83.17,3
2024-05-03,South,112.35,4
2024-05-04,South,111.36,4
2024-05-05,South,84.40,3
2024-05-06,South,55.51,2
2024-05-07,South,112.06,4
2024-05-08,South,111.30,4
2024-05-09,South,112.36,4
2024-05-10,South,56.31,2
2024-05-11,South,112.21,4
2024-05-12,South,84.21,3
2024-05-13,South,83.38,3
2024-05-14,South,84.50,3
2024-05-15,South,84.25,3
2024-05-16,South,55.87,2
2024-05-17,South,113.09,4
2024-05-18,South,113.07,4
2024-05-19,South,112.93,4
2024-05-20,South,55.67,2
2024-05-21,South,56.11,2
2024-05-22,South,56.36,2
2024-05-23,South,110.91,4
2024-05-24,South,84.23,3
2024-05-25,South,111.40,4
2024-05-26,South,83.45,3
2024-05-27,South,111.83,4
2024-05-28,South,56.25,2
2024-05-01,South,56.48,2
2024-05-02,South,111.80,4
2024-05-03,South,112.57,4
2024-05-04,South,111.61,4
2024-05-05,South,84.36,3
2024-05-06,South,112.84,4
2024-05-07,South,56.54,2
2024-05-08,South,55.49,2
2024-05-09,South,84.79,3
2024-05-10,South,83.17,3
2024-05-11,South,84.00,3
2024-05-12,South,56.01,2
2024-05-13,South,112.47,4
2024-05-14,South,112.16,4
2024-05-15,South,83.95,3
2024-05-16,South,83.44,3
2024-05-17,South,111.23,4
2024-05-18,South,84.12,3
2024-05-19,South,111.01,4
2024-05-20,South,55.98,2
2024-05-21,South,84.78,3
2024-05-22,South,56.49,2
2024-05-23,South,56.33,2
2024-05-24,South,84.30,3
2024-05-25,South,83.54,3
2024-05-26,South,55.95,2
2024-05-27,South,111.92,4
2024-05-28,South,83.50,3
2024-05-01,South,56.04,2
2024-05-02,South,111.12,4
2024-05-01,East,70.66,2
2024-05-02,East,70.47,2
2024-05-03,East,69.44,2
2024-05-04,East,105.41,3
2024-05-05,East,70.59,2
2024-05-06,East,105.59,3
2024-05-07,East,69.59,2
2024-05-08,East,70.57,2
2024-05-09,East,105.06,3
2024-05-10,East,69.87,2
2024-05-11,East,70.51,2
2024-05-12,East,103.98,3
2024-05-13,East,70.46,2
2024-05-14,East,105.29,3
2024-05-15,East,70.07,2
2024-05-16,East,138.85,4
2024-05-17,East,69.34,2
2024-05-18,East,70.28,2
2024-05-19,East,69.98,2
2024-05-20,East,69.69,2
2024-05-21,East,104.21,3
2024-05-22,East,70.48,2
2024-05-23,East,104.66,3
2024-05-24,East,140.01,4
2024-05-25,East,69.35,2
2024-05-26,East,104.38,3
2024-05-27,East,139.79,4
2024-05-28,East,139.63,4
2024-05-01,East,105.91,3
2024-05-02,East,140.30,4
2024-05-03,East,70.50,2
2024-05-04,East,139.68,4
2024-05-05,East,70.68,2
2024-05-06,East,138.93,4
2024-05-07,East,69.66,2
2024-05-08,East,138.84,4
2024-05-09,East,104.62,3
2024-05-10,East,140.53,4
2024-05-11,East,70.29,2
2024-05-12,East,70.12,2
2024-05-13,East,140.54,4
2024-05-14,East,70.57,2
2024-05-15,East,104.31,3
2024-05-16,East,140.86,4
2024-05-17,East,139.09,4
2024-05-18,East,139.05,4
2024-05-19,East,69.35,2
2024-05-20,East,139.11,4
2024-05-21,East,139.37,4
2024-05-22,East,140.16,4
2024-05-23,East,104.18,3
2024-05-24,East,70.44,2
2024-05-25,East,70.69,2
2024-05-26,East,140.43,4
2024-05-27,East,70.24,2
2024-05-28,East,70.48,2
2024-05-01,East,104.32,3
2024-05-02,East,69.93,2
2024-05-03,East,104.40,3
2024-05-04,East,105.42,3
2024-05-05,East,105.49,3
2024-05-06,East,104.17,3
2024-05-07,East,70.36,2
2024-05-08,East,104.17,3
2024-05-09,East,105.43,3
2024-05-10,East,70.54,2
2024-05-11,East,140.39,4
2024-05-12,East,106.05,3
2024-05-13,East,140.62,4
2024-05-14,East,104.79,3
2024-05-15,East,140.33,4
2024-05-16,East,104.32,3
2024-05-17,East,139.88,4
2024-05-18,East,70.35,2
2024-05-19,East,140.75,4
2024-05-20,East,70.29,2
2024-05-21,East,69.88,2
2024-05-22,East,70.57,2
2024-05-23,East,104.02,3
2024-05-24,East,70.49,2
2024-05-25,East,104.56,3
2024-05-26,East,70.67,2
2024-05-27,East,105.56,3
2024-05-28,East,141.19,4
2024-05-01,East,104.53,3
2024-05-02,East,104.80,3
2024-05-03,East,70.01,2
2024-05-04,East,70.48,2
2024-05-05,East,69.84,2
2024-05-06,East,70.23,2
2024-05-07,East,139.80,4
2024-05-08,East,69.56,2
2024-05-09,East,105.85,3
2024-05-10,East,140.20,4
2024-05-11,East,105.73,3
2024-05-12,East,70.54,2
2024-05-13,East,104.06,3
2024-05-14,East,69.50,2
2024-05-15,East,69.75,2
2024-05-16,East,70.58,2
2024-05-17,East,139.42,4
2024-05-18,East,105.76,3
2024-05-19,East,105.30,3
2024-05-20,East,69.91,2
2024-05-21,East,139.59,4
2024-05-22,East,141.34,4
2024-05-23,East,138.86,4
2024-05-24,East,105.15,3
2024-05-25,East,70.49,2
2024-05-26,East,105.20,3
2024-05-27,East,139.77,4
2024-05-28,East,139.65,4
2024-05-01,East,104.15,3
2024-05-02,East,140.83,4
2024-05-03,East,70.39,2
2024-05-04,East,69.65,2
2024-05-05,East,69.31,2
2024-05-06,East,139.39,4
2024-05-07,East,141.33,4
2024-05-08,East,138.90,4
2024-05-09,East,69.43,2
2024-05-10,East,104.77,3
2024-05-11,East,70.24,2
2024-05-12,East,104.28,3
2024-05-13,East,141.28,4
2024-05-14,East,69.83,2
2024-05-15,East,140.46,4
2024-05-16,East,104.78,3
2024-05-17,East,105.39,3
2024-05-18,East,69.97,2
2024-05-19,East,105.34,3
2024-05-20,East,138.71,4
2024-05-21,East,104.54,3
2024-05-22,East,140.66,4
2024-05-23,East,69.32,2
2024-05-24,East,105.97,3
2024-05-25,East,69.80,2
2024-05-26,East,140.83,4
2024-05-27,East,138.93,4
2024-05-28,East,104.32,3
2024-05-01,West,99.76,4
2024-05-02,West,49.80,2
2024-05-03,West,74.59,3
2024-05-04,West,74.41,3
2024-05-05,West,49.88,2
2024-05-06,West,50.30,2
2024-05-07,West,74.91,3
2024-05-08,West,99.79,4
2024-05-09,West,49.64,2
2024-05-10,West,100.38,4
2024-05-11,West,50.01,2
2024-05-12,West,50.38,2
2024-05-13,West,75.59,3
2024-05-14,West,50.31,2
2024-05-15,West,74.50,3
2024-05-16,West,49.51,2
2024-05-17,West,99.12,4
2024-05-18,West,50.35,2
2024-05-19,West,99.15,4
2024-05-20,West,49.84,2
2024-05-21,West,99.83,4
2024-05-22,West,99.44,4
2024-05-23,West,49.68,2
2024-05-24,West,49.59,2
2024-05-25,West,99.13,4
2024-05-26,West,75.60,3
2024-05-27,West,74.60,3
2024-05-28,West,99.86,4
2024-05-01,West,75.62,3
2024-05-02,West,49.53,2
2024-05-03,West,99.66,4
2024-05-04,West,100.98,4
2024-05-05,West,50.41,2
2024-05-06,West,74.62,3
2024-05-07,West,75.57,3
2024-05-08,West,100.70,4
2024-05-09,West,50.47,2
2024-05-10,West,49.81,2
2024-05-11,West,74.70,3
2024-05-12,West,75.06,3
2024-05-13,West,100.33,4
2024-05-14,West,100.01,4
2024-05-15,West,50.28,2
2024-05-16,West,99.54,4
2024-05-17,West,75.40,3
2024-05-18,West,100.37,4
2024-05-19,West,75.42,3
2024-05-20,West,74.27,3
2024-05-21,West,49.76,2
2024-05-22,West,99.99,4
2024-05-23,West,75.37,3
2024-05-24,West,74.48,3
2024-05-25,West,50.21,2
2024-05-26,West,74.43,3
2024-05-27,West,75.00,3
2024-05-28,West,49.86,2
2024-05-01,West,50.21,2
2024-05-02,West,74.53,3
2024-05-03,West,75.26,3
2024-05-04,West,75.24,3
2024-05-05,West,49.96,2
2024-05-06,West,99.13,4
2024-05-07,West,100.06,4
2024-05-08,West,49.52,2
2024-05-09,West,49.67,2
2024-05-10,West,99.46,4
2024-05-11,West,50.22,2
2024-05-12,West,75.18,3
2024-05-13,West,99.98,4
2024-05-14,West,49.59,2
2024-05-15,West,99.99,4
2024-05-16,West,50.21,2
2024-05-17,West,49.99,2
2024-05-18,West,100.68,4
2024-05-19,West,74.42,3
2024-05-20,West,49.82,2
2024-05-21,West,49.72,2
2024-05-22,West,75.64,3
2024-05-23,West,99.59,4
2024-05-24,West,49.82,2
2024-05-25,West,99.75,4
2024-05-26,West,49.62,2
2024-05-27,West,49.96,2
2024-05-28,West,50.39,2
2024-05-01,West,74.41,3
2024-05-02,West,100.51,4
2024-05-03,West,50.48,2
2024-05-04,West,49.83,2
2024-05-05,West,75.20,3
2024-05-06,West,50.14,2
2024-05-07,West,49.70,2
2024-05-08,West,50.38,2
2024-05-09,West,49.94,2
2024-05-10,West,50.47,2
2024-05-11,West,100.99,4
2024-05-12,West,49.55,2
2024-05-13,West,74.46,3
2024-05-14,West,99.54,4
2024-05-15,West,50.14,2
2024-05-16,West,100.44,4
2024-05-17,West,74.90,3
2024-05-18,West,75.51,3
2024-05-19,West,49.96,2
2024-05-20,West,49.67,2
2024-05-21,West,49.52,2
2024-05-22,West,74.46,3
2024-05-23,West,100.40,4
2024-05-24,West,99.56,4
2024-05-25,West,99.86,4
2024-05-26,West,99.44,4
2024-06-01,North,119.07,4
2024-06-02,North,60.30,2
2024-06-03,North,120.24,4
2024-06-04,North,90.37,3
2024-06-05,North,119.48,4
2024-06-06,North,121.12,4
2024-06-07,North,90.83,3
2024-06-08,North,120.61,4
2024-06-09,North,120.76,4
2024-06-10,North,89.46,3
2024-06-11,North,59.80,2
2024-06-12,North,60.06,2
2024-06-13,North,60.54,2
2024-06-14,North,120.00,4
2024-06-15,North,90.02,3
2024-06-16,North,89.58,3
2024-06-17,North,60.37,2
2024-06-18,North,59.97,2
2024-06-19,North,89.80,3
2024-06-20,North,119.02,4
2024-06-21,North,59.88,2
2024-06-22,North,119.88,4
2024-06-23,North,59.61,2
2024-06-24,North,89.58,3
2024-06-25,North,59.58,2
2024-06-26,North,59.95,2
2024-06-27,North,59.71,2
2024-06-28,North,120.46,4
2024-06-01,North,119.87,4
2024-06-02,North,90.00,3
2024-06-03,North,90.36,3
2024-06-04,North,89.69,3
2024-06-05,North,60.11,2
2024-06-06,North,120.61,4
2024-06-07,North,90.32,3
2024-06-08,North,59.77,2
2024-06-09,North,90.09,3
2024-06-10,North,89.77,3
2024-06-11,North,60.38,2
2024-06-12,North,120.66,4
2024-06-13,North,89.73,3
2024-06-14,North,60.53,2
2024-06-15,North,60.34,2
2024-06-16,North,60.11,2
2024-06-17,North,90.31,3
2024-06-18,North,90.62,3
2024-06-19,North,120.04,4
2024-06-20,North,90.32,3
2024-06-21,North,90.33,3
2024-06-22,North,60.54,2
2024-06-23,North,89.91,3
2024-06-24,North,118.84,4
2024-06-25,North,121.09,4
2024-06-26,North,90.15,3
2024-06-27,North,120.75,4
2024-06-28,North,90.57,3
2024-06-01,North,59.94,2
2024-06-02,North,119.89,4
2024-06-03,North,59.90,2
2024-06-04,North,120.43,4
2024-06-05,North,89.48,3
2024-06-06,North,120.82,4
2024-06-07,North,60.19,2
2024-06-08,North,60.42,2
2024-06-09,North,59.40,2
2024-06-10,North,59.85,2
2024-06-11,North,59.96,2
2024-06-12,North,121.15,4
2024-06-13,North,119.68,4
2024-06-14,North,119.50,4
2024-06-15,North,89.13,3
2024-06-16,North,120.96,4
2024-06-17,North,90.12,3
2024-06-18,North,120.75,4
2024-06-19,North,90.48,3
2024-06-20,North,59.50,2
2024-06-21,North,59.78,2
2024-06-22,North,120.32,4
2024-06-23,North,59.71,2
2024-06-24,North,120.57,4
2024-06-25,North,90.62,3
2024-06-26,North,119.39,4
2024-06-27,North,120.78,4
2024-06-28,North,59.57,2
2024-06-01,North,60.36,2
2024-06-02,North,90.21,3
2024-06-03,North,60.50,2
2024-06-04,North,120.46,4
2024-06-05,North,120.05,4
2024-06-06,North,60.26,2
2024-06-07,North,89.59,3
2024-06-08,North,120.64,4
2024-06-09,North,119.37,4
2024-06-10,North,119.80,4
2024-06-11,North,59.96,2
2024-06-12,North,120.47,4
2024-06-13,North,90.69,3
2024-06-14,North,60.38,2
2024-06-15,North,90.06,3
2024-06-16,North,89.87,3
2024-06-17,North,89.94,3
2024-06-18,North,59.82,2
2024-06-19,North,119.75,4
2024-06-20,North,90.54,3
2024-06-21,North,60.36,2
2024-06-22,North,120.77,4
2024-06-23,North,119.20,4
2024-06-24,North,89.54,3
2024-06-25,North,59.49,2
2024-06-26,North,120.56,4
2024-06-27,North,60.16,2
2024-06-28,North,60.38,2
2024-06-01,North,60.29,2
2024-06-02,North,60.23,2
2024-06-03,North,118.86,4
2024-06-04,North,90.87,3
2024-06-05,North,120.78,4
2024-06-06,North,60.35,2
2024-06-07,North,59.83,2
2024-06-08,North,59.77,2
2024-06-09,North,59.85,2
2024-06-10,North,89.40,3
2024-06-11,North,90.33,3
2024-06-12,North,120.51,4
2024-06-13,North,89.84,3
2024-06-14,North,90.00,3
2024-06-15,North,119.33,4
2024-06-16,North,59.79,2
2024-06-17,North,60.22,2
2024-06-18,North,59.62,2
2024-06-19,North,59.43,2
2024-06-20,North,120.95,4
2024-06-21,North,119.93,4
2024-06-22,North,89.27,3
2024-06-23,North,90.54,3
2024-06-24,North,59.68,2
2024-06-25,North,59.60,2
2024-06-26,North,90.16,3
2024-06-27,North,119.20,4
2024-06-28,North,119.32,4
2024-06-01,North,89.32,3
2024-06-02,North,60.18,2
2024-06-03,North,59.47,2
2024-06-04,North,89.20,3
2024-06-05,North,89.47,3
2024-06-06,North,89.91,3
2024-06-07,North,59.54,2
2024-06-08,North,59.74,2
2024-06-09,North,90.73,3
2024-06-10,North,59.74,2
2024-06-11,North,59.44,2
2024-06-12,North,90.47,3
2024-06-13,North,119.65,4
2024-06-14,North,119.56,4
2024-06-15,North,60.53,2
2024-06-16,North,119.12,4
2024-06-17,North,90.41,3
2024-06-18,North,59.59,2
2024-06-19,North,59.57,2
2024-06-20,North,118.85,4
2024-06-21,North,60.51,2
2024-06-22,North,120.74,4
2024-06-23,North,121.14,4
2024-06-24,North,90.07,3
2024-06-25,North,120.42,4
2024-06-26,North,60.22,2
2024-06-27,North,89.49,3
2024-06-28,North,118.89,4
2024-06-01,North,60.46,2
2024-06-02,North,89.42,3
2024-06-03,North,90.58,3
2024-06-04,North,59.73,2
2024-06-05,North,60.15,2
2024-06-06,North,89.13,3
2024-06-07,North,90.03,3
2024-06-08,North,60.22,2
2024-06-09,North,119.62,4
2024-06-10,North,119.42,4
2024-06-11,North,89.47,3
2024-06-12,North,90.67,3
2024-06-13,North,120.16,4
2024-06-14,North,120.66,4
2024-06-15,North,89.23,3
2024-06-16,North,89.53,3
2024-06-17,North,119.76,4
2024-06-18,North,59.91,2
2024-06-19,North,120.94,4
2024-06-20,North,89.41,3
2024-06-21,North,59.72,2
2024-06-22,North,59.59,2
2024-06-23,North,120.29,4
2024-06-24,North,60.57,2
2024-06-25,North,60.49,2
2024-06-26,North,119.89,4
2024-06-27,North,120.92,4
2024-06-28,North,60.34,2
2024-06-01,North,90.37,3
2024-06-02,North,119.06,4
2024-06-03,North,59.85,2
2024-06-04,North,90.64,3
2024-06-01,South,56.16,2
2024-06-02,South,112.24,4
2024-06-03,South,111.08,4
2024-06-04,South,111.01,4
2024-06-05,South,112.05,4
2024-06-06,South,56.19,2
2024-06-07,South,56.53,2
2024-06-08,South,111.42,4
2024-06-09,South,56.03,2
2024-06-10,South,83.56,3
2024-06-11,South,112.62,4
2024-06-12,South,55.60,2
2024-06-13,South,111.35,4
2024-06-14,South,55.86,2
2024-06-15,South,84.59,3
2024-06-16,South,110.97,4
2024-06-17,South,84.77,3
2024-06-18,South,56.35,2
2024-06-19,South,84.46,3
2024-06-20,South,55.86,2
2024-06-21,South,111.07,4
2024-06-22,South,83.26,3
2024-06-23,South,112.70,4
2024-06-24,South,83.18,3
2024-06-25,South,84.62,3
2024-06-26,South,55.61,2
2024-06-27,South,112.71,4
2024-06-28,South,55.93,2
2024-06-01,South,55.79,2
2024-06-02,South,56.41,2
2024-06-03,South,56.07,2
2024-06-04,South,112.92,4
2024-06-05,South,56.50,2
2024-06-06,South,55.69,2
2024-06-07,South,56.14,2
2024-06-08,South,84.60,3
2024-06-09,South,56.56,2
2024-06-10,South,111.47,4
2024-06-11,South,83.55,3
2024-06-12,South,83.34,3
2024-06-13,South,83.57,3
2024-06-14,South,83.88,3
2024-06-15,South,111.14,4
2024-06-16,South,55.65,2
2024-06-17,South,84.62,3
2024-06-18,South,84.55,3
2024-06-19,South,112.51,4
2024-06-20,South,111.23,4
2024-06-21,South,56.16,2
2024-06-22,South,55.60,2
2024-06-23,South,111.48,4
2024-06-24,South,112.31,4
2024-06-25,South,55.90,2
2024-06-26,South,84.33,3
2024-06-27,South,56.07,2
2024-06-28,South,112.29,4
2024-06-01,South,56.01,2
2024-06-02,South,55.87,2
2024-06-03,South,111.73,4
2024-06-04,South,83.90,3
2024-06-05,South,84.36,3
2024-06-06,South,83.35,3
2024-06-07,South,111.01,4
2024-06-08,South,84.84,3
2024-06-09,South,84.72,3
2024-06-10,South,56.00,2
2024-06-11,South,112.05,4
2024-06-12,South,55.74,2
2024-06-13,South,112.24,4
2024-06-14,South,84.13,3
2024-06-15,South,55.71,2
2024-06-16,South,112.18,4
2024-06-17,South,83.17,3
2024-06-18,South,112.95,4
2024-06-19,South,111.50,4
2024-06-20,South,83.17,3
2024-06-21,South,83.45,3
2024-06-22,South,83.72,3
2024-06-23,South,112.82,4
2024-06-24,South,83.70,3
2024-06-25,South,83.84,3
2024-06-26,South,83.75,3
2024-06-27,South,111.82,4
2024-06-28,South,110.89,4
2024-06-01,South,83.58,3
2024-06-02,South,56.18,2
2024-06-03,South,55.92,2
2024-06-04,South,56.46,2
2024-06-05,South,111.09,4
2024-06-06,South,55.97,2
2024-06-07,South,55.89,2
2024-06-08,South,83.68,3
2024-06-09,South,84.61,3
2024-06-10,South,56.13,2
2024-06-11,South,83.91,3
2024-06-12,South,112.49,4
2024-06-13,South,84.59,3
2024-06-14,South,83.86,3
2024-06-15,South,111.90,4
2024-06-16,South,56.55,2
2024-06-17,South,83.49,3
2024-06-18,South,112.03,4
2024-06-19,South,56.28,2
2024-06-20,South,83.81,3
2024-06-21,South,56.13,2
2024-06-22,South,56.06,2
2024-06-23,South,55.45,2
2024-06-24,South,111.99,4
2024-06-25,South,111.80,4
2024-06-26,South,112.54,4
2024-06-27,South,111.17,4
2024-06-28,South,111.37,4
2024-06-01,South,111.90,4
2024-06-02,South,112.10,4
2024-06-03,South,83.53,3
2024-06-04,South,111.49,4
2024-06-05,South,112.52,4
2024-06-06,South,84.07,3
2024-06-07,South,84.78,3
2024-06-08,South,55.57,2
2024-06-09,South,111.69,4
2024-06-10,South,55.73,2
2024-06-11,South,112.00,4
2024-06-12,South,55.58,2
2024-06-13,South,111.02,4
2024-06-14,South,83.95,3
2024-06-15,South,56.09,2
2024-06-16,South,111.25,4
2024-06-17,South,111.53,4
2024-06-18,South,83.85,3
2024-06-19,South,111.40,4
2024-06-20,South,56.41,2
2024-06-21,South,56.35,2
2024-06-22,South,112.84,4
2024-06-23,South,55.68,2
2024-06-24,South,111.14,4
2024-06-25,South,84.01,3
2024-06-26,South,56.12,2
2024-06-27,South,55.83,2
2024-06-28,South,111.88,4
2024-06-01,South,55.53,2
2024-06-02,South,111.85,4
2024-06-03,South,84.47,3
2024-06-04,South,112.31,4
2024-06-05,South,111.66,4
2024-06-06,South,56.03,2
2024-06-07,South,83.95,3
2024-06-08,South,84.64,3
2024-06-09,South,83.69,3
2024-06-10,South,84.70,3
2024-06-11,South,84.46,3
2024-06-12,South,84.08,3
2024-06-13,South,56.13,2
2024-06-14,South,111.09,4
2024-06-15,South,83.93,3
2024-06-16,South,55.62,2
2024-06-17,South,56.18,2
2024-06-18,South,83.86,3
2024-06-19,South,84.82,3
2024-06-20,South,55.56,2
2024-06-21,South,111.34,4
2024-06-22,South,84.47,3
2024-06-23,South,111.61,4
2024-06-24,South,83.75,3
2024-06-25,South,111.68,4
2024-06-26,South,56.44,2
2024-06-27,South,112.61,4
2024-06-28,South,83.70,3
2024-06-01,South,83.96,3
2024-06-02,South,55.81,2
2024-06-01,East,104.26,3
2024-06-02,East,104.23,3
2024-06-03,East,70.65,2
2024-06-04,East,69.73,2
2024-06-05,East,70.60,2
2024-06-06,East,105.04,3
2024-06-07,East,69.92,2
2024-06-08,East,139.26,4
2024-06-09,East,140.42,4
2024-06-10,East,104.14,3
2024-06-11,East,104.68,3
2024-06-12,East,139.90,4
2024-06-13,East,138.95,4
2024-06-14,East,104.07,3
2024-06-15,East,69.65,2
2024-06-16,East,70.08,2
2024-06-17,East,105.89,3
2024-06-18,East,105.60,3
2024-06-19,East,139.22,4
2024-06-20,East,70.33,2
2024-06-21,East,70.49,2
2024-06-22,East,69.70,2
2024-06-23,East,104.03,3
2024-06-24,East,141.00,4
2024-06-25,East,105.35,3
2024-06-26,East,104.27,3
2024-06-27,East,104.59,3
2024-06-28,East,70.58,2
2024-06-01,East,69.41,2
2024-06-02,East,140.79,4
2024-06-03,East,70.54,2
2024-06-04,East,69.96,2
2024-06-05,East,104.43,3
2024-06-06,East,105.64,3
2024-06-07,East,69.48,2
2024-06-08,East,138.84,4
2024-06-09,East,105.05,3
2024-06-10,East,69.62,2
2024-06-11,East,139.06,4
2024-06-12,East,140.50,4
2024-06-13,East,70.32,2
2024-06-14,East,70.26,2
2024-06-15,East,105.89,3
2024-06-16,East,141.06,4
2024-06-17,East,105.94,3
2024-06-18,East,105.09,3
2024-06-19,East,70.32,2
2024-06-20,East,105.73,3
2024-06-21,East,105.34,3
2024-06-22,East,70.53,2
2024-06-23,East,70.53,2
2024-06-24,East,106.01,3
2024-06-25,East,105.76,3
2024-06-26,East,69.62,2
2024-06-27,East,140.05,4
2024-06-28,East,104.99,3
2024-06-01,East,69.37,2
2024-06-02,East,141.02,4
2024-06-03,East,140.69,4
2024-06-04,East,70.22,2
2024-06-05,East,105.79,3
2024-06-06,East,140.95,4
2024-06-07,East,69.41,2
2024-06-08,East,140.25,4
2024-06-09,East,105.37,3
2024-06-10,East,104.23,3
2024-06-11,East,139.16,4
2024-06-12,East,104.70,3
2024-06-13,East,103.95,3
2024-06-14,East,70.26,2
2024-06-15,East,103.99,3
2024-06-16,East,138.74,4
2024-06-17,East,69.50,2
2024-06-18,East,69.71,2
2024-06-19,East,70.41,2
2024-06-20,East,70.24,2
2024-06-21,East,69.60,2
2024-06-22,East,69.80,2
2024-06-23,East,141.01,4
2024-06-24,East,140.60,4
2024-06-25,East,69.58,2
2024-06-26,East,69.51,2
2024-06-27,East,140.86,4
2024-06-28,East,139.95,4
2024-06-01,East,70.33,2
2024-06-02,East,69.96,2
2024-06-03,East,69.32,2
2024-06-04,East,141.00,4
2024-06-05,East,139.20,4
2024-06-06,East,141.16,4
2024-06-07,East,141.16,4
2024-06-08,East,70.23,2
2024-06-09,East,139.23,4
2024-06-10,East,104.21,3
2024-06-11,East,104.88,3
2024-06-12,East,138.78,4
2024-06-13,East,105.55,3
2024-06-14,East,104.12,3
2024-06-15,East,104.89,3
2024-06-16,East,69.85,2
2024-06-17,East,140.64,4
2024-06-18,East,140.67,4
2024-06-19,East,139.69,4
2024-06-20,East,70.07,2
2024-06-21,East,141.00,4
2024-06-22,East,104.68,3
2024-06-23,East,140.33,4
2024-06-24,East,139.90,4
2024-06-25,East,105.28,3
2024-06-26,East,105.52,3
2024-06-27,East,70.37,2
2024-06-28,East,70.13,2
2024-06-01,East,140.34,4
2024-06-02,East,69.96,2
2024-06-03,East,140.38,4
2024-06-04,East,70.07,2
2024-06-05,East,104.62,3
2024-06-06,East,105.27,3
2024-06-07,East,105.93,3
2024-06-08,East,140.32,4
2024-06-09,East,70.09,2
2024-06-10,East,104.52,3
2024-06-11,East,105.30,3
2024-06-12,East,69.57,2
2024-06-13,East,104.73,3
2024-06-14,East,140.49,4
2024-06-15,East,69.56,2
2024-06-16,East,70.52,2
2024-06-17,East,105.67,3
2024-06-18,East,70.05,2
2024-06-19,East,104.68,3
2024-06-20,East,69.70,2
2024-06-21,East,106.02,3
2024-06-22,East,69.78,2
2024-06-23,East,138.99,4
2024-06-24,East,105.22,3
2024-06-25,East,104.92,3
2024-06-26,East,70.39,2
2024-06-27,East,70.48,2
2024-06-28,East,70.29,2
2024-06-01,West,100.84,4
2024-06-02,West,99.49,4
2024-06-03,West,50.44,2
2024-06-04,West,49.91,2
2024-06-05,West,50.04,2
2024-06-06,West,74.82,3
2024-06-07,West,99.44,4
2024-06-08,West,100.65,4
2024-06-09,West,50.08,2
2024-06-10,West,100.31,4
2024-06-11,West,75.60,3
2024-06-12,West,74.29,3
2024-06-13,West,100.97,4
2024-06-14,West,100.55,4
2024-06-15,West,74.34,3
2024-06-16,West,99.99,4
2024-06-17,West,75.72,3
2024-06-18,West,50.50,2
2024-06-19,West,99.66,4
2024-06-20,West,75.38,3
2024-06-21,West,75.38,3
2024-06-22,West,99.20,4
2024-06-23,West,99.29,4
2024-06-24,West,99.99,4
2024-06-25,West,49.84,2
2024-06-26,West,99.16,4
2024-06-27,West,49.87,2
2024-06-28,West,50.11,2
2024-06-01,West,99.11,4
2024-06-02,West,75.69,3
2024-06-03,West,99.79,4
2024-06-04,West,75.28,3
2024-06-05,West,75.41,3
2024-06-06,West,74.28,3
2024-06-07,West,74.51,3
2024-06-08,West,75.38,3
2024-06-09,West,50.30,2
2024-06-10,West,75.21,3
2024-06-11,West,99.63,4
2024-06-12,West,50.04,2
2024-06-13,West,99.11,4
2024-06-14,West,99.49,4
2024-06-15,West,49.94,2
2024-06-16,West,49.80,2
2024-06-17,West,50.11,2
2024-06-18,West,100.15,4
2024-06-19,West,75.30,3
2024-06-20,West,49.55,2
2024-06-21,West,75.06,3
2024-06-22,West,74.41,3
2024-06-23,West,49.50,2
2024-06-24,West,100.17,4
2024-06-25,West,100.89,4
2024-06-26,West,75.29,3
2024-06-27,West,99.05,4
2024-06-28,West,49.64,2
2024-06-01,West,50.10,2
2024-06-02,West,49.80,2
2024-06-03,West,99.75,4
2024-06-04,West,49.90,2
2024-06-05,West,49.59,2
2024-06-06,West,49.99,2
2024-06-07,West,74.74,3
2024-06-08,West,100.34,4
2024-06-09,West,100.70,4
2024-06-10,West,99.07,4
2024-06-11,West,49.79,2
2024-06-12,West,49.59,2
2024-06-13,West,74.32,3
2024-06-14,West,75.16,3
2024-06-15,West,100.69,4
2024-06-16,West,49.97,2
2024-06-17,West,100.44,4
2024-06-18,West,74.71,3
2024-06-19,West,49.89,2
2024-06-20,West,49.57,2
2024-06-21,West,74.49,3
2024-06-22,West,99.55,4
2024-06-23,West,49.97,2
2024-06-24,West,99.86,4
2024-06-25,West,49.69,2
2024-06-26,West,74.30,3
2024-06-27,West,100.54,4
2024-06-28,West,99.82,4
2024-06-01,West,99.42,4
2024-06-02,West,50.21,2
2024-06-03,West,75.14,3
2024-06-04,West,75.59,3
2024-06-05,West,75.32,3
2024-06-06,West,99.78,4
2024-06-07,West,49.92,2
2024-06-08,West,99.21,4
2024-06-09,West,49.50,2
2024-06-10,West,49.70,2
2024-06-11,West,49.52,2
2024-06-12,West,75.66,3
2024-06-13,West,75.75,3
2024-06-14,West,49.69,2
2024-06-15,West,99.38,4
2024-06-16,West,100.70,4
2024-06-17,West,99.02,4
2024-06-18,West,100.02,4
2024-06-19,West,74.63,3
2024-06-20,West,49.53,2
2024-06-21,West,99.39,4
2024-06-22,West,74.51,3
2024-06-23,West,50.15,2
2024-06-24,West,99.40,4
2024-06-25,West,99.09,4
2024-06-26,West,74.93,3
2024-07-01,North,120.55,4
2024-07-02,North,60.51,2
2024-07-03,North,119.36,4
2024-07-04,North,89.18,3
2024-07-05,North,120.39,4
2024-07-06,North,60.43,2
2024-07-07,North,90.35,3
2024-07-08,North,90.11,3
2024-07-09,North,90.56,3
2024-07-10,North,89.71,3
2024-07-11,North,120.37,4
2024-07-12,North,89.49,3
2024-07-13,North,59.48,2
2024-07-14,North,90.57,3
2024-07-15,North,119.28,4
2024-07-16,North,89.95,3
2024-07-17,North,89.35,3
2024-07-18,North,60.47,2
2024-07-19,North,89.91,3
2024-07-20,North,59.82,2
2024-07-21,North,60.30,2
2024-07-22,North,120.77,4
2024-07-23,North,120.66,4
2024-07-24,North,60.20,2
2024-07-25,North,60.18,2
2024-07-26,North,90.84,3
2024-07-27,North,60.40,2
2024-07-28,North,60.20,2
2024-07-01,North,90.41,3
2024-07-02,North,59.83,2
2024-07-03,North,90.04,3
2024-07-04,North,90.36,3
2024-07-05,North,89.87,3
2024-07-06,North,120.66,4
2024-07-07,North,119.43,4
2024-07-08,North,60.10,2
2024-07-09,North,59.76,2
2024-07-10,North,119.38,4
2024-07-11,North,120.36,4
2024-07-12,North,120.35,4
2024-07-13,North,119.87,4
2024-07-14,North,119.82,4
2024-07-15,North,89.65,3
2024-07-16,North,60.12,2
2024-07-17,North,89.91,3
2024-07-18,North,119.72,4
2024-07-19,North,60.17,2
2024-07-20,North,59.84,2
2024-07-21,North,120.79,4
2024-07-22,North,60.30,2
2024-07-23,North,60.21,2
2024-07-24,North,59.53,2
2024-07-25,North,59.41,2
2024-07-26,North,89.57,3
2024-07-27,North,60.54,2
2024-07-28,North,121.14,4
2024-07-01,North,89.19,3
2024-07-02,North,120.18,4
2024-07-03,North,89.80,3
2024-07-04,North,90.40,3
2024-07-05,North,90.07,3
2024-07-06,North,120.76,4
2024-07-07,North,60.02,2
2024-07-08,North,89.97,3
2024-07-09,North,120.06,4
2024-07-10,North,60.08,2
2024-07-11,North,59.66,2
2024-07-12,North,119.15,4
2024-07-13,North,119.35,4
2024-07-14,North,119.66,4
2024-07-15,North,89.61,3
2024-07-16,North,59.82,2
2024-07-17,North,90.05,3
2024-07-18,North,120.35,4
2024-07-19,North,89.92,3
2024-07-20,North,118.95,4
2024-07-21,North,119.96,4
2024-07-22,North,89.70,3
2024-07-23,North,59.42,2
2024-07-24,North,119.43,4
2024-07-25,North,120.87,4
2024-07-26,North,120.98,4
2024-07-27,North,89.72,3
2024-07-28,North,120.54,4
2024-07-01,North,60.04,2
2024-07-02,North,60.54,2
2024-07-03,North,60.35,2
2024-07-04,North,90.54,3
2024-07-05,North,121.17,4
2024-07-06,North,90.54,3
2024-07-07,North,60.29,2
2024-07-08,North,90.25,3
2024-07-09,North,60.17,2
2024-07-10,North,89.87,3
2024-07-11,North,60.07,2
2024-07-12,North,120.00,4
2024-07-13,North,119.67,4
2024-07-14,North,121.03,4
2024-07-15,North,90.06,3
2024-07-16,North,89.16,3
2024-07-17,North,119.51,4
2024-07-18,North,121.02,4
2024-07-19,North,90.15,3
2024-07-20,North,89.26,3
2024-07-21,North,59.57,2
2024-07-22,North,120.62,4
2024-07-23,North,60.15,2
2024-07-24,North,59.72,2
2024-07-25,North,60.33,2
2024-07-26,North,60.49,2
2024-07-27,North,60.38,2
2024-07-28,North,60.17,2
2024-07-01,North,60.14,2
2024-07-02,North,60.48,2
2024-07-03,North,60.06,2
2024-07-04,North,119.79,4
2024-07-05,North,59.41,2
2024-07-06,North,90.44,3
2024-07-07,North,90.06,3
2024-07-08,North,59.89,2
2024-07-09,North,120.57,4
2024-07-10,North,59.76,2
2024-07-11,North,90.18,3
2024-07-12,North,59.98,2
2024-07-13,North,89.81,3
2024-07-14,North,119.01,4
2024-07-15,North,90.66,3
2024-07-16,North,60.31,2
2024-07-17,North,90.37,3
2024-07-18,North,59.89,2
2024-07-19,North,60.42,2
2024-07-20,North,90.05,3
2024-07-21,North,59.63,2
2024-07-22,North,60.55,2
2024-07-23,North,119.28,4
2024-07-24,North,60.05,2
2024-07-25,North,59.79,2
2024-07-26,North,59.96,2
2024-07-27,North,120.04,4
2024-07-28,North,59.44,2
2024-07-01,North,118.98,4
2024-07-02,North,60.34,2
2024-07-03,North,90.58,3
2024-07-04,North,119.95,4
2024-07-05,North,59.47,2
2024-07-06,North,89.93,3
2024-07-07,North,121.09,4
2024-07-08,North,119.78,4
2024-07-09,North,60.40,2
2024-07-10,North,90.46,3
2024-07-11,North,119.73,4
2024-07-12,North,60.51,2
2024-07-13,North,60.46,2
2024-07-14,North,89.42,3
2024-07-15,North,89.64,3
2024-07-16,North,90.81,3
2024-07-17,North,120.67,4
2024-07-18,North,60.22,2
2024-07-19,North,60.40,2
2024-07-20,North,89.26,3
2024-07-21,North,118.91,4
2024-07-22,North,90.86,3
2024-07-23,North,120.13,4
2024-07-24,North,120.56,4
2024-07-25,North,90.38,3
2024-07-26,North,60.57,2
2024-07-27,North,90.60,3
2024-07-28,North,89.41,3
2024-07-01,North,89.22,3
2024-07-02,North,120.75,4
2024-07-03,North,60.36,2
2024-07-04,North,119.38,4
2024-07-05,North,90.23,3
2024-07-06,North,89.65,3
2024-07-07,North,89.65,3
2024-07-08,North,59.61,2
2024-07-09,North,60.02,2
2024-07-10,North,89.48,3
2024-07-11,North,89.82,3
2024-07-12,North,90.41,3
2024-07-13,North,119.29,4
2024-07-14,North,60.04,2
2024-07-15,North,89.98,3
2024-07-16,North,89.44,3
2024-07-17,North,60.54,2
2024-07-18,North,118.91,4
2024-07-19,North,59.46,2
2024-07-20,North,90.05,3
2024-07-21,North,59.69,2
2024-07-22,North,90.46,3
2024-07-23,North,89.37,3
2024-07-24,North,90.85,3
2024-07-25,North,89.55,3
2024-07-26,North,60.58,2
2024-07-27,North,59.74,2
2024-07-28,North,60.43,2
2024-07-01,North,120.09,4
2024-07-02,North,60.32,2
2024-07-03,North,90.28,3
2024-07-04,North,90.42,3
2024-07-01,South,113.04,4
2024-07-02,South,112.88,4
2024-07-03,South,56.53,2
2024-07-04,South,112.66,4
2024-07-05,South,112.06,4
2024-07-06,South,83.17,3
2024-07-07,South,55.78,2
2024-07-08,South,56.42,2
2024-07-09,South,56.07,2
2024-07-10,South,56.39,2
2024-07-11,South,112.17,4
2024-07-12,South,112.68,4
2024-07-13,South,55.56,2
2024-07-14,South,110.94,4
2024-07-15,South,84.27,3
2024-07-16,South,56.08,2
2024-07-17,South,111.28,4
2024-07-18,South,83.72,3
2024-07-19,South,83.38,3
2024-07-20,South,110.93,4
2024-07-21,South,112.31,4
2024-07-22,South,55.69,2
2024-07-23,South,55.79,2
2024-07-24,South,84.32,3
2024-07-25,South,112.78,4
2024-07-26,South,84.75,3
2024-07-27,South,83.33,3
2024-07-28,South,84.24,3
2024-07-01,South,84.44,3
2024-07-02,South,111.32,4
2024-07-03,South,112.78,4
2024-07-04,South,84.38,3
2024-07-05,South,111.57,4
2024-07-06,South,112.73,4
2024-07-07,South,55.69,2
2024-07-08,South,84.62,3
2024-07-09,South,112.79,4
2024-07-10,South,84.42,3
2024-07-11,South,112.09,4
2024-07-12,South,55.79,2
2024-07-13,South,83.58,3
2024-07-14,South,56.53,2
2024-07-15,South,111.82,4
2024-07-16,South,84.04,3
2024-07-17,South,84.41,3
2024-07-18,South,84.21,3
2024-07-19,South,84.73,3
2024-07-20,South,56.27,2
2024-07-21,South,112.69,4
2024-07-22,South,56.29,2
2024-07-23,South,84.40,3
2024-07-24,South,84.23,3
2024-07-25,South,56.23,2
2024-07-26,South,83.72,3
2024-07-27,South,55.97,2
2024-07-28,South,84.47,3
2024-07-01,South,55.93,2
2024-07-02,South,55.65,2
2024-07-03,South,84.70,3
2024-07-04,South,84.64,3
2024-07-05,South,113.09,4
2024-07-06,South,55.54,2
2024-07-07,South,83.39,3
2024-07-08,South,113.04,4
2024-07-09,South,84.74,3
2024-07-10,South,111.04,4
2024-07-11,South,84.79,3
2024-07-12,South,83.79,3
2024-07-13,South,55.93,2
2024-07-14,South,55.87,2
2024-07-15,South,110.92,4
2024-07-16,South,83.50,3
2024-07-17,South,84.34,3
2024-07-18,South,56.50,2
2024-07-19,South,112.06,4
2024-07-20,South,55.49,2
2024-07-21,South,83.72,3
2024-07-22,South,84.05,3
2024-07-23,South,56.41,2
2024-07-24,South,112.43,4
2024-07-25,South,111.86,4
2024-07-26,South,84.83,3
2024-07-27,South,111.21,4
2024-07-28,South,84.38,3
2024-07-01,South,84.18,3
2024-07-02,South,111.61,4
2024-07-03,South,56.13,2
2024-07-04,South,83.50,3
2024-07-05,South,112.74,4
2024-07-06,South,56.21,2
2024-07-07,South,84.37,3
2024-07-08,South,84.68,3
2024-07-09,South,55.65,2
2024-07-10,South,83.53,3
2024-07-11,South,84.21,3
2024-07-12,South,84.41,3
2024-07-13,South,112.25,4
2024-07-14,South,111.63,4
2024-07-15,South,56.43,2
2024-07-16,South,56.39,2
2024-07-17,South,111.34,4
2024-07-18,South,56.23,2
2024-07-19,South,83.61,3
2024-07-20,South,112.47,4
2024-07-21,South,83.78,3
2024-07-22,South,84.11,3
2024-07-23,South,111.27,4
2024-07-24,South,55.62,2
2024-07-25,South,112.50,4
2024-07-26,South,111.00,4
2024-07-27,South,55.65,2
2024-07-28,South,112.75,4
2024-07-01,South,110.97,4
2024-07-02,South,112.32,4
2024-07-03,South,111.45,4
2024-07-04,South,56.43,2
2024-07-05,South,56.33,2
2024-07-06,South,112.79,4
2024-07-07,South,112.68,4
2024-07-08,South,55.98,2
2024-07-09,South,84.69,3
2024-07-10,South,84.25,3
2024-07-11,South,84.65,3
2024-07-12,South,55.67,2
2024-07-13,South,112.15,4
2024-07-14,South,111.33,4
2024-07-15,South,111.53,4
2024-07-16,South,55.60,2
2024-07-17,South,84.83,3
2024-07-18,South,55.52,2
2024-07-19,South,84.16,3
2024-07-20,South,111.71,4
2024-07-21,South,56.32,2
2024-07-22,South,84.29,3
2024-07-23,South,110.91,4
2024-07-24,South,84.24,3
2024-07-25,South,55.86,2
2024-07-26,South,111.94,4
2024-07-27,South,84.68,3
2024-07-28,South,112.60,4
2024-07-01,South,110.96,4
2024-07-02,South,83.79,3
2024-07-03,South,84.52,3
2024-07-04,South,56.56,2
2024-07-05,South,83.94,3
2024-07-06,South,55.63,2
2024-07-07,South,83.62,3
2024-07-08,South,83.71,3
2024-07-09,South,83.45,3
2024-07-10,South,83.71,3
2024-07-11,South,83.62,3
2024-07-12,South,83.59,3
2024-07-13,South,55.82,2
2024-07-14,South,56.23,2
2024-07-15,South,84.19,3
2024-07-16,South,111.05,4
2024-07-17,South,112.20,4
2024-07-18,South,55.77,2
2024-07-19,South,84.63,3
2024-07-20,South,55.87,2
2024-07-21,South,111.74,4
2024-07-22,South,55.84,2
2024-07-23,South,111.27,4
2024-07-24,South,111.12,4
2024-07-25,South,84.49,3
2024-07-26,South,83.17,3
2024-07-27,South,112.64,4
2024-07-28,South,83.72,3
2024-07-01,South,84.43,3
2024-07-02,South,84.81,3
2024-07-01,East,70.24,2
2024-07-02,East,141.27,4
2024-07-03,East,69.90,2
2024-07-04,East,70.02,2
2024-07-05,East,138.67,4
2024-07-06,East,70.09,2
2024-07-07,East,141.21,4
2024-07-08,East,139.17,4
2024-07-09,East,106.01,3
2024-07-10,East,70.26,2
2024-07-11,East,105.99,3
2024-07-12,East,140.67,4
2024-07-13,East,70.54,2
2024-07-14,East,140.48,4
2024-07-15,East,69.84,2
2024-07-16,East,104.70,3
2024-07-17,East,105.90,3
2024-07-18,East,70.17,2
2024-07-19,East,138.65,4
2024-07-20,East,70.16,2
2024-07-21,East,70.58,2
2024-07-22,East,139.82,4
2024-07-23,East,105.86,3
2024-07-24,East,69.66,2
2024-07-25,East,104.89,3
2024-07-26,East,105.39,3
2024-07-27,East,140.04,4
2024-07-28,East,70.41,2
2024-07-01,East,70.50,2
2024-07-02,East,139.72,4
2024-07-03,East,140.28,4
2024-07-04,East,140.05,4
2024-07-05,East,69.98,2
2024-07-06,East,70.05,2
2024-07-07,East,139.76,4
2024-07-08,East,140.60,4
2024-07-09,East,138.69,4
2024-07-10,East,139.34,4
2024-07-11,East,104.77,3
2024-07-12,East,139.06,4
2024-07-13,East,70.08,2
2024-07-14,East,141.30,4
2024-07-15,East,138.91,4
2024-07-16,East,104.43,3
2024-07-17,East,105.84,3
2024-07-18,East,104.07,3
2024-07-19,East,104.79,3
2024-07-20,East,69.36,2
2024-07-21,East,70.27,2
2024-07-22,East,70.06,2
2024-07-23,East,105.58,3
2024-07-24,East,104.77,3
2024-07-25,East,105.47,3
2024-07-26,East,105.23,3
2024-07-27,East,105.90,3
2024-07-28,East,69.62,2
2024-07-01,East,70.24,2
2024-07-02,East,140.00,4
2024-07-03,East,104.68,3
2024-07-04,East,70.55,2
2024-07-05,East,105.29,3
2024-07-06,East,105.05,3
2024-07-07,East,69.38,2
2024-07-08,East,138.93,4
2024-07-09,East,105.57,3
2024-07-10,East,104.68,3
2024-07-11,East,105.50,3
2024-07-12,East,105.30,3
2024-07-13,East,70.45,2
2024-07-14,East,140.24,4
2024-07-15,East,105.95,3
2024-07-16,East,140.15,4
2024-07-17,East,104.57,3
2024-07-18,East,104.83,3
2024-07-19,East,105.15,3
2024-07-20,East,70.07,2
2024-07-21,East,70.14,2
2024-07-22,East,69.94,2
2024-07-23,East,140.75,4
2024-07-24,East,141.09,4
2024-07-25,East,69.96,2
2024-07-26,East,104.53,3
2024-07-27,East,104.27,3
2024-07-28,East,70.24,2
2024-07-01,East,69.50,2
2024-07-02,East,105.56,3
2024-07-03,East,105.70,3
2024-07-04,East,140.50,4
2024-07-05,East,104.13,3
2024-07-06,East,104.57,3
2024-07-07,East,104.74,3
2024-07-08,East,104.88,3
2024-07-09,East,138.88,4
2024-07-10,East,104.53,3
2024-07-11,East,70.58,2
2024-07-12,East,104.56,3
2024-07-13,East,70.11,2
2024-07-14,East,140.23,4
2024-07-15,East,140.33,4
2024-07-16,East,69.45,2
2024-07-17,East,139.85,4
2024-07-18,East,140.54,4
2024-07-19,East,70.62,2
2024-07-20,East,140.17,4
2024-07-21,East,105.56,3
2024-07-22,East,105.54,3
2024-07-23,East,105.91,3
2024-07-24,East,105.45,3
2024-07-25,East,105.52,3
2024-07-26,East,70.51,2
2024-07-27,East,138.94,4
2024-07-28,East,104.49,3
2024-07-01,East,104.13,3
2024-07-02,East,69.96,2
2024-07-03,East,69.37,2
2024-07-04,East,140.65,4
2024-07-05,East,70.31,2
2024-07-06,East,69.40,2
2024-07-07,East,70.51,2
2024-07-08,East,104.54,3
2024-07-09,East,105.72,3
2024-07-10,East,140.04,4
2024-07-11,East,139.34,4
2024-07-12,East,141.06,4
2024-07-13,East,69.65,2
2024-07-14,East,141.14,4
2024-07-15,East,69.52,2
2024-07-16,East,69.34,2
2024-07-17,East,69.48,2
2024-07-18,East,140.51,4
2024-07-19,East,138.63,4
2024-07-20,East,139.73,4
2024-07-21,East,141.02,4
2024-07-22,East,105.84,3
2024-07-23,East,69.66,2
2024-07-24,East,69.56,2
2024-07-25,East,105.28,3
2024-07-26,East,103.98,3
2024-07-27,East,139.33,4
2024-07-28,East,70.46,2
2024-07-01,West,100.15,4
2024-07-02,West,74.41,3
2024-07-03,West,50.46,2
2024-07-04,West,99.45,4
2024-07-05,West,74.82,3
2024-07-06,West,50.23,2
2024-07-07,West,74.78,3
2024-07-08,West,50.09,2
2024-07-09,West,99.49,4
2024-07-10,West,50.22,2
2024-07-11,West,74.39,3
2024-07-12,West,49.76,2
2024-07-13,West,49.86,2
2024-07-14,West,50.28,2
2024-07-15,West,74.26,3
2024-07-16,West,74.81,3
2024-07-17,West,75.15,3
2024-07-18,West,50.01,2
2024-07-19,West,75.02,3
2024-07-20,West,99.35,4
2024-07-21,West,99.88,4
2024-07-22,West,75.39,3
2024-07-23,West,49.59,2
2024-07-24,West,100.67,4
2024-07-25,West,49.85,2
2024-07-26,West,75.15,3
2024-07-27,West,50.45,2
2024-07-28,West,49.80,2
2024-07-01,West,49.90,2
2024-07-02,West,74.81,3
2024-07-03,West,74.69,3
2024-07-04,West,100.97,4
2024-07-05,West,50.00,2
2024-07-06,West,49.54,2
2024-07-07,West,75.32,3
2024-07-08,West,74.35,3
2024-07-09,West,100.47,4
2024-07-10,West,75.19,3
2024-07-11,West,74.25,3
2024-07-12,West,50.32,2
2024-07-13,West,99.94,4
2024-07-14,West,100.40,4
2024-07-15,West,74.72,3
2024-07-16,West,74.58,3
2024-07-17,West,75.11,3
2024-07-18,West,49.82,2
2024-07-19,West,49.52,2
2024-07-20,West,50.11,2
2024-07-21,West,100.99,4
2024-07-22,West,100.50,4
2024-07-23,West,50.14,2
2024-07-24,West,49.75,2
2024-07-25,West,75.15,3
2024-07-26,West,100.90,4
2024-07-27,West,74.91,3
2024-07-28,West,75.53,3
2024-07-01,West,75.45,3
2024-07-02,West,49.85,2
2024-07-03,West,99.47,4
2024-07-04,West,74.33,3
2024-07-05,West,75.56,3
2024-07-06,West,74.87,3
2024-07-07,West,49.56,2
2024-07-08,West,99.73,4
2024-07-09,West,99.37,4
2024-07-10,West,99.91,4
2024-07-11,West,100.84,4
2024-07-12,West,49.57,2
2024-07-13,West,74.89,3
2024-07-14,West,74.83,3
2024-07-15,West,75.14,3
2024-07-16,West,50.06,2
2024-07-17,West,99.24,4
2024-07-18,West,49.92,2
2024-07-19,West,50.24,2
2024-07-20,West,100.08,4
2024-07-21,West,50.45,2
2024-07-22,West,49.98,2
2024-07-23,West,49.89,2
2024-07-24,West,50.32,2
2024-07-25,West,101.00,4
2024-07-26,West,50.47,2
2024-07-27,West,75.32,3
2024-07-28,West,100.59,4
2024-07-01,West,49.55,2
2024-07-02,West,49.53,2
2024-07-03,West,49.82,2
2024-07-04,West,100.33,4
2024-07-05,West,74.43,3
2024-07-06,West,50.06,2
2024-07-07,West,49.81,2
2024-07-08,West,99.68,4
2024-07-09,West,49.77,2
2024-07-10,West,74.55,3
2024-07-11,West,99.79,4
2024-07-12,West,49.69,2
2024-07-13,West,74.86,3
2024-07-14,West,99.89,4
2024-07-15,West,75.35,3
2024-07-16,West,99.72,4
2024-07-17,West,99.78,4
2024-07-18,West,50.46,2
2024-07-19,West,75.46,3
2024-07-20,West,100.36,4
2024-07-21,West,50.20,2
2024-07-22,West,100.26,4
2024-07-23,West,50.38,2
2024-07-24,West,49.66,2
2024-07-25,West,100.31,4
2024-07-26,West,49.99,2
2024-08-01,North,60.59,2
2024-08-02,North,89.82,3
2024-08-03,North,90.24,3
2024-08-04,North,90.78,3
2024-08-05,North,119.90,4
2024-08-06,North,60.10,2
2024-08-07,North,119.19,4
2024-08-08,North,59.58,2
2024-08-09,North,59.41,2
2024-08-10,North,59.56,2
2024-08-11,North,59.45,2
2024-08-12,North,121.01,4
2024-08-13,North,59.89,2
2024-08-14,North,59.52,2
2024-08-15,North,60.31,2
2024-08-16,North,59.84,2
2024-08-17,North,120.72,4
2024-08-18,North,60.22,2
2024-08-19,North,119.82,4
2024-08-20,North,119.66,4
2024-08-21,North,60.17,2
2024-08-22,North,90.26,3
2024-08-23,North,119.88,4
2024-08-24,North,120.45,4
2024-08-25,North,120.25,4
2024-08-26,North,121.02,4
2024-08-27,North,121.20,4
2024-08-28,North,60.12,2
2024-08-01,North,59.91,2
2024-08-02,North,120.26,4
2024-08-03,North,120.97,4
2024-08-04,North,120.43,4
2024-08-05,North,60.04,2
2024-08-06,North,60.08,2
2024-08-07,North,119.30,4
2024-08-08,North,59.49,2
2024-08-09,North,90.14,3
2024-08-10,North,119.58,4
2024-08-11,North,120.76,4
2024-08-12,North,60.18,2
2024-08-13,North,89.21,3
2024-08-14,North,119.73,4
2024-08-15,North,90.55,3
2024-08-16,North,120.53,4
2024-08-17,North,90.49,3
2024-08-18,North,89.53,3
2024-08-19,North,120.70,4
2024-08-20,North,59.58,2
2024-08-21,North,60.11,2
2024-08-22,North,90.52,3
2024-08-23,North,118.91,4
2024-08-24,North,89.48,3
2024-08-25,North,120.38,4
2024-08-26,North,59.98,2
2024-08-27,North,119.85,4
2024-08-28,North,90.16,3
2024-08-01,North,90.79,3
2024-08-02,North,89.65,3
2024-08-03,North,89.50,3
2024-08-04,North,89.76,3
2024-08-05,North,119.06,4
2024-08-06,North,121.00,4
2024-08-07,North,59.62,2
2024-08-08,North,90.88,3
2024-08-09,North,60.42,2
2024-08-10,North,59.57,2
2024-08-11,North,119.62,4
2024-08-12,North,119.33,4
2024-08-13,North,59.94,2
2024-08-14,North,89.51,3
2024-08-15,North,60.43,2
2024-08-16,North,89.11,3
2024-08-17,North,90.56,3
2024-08-18,North,90.64,3
2024-08-19,North,119.02,4
2024-08-20,North,90.51,3
2024-08-21,North,90.67,3
2024-08-22,North,60.27,2
2024-08-23,North,90.29,3
2024-08-24,North,89.13,3
2024-08-25,North,60.09,2
2024-08-26,North,60.17,2
2024-08-27,North,90.37,3
2024-08-28,North,120.27,4
2024-08-01,North,121.17,4
2024-08-02,North,60.36,2
2024-08-03,North,120.93,4
2024-08-04,North,120.27,4
2024-08-05,North,119.42,4
2024-08-06,North,120.30,4
2024-08-07,North,60.15,2
2024-08-08,North,120.90,4
2024-08-09,North,119.80,4
2024-08-10,North,119.88,4
2024-08-11,North,119.74,4
2024-08-12,North,120.30,4
2024-08-13,North,89.84,3
2024-08-14,North,90.82,3
2024-08-15,North,89.37,3
2024-08-16,North,120.59,4
2024-08-17,North,119.99,4
2024-08-18,North,59.82,2
2024-08-19,North,89.79,3
2024-08-20,North,120.35,4
2024-08-21,North,120.44,4
2024-08-22,North,59.88,2
2024-08-23,North,90.43,3
2024-08-24,North,120.43,4
2024-08-25,North,89.91,3
2024-08-26,North,90.07,3
2024-08-27,North,90.37,3
2024-08-28,North,119.71,4
2024-08-01,North,89.26,3
2024-08-02,North,119.00,4
2024-08-03,North,119.13,4
2024-08-04,North,59.48,2
2024-08-05,North,60.27,2
2024-08-06,North,60.12,2
2024-08-07,North,89.78,3
2024-08-08,North,120.70,4
2024-08-09,North,60.22,2
2024-08-10,North,120.03,4
2024-08-11,North,59.63,2
2024-08-12,North,90.57,3
2024-08-13,North,119.75,4
2024-08-14,North,119.43,4
2024-08-15,North,120.26,4
2024-08-16,North,60.26,2
2024-08-17,North,120.68,4
2024-08-18,North,90.87,3
2024-08-19,North,90.86,3
2024-08-20,North,90.80,3
2024-08-21,North,90.12,3
2024-08-22,North,59.61,2
2024-08-23,North,89.81,3
2024-08-24,North,121.00,4
2024-08-25,North,89.86,3
2024-08-26,North,90.66,3
2024-08-27,North,90.56,3
2024-08-28,North,59.67,2
2024-08-01,North,119.29,4
2024-08-02,North,89.62,3
2024-08-03,North,119.77,4
2024-08-04,North,119.68,4
2024-08-05,North,59.41,2
2024-08-06,North,120.11,4
2024-08-07,North,90.73,3
2024-08-08,North,59.50,2
2024-08-09,North,60.51,2
2024-08-10,North,120.88,4
2024-08-11,North,89.81,3
2024-08-12,North,59.49,2
2024-08-13,North,89.79,3
2024-08-14,North,90.86,3
2024-08-15,North,119.46,4
2024-08-16,North,60.27,2
2024-08-17,North,118.99,4
2024-08-18,North,89.72,3
2024-08-19,North,119.15,4
2024-08-20,North,90.85,3
2024-08-21,North,90.52,3
2024-08-22,North,59.99,2
2024-08-23,North,90.23,3
2024-08-24,North,120.18,4
2024-08-25,North,59.57,2
2024-08-26,North,60.29,2
2024-08-27,North,59.89,2
2024-08-28,North,89.18,3
2024-08-01,North,120.30,4
2024-08-02,North,90.03,3
2024-08-03,North,89.52,3
2024-08-04,North,120.78,4
2024-08-05,North,90.35,3
2024-08-06,North,120.15,4
2024-08-07,North,90.25,3
2024-08-08,North,90.42,3
2024-08-09,North,60.26,2
2024-08-10,North,60.44,2
2024-08-11,North,90.07,3
2024-08-12,North,89.44,3
2024-08-13,North,89.63,3
2024-08-14,North,59.63,2
2024-08-15,North,119.25,4
2024-08-16,North,60.38,2
2024-08-17,North,90.11,3
2024-08-18,North,90.11,3
2024-08-19,North,89.41,3
2024-08-20,North,60.52,2
2024-08-21,North,60.38,2
2024-08-22,North,59.79,2
2024-08-23,North,120.27,4
2024-08-24,North,89.92,3
2024-08-25,North,60.33,2
2024-08-26,North,90.22,3
2024-08-27,North,119.26,4
2024-08-28,North,121.19,4
2024-08-01,North,119.50,4
2024-08-02,North,120.07,4
2024-08-03,North,89.80,3
2024-08-04,North,89.51,3
2024-08-01,South,111.43,4
2024-08-02,South,56.07,2
2024-08-03,South,83.89,3
2024-08-04,South,83.70,3
2024-08-05,South,84.22,3
2024-08-06,South,55.49,2
2024-08-07,South,56.42,2
2024-08-08,South,112.54,4
2024-08-09,South,112.44,4
2024-08-10,South,111.61,4
2024-08-11,South,111.41,4
2024-08-12,South,110.99,4
2024-08-13,South,55.57,2
2024-08-14,South,55.96,2
2024-08-15,South,111.66,4
2024-08-16,South,112.46,4
2024-08-17,South,83.19,3
2024-08-18,South,84.48,3
2024-08-19,South,111.24,4
2024-08-20,South,56.11,2
2024-08-21,South,111.58,4
2024-08-22,South,112.03,4
2024-08-23,South,112.40,4
2024-08-24,South,55.48,2
2024-08-25,South,56.51,2
2024-08-26,South,83.23,3
2024-08-27,South,83.26,3
2024-08-28,South,56.23,2
2024-08-01,South,84.43,3
2024-08-02,South,55.52,2
2024-08-03,South,84.60,3
2024-08-04,South,55.54,2
2024-08-05,South,112.25,4
2024-08-06,South,112.04,4
2024-08-07,South,83.65,3
2024-08-08,South,112.02,4
2024-08-09,South,112.65,4
2024-08-10,South,84.56,3
2024-08-11,South,55.63,2
2024-08-12,South,111.81,4
2024-08-13,South,112.79,4
2024-08-14,South,84.18,3
2024-08-15,South,83.50,3
2024-08-16,South,83.23,3
2024-08-17,South,84.04,3
2024-08-18,South,55.90,2
2024-08-19,South,56.26,2
2024-08-20,South,113.00,4
2024-08-21,South,55.94,2
2024-08-22,South,111.92,4
2024-08-23,South,84.55,3
2024-08-24,South,84.24,3
2024-08-25,South,56.52,2
2024-08-26,South,111.85,4
2024-08-27,South,112.50,4
2024-08-28,South,113.11,4
2024-08-01,South,111.61,4
2024-08-02,South,56.31,2
2024-08-03,South,56.40,2
2024-08-04,South,112.58,4
2024-08-05,South,111.08,4
2024-08-06,South,55.94,2
2024-08-07,South,83.44,3
2024-08-08,South,55.89,2
2024-08-09,South,55.79,2
2024-08-10,South,110.92,4
2024-08-11,South,84.02,3
2024-08-12,South,111.61,4
2024-08-13,South,84.56,3
2024-08-14,South,84.61,3
2024-08-15,South,112.81,4
2024-08-16,South,56.28,2
2024-08-17,South,83.45,3
2024-08-18,South,84.79,3
2024-08-19,South,111.14,4
2024-08-20,South,56.03,2
2024-08-21,South,55.99,2
2024-08-22,South,55.78,2
2024-08-23,South,112.44,4
2024-08-24,South,111.27,4
2024-08-25,South,112.72,4
2024-08-26,South,111.44,4
2024-08-27,South,112.75,4
2024-08-28,South,56.07,2
2024-08-01,South,84.23,3
2024-08-02,South,84.83,3
2024-08-03,South,111.06,4
2024-08-04,South,111.89,4
2024-08-05,South,84.71,3
2024-08-06,South,84.77,3
2024-08-07,South,111.20,4
2024-08-08,South,112.41,4
2024-08-09,South,56.39,2
2024-08-10,South,84.50,3
2024-08-11,South,111.22,4
2024-08-12,South,112.84,4
2024-08-13,South,84.04,3
2024-08-14,South,55.57,2
2024-08-15,South,83.60,3
2024-08-16,South,84.57,3
2024-08-17,South,112.36,4
2024-08-18,South,83.87,3
2024-08-19,South,55.83,2
2024-08-20,South,111.08,4
2024-08-21,South,111.69,4
2024-08-22,South,112.76,4
2024-08-23,South,55.45,2
2024-08-24,South,83.55,3
2024-08-25,South,56.31,2
2024-08-26,South,56.32,2
2024-08-27,South,112.90,4
2024-08-28,South,84.34,3
2024-08-01,South,83.54,3
2024-08-02,South,111.42,4
2024-08-03,South,55.74,2
2024-08-04,South,84.11,3
2024-08-05,South,111.04,4
2024-08-06,South,56.38,2
2024-08-07,South,111.77,4
2024-08-08,South,56.11,2
2024-08-09,South,83.18,3
2024-08-10,South,112.70,4
2024-08-11,South,84.74,3
2024-08-12,South,83.21,3
2024-08-13,South,111.72,4
2024-08-14,South,55.53,2
2024-08-15,South,56.04,2
2024-08-16,South,56.41,2
2024-08-17,South,56.39,2
2024-08-18,South,111.08,4
2024-08-19,South,56.45,2
2024-08-20,South,83.71,3
2024-08-21,South,84.60,3
2024-08-22,South,83.33,3
2024-08-23,South,55.60,2
2024-08-24,South,55.47,2
2024-08-25,South,56.18,2
2024-08-26,South,84.17,3
2024-08-27,South,83.59,3
2024-08-28,South,112.11,4
2024-08-01,South,55.64,2
2024-08-02,South,56.53,2
2024-08-03,South,83.47,3
2024-08-04,South,84.63,3
2024-08-05,South,111.93,4
2024-08-06,South,83.97,3
2024-08-07,South,84.07,3
2024-08-08,South,55.54,2
2024-08-09,South,55.81,2
2024-08-10,South,55.83,2
2024-08-11,South,84.40,3
2024-08-12,South,112.41,4
2024-08-13,South,111.76,4
2024-08-14,South,83.21,3
2024-08-15,South,112.89,4
2024-08-16,South,84.13,3
2024-08-17,South,84.59,3
2024-08-18,South,56.41,2
2024-08-19,South,56.24,2
2024-08-20,South,84.40,3
2024-08-21,South,110.93,4
2024-08-22,South,56.48,2
2024-08-23,South,56.11,2
2024-08-24,South,83.56,3
2024-08-25,South,55.44,2
2024-08-26,South,111.55,4
2024-08-27,South,55.91,2
2024-08-28,South,84.17,3
2024-08-01,South,55.66,2
2024-08-02,South,56.05,2
2024-08-01,East,105.10,3
2024-08-02,East,105.88,3
2024-08-03,East,70.54,2
2024-08-04,East,105.73,3
2024-08-05,East,104.11,3
2024-08-06,East,140.27,4
2024-08-07,East,104.44,3
2024-08-08,East,70.67,2
2024-08-09,East,70.35,2
2024-08-10,East,69.83,2
2024-08-11,East,70.26,2
2024-08-12,East,139.88,4
2024-08-13,East,139.50,4
2024-08-14,East,69.59,2
2024-08-15,East,70.26,2
2024-08-16,East,104.00,3
2024-08-17,East,70.69,2
2024-08-18,East,104.42,3
2024-08-19,East,104.30,3
2024-08-20,East,139.13,4
2024-08-21,East,141.23,4
2024-08-22,East,105.17,3
2024-08-23,East,70.02,2
2024-08-24,East,104.37,3
2024-08-25,East,70.34,2
2024-08-26,East,69.87,2
2024-08-27,East,69.31,2
2024-08-28,East,70.47,2
2024-08-01,East,104.16,3
2024-08-02,East,69.46,2
2024-08-03,East,139.86,4
2024-08-04,East,70.63,2
2024-08-05,East,141.13,4
2024-08-06,East,106.02,3
2024-08-07,East,70.59,2
2024-08-08,East,140.53,4
2024-08-09,East,139.07,4
2024-08-10,East,104.74,3
2024-08-11,East,70.58,2
2024-08-12,East,139.04,4
2024-08-13,East,69.60,2
2024-08-14,East,104.98,3
2024-08-15,East,69.85,2
2024-08-16,East,104.46,3
2024-08-17,East,138.79,4
2024-08-18,East,104.91,3
2024-08-19,East,69.68,2
2024-08-20,East,70.29,2
2024-08-21,East,105.03,3
2024-08-22,East,140.89,4
2024-08-23,East,70.58,2
2024-08-24,East,69.42,2
2024-08-25,East,141.25,4
2024-08-26,East,104.34,3
2024-08-27,East,69.59,2
2024-08-28,East,139.86,4
2024-08-01,East,104.31,3
2024-08-02,East,70.66,2
2024-08-03,East,69.42,2
2024-08-04,East,140.62,4
2024-08-05,East,69.94,2
2024-08-06,East,69.59,2
2024-08-07,East,138.90,4
2024-08-08,East,138.77,4
2024-08-09,East,140.90,4
2024-08-10,East,105.25,3
2024-08-11,East,70.30,2
2024-08-12,East,70.50,2
2024-08-13,East,70.46,2
2024-08-14,East,140.64,4
2024-08-15,East,140.83,4
2024-08-16,East,104.26,3
2024-08-17,East,138.69,4
2024-08-18,East,103.98,3
2024-08-19,East,139.09,4
2024-08-20,East,69.77,2
2024-08-21,East,105.38,3
2024-08-22,East,139.90,4
2024-08-23,East,139.40,4
2024-08-24,East,104.49,3
2024-08-25,East,139.39,4
2024-08-26,East,105.89,3
2024-08-27,East,104.38,3
2024-08-28,East,70.13,2
2024-08-01,East,140.99,4
2024-08-02,East,103.97,3
2024-08-03,East,139.00,4
2024-08-04,East,140.27,4
2024-08-05,East,104.80,3
2024-08-06,East,69.45,2
2024-08-07,East,104.29,3
2024-08-08,East,138.65,4
2024-08-09,East,69.67,2
2024-08-10,East,104.47,3
2024-08-11,East,140.65,4
2024-08-12,East,138.62,4
2024-08-13,East,105.72,3
2024-08-14,East,140.72,4
2024-08-15,East,105.26,3
2024-08-16,East,70.03,2
2024-08-17,East,140.72,4
2024-08-18,East,105.07,3
2024-08-19,East,104.19,3
2024-08-20,East,69.49,2
2024-08-21,East,104.44,3
2024-08-22,East,104.91,3
2024-08-23,East,69.47,2
2024-08-24,East,105.08,3
2024-08-25,East,69.40,2
2024-08-26,East,141.08,4
2024-08-27,East,105.92,3
2024-08-28,East,104.12,3
2024-08-01,East,70.64,2
2024-08-02,East,69.74,2
2024-08-03,East,139.09,4
2024-08-04,East,140.13,4
2024-08-05,East,69.44,2
2024-08-06,East,104.54,3
2024-08-07,East,69.43,2
2024-08-08,East,141.03,4
2024-08-09,East,141.02,4
2024-08-10,East,104.74,3
2024-08-11,East,141.11,4
2024-08-12,East,139.59,4
2024-08-13,East,140.29,4
2024-08-14,East,105.01,3
2024-08-15,East,104.09,3
2024-08-16,East,105.01,3
2024-08-17,East,104.60,3
2024-08-18,East,139.20,4
2024-08-19,East,105.01,3
2024-08-20,East,104.70,3
2024-08-21,East,105.65,3
2024-08-22,East,69.31,2
2024-08-23,East,69.40,2
2024-08-24,East,139.19,4
2024-08-25,East,138.84,4
2024-08-26,East,105.42,3
2024-08-27,East,70.49,2
2024-08-28,East,104.93,3
2024-08-01,West,75.36,3
2024-08-02,West,100.06,4
2024-08-03,West,100.75,4
2024-08-04,West,75.45,3
2024-08-05,West,75.00,3
2024-08-06,West,49.59,2
2024-08-07,West,100.23,4
2024-08-08,West,49.53,2
2024-08-09,West,50.15,2
2024-08-10,West,100.13,4
2024-08-11,West,50.27,2
2024-08-12,West,50.19,2
2024-08-13,West,99.76,4
2024-08-14,West,50.09,2
2024-08-15,West,74.52,3
2024-08-16,West,100.06,4
2024-08-17,West,75.11,3
2024-08-18,West,49.94,2
2024-08-19,West,100.01,4
2024-08-20,West,99.48,4
2024-08-21,West,74.68,3
2024-08-22,West,75.69,3
2024-08-23,West,75.39,3
2024-08-24,West,50.07,2
2024-08-25,West,75.10,3
2024-08-26,West,74.68,3
2024-08-27,West,100.62,4
2024-08-28,West,100.38,4
2024-08-01,West,50.12,2
2024-08-02,West,50.12,2
2024-08-03,West,50.04,2
2024-08-04,West,75.03,3
2024-08-05,West,50.25,2
2024-08-06,West,75.60,3
2024-08-07,West,100.28,4
2024-08-08,West,50.15,2
2024-08-09,West,99.88,4
2024-08-10,West,75.00,3
2024-08-11,West,100.78,4
2024-08-12,West,99.39,4
2024-08-13,West,50.24,2
2024-08-14,West,99.34,4
2024-08-15,West,49.57,2
2024-08-16,West,74.70,3
2024-08-17,West,99.66,4
2024-08-18,West,75.35,3
2024-08-19,West,75.25,3
2024-08-20,West,74.86,3
2024-08-21,West,75.14,3
2024-08-22,West,99.67,4
2024-08-23,West,74.74,3
2024-08-24,West,100.95,4
2024-08-25,West,75.72,3
2024-08-26,West,74.45,3
2024-08-27,West,49.51,2
2024-08-28,West,49.95,2
2024-08-01,West,74.40,3
2024-08-02,West,49.80,2
2024-08-03,West,49.53,2
2024-08-04,West,49.50,2
2024-08-05,West,74.82,3
2024-08-06,West,75.05,3
2024-08-07,West,74.42,3
2024-08-08,West,74.81,3
2024-08-09,West,50.21,2
2024-08-10,West,75.10,3
2024-08-11,West,50.09,2
2024-08-12,West,74.89,3
2024-08-13,West,74.93,3
2024-08-14,West,49.87,2
2024-08-15,West,75.42,3
2024-08-16,West,75.55,3
2024-08-17,West,74.63,3
2024-08-18,West,99.67,4
2024-08-19,West,99.22,4
2024-08-20,West,75.04,3
2024-08-21,West,49.89,2
2024-08-22,West,49.83,2
2024-08-23,West,100.78,4
2024-08-24,West,50.42,2
2024-08-25,West,49.79,2
2024-08-26,West,74.25,3
2024-08-27,West,74.26,3
2024-08-28,West,100.83,4
2024-08-01,West,99.43,4
2024-08-02,West,74.75,3
2024-08-03,West,50.20,2
2024-08-04,West,50.41,2
2024-08-05,West,49.80,2
2024-08-06,West,49.73,2
2024-08-07,West,75.36,3
2024-08-08,West,99.53,4
2024-08-09,West,50.33,2
2024-08-10,West,50.26,2
2024-08-11,West,50.37,2
2024-08-12,West,100.09,4
2024-08-13,West,100.66,4
2024-08-14,West,99.61,4
2024-08-15,West,99.81,4
2024-08-16,West,100.64,4
2024-08-17,West,50.13,2
2024-08-18,West,100.04,4
2024-08-19,West,50.42,2
2024-08-20,West,99.81,4
2024-08-21,West,100.61,4
2024-08-22,West,100.72,4
2024-08-23,West,75.09,3
2024-08-24,West,99.75,4
2024-08-25,West,49.90,2
2024-08-26,West,74.98,3
2024-09-01,North,59.90,2
2024-09-02,North,90.47,3
2024-09-03,North,60.13,2
2024-09-04,North,120.09,4
2024-09-05,North,120.18,4
2024-09-06,North,89.31,3
2024-09-07,North,89.29,3
2024-09-08,North,60.07,2
2024-09-09,North,120.10,4
2024-09-10,North,60.01,2
2024-09-11,North,89.64,3
2024-09-12,North,89.15,3
2024-09-13,North,90.49,3
2024-09-14,North,90.89,3
2024-09-15,North,89.61,3
2024-09-16,North,119.85,4
2024-09-17,North,118.85,4
2024-09-18,North,89.31,3
2024-09-19,North,120.20,4
2024-09-20,North,89.93,3
2024-09-21,North,89.30,3
2024-09-22,North,89.92,3
2024-09-23,North,119.63,4
2024-09-24,North,119.07,4
2024-09-25,North,60.18,2
2024-09-26,North,89.76,3
2024-09-27,North,119.39,4
2024-09-28,North,59.56,2
2024-09-01,North,120.89,4
2024-09-02,North,90.04,3
2024-09-03,North,89.15,3
2024-09-04,North,59.96,2
2024-09-05,North,90.60,3
2024-09-06,North,89.85,3
2024-09-07,North,90.65,3
2024-09-08,North,119.42,4
2024-09-09,North,119.60,4
2024-09-10,North,89.18,3
2024-09-11,North,59.56,2
2024-09-12,North,60.17,2
2024-09-13,North,120.01,4
2024-09-14,North,119.75,4
2024-09-15,North,119.27,4
2024-09-16,North,60.18,2
2024-09-17,North,59.93,2
2024-09-18,North,60.60,2
2024-09-19,North,120.05,4
2024-09-20,North,90.75,3
2024-09-21,North,90.02,3
2024-09-22,North,60.17,2
2024-09-23,North,90.30,3
2024-09-24,North,60.05,2
2024-09-25,North,119.87,4
2024-09-26,North,120.88,4
2024-09-27,North,120.77,4
2024-09-28,North,90.03,3
2024-09-01,North,59.95,2
2024-09-02,North,120.47,4
2024-09-03,North,60.41,2
2024-09-04,North,90.70,3
2024-09-05,North,59.69,2
2024-09-06,North,59.96,2
2024-09-07,North,59.82,2
2024-09-08,North,60.16,2
2024-09-09,North,60.04,2
2024-09-10,North,119.98,4
2024-09-11,North,89.52,3
2024-09-12,North,89.89,3
2024-09-13,North,89.25,3
2024-09-14,North,60.07,2
2024-09-15,North,119.91,4
2024-09-16,North,59.58,2
2024-09-17,North,90.20,3
2024-09-18,North,119.32,4
2024-09-19,North,60.12,2
2024-09-20,North,90.50,3
2024-09-21,North,119.34,4
2024-09-22,North,59.46,2
2024-09-23,North,90.63,3
2024-09-24,North,90.33,3
2024-09-25,North,89.98,3
2024-09-26,North,120.90,4
2024-09-27,North,120.04,4
2024-09-28,North,119.26,4
2024-09-01,North,89.67,3
2024-09-02,North,120.11,4
2024-09-03,North,59.54,2
2024-09-04,North,120.81,4
2024-09-05,North,60.52,2
2024-09-06,North,90.33,3
2024-09-07,North,89.93,3
2024-09-08,North,119.68,4
2024-09-09,North,59.73,2
2024-09-10,North,59.50,2
2024-09-11,North,59.57,2
2024-09-12,North,121.00,4
2024-09-13,North,89.89,3
2024-09-14,North,120.22,4
2024-09-15,North,90.40,3
2024-09-16,North,90.55,3
2024-09-17,North,120.13,4
2024-09-18,North,89.77,3
2024-09-19,North,90.35,3
2024-09-20,North,60.15,2
2024-09-21,North,90.04,3
2024-09-22,North,120.46,4
2024-09-23,North,120.43,4
2024-09-24,North,59.58,2
2024-09-25,North,60.34,2
2024-09-26,North,119.85,4
2024-09-27,North,59.58,2
2024-09-28,North,119.17,4
2024-09-01,North,59.46,2
2024-09-02,North,119.26,4
2024-09-03,North,89.83,3
2024-09-04,North,90.43,3
2024-09-05,North,118.84,4
2024-09-06,North,120.50,4
2024-09-07,North,89.77,3
2024-09-08,North,90.26,3
2024-09-09,North,119.62,4
2024-09-10,North,90.44,3
2024-09-11,North,60.05,2
2024-09-12,North,89.19,3
2024-09-13,North,120.10,4
2024-09-14,North,89.25,3
2024-09-15,North,60.53,2
2024-09-16,North,120.03,4
2024-09-17,North,89.45,3
2024-09-18,North,90.50,3
2024-09-19,North,89.20,3
2024-09-20,North,121.00,4
2024-09-21,North,119.82,4
2024-09-22,North,60.36,2
2024-09-23,North,90.79,3
2024-09-24,North,59.75,2
2024-09-25,North,90.34,3
2024-09-26,North,59.64,2
2024-09-27,North,60.48,2
2024-09-28,North,119.36,4
2024-09-01,North,60.03,2
2024-09-02,North,90.12,3
2024-09-03,North,90.15,3
2024-09-04,North,89.62,3
2024-09-05,North,120.29,4
2024-09-06,North,59.50,2
2024-09-07,North,120.72,4
2024-09-08,North,89.51,3
2024-09-09,North,59.50,2
2024-09-10,North,60.45,2
2024-09-11,North,59.99,2
2024-09-12,North,90.44,3
2024-09-13,North,60.38,2
2024-09-14,North,89.52,3
2024-09-15,North,119.06,4
2024-09-16,North,60.56,2
2024-09-17,North,59.83,2
2024-09-18,North,90.11,3
2024-09-19,North,118.98,4
2024-09-20,North,120.58,4
2024-09-21,North,119.30,4
2024-09-22,North,90.73,3
2024-09-23,North,59.43,2
2024-09-24,North,90.76,3
2024-09-25,North,60.59,2
2024-09-26,North,90.44,3
2024-09-27,North,119.83,4
2024-09-28,North,59.71,2
2024-09-01,North,89.12,3
2024-09-02,North,60.23,2
2024-09-03,North,89.38,3
2024-09-04,North,119.63,4
2024-09-05,North,89.11,3
2024-09-06,North,89.43,3
2024-09-07,North,90.83,3
2024-09-08,North,59.95,2
2024-09-09,North,59.73,2
2024-09-10,North,90.83,3
2024-09-11,North,89.11,3
2024-09-12,North,119.85,4
2024-09-13,North,59.58,2
2024-09-14,North,59.98,2
2024-09-15,North,60.02,2
2024-09-16,North,90.28,3
2024-09-17,North,59.78,2
2024-09-18,North,121.00,4
2024-09-19,North,89.22,3
2024-09-20,North,90.34,3
2024-09-21,North,89.78,3
2024-09-22,North,89.20,3
2024-09-23,North,90.65,3
2024-09-24,North,120.92,4
2024-09-25,North,119.40,4
2024-09-26,North,118.88,4
2024-09-27,North,89.49,3
2024-09-28,North,59.45,2
2024-09-01,North,89.73,3
2024-09-02,North,59.73,2
2024-09-03,North,89.53,3
2024-09-04,North,90.10,3
2024-09-01,South,111.53,4
2024-09-02,South,111.16,4
2024-09-03,South,83.57,3
2024-09-04,South,83.76,3
2024-09-05,South,111.53,4
2024-09-06,South,112.03,4
2024-09-07,South,84.34,3
2024-09-08,South,84.83,3
2024-09-09,South,83.38,3
2024-09-10,South,84.45,3
2024-09-11,South,55.86,2
2024-09-12,South,56.14,2
2024-09-13,South,111.23,4
2024-09-14,South,83.78,3
2024-09-15,South,112.26,4
2024-09-16,South,55.72,2
2024-09-17,South,83.67,3
2024-09-18,South,83.99,3
2024-09-19,South,84.25,3
2024-09-20,South,112.59,4
2024-09-21,South,112.46,4
2024-09-22,South,56.13,2
2024-09-23,South,56.18,2
2024-09-24,South,56.13,2
2024-09-25,South,56.36,2
2024-09-26,South,55.50,2
2024-09-27,South,56.22,2
2024-09-28,South,55.61,2
2024-09-01,South,84.15,3
2024-09-02,South,113.03,4
2024-09-03,South,55.47,2
2024-09-04,South,112.02,4
2024-09-05,South,111.87,4
2024-09-06,South,55.92,2
2024-09-07,South,84.49,3
2024-09-08,South,111.78,4
2024-09-09,South,55.95,2
2024-09-10,South,112.07,4
2024-09-11,South,84.71,3
2024-09-12,South,111.84,4
2024-09-13,South,55.55,2
2024-09-14,South,83.46,3
2024-09-15,South,84.55,3
2024-09-16,South,112.60,4
2024-09-17,South,56.12,2
2024-09-18,South,84.68,3
2024-09-19,South,112.38,4
2024-09-20,South,112.75,4
2024-09-21,South,111.03,4
2024-09-22,South,111.99,4
2024-09-23,South,111.19,4
2024-09-24,South,56.01,2
2024-09-25,South,55.71,2
2024-09-26,South,84.02,3
2024-09-27,South,56.21,2
2024-09-28,South,55.49,2
2024-09-01,South,55.88,2
2024-09-02,South,84.04,3
2024-09-03,South,84.49,3
2024-09-04,South,84.79,3
2024-09-05,South,55.87,2
2024-09-06,South,111.97,4
2024-09-07,South,110.92,4
2024-09-08,South,84.03,3
2024-09-09,South,111.98,4
2024-09-10,South,84.76,3
2024-09-11,South,83.76,3
2024-09-12,South,111.63,4
2024-09-13,South,55.88,2
2024-09-14,South,83.81,3
2024-09-15,South,113.03,4
2024-09-16,South,55.73,2
2024-09-17,South,83.75,3
2024-09-18,South,56.43,2
2024-09-19,South,84.23,3
2024-09-20,South,112.41,4
2024-09-21,South,83.64,3
2024-09-22,South,83.41,3
2024-09-23,South,111.90,4
2024-09-24,South,112.37,4
2024-09-25,South,83.33,3
2024-09-26,South,112.69,4
2024-09-27,South,113.06,4
2024-09-28,South,56.31,2
2024-09-01,South,56.37,2
2024-09-02,South,111.63,4
2024-09-03,South,83.99,3
2024-09-04,South,84.75,3
2024-09-05,South,55.86,2
2024-09-06,South,111.26,4
2024-09-07,South,111.47,4
2024-09-08,South,83.74,3
2024-09-09,South,111.34,4
2024-09-10,South,83.49,3
2024-09-11,South,55.59,2
2024-09-12,South,84.65,3
2024-09-13,South,110.93,4
2024-09-14,South,55.47,2
2024-09-15,South,83.22,3
2024-09-16,South,110.95,4
2024-09-17,South,56.28,2
2024-09-18,South,111.05,4
2024-09-19,South,83.53,3
2024-09-20,South,84.44,3
2024-09-21,South,111.42,4
2024-09-22,South,55.47,2
2024-09-23,South,56.26,2
2024-09-24,South,84.13,3
2024-09-25,South,83.96,3
2024-09-26,South,84.09,3
2024-09-27,South,55.96,2
2024-09-28,South,84.39,3
2024-09-01,South,111.14,4
2024-09-02,South,83.59,3
2024-09-03,South,111.25,4
2024-09-04,South,83.46,3
2024-09-05,South,84.01,3
2024-09-06,South,112.03,4
2024-09-07,South,83.97,3
2024-09-08,South,83.36,3
2024-09-09,South,55.69,2
2024-09-10,South,56.05,2
2024-09-11,South,112.72,4
2024-09-12,South,83.88,3
2024-09-13,South,84.28,3
2024-09-14,South,112.20,4
2024-09-15,South,83.90,3
2024-09-16,South,83.79,3
2024-09-17,South,84.82,3
2024-09-18,South,83.60,3
2024-09-19,South,56.16,2
2024-09-20,South,56.21,2
2024-09-21,South,83.31,3
2024-09-22,South,111.40,4
2024-09-23,South,112.18,4
2024-09-24,South,84.08,3
2024-09-25,South,56.53,2
2024-09-26,South,111.47,4
2024-09-27,South,111.03,4
2024-09-28,South,84.10,3
2024-09-01,South,83.74,3
2024-09-02,South,56.40,2
2024-09-03,South,83.83,3
2024-09-04,South,84.26,3
2024-09-05,South,55.86,2
2024-09-06,South,112.25,4
2024-09-07,South,112.08,4
2024-09-08,South,112.17,4
2024-09-09,South,113.03,4
2024-09-10,South,112.79,4
2024-09-11,South,56.01,2
2024-09-12,South,112.78,4
2024-09-13,South,84.16,3
2024-09-14,South,56.53,2
2024-09-15,South,111.08,4
2024-09-16,South,84.08,3
2024-09-17,South,110.89,4
2024-09-18,South,84.20,3
2024-09-19,South,55.74,2
2024-09-20,South,112.98,4
2024-09-21,South,55.56,2
2024-09-22,South,83.28,3
2024-09-23,South,55.62,2
2024-09-24,South,56.18,2
2024-09-25,South,111.38,4
2024-09-26,South,83.32,3
2024-09-27,South,84.32,3
2024-09-28,South,56.48,2
2024-09-01,South,112.32,4
2024-09-02,South,84.80,3
2024-09-01,East,70.54,2
2024-09-02,East,104.86,3
2024-09-03,East,141.30,4
2024-09-04,East,138.92,4
2024-09-05,East,105.34,3
2024-09-06,East,141.14,4
2024-09-07,East,105.93,3
2024-09-08,East,138.76,4
2024-09-09,East,69.78,2
2024-09-10,East,139.58,4
2024-09-11,East,104.85,3
2024-09-12,East,141.11,4
2024-09-13,East,105.88,3
2024-09-14,East,105.82,3
2024-09-15,East,139.08,4
2024-09-16,East,139.50,4
2024-09-17,East,104.65,3
2024-09-18,East,141.30,4
2024-09-19,East,139.26,4
2024-09-20,East,104.36,3
2024-09-21,East,139.15,4
2024-09-22,East,138.63,4
2024-09-23,East,141.07,4
2024-09-24,East,140.39,4
2024-09-25,East,69.75,2
2024-09-26,East,104.64,3
2024-09-27,East,69.77,2
2024-09-28,East,139.00,4
2024-09-01,East,69.98,2
2024-09-02,East,140.27,4
2024-09-03,East,69.30,2
2024-09-04,East,70.32,2
2024-09-05,East,104.90,3
2024-09-06,East,105.25,3
2024-09-07,East,104.59,3
2024-09-08,East,69.49,2
2024-09-09,East,139.36,4
2024-09-10,East,105.13,3
2024-09-11,East,139.31,4
2024-09-12,East,105.68,3
2024-09-13,East,140.29,4
2024-09-14,East,140.38,4
2024-09-15,East,140.56,4
2024-09-16,East,139.29,4
2024-09-17,East,70.15,2
2024-09-18,East,105.43,3
2024-09-19,East,140.89,4
2024-09-20,East,140.35,4
2024-09-21,East,105.62,3
2024-09-22,East,104.91,3
2024-09-23,East,139.90,4
2024-09-24,East,105.51,3
2024-09-25,East,69.96,2
2024-09-26,East,70.65,2
2024-09-27,East,69.73,2
2024-09-28,East,139.12,4
2024-09-01,East,105.68,3
2024-09-02,East,70.02,2
2024-09-03,East,70.11,2
2024-09-04,East,70.68,2
2024-09-05,East,105.31,3
2024-09-06,East,139.97,4
2024-09-07,East,105.05,3
2024-09-08,East,69.89,2
2024-09-09,East,104.12,3
2024-09-10,East,140.83,4
2024-09-11,East,141.34,4
2024-09-12,East,69.42,2
2024-09-13,East,70.38,2
2024-09-14,East,140.86,4
2024-09-15,East,141.18,4
2024-09-16,East,70.41,2
2024-09-17,East,139.57,4
2024-09-18,East,141.19,4
2024-09-19,East,105.59,3
2024-09-20,East,139.79,4
2024-09-21,East,104.81,3
2024-09-22,East,140.09,4
2024-09-23,East,103.98,3
2024-09-24,East,140.22,4
2024-09-25,East,69.62,2
2024-09-26,East,141.04,4
2024-09-27,East,140.49,4
2024-09-28,East,141.03,4
2024-09-01,East,106.04,3
2024-09-02,East,140.12,4
2024-09-03,East,139.63,4
2024-09-04,East,105.36,3
2024-09-05,East,139.21,4
2024-09-06,East,105.89,3
2024-09-07,East,105.50,3
2024-09-08,East,69.49,2
2024-09-09,East,139.23,4
2024-09-10,East,105.43,3
2024-09-11,East,139.57,4
2024-09-12,East,140.43,4
2024-09-13,East,69.43,2
2024-09-14,East,105.51,3
2024-09-15,East,69.96,2
2024-09-16,East,69.54,2
2024-09-17,East,139.85,4
2024-09-18,East,104.10,3
2024-09-19,East,104.13,3
2024-09-20,East,105.71,3
2024-09-21,East,69.44,2
2024-09-22,East,141.20,4
2024-09-23,East,70.52,2
2024-09-24,East,138.93,4
2024-09-25,East,104.19,3
2024-09-26,East,69.32,2
2024-09-27,East,69.49,2
2024-09-28,East,140.96,4
2024-09-01,East,70.64,2
2024-09-02,East,140.24,4
2024-09-03,East,70.02,2
2024-09-04,East,104.20,3
2024-09-05,East,69.63,2
2024-09-06,East,103.99,3
2024-09-07,East,140.26,4
2024-09-08,East,139.58,4
2024-09-09,East,69.49,2
2024-09-10,East,69.93,2
2024-09-11,East,69.99,2
2024-09-12,East,70.18,2
2024-09-13,East,105.42,3
2024-09-14,East,105.34,3
2024-09-15,East,69.33,2
2024-09-16,East,141.02,4
2024-09-17,East,69.73,2
2024-09-18,East,138.97,4
2024-09-19,East,69.54,2
2024-09-20,East,105.41,3
2024-09-21,East,105.15,3
2024-09-22,East,105.53,3
2024-09-23,East,140.12,4
2024-09-24,East,69.96,2
2024-09-25,East,70.58,2
2024-09-26,East,140.84,4
2024-09-27,East,140.78,4
2024-09-28,East,139.32,4
2024-09-01,West,74.32,3
2024-09-02,West,75.22,3
2024-09-03,West,99.35,4
2024-09-04,West,50.41,2
2024-09-05,West,74.50,3
2024-09-06,West,100.18,4
2024-09-07,West,75.00,3
2024-09-08,West,75.54,3
2024-09-09,West,74.81,3
2024-09-10,West,100.59,4
2024-09-11,West,50.30,2
2024-09-12,West,75.74,3
2024-09-13,West,49.75,2
2024-09-14,West,75.34,3
2024-09-15,West,49.62,2
2024-09-16,West,49.80,2
2024-09-17,West,100.97,4
2024-09-18,West,50.38,2
2024-09-19,West,99.00,4
2024-09-20,West,99.30,4
2024-09-21,West,49.62,2
2024-09-22,West,50.18,2
2024-09-23,West,100.72,4
2024-09-24,West,99.70,4
2024-09-25,West,75.09,3
2024-09-26,West,100.79,4
2024-09-27,West,100.10,4
2024-09-28,West,99.30,4
2024-09-01,West,50.45,2
2024-09-02,West,100.49,4
2024-09-03,West,99.68,4
2024-09-04,West,50.28,2
2024-09-05,West,49.73,2
2024-09-06,West,50.12,2
2024-09-07,West,100.90,4
2024-09-08,West,99.52,4
2024-09-09,West,75.12,3
2024-09-10,West,50.48,2
2024-09-11,West,50.32,2
2024-09-12,West,75.46,3
2024-09-13,West,50.19,2
2024-09-14,West,75.45,3
2024-09-15,West,75.25,3
2024-09-16,West,74.51,3
2024-09-17,West,100.18,4
2024-09-18,West,100.54,4
2024-09-19,West,99.02,4
2024-09-20,West,75.31,3
2024-09-21,West,74.30,3
2024-09-22,West,74.93,3
2024-09-23,West,50.50,2
2024-09-24,West,75.10,3
2024-09-25,West,49.96,2
2024-09-26,West,74.49,3
2024-09-27,West,100.75,4
2024-09-28,West,99.71,4
2024-09-01,West,49.70,2
2024-09-02,West,74.29,3
2024-09-03,West,75.38,3
2024-09-04,West,49.66,2
2024-09-05,West,99.93,4
2024-09-06,West,74.64,3
2024-09-07,West,75.53,3
2024-09-08,West,99.30,4
2024-09-09,West,50.13,2
2024-09-10,West,49.87,2
2024-09-11,West,50.09,2
2024-09-12,West,74.79,3
2024-09-13,West,49.51,2
2024-09-14,West,50.03,2
2024-09-15,West,49.77,2
2024-09-16,West,50.37,2
2024-09-17,West,99.13,4
2024-09-18,West,74.70,3
2024-09-19,West,75.03,3
2024-09-20,West,99.24,4
2024-09-21,West,100.01,4
2024-09-22,West,49.85,2
2024-09-23,West,99.99,4
2024-09-24,West,50.18,2
2024-09-25,West,75.70,3
2024-09-26,West,75.06,3
2024-09-27,West,75.70,3
2024-09-28,West,74.97,3
2024-09-01,West,50.21,2
2024-09-02,West,99.14,4
2024-09-03,West,74.29,3
2024-09-04,West,74.95,3
2024-09-05,West,99.26,4
2024-09-06,West,50.01,2
2024-09-07,West,75.11,3
2024-09-08,West,74.33,3
2024-09-09,West,75.40,3
2024-09-10,West,50.05,2
2024-09-11,West,49.99,2
2024-09-12,West,49.99,2
2024-09-13,West,50.01,2
2024-09-14,West,99.81,4
2024-09-15,West,75.31,3
2024-09-16,West,49.97,2
2024-09-17,West,49.93,2
2024-09-18,West,49.81,2
2024-09-19,West,49.70,2
2024-09-20,West,50.11,2
2024-09-21,West,100.75,4
2024-09-22,West,99.14,4
2024-09-23,West,74.89,3
2024-09-24,West,50.02,2
2024-09-25,West,50.16,2
2024-09-26,West,49.97,2
2024-10-01,North,90.42,3
2024-10-02,North,120.45,4
2024-10-03,North,119.84,4
2024-10-04,North,60.08,2
2024-10-05,North,120.67,4
2024-10-06,North,60.49,2
2024-10-07,North,89.41,3
2024-10-08,North,89.12,3
2024-10-09,North,118.87,4
2024-10-10,North,121.13,4
2024-10-11,North,90.24,3
2024-10-12,North,59.65,2
2024-10-13,North,59.99,2
2024-10-14,North,59.42,2
2024-10-15,North,59.46,2
2024-10-16,North,120.15,4
2024-10-17,North,60.15,2
2024-10-18,North,120.77,4
2024-10-19,North,59.98,2
2024-10-20,North,120.56,4
2024-10-21,North,60.46,2
2024-10-22,North,120.59,4
2024-10-23,North,59.40,2
2024-10-24,North,59.59,2
2024-10-25,North,60.46,2
2024-10-26,North,90.68,3
2024-10-27,North,90.01,3
2024-10-28,North,119.39,4
2024-10-01,North,60.32,2
2024-10-02,North,121.14,4
2024-10-03,North,121.10,4
2024-10-04,North,59.66,2
2024-10-05,North,59.85,2
2024-10-06,North,120.25,4
2024-10-07,North,89.64,3
2024-10-08,North,119.09,4
2024-10-09,North,59.45,2
2024-10-10,North,118.91,4
2024-10-11,North,89.31,3
2024-10-12,North,120.26,4
2024-10-13,North,60.51,2
2024-10-14,North,121.17,4
2024-10-15,North,120.64,4
2024-10-16,North,89.11,3
2024-10-17,North,118.96,4
2024-10-18,North,59.86,2
2024-10-19,North,119.59,4
2024-10-20,North,119.61,4
2024-10-21,North,120.54,4
2024-10-22,North,120.44,4
2024-10-23,North,119.36,4
2024-10-24,North,89.57,3
2024-10-25,North,119.87,4
2024-10-26,North,89.27,3
2024-10-27,North,60.56,2
2024-10-28,North,119.89,4
2024-10-01,North,59.87,2
2024-10-02,North,119.07,4
2024-10-03,North,59.56,2
2024-10-04,North,59.77,2
2024-10-05,North,60.11,2
2024-10-06,North,60.18,2
2024-10-07,North,90.28,3
2024-10-08,North,60.42,2
2024-10-09,North,89.38,3
2024-10-10,North,119.75,4
2024-10-11,North,89.72,3
2024-10-12,North,90.72,3
2024-10-13,North,120.02,4
2024-10-14,North,90.69,3
2024-10-15,North,59.93,2
2024-10-16,North,120.74,4
2024-10-17,North,119.80,4
2024-10-18,North,90.63,3
2024-10-19,North,90.19,3
2024-10-20,North,59.88,2
2024-10-21,North,89.15,3
2024-10-22,North,90.77,3
2024-10-23,North,119.43,4
2024-10-24,North,59.77,2
2024-10-25,North,119.79,4
2024-10-26,North,119.05,4
2024-10-27,North,120.51,4
2024-10-28,North,118.96,4
2024-10-01,North,59.99,2
2024-10-02,North,89.89,3
2024-10-03,North,59.75,2
2024-10-04,North,89.35,3
2024-10-05,North,59.42,2
2024-10-06,North,119.09,4
2024-10-07,North,120.24,4
2024-10-08,North,90.79,3
2024-10-09,North,60.28,2
2024-10-10,North,89.87,3
2024-10-11,North,59.68,2
2024-10-12,North,90.67,3
2024-10-13,North,60.60,2
2024-10-14,North,89.68,3
2024-10-15,North,60.36,2
2024-10-16,North,89.59,3
2024-10-17,North,59.73,2
2024-10-18,North,119.02,4
2024-10-19,North,60.46,2
2024-10-20,North,60.37,2
2024-10-21,North,119.32,4
2024-10-22,North,119.89,4
2024-10-23,North,89.33,3
2024-10-24,North,60.46,2
2024-10-25,North,89.66,3
2024-10-26,North,59.46,2
2024-10-27,North,59.91,2
2024-10-28,North,60.54,2
2024-10-01,North,120.96,4
2024-10-02,North,90.03,3
2024-10-03,North,119.97,4
2024-10-04,North,120.46,4
2024-10-05,North,60.14,2
2024-10-06,North,120.80,4
2024-10-07,North,59.49,2
2024-10-08,North,119.40,4
2024-10-09,North,119.63,4
2024-10-10,North,90.76,3
2024-10-11,North,119.36,4
2024-10-12,North,120.59,4
2024-10-13,North,60.44,2
2024-10-14,North,90.21,3
2024-10-15,North,59.50,2
2024-10-16,North,60.34,2
2024-10-17,North,60.42,2
2024-10-18,North,89.72,3
2024-10-19,North,90.25,3
2024-10-20,North,118.84,4
2024-10-21,North,60.31,2
2024-10-22,North,120.48,4
2024-10-23,North,120.16,4
2024-10-24,North,59.80,2
2024-10-25,North,90.35,3
2024-10-26,North,119.15,4
2024-10-27,North,120.40,4
2024-10-28,North,120.65,4
2024-10-01,North,59.69,2
2024-10-02,North,89.67,3
2024-10-03,North,90.01,3
2024-10-04,North,90.63,3
2024-10-05,North,59.69,2
2024-10-06,North,90.70,3
2024-10-07,North,59.63,2
2024-10-08,North,89.39,3
2024-10-09,North,89.25,3
2024-10-10,North,120.37,4
2024-10-11,North,119.99,4
2024-10-12,North,89.52,3
2024-10-13,North,89.13,3
2024-10-14,North,90.68,3
2024-10-15,North,59.94,2
2024-10-16,North,59.77,2
2024-10-17,North,120.67,4
2024-10-18,North,118.95,4
2024-10-19,North,60.13,2
2024-10-20,North,89.57,3
2024-10-21,North,120.34,4
2024-10-22,North,90.21,3
2024-10-23,North,118.87,4
2024-10-24,North,90.59,3
2024-10-25,North,120.24,4
2024-10-26,North,89.15,3
2024-10-27,North,59.83,2
2024-10-28,North,118.87,4
2024-10-01,North,119.80,4
2024-10-02,North,120.98,4
2024-10-03,North,60.58,2
2024-10-04,North,121.05,4
2024-10-05,North,90.65,3
2024-10-06,North,59.96,2
2024-10-07,North,119.01,4
2024-10-08,North,59.58,2
2024-10-09,North,59.43,2
2024-10-10,North,118.84,4
2024-10-11,North,59.71,2
2024-10-12,North,119.27,4
2024-10-13,North,89.62,3
2024-10-14,North,59.57,2
2024-10-15,North,119.98,4
2024-10-16,North,120.19,4
2024-10-17,North,120.92,4
2024-10-18,North,120.56,4
2024-10-19,North,60.39,2
2024-10-20,North,119.95,4
2024-10-21,North,120.53,4
2024-10-22,North,60.06,2
2024-10-23,North,120.87,4
2024-10-24,North,119.22,4
2024-10-25,North,60.51,2
2024-10-26,North,120.75,4
2024-10-27,North,90.05,3
2024-10-28,North,120.81,4
2024-10-01,North,60.36,2
2024-10-02,North,90.50,3
2024-10-03,North,59.79,2
2024-10-04,North,90.26,3
2024-10-01,South,83.29,3
2024-10-02,South,55.64,2
2024-10-03,South,111.02,4
2024-10-04,South,83.76,3
2024-10-05,South,83.96,3
2024-10-06,South,84.40,3
2024-10-07,South,111.33,4
2024-10-08,South,83.23,3
2024-10-09,South,56.21,2
2024-10-10,South,83.38,3
2024-10-11,South,84.73,3
2024-10-12,South,111.27,4
2024-10-13,South,56.20,2
2024-10-14,South,55.85,2
2024-10-15,South,55.58,2
2024-10-16,South,112.32,4
2024-10-17,South,55.89,2
2024-10-18,South,84.64,3
2024-10-19,South,112.69,4
2024-10-20,South,112.09,4
2024-10-21,South,112.21,4
2024-10-22,South,56.25,2
2024-10-23,South,56.00,2
2024-10-24,South,112.96,4
2024-10-25,South,55.53,2
2024-10-26,South,112.02,4
2024-10-27,South,55.95,2
2024-10-28,South,56.43,2
2024-10-01,South,55.92,2
2024-10-02,South,84.51,3
2024-10-03,South,56.30,2
2024-10-04,South,83.56,3
2024-10-05,South,84.43,3
2024-10-06,South,84.23,3
2024-10-07,South,55.49,2
2024-10-08,South,84.64,3
2024-10-09,South,84.51,3
2024-10-10,South,55.97,2
2024-10-11,South,83.26,3
2024-10-12,South,112.63,4
2024-10-13,South,84.06,3
2024-10-14,South,83.20,3
2024-10-15,South,113.05,4
2024-10-16,South,56.37,2
2024-10-17,South,55.88,2
2024-10-18,South,56.44,2
2024-10-19,South,111.23,4
2024-10-20,South,56.49,2
2024-10-21,South,84.51,3
2024-10-22,South,56.52,2
2024-10-23,South,112.74,4
2024-10-24,South,83.63,3
2024-10-25,South,84.21,3
2024-10-26,South,111.39,4
2024-10-27,South,83.25,3
2024-10-28,South,84.36,3
2024-10-01,South,56.29,2
2024-10-02,South,83.47,3
2024-10-03,South,112.81,4
2024-10-04,South,111.03,4
2024-10-05,South,111.25,4
2024-10-06,South,83.76,3
2024-10-07,South,113.04,4
2024-10-08,South,56.39,2
2024-10-09,South,84.45,3
2024-10-10,South,83.28,3
2024-10-11,South,83.16,3
2024-10-12,South,55.76,2
2024-10-13,South,84.11,3
2024-10-14,South,112.60,4
2024-10-15,South,83.57,3
2024-10-16,South,112.66,4
2024-10-17,South,56.34,2
2024-10-18,South,112.02,4
2024-10-19,South,84.59,3
2024-10-20,South,111.58,4
2024-10-21,South,55.68,2
2024-10-22,South,84.18,3
2024-10-23,South,84.15,3
2024-10-24,South,56.02,2
2024-10-25,South,56.49,2
2024-10-26,South,112.76,4
2024-10-27,South,56.48,2
2024-10-28,South,56.30,2
2024-10-01,South,111.70,4
2024-10-02,South,83.43,3
2024-10-03,South,113.08,4
2024-10-04,South,84.59,3
2024-10-05,South,113.07,4
2024-10-06,South,55.52,2
2024-10-07,South,112.25,4
2024-10-08,South,55.99,2
2024-10-09,South,56.30,2
2024-10-10,South,111.69,4
2024-10-11,South,84.71,3
2024-10-12,South,55.58,2
2024-10-13,South,111.18,4
2024-10-14,South,84.02,3
2024-10-15,South,55.59,2
2024-10-16,South,112.51,4
2024-10-17,South,112.38,4
2024-10-18,South,112.98,4
2024-10-19,South,111.38,4
2024-10-20,South,83.96,3
2024-10-21,South,56.30,2
2024-10-22,South,83.26,3
2024-10-23,South,83.52,3
2024-10-24,South,56.27,2
2024-10-25,South,112.73,4
2024-10-26,South,55.92,2
2024-10-27,South,83.18,3
2024-10-28,South,55.92,2
2024-10-01,South,84.46,3
2024-10-02,South,55.45,2
2024-10-03,South,56.01,2
2024-10-04,South,56.29,2
2024-10-05,South,83.97,3
2024-10-06,South,55.48,2
2024-10-07,South,55.61,2
2024-10-08,South,55.57,2
2024-10-09,South,83.93,3
2024-10-10,South,83.31,3
2024-10-11,South,112.63,4
2024-10-12,South,83.64,3
2024-10-13,South,55.96,2
2024-10-14,South,83.55,3
2024-10-15,South,83.42,3
2024-10-16,South,111.98,4
2024-10-17,South,55.64,2
2024-10-18,South,55.62,2
2024-10-19,South,111.14,4
2024-10-20,South,83.99,3
2024-10-21,South,83.57,3
2024-10-22,South,55.63,2
2024-10-23,South,112.31,4
2024-10-24,South,84.47,3
2024-10-25,South,55.77,2
2024-10-26,South,84.72,3
2024-10-27,South,111.22,4
2024-10-28,South,111.04,4
2024-10-01,South,56.29,2
2024-10-02,South,55.56,2
2024-10-03,South,111.93,4
2024-10-04,South,56.29,2
2024-10-05,South,111.52,4
2024-10-06,South,56.48,2
2024-10-07,South,56.20,2
2024-10-08,South,55.76,2
2024-10-09,South,112.32,4
2024-10-10,South,83.95,3
2024-10-11,South,56.17,2
2024-10-12,South,56.16,2
2024-10-13,South,83.36,3
2024-10-14,South,112.44,4
2024-10-15,South,84.51,3
2024-10-16,South,56.18,2
2024-10-17,South,84.39,3
2024-10-18,South,111.97,4
2024-10-19,South,113.02,4
2024-10-20,South,112.63,4
2024-10-21,South,56.46,2
2024-10-22,South,55.80,2
2024-10-23,South,56.20,2
2024-10-24,South,83.78,3
2024-10-25,South,111.82,4
2024-10-26,South,111.53,4
2024-10-27,South,55.54,2
2024-10-28,South,84.10,3
2024-10-01,South,84.48,3
2024-10-02,South,83.31,3
2024-10-01,East,70.66,2
2024-10-02,East,70.30,2
2024-10-03,East,104.99,3
2024-10-04,East,70.06,2
2024-10-05,East,105.66,3
2024-10-06,East,69.85,2
2024-10-07,East,70.58,2
2024-10-08,East,69.97,2
2024-10-09,East,69.40,2
2024-10-10,East,140.32,4
2024-10-11,East,104.74,3
2024-10-12,East,105.70,3
2024-10-13,East,140.33,4
2024-10-14,East,105.50,3
2024-10-15,East,139.12,4
2024-10-16,East,139.55,4
2024-10-17,East,70.37,2
2024-10-18,East,70.30,2
2024-10-19,East,104.94,3
2024-10-20,East,69.59,2
2024-10-21,East,104.32,3
2024-10-22,East,104.70,3
2024-10-23,East,69.64,2
2024-10-24,East,70.13,2
2024-10-25,East,70.00,2
2024-10-26,East,139.14,4
2024-10-27,East,104.05,3
2024-10-28,East,138.87,4
2024-10-01,East,70.56,2
2024-10-02,East,139.75,4
2024-10-03,East,105.52,3
2024-10-04,East,70.58,2
2024-10-05,East,105.68,3
2024-10-06,East,141.13,4
2024-10-07,East,105.57,3
2024-10-08,East,141.11,4
2024-10-09,East,104.91,3
2024-10-10,East,103.99,3
2024-10-11,East,140.10,4
2024-10-12,East,69.55,2
2024-10-13,East,140.61,4
2024-10-14,East,140.90,4
2024-10-15,East,69.42,2
2024-10-16,East,70.00,2
2024-10-17,East,139.22,4
2024-10-18,East,104.27,3
2024-10-19,East,139.87,4
2024-10-20,East,104.28,3
2024-10-21,East,140.19,4
2024-10-22,East,139.81,4
2024-10-23,East,70.62,2
2024-10-24,East,104.36,3
2024-10-25,East,70.05,2
2024-10-26,East,139.11,4
2024-10-27,East,105.36,3
2024-10-28,East,105.38,3
2024-10-01,East,141.08,4
2024-10-02,East,139.93,4
2024-10-03,East,141.07,4
2024-10-04,East,69.90,2
2024-10-05,East,104.03,3
2024-10-06,East,105.43,3
2024-10-07,East,105.10,3
2024-10-08,East,139.41,4
2024-10-09,East,69.47,2
2024-10-10,East,104.68,3
2024-10-11,East,69.99,2
2024-10-12,East,105.47,3
2024-10-13,East,69.69,2
2024-10-14,East,69.54,2
2024-10-15,East,141.16,4
2024-10-16,East,105.55,3
2024-10-17,East,69.68,2
2024-10-18,East,69.89,2
2024-10-19,East,141.14,4
2024-10-20,East,105.18,3
2024-10-21,East,139.03,4
2024-10-22,East,139.64,4
2024-10-23,East,70.39,2
2024-10-24,East,105.11,3
2024-10-25,East,70.21,2
2024-10-26,East,70.65,2
2024-10-27,East,69.90,2
2024-10-28,East,69.33,2
2024-10-01,East,69.62,2
2024-10-02,East,104.66,3
2024-10-03,East,139.63,4
2024-10-04,East,105.24,3
2024-10-05,East,69.54,2
2024-10-06,East,139.97,4
2024-10-07,East,70.67,2
2024-10-08,East,138.95,4
2024-10-09,East,105.72,3
2024-10-10,East,70.41,2
2024-10-11,East,104.00,3
2024-10-12,East,139.51,4
2024-10-13,East,104.77,3
2024-10-14,East,138.66,4
2024-10-15,East,70.32,2
2024-10-16,East,103.99,3
2024-10-17,East,105.85,3
2024-10-18,East,105.58,3
2024-10-19,East,139.94,4
2024-10-20,East,105.75,3
2024-10-21,East,69.92,2
2024-10-22,East,140.63,4
2024-10-23,East,103.97,3
2024-10-24,East,140.36,4
2024-10-25,East,141.18,4
2024-10-26,East,69.95,2
2024-10-27,East,105.74,3
2024-10-28,East,139.91,4
2024-10-01,East,70.68,2
2024-10-02,East,139.67,4
2024-10-03,East,140.35,4
2024-10-04,East,138.74,4
2024-10-05,East,104.31,3
2024-10-06,East,69.43,2
2024-10-07,East,140.66,4
2024-10-08,East,140.54,4
2024-10-09,East,139.60,4
2024-10-10,East,105.14,3
2024-10-11,East,141.22,4
2024-10-12,East,141.36,4
2024-10-13,East,70.23,2
2024-10-14,East,105.84,3
2024-10-15,East,105.58,3
2024-10-16,East,139.15,4
2024-10-17,East,138.70,4
2024-10-18,East,140.02,4
2024-10-19,East,104.08,3
2024-10-20,East,141.10,4
2024-10-21,East,104.83,3
2024-10-22,East,69.59,2
2024-10-23,East,139.89,4
2024-10-24,East,104.64,3
2024-10-25,East,69.83,2
2024-10-26,East,69.94,2
2024-10-27,East,70.54,2
2024-10-28,East,105.68,3
2024-10-01,West,75.15,3
2024-10-02,West,49.54,2
2024-10-03,West,99.57,4
2024-10-04,West,75.04,3
2024-10-05,West,49.75,2
2024-10-06,West,50.38,2
2024-10-07,West,49.86,2
2024-10-08,West,99.45,4
2024-10-09,West,49.82,2
2024-10-10,West,49.53,2
2024-10-11,West,100.17,4
2024-10-12,West,99.74,4
2024-10-13,West,50.28,2
2024-10-14,West,74.34,3
2024-10-15,West,99.78,4
2024-10-16,West,49.79,2
2024-10-17,West,99.79,4
2024-10-18,West,100.20,4
2024-10-19,West,49.61,2
2024-10-20,West,100.68,4
2024-10-21,West,50.31,2
2024-10-22,West,99.73,4
2024-10-23,West,49.93,2
2024-10-24,West,50.35,2
2024-10-25,West,75.74,3
2024-10-26,West,74.29,3
2024-10-27,West,99.77,4
2024-10-28,West,75.10,3
2024-10-01,West,74.55,3
2024-10-02,West,75.64,3
2024-10-03,West,74.88,3
2024-10-04,West,49.91,2
2024-10-05,West,49.95,2
2024-10-06,West,74.39,3
2024-10-07,West,100.49,4
2024-10-08,West,50.18,2
2024-10-09,West,99.79,4
2024-10-10,West,100.52,4
2024-10-11,West,50.46,2
2024-10-12,West,49.88,2
2024-10-13,West,49.51,2
2024-10-14,West,100.68,4
2024-10-15,West,75.65,3
2024-10-16,West,75.41,3
2024-10-17,West,49.79,2
2024-10-18,West,50.03,2
2024-10-19,West,74.27,3
2024-10-20,West,49.70,2
2024-10-21,West,74.39,3
2024-10-22,West,49.61,2
2024-10-23,West,74.92,3
2024-10-24,West,50.41,2
2024-10-25,West,74.40,3
2024-10-26,West,100.31,4
2024-10-27,West,50.03,2
2024-10-28,West,99.55,4
2024-10-01,West,49.50,2
2024-10-02,West,99.19,4
2024-10-03,West,74.50,3
2024-10-04,West,100.08,4
2024-10-05,West,49.64,2
2024-10-06,West,100.30,4
2024-10-07,West,75.12,3
2024-10-08,West,50.42,2
2024-10-09,West,74.84,3
2024-10-10,West,74.26,3
2024-10-11,West,99.73,4
2024-10-12,West,49.83,2
2024-10-13,West,75.10,3
2024-10-14,West,75.54,3
2024-10-15,West,99.09,4
2024-10-16,West,100.07,4
2024-10-17,West,99.46,4
2024-10-18,West,99.61,4
2024-10-19,West,50.42,2
2024-10-20,West,100.57,4
2024-10-21,West,50.21,2
2024-10-22,West,75.49,3
2024-10-23,West,99.51,4
2024-10-24,West,100.88,4
2024-10-25,West,100.67,4
2024-10-26,West,100.34,4
2024-10-27,West,74.91,3
2024-10-28,West,50.16,2
2024-10-01,West,49.55,2
2024-10-02,West,75.69,3
2024-10-03,West,75.74,3
2024-10-04,West,99.01,4
2024-10-05,West,49.54,2
2024-10-06,West,75.18,3
2024-10-07,West,75.60,3
2024-10-08,West,50.02,2
2024-10-09,West,99.87,4
2024-10-10,West,75.46,3
2024-10-11,West,75.07,3
2024-10-12,West,75.05,3
2024-10-13,West,74.67,3
2024-10-14,West,100.07,4
2024-10-15,West,74.55,3
2024-10-16,West,100.59,4
2024-10-17,West,100.37,4
2024-10-18,West,49.76,2
2024-10-19,West,50.20,2
2024-10-20,West,75.16,3
2024-10-21,West,99.50,4
2024-10-22,West,99.16,4
2024-10-23,West,75.37,3
2024-10-24,West,49.88,2
2024-10-25,West,75.31,3
2024-10-26,West,74.66,3
2024-11-01,North,120.97,4
2024-11-02,North,90.49,3
2024-11-03,North,120.63,4
2024-11-04,North,60.32,2
2024-11-05,North,60.18,2
2024-11-06,North,60.48,2
2024-11-07,North,60.09,2
2024-11-08,North,60.27,2
2024-11-09,North,89.96,3
2024-11-10,North,89.78,3
2024-11-11,North,119.29,4
2024-11-12,North,119.18,4
2024-11-13,North,59.41,2
2024-11-14,North,59.71,2
2024-11-15,North,59.68,2
2024-11-16,North,60.55,2
2024-11-17,North,59.96,2
2024-11-18,North,89.53,3
2024-11-19,North,60.10,2
2024-11-20,North,59.41,2
2024-11-21,North,59.42,2
2024-11-22,North,89.17,3
2024-11-23,North,60.11,2
2024-11-24,North,118.89,4
2024-11-25,North,60.35,2
2024-11-26,North,59.80,2
2024-11-27,North,89.68,3
2024-11-28,North,60.08,2
2024-11-01,North,59.44,2
2024-11-02,North,119.28,4
2024-11-03,North,90.89,3
2024-11-04,North,60.09,2
2024-11-05,North,89.50,3
2024-11-06,North,90.52,3
2024-11-07,North,120.94,4
2024-11-08,North,89.83,3
2024-11-09,North,119.26,4
2024-11-10,North,119.45,4
2024-11-11,North,89.14,3
2024-11-12,North,89.63,3
2024-11-13,North,120.46,4
2024-11-14,North,59.63,2
2024-11-15,North,118.81,4
2024-11-16,North,60.44,2
2024-11-17,North,60.00,2
2024-11-18,North,60.35,2
2024-11-19,North,59.50,2
2024-11-20,North,90.51,3
2024-11-21,North,90.22,3
2024-11-22,North,119.26,4
2024-11-23,North,120.96,4
2024-11-24,North,90.49,3
2024-11-25,North,60.26,2
2024-11-26,North,60.53,2
2024-11-27,North,59.41,2
2024-11-28,North,90.03,3
2024-11-01,North,118.88,4
2024-11-02,North,90.70,3
2024-11-03,North,118.87,4
2024-11-04,North,120.53,4
2024-11-05,North,89.69,3
2024-11-06,North,59.53,2
2024-11-07,North,60.22,2
2024-11-08,North,59.66,2
2024-11-09,North,120.88,4
2024-11-10,North,60.00,2
2024-11-11,North,60.24,2
2024-11-12,North,121.00,4
2024-11-13,North,118.87,4
2024-11-14,North,90.02,3
2024-11-15,North,119.23,4
2024-11-16,North,60.39,2
2024-11-17,North,90.51,3
2024-11-18,North,59.52,2
2024-11-19,North,89.19,3
2024-11-20,North,90.41,3
2024-11-21,North,119.80,4
2024-11-22,North,60.05,2
2024-11-23,North,90.81,3
2024-11-24,North,89.50,3
2024-11-25,North,90.76,3
2024-11-26,North,89.15,3
2024-11-27,North,89.39,3
2024-11-28,North,89.18,3
2024-11-01,North,90.50,3
2024-11-02,North,120.61,4
2024-11-03,North,59.42,2
2024-11-04,North,59.54,2
2024-11-05,North,118.88,4
2024-11-06,North,119.56,4
2024-11-07,North,60.14,2
2024-11-08,North,121.13,4
2024-11-09,North,60.51,2
2024-11-10,North,119.84,4
2024-11-11,North,120.27,4
2024-11-12,North,60.01,2
2024-11-13,North,89.79,3
2024-11-14,North,89.18,3
2024-11-15,North,59.53,2
2024-11-16,North,121.18,4
2024-11-17,North,89.15,3
2024-11-18,North,120.27,4
2024-11-19,North,90.38,3
2024-11-20,North,90.17,3
2024-11-21,North,119.99,4
2024-11-22,North,119.36,4
2024-11-23,North,60.54,2
2024-11-24,North,119.16,4
2024-11-25,North,60.51,2
2024-11-26,North,119.31,4
2024-11-27,North,120.71,4
2024-11-28,North,120.81,4
2024-11-01,North,121.00,4
2024-11-02,North,119.25,4
2024-11-03,North,59.44,2
2024-11-04,North,119.51,4
2024-11-05,North,90.72,3
2024-11-06,North,90.47,3
2024-11-07,North,89.23,3
2024-11-08,North,90.58,3
2024-11-09,North,89.43,3
2024-11-10,North,119.97,4
2024-11-11,North,89.80,3
2024-11-12,North,121.16,4
2024-11-13,North,119.31,4
2024-11-14,North,120.99,4
2024-11-15,North,59.69,2
2024-11-16,North,60.06,2
2024-11-17,North,89.78,3
2024-11-18,North,119.81,4
2024-11-19,North,90.28,3
2024-11-20,North,89.99,3
2024-11-21,North,90.17,3
2024-11-22,North,89.68,3
2024-11-23,North,120.40,4
2024-11-24,North,60.13,2
2024-11-25,North,89.53,3
2024-11-26,North,120.73,4
2024-11-27,North,60.14,2
2024-11-28,North,60.07,2
2024-11-01,North,60.15,2
2024-11-02,North,59.44,2
2024-11-03,North,90.04,3
2024-11-04,North,89.10,3
2024-11-05,North,60.47,2
2024-11-06,North,89.45,3
2024-11-07,North,90.60,3
2024-11-08,North,60.55,2
2024-11-09,North,59.61,2
2024-11-10,North,90.90,3
2024-11-11,North,59.88,2
2024-11-12,North,89.21,3
2024-11-13,North,60.22,2
2024-11-14,North,59.93,2
2024-11-15,North,89.84,3
2024-11-16,North,60.41,2
2024-11-17,North,90.64,3
2024-11-18,North,59.97,2
2024-11-19,North,60.12,2
2024-11-20,North,121.04,4
2024-11-21,North,89.49,3
2024-11-22,North,90.78,3
2024-11-23,North,120.79,4
2024-11-24,North,89.11,3
2024-11-25,North,119.55,4
2024-11-26,North,60.34,2
2024-11-27,North,121.14,4
2024-11-28,North,89.47,3
2024-11-01,North,120.50,4
2024-11-02,North,89.73,3
2024-11-03,North,60.59,2
2024-11-04,North,60.41,2
2024-11-05,North,60.05,2
2024-11-06,North,120.09,4
2024-11-07,North,120.60,4
2024-11-08,North,59.83,2
2024-11-09,North,90.38,3
2024-11-10,North,60.44,2
2024-11-11,North,119.07,4
2024-11-12,North,89.83,3
2024-11-13,North,89.37,3
2024-11-14,North,119.43,4
2024-11-15,North,59.87,2
2024-11-16,North,90.53,3
2024-11-17,North,59.97,2
2024-11-18,North,59.60,2
2024-11-19,North,90.36,3
2024-11-20,North,60.39,2
2024-11-21,North,119.52,4
2024-11-22,North,119.36,4
2024-11-23,North,119.30,4
2024-11-24,North,90.50,3
2024-11-25,North,89.46,3
2024-11-26,North,60.46,2
2024-11-27,North,59.44,2
2024-11-28,North,89.16,3
2024-11-01,North,60.36,2
2024-11-02,North,90.72,3
2024-11-03,North,90.07,3
2024-11-04,North,59.54,2
2024-11-01,South,55.96,2
2024-11-02,South,111.23,4
2024-11-03,South,112.37,4
2024-11-04,South,55.53,2
2024-11-05,South,84.33,3
2024-11-06,South,112.14,4
2024-11-07,South,112.29,4
2024-11-08,South,111.93,4
2024-11-09,South,111.36,4
2024-11-10,South,110.93,4
2024-11-11,South,55.79,2
2024-11-12,South,112.51,4
2024-11-13,South,113.05,4
2024-11-14,South,111.56,4
2024-11-15,South,113.05,4
2024-11-16,South,111.30,4
2024-11-17,South,55.89,2
2024-11-18,South,84.33,3
2024-11-19,South,56.31,2
2024-11-20,South,112.93,4
2024-11-21,South,83.88,3
2024-11-22,South,112.31,4
2024-11-23,South,111.75,4
2024-11-24,South,84.33,3
2024-11-25,South,83.55,3
2024-11-26,South,83.41,3
2024-11-27,South,112.92,4
2024-11-28,South,83.64,3
2024-11-01,South,56.53,2
2024-11-02,South,55.77,2
2024-11-03,South,55.86,2
2024-11-04,South,111.95,4
2024-11-05,South,112.80,4
2024-11-06,South,56.36,2
2024-11-07,South,111.53,4
2024-11-08,South,113.08,4
2024-11-09,South,83.42,3
2024-11-10,South,83.84,3
2024-11-11,South,55.58,2
2024-11-12,South,56.23,2
2024-11-13,South,84.70,3
2024-11-14,South,56.30,2
2024-11-15,South,112.54,4
2024-11-16,South,84.16,3
2024-11-17,South,55.54,2
2024-11-18,South,55.71,2
2024-11-19,South,112.75,4
2024-11-20,South,83.56,3
2024-11-21,South,83.72,3
2024-11-22,South,84.72,3
2024-11-23,South,83.43,3
2024-11-24,South,84.31,3
2024-11-25,South,112.44,4
2024-11-26,South,84.00,3
2024-11-27,South,55.69,2
2024-11-28,South,110.91,4
2024-11-01,South,112.59,4
2024-11-02,South,111.30,4
2024-11-03,South,84.17,3
2024-11-04,South,55.58,2
2024-11-05,South,111.96,4
2024-11-06,South,112.33,4
2024-11-07,South,112.64,4
2024-11-08,South,56.41,2
2024-11-09,South,111.86,4
2024-11-10,South,56.28,2
2024-11-11,South,56.31,2
2024-11-12,South,55.46,2
2024-11-13,South,111.58,4
2024-11-14,South,111.13,4
2024-11-15,South,83.19,3
2024-11-16,South,55.99,2
2024-11-17,South,55.90,2
2024-11-18,South,113.05,4
2024-11-19,South,84.19,3
2024-11-20,South,55.81,2
2024-11-21,South,56.13,2
2024-11-22,South,55.89,2
2024-11-23,South,111.78,4
2024-11-24,South,112.26,4
2024-11-25,South,111.52,4
2024-11-26,South,56.30,2
2024-11-27,South,56.00,2
2024-11-28,South,55.55,2
2024-11-01,South,83.51,3
2024-11-02,South,56.21,2
2024-11-03,South,55.76,2
2024-11-04,South,56.33,2
2024-11-05,South,111.28,4
2024-11-06,South,111.03,4
2024-11-07,South,113.03,4
2024-11-08,South,55.73,2
2024-11-09,South,112.20,4
2024-11-10,South,111.78,4
2024-11-11,South,83.98,3
2024-11-12,South,112.51,4
2024-11-13,South,56.21,2
2024-11-14,South,111.60,4
2024-11-15,South,112.37,4
2024-11-16,South,83.25,3
2024-11-17,South,84.03,3
2024-11-18,South,84.11,3
2024-11-19,South,83.33,3
2024-11-20,South,55.47,2
2024-11-21,South,83.66,3
2024-11-22,South,55.96,2
2024-11-23,South,111.43,4
2024-11-24,South,56.15,2
2024-11-25,South,83.70,3
2024-11-26,South,83.27,3
2024-11-27,South,112.81,4
2024-11-28,South,111.00,4
2024-11-01,South,111.14,4
2024-11-02,South,112.66,4
2024-11-03,South,111.62,4
2024-11-04,South,56.52,2
2024-11-05,South,111.85,4
2024-11-06,South,113.04,4
2024-11-07,South,56.31,2
2024-11-08,South,113.05,4
2024-11-09,South,112.16,4
2024-11-10,South,84.05,3
2024-11-11,South,83.40,3
2024-11-12,South,110.97,4
2024-11-13,South,55.95,2
2024-11-14,South,83.39,3
2024-11-15,South,55.98,2
2024-11-16,South,55.81,2
2024-11-17,South,84.76,3
2024-11-18,South,111.06,4
2024-11-19,South,112.76,4
2024-11-20,South,112.75,4
2024-11-21,South,56.05,2
2024-11-22,South,83.29,3
2024-11-23,South,112.82,4
2024-11-24,South,56.09,2
2024-11-25,South,83.22,3
2024-11-26,South,111.29,4
2024-11-27,South,83.35,3
2024-11-28,South,112.41,4
2024-11-01,South,112.76,4
2024-11-02,South,112.01,4
2024-11-03,South,55.67,2
2024-11-04,South,83.56,3
2024-11-05,South,112.64,4
2024-11-06,South,111.35,4
2024-11-07,South,112.58,4
2024-11-08,South,112.74,4
2024-11-09,South,84.71,3
2024-11-10,South,112.57,4
2024-11-11,South,111.88,4
2024-11-12,South,111.87,4
2024-11-13,South,56.11,2
2024-11-14,South,56.25,2
2024-11-15,South,56.50,2
2024-11-16,South,84.52,3
2024-11-17,South,111.95,4
2024-11-18,South,56.03,2
2024-11-19,South,83.34,3
2024-11-20,South,111.25,4
2024-11-21,South,84.13,3
2024-11-22,South,83.68,3
2024-11-23,South,112.01,4
2024-11-24,South,84.81,3
2024-11-25,South,83.94,3
2024-11-26,South,111.27,4
2024-11-27,South,83.92,3
2024-11-28,South,111.12,4
2024-11-01,South,83.78,3
2024-11-02,South,112.11,4
2024-11-01,East,104.98,3
2024-11-02,East,139.10,4
2024-11-03,East,105.10,3
2024-11-04,East,105.67,3
2024-11-05,East,104.96,3
2024-11-06,East,70.28,2
2024-11-07,East,140.15,4
2024-11-08,East,139.72,4
2024-11-09,East,70.24,2
2024-11-10,East,104.05,3
2024-11-11,East,70.24,2
2024-11-12,East,104.63,3
2024-11-13,East,139.59,4
2024-11-14,East,103.99,3
2024-11-15,East,69.72,2
2024-11-16,East,70.51,2
2024-11-17,East,69.95,2
2024-11-18,East,104.17,3
2024-11-19,East,138.96,4
2024-11-20,East,69.57,2
2024-11-21,East,69.34,2
2024-11-22,East,141.34,4
2024-11-23,East,140.84,4
2024-11-24,East,104.15,3
2024-11-25,East,105.99,3
2024-11-26,East,104.47,3
2024-11-27,East,139.28,4
2024-11-28,East,69.74,2
2024-11-01,East,139.19,4
2024-11-02,East,139.59,4
2024-11-03,East,104.41,3
2024-11-04,East,104.34,3
2024-11-05,East,69.59,2
2024-11-06,East,70.38,2
2024-11-07,East,70.22,2
2024-11-08,East,70.57,2
2024-11-09,East,104.62,3
2024-11-10,East,140.63,4
2024-11-11,East,104.40,3
2024-11-12,East,104.15,3
2024-11-13,East,104.93,3
2024-11-14,East,105.56,3
2024-11-15,East,105.33,3
2024-11-16,East,140.75,4
2024-11-17,East,70.21,2
2024-11-18,East,70.30,2
2024-11-19,East,69.76,2
2024-11-20,East,105.28,3
2024-11-21,East,69.50,2
2024-11-22,East,69.67,2
2024-11-23,East,70.16,2
2024-11-24,East,104.75,3
2024-11-25,East,140.32,4
2024-11-26,East,140.61,4
2024-11-27,East,104.69,3
2024-11-28,East,104.55,3
2024-11-01,East,106.02,3
2024-11-02,East,140.00,4
2024-11-03,East,138.94,4
2024-11-04,East,69.53,2
2024-11-05,East,105.42,3
2024-11-06,East,104.96,3
2024-11-07,East,69.47,2
2024-11-08,East,69.88,2
2024-11-09,East,104.80,3
2024-11-10,East,104.74,3
2024-11-11,East,140.00,4
2024-11-12,East,69.79,2
2024-11-13,East,104.66,3
2024-11-14,East,69.66,2
2024-11-15,East,104.85,3
2024-11-16,East,139.64,4
2024-11-17,East,105.41,3
2024-11-18,East,104.75,3
2024-11-19,East,69.95,2
2024-11-20,East,69.38,2
2024-11-21,East,139.61,4
2024-11-22,East,139.83,4
2024-11-23,East,70.11,2
2024-11-24,East,70.44,2
2024-11-25,East,105.84,3
2024-11-26,East,69.87,2
2024-11-27,East,103.99,3
2024-11-28,East,140.13,4
2024-11-01,East,104.30,3
2024-11-02,East,105.43,3
2024-11-03,East,141.36,4
2024-11-04,East,69.94,2
2024-11-05,East,69.39,2
2024-11-06,East,140.95,4
2024-11-07,East,139.61,4
2024-11-08,East,70.06,2
2024-11-09,East,105.71,3
2024-11-10,East,140.39,4
2024-11-11,East,141.33,4
2024-11-12,East,70.47,2
2024-11-13,East,104.33,3
2024-11-14,East,139.00,4
2024-11-15,East,105.76,3
2024-11-16,East,70.19,2
2024-11-17,East,104.09,3
2024-11-18,East,140.92,4
2024-11-19,East,105.73,3
2024-11-20,East,70.15,2
2024-11-21,East,69.46,2
2024-11-22,East,69.69,2
2024-11-23,East,105.54,3
2024-11-24,East,105.69,3
2024-11-25,East,104.17,3
2024-11-26,East,70.32,2
2024-11-27,East,140.30,4
2024-11-28,East,70.30,2
2024-11-01,East,104.76,3
2024-11-02,East,69.93,2
2024-11-03,East,70.13,2
2024-11-04,East,69.75,2
2024-11-05,East,106.01,3
2024-11-06,East,140.84,4
2024-11-07,East,69.54,2
2024-11-08,East,69.96,2
2024-11-09,East,69.70,2
2024-11-10,East,69.79,2
2024-11-11,East,139.54,4
2024-11-12,East,70.58,2
2024-11-13,East,104.42,3
2024-11-14,East,139.86,4
2024-11-15,East,69.85,2
2024-11-16,East,69.78,2
2024-11-17,East,105.73,3
2024-11-18,East,140.31,4
2024-11-19,East,139.48,4
2024-11-20,East,70.11,2
2024-11-21,East,105.95,3
2024-11-22,East,140.99,4
2024-11-23,East,140.77,4
2024-11-24,East,105.83,3
2024-11-25,East,70.55,2
2024-11-26,East,69.62,2
2024-11-27,East,105.84,3
2024-11-28,East,138.85,4
2024-11-01,West,75.52,3
2024-11-02,West,100.02,4
2024-11-03,West,50.48,2
2024-11-04,West,100.81,4
2024-11-05,West,50.10,2
2024-11-06,West,50.20,2
2024-11-07,West,100.53,4
2024-11-08,West,75.65,3
2024-11-09,West,75.62,3
2024-11-10,West,99.63,4
2024-11-11,West,49.68,2
2024-11-12,West,74.37,3
2024-11-13,West,49.96,2
2024-11-14,West,50.37,2
2024-11-15,West,99.95,4
2024-11-16,West,100.17,4
2024-11-17,West,74.84,3
2024-11-18,West,100.15,4
2024-11-19,West,50.32,2
2024-11-20,West,99.67,4
2024-11-21,West,49.75,2
2024-11-22,West,100.74,4
2024-11-23,West,75.53,3
2024-11-24,West,49.66,2
2024-11-25,West,100.60,4
2024-11-26,West,74.76,3
2024-11-27,West,99.98,4
2024-11-28,West,75.44,3
2024-11-01,West,100.70,4
2024-11-02,West,50.13,2
2024-11-03,West,100.62,4
2024-11-04,West,49.77,2
2024-11-05,West,74.26,3
2024-11-06,West,75.09,3
2024-11-07,West,75.50,3
2024-11-08,West,74.54,3
2024-11-09,West,49.86,2
2024-11-10,West,75.67,3
2024-11-11,West,74.51,3
2024-11-12,West,100.81,4
2024-11-13,West,75.63,3
2024-11-14,West,99.50,4
2024-11-15,West,74.91,3
2024-11-16,West,99.56,4
2024-11-17,West,49.76,2
2024-11-18,West,75.31,3
2024-11-19,West,50.26,2
2024-11-20,West,100.50,4
2024-11-21,West,74.65,3
2024-11-22,West,74.68,3
2024-11-23,West,50.07,2
2024-11-24,West,75.07,3
2024-11-25,West,99.89,4
2024-11-26,West,50.28,2
2024-11-27,West,99.13,4
2024-11-28,West,74.33,3
2024-11-01,West,49.72,2
2024-11-02,West,75.42,3
2024-11-03,West,74.93,3
2024-11-04,West,50.11,2
2024-11-05,West,50.11,2
2024-11-06,West,101.00,4
2024-11-07,West,50.05,2
2024-11-08,West,49.58,2
2024-11-09,West,49.98,2
2024-11-10,West,49.90,2
2024-11-11,West,50.35,2
2024-11-12,West,49.71,2
2024-11-13,West,75.17,3
2024-11-14,West,50.38,2
2024-11-15,West,100.13,4
2024-11-16,West,75.60,3
2024-11-17,West,99.78,4
2024-11-18,West,49.97,2
2024-11-19,West,99.14,4
2024-11-20,West,50.34,2
2024-11-21,West,49.98,2
2024-11-22,West,99.35,4
2024-11-23,West,49.54,2
2024-11-24,West,75.46,3
2024-11-25,West,100.24,4
2024-11-26,West,99.56,4
2024-11-27,West,74.78,3
2024-11-28,West,74.70,3
2024-11-01,West,99.98,4
2024-11-02,West,74.32,3
2024-11-03,West,75.42,3
2024-11-04,West,75.50,3
2024-11-05,West,74.73,3
2024-11-06,West,74.64,3
2024-11-07,West,49.79,2
2024-11-08,West,75.58,3
2024-11-09,West,100.35,4
2024-11-10,West,49.81,2
2024-11-11,West,74.39,3
2024-11-12,West,100.98,4
2024-11-13,West,74.66,3
2024-11-14,West,74.87,3
2024-11-15,West,50.15,2
2024-11-16,West,74.33,3
2024-11-17,West,50.45,2
2024-11-18,West,74.70,3
2024-11-19,West,100.93,4
2024-11-20,West,74.51,3
2024-11-21,West,99.68,4
2024-11-22,West,99.55,4
2024-11-23,West,74.52,3
2024-11-24,West,75.37,3
2024-11-25,West,50.31,2
2024-11-26,West,99.31,4
2024-12-01,North,120.70,4
2024-12-02,North,90.62,3
2024-12-03,North,59.49,2
2024-12-04,North,60.13,2
2024-12-05,North,60.54,2
2024-12-06,North,118.88,4
2024-12-07,North,60.24,2
2024-12-08,North,121.08,4
2024-12-09,North,90.52,3
2024-12-10,North,119.85,4
2024-12-11,North,90.32,3
2024-12-12,North,90.42,3
2024-12-13,North,60.29,2
2024-12-14,North,119.07,4
2024-12-15,North,120.33,4
2024-12-16,North,89.54,3
2024-12-17,North,89.24,3
2024-12-18,North,90.51,3
2024-12-19,North,90.20,3
2024-12-20,North,89.56,3
2024-12-21,North,89.12,3
2024-12-22,North,120.43,4
2024-12-23,North,120.91,4
2024-12-24,North,60.52,2
2024-12-25,North,120.32,4
2024-12-26,North,59.57,2
2024-12-27,North,120.41,4
2024-12-28,North,119.25,4
2024-12-01,North,118.98,4
2024-12-02,North,90.27,3
2024-12-03,North,119.17,4
2024-12-04,North,89.65,3
2024-12-05,North,60.00,2
2024-12-06,North,89.90,3
2024-12-07,North,120.17,4
2024-12-08,North,120.46,4
2024-12-09,North,90.84,3
2024-12-10,North,60.36,2
2024-12-11,North,90.05,3
2024-12-12,North,119.68,4
2024-12-13,North,89.79,3
2024-12-14,North,120.33,4
2024-12-15,North,89.51,3
2024-12-16,North,60.16,2
2024-12-17,North,60.33,2
2024-12-18,North,120.55,4
2024-12-19,North,59.61,2
2024-12-20,North,121.07,4
2024-12-21,North,90.19,3
2024-12-22,North,60.11,2
2024-12-23,North,119.66,4
2024-12-24,North,90.79,3
2024-12-25,North,60.40,2
2024-12-26,North,89.20,3
2024-12-27,North,59.77,2
2024-12-28,North,60.43,2
2024-12-01,North,120.93,4
2024-12-02,North,120.27,4
2024-12-03,North,120.75,4
2024-12-04,North,119.72,4
2024-12-05,North,89.77,3
2024-12-06,North,59.80,2
2024-12-07,North,120.41,4
2024-12-08,North,120.42,4
2024-12-09,North,89.81,3
2024-12-10,North,120.25,4
2024-12-11,North,119.44,4
2024-12-12,North,119.36,4
2024-12-13,North,59.62,2
2024-12-14,North,90.11,3
2024-12-15,North,120.41,4
2024-12-16,North,121.15,4
2024-12-17,North,89.69,3
2024-12-18,North,59.82,2
2024-12-19,North,119.91,4
2024-12-20,North,60.41,2
2024-12-21,North,90.19,3
2024-12-22,North,121.03,4
2024-12-23,North,120.27,4
2024-12-24,North,89.74,3
2024-12-25,North,119.03,4
2024-12-26,North,89.68,3
2024-12-27,North,89.52,3
2024-12-28,North,60.43,2
2024-12-01,North,60.49,2
2024-12-02,North,121.08,4
2024-12-03,North,90.80,3
2024-12-04,North,89.86,3
2024-12-05,North,90.53,3
2024-12-06,North,59.98,2
2024-12-07,North,59.47,2
2024-12-08,North,89.81,3
2024-12-09,North,59.95,2
2024-12-10,North,90.00,3
2024-12-11,North,59.73,2
2024-12-12,North,59.51,2
2024-12-13,North,60.29,2
2024-12-14,North,120.37,4
2024-12-15,North,119.91,4
2024-12-16,North,120.39,4
2024-12-17,North,121.08,4
2024-12-18,North,90.38,3
2024-12-19,North,120.28,4
2024-12-20,North,90.46,3
2024-12-21,North,120.03,4
2024-12-22,North,89.74,3
2024-12-23,North,89.66,3
2024-12-24,North,121.01,4
2024-12-25,North,59.46,2
2024-12-26,North,119.62,4
2024-12-27,North,89.58,3
2024-12-28,North,120.11,4
2024-12-01,North,59.66,2
2024-12-02,North,120.26,4
2024-12-03,North,90.35,3
2024-12-04,North,90.47,3
2024-12-05,North,59.66,2
2024-12-06,North,60.26,2
2024-12-07,North,120.03,4
2024-12-08,North,120.49,4
2024-12-09,North,121.00,4
2024-12-10,North,59.55,2
2024-12-11,North,90.22,3
2024-12-12,North,90.20,3
2024-12-13,North,89.10,3
2024-12-14,North,89.14,3
2024-12-15,North,90.78,3
2024-12-16,North,60.34,2
2024-12-17,North,60.56,2
2024-12-18,North,59.62,2
2024-12-19,North,90.06,3
2024-12-20,North,89.78,3
2024-12-21,North,59.71,2
2024-12-22,North,90.31,3
2024-12-23,North,120.94,4
2024-12-24,North,59.54,2
2024-12-25,North,90.21,3
2024-12-26,North,90.58,3
2024-12-27,North,59.73,2
2024-12-28,North,90.38,3
2024-12-01,North,59.50,2
2024-12-02,North,120.75,4
2024-12-03,North,59.97,2
2024-12-04,North,121.08,4
2024-12-05,North,89.25,3
2024-12-06,North,89.26,3
2024-12-07,North,60.51,2
2024-12-08,North,89.54,3
2024-12-09,North,60.18,2
2024-12-10,North,59.51,2
2024-12-11,North,90.65,3
2024-12-12,North,60.48,2
2024-12-13,North,89.64,3
2024-12-14,North,89.51,3
2024-12-15,North,89.70,3
2024-12-16,North,59.51,2
2024-12-17,North,59.95,2
2024-12-18,North,120.29,4
2024-12-19,North,59.92,2
2024-12-20,North,60.48,2
2024-12-21,North,60.02,2
2024-12-22,North,59.55,2
2024-12-23,North,120.01,4
2024-12-24,North,119.16,4
2024-12-25,North,89.50,3
2024-12-26,North,120.43,4
2024-12-27,North,119.26,4
2024-12-28,North,60.60,2
2024-12-01,North,120.42,4
2024-12-02,North,90.02,3
2024-12-03,North,60.23,2
2024-12-04,North,119.54,4
2024-12-05,North,59.55,2
2024-12-06,North,121.01,4
2024-12-07,North,119.51,4
2024-12-08,North,118.94,4
2024-12-09,North,59.56,2
2024-12-10,North,120.31,4
2024-12-11,North,89.75,3
2024-12-12,North,89.12,3
2024-12-13,North,60.17,2
2024-12-14,North,89.86,3
2024-12-15,North,119.97,4
2024-12-16,North,90.04,3
2024-12-17,North,59.97,2
2024-12-18,North,90.71,3
2024-12-19,North,59.62,2
2024-12-20,North,89.96,3
2024-12-21,North,89.47,3
2024-12-22,North,60.03,2
2024-12-23,North,59.83,2
2024-12-24,North,89.71,3
2024-12-25,North,119.43,4
2024-12-26,North,59.90,2
2024-12-27,North,60.40,2
2024-12-28,North,89.71,3
2024-12-01,North,90.13,3
2024-12-02,North,119.75,4
2024-12-03,North,89.84,3
2024-12-04,North,59.57,2
2024-12-01,South,84.32,3
2024-12-02,South,84.39,3
2024-12-03,South,113.11,4
2024-12-04,South,56.36,2
2024-12-05,South,112.45,4
2024-12-06,South,83.44,3
2024-12-07,South,111.80,4
2024-12-08,South,84.09,3
2024-12-09,South,83.23,3
2024-12-10,South,110.98,4
2024-12-11,South,83.54,3
2024-12-12,South,83.27,3
2024-12-13,South,111.60,4
2024-12-14,South,55.49,2
2024-12-15,South,111.35,4
2024-12-16,South,111.63,4
2024-12-17,South,83.97,3
2024-12-18,South,56.19,2
2024-12-19,South,56.30,2
2024-12-20,South,83.44,3
2024-12-21,South,83.44,3
2024-12-22,South,83.68,3
2024-12-23,South,112.42,4
2024-12-24,South,55.49,2
2024-12-25,South,83.70,3
2024-12-26,South,55.98,2
2024-12-27,South,84.14,3
2024-12-28,South,56.08,2
2024-12-01,South,112.23,4
2024-12-02,South,112.77,4
2024-12-03,South,55.67,2
2024-12-04,South,83.25,3
2024-12-05,South,110.96,4
2024-12-06,South,84.62,3
2024-12-07,South,112.95,4
2024-12-08,South,83.74,3
2024-12-09,South,112.35,4
2024-12-10,South,112.25,4
2024-12-11,South,56.05,2
2024-12-12,South,56.03,2
2024-12-13,South,55.78,2
2024-12-14,South,111.94,4
2024-12-15,South,112.36,4
2024-12-16,South,83.90,3
2024-12-17,South,111.16,4
2024-12-18,South,84.13,3
2024-12-19,South,83.95,3
2024-12-20,South,83.69,3
2024-12-21,South,83.36,3
2024-12-22,South,55.87,2
2024-12-23,South,84.16,3
2024-12-24,South,83.89,3
2024-12-25,South,111.91,4
2024-12-26,South,112.87,4
2024-12-27,South,112.24,4
2024-12-28,South,55.72,2
2024-12-01,South,56.27,2
2024-12-02,South,55.61,2
2024-12-03,South,112.68,4
2024-12-04,South,56.17,2
2024-12-05,South,55.51,2
2024-12-06,South,56.01,2
2024-12-07,South,84.38,3
2024-12-08,South,83.46,3
2024-12-09,South,84.20,3
2024-12-10,South,111.50,4
2024-12-11,South,83.24,3
2024-12-12,South,84.34,3
2024-12-13,South,55.70,2
2024-12-14,South,112.34,4
2024-12-15,South,84.26,3
2024-12-16,South,112.44,4
2024-12-17,South,111.65,4
2024-12-18,South,111.24,4
2024-12-19,South,56.19,2
2024-12-20,South,110.93,4
2024-12-21,South,83.32,3
2024-12-22,South,55.94,2
2024-12-23,South,56.17,2
2024-12-24,South,84.42,3
2024-12-25,South,84.48,3
2024-12-26,South,56.14,2
2024-12-27,South,56.18,2
2024-12-28,South,84.59,3
2024-12-01,South,111.70,4
2024-12-02,South,83.54,3
2024-12-03,South,55.76,2
2024-12-04,South,112.18,4
2024-12-05,South,56.55,2
2024-12-06,South,56.01,2
2024-12-07,South,55.79,2
2024-12-08,South,111.92,4
2024-12-09,South,112.70,4
2024-12-10,South,56.06,2
2024-12-11,South,84.78,3
2024-12-12,South,111.21,4
2024-12-13,South,56.24,2
2024-12-14,South,83.57,3
2024-12-15,South,113.10,4
2024-12-16,South,111.36,4
2024-12-17,South,84.76,3
2024-12-18,South,56.52,2
2024-12-19,South,111.19,4
2024-12-20,South,111.22,4
2024-12-21,South,84.62,3
2024-12-22,South,56.16,2
2024-12-23,South,111.46,4
2024-12-24,South,84.82,3
2024-12-25,South,112.67,4
2024-12-26,South,84.59,3
2024-12-27,South,83.31,3
2024-12-28,South,56.49,2
2024-12-01,South,83.84,3
2024-12-02,South,83.52,3
2024-12-03,South,84.03,3
2024-12-04,South,56.16,2
2024-12-05,South,55.81,2
2024-12-06,South,111.08,4
2024-12-07,South,56.24,2
2024-12-08,South,113.02,4
2024-12-09,South,56.41,2
2024-12-10,South,112.55,4
2024-12-11,South,55.99,2
2024-12-12,South,83.48,3
2024-12-13,South,84.48,3
2024-12-14,South,55.60,2
2024-12-15,South,84.26,3
2024-12-16,South,84.52,3
2024-12-17,South,55.92,2
2024-12-18,South,83.96,3
2024-12-19,South,111.47,4
2024-12-20,South,55.48,2
2024-12-21,South,84.58,3
2024-12-22,South,84.54,3
2024-12-23,South,111.24,4
2024-12-24,South,111.97,4
2024-12-25,South,55.71,2
2024-12-26,South,111.43,4
2024-12-27,South,84.35,3
2024-12-28,South,83.57,3
2024-12-01,South,111.87,4
2024-12-02,South,83.87,3
2024-12-03,South,83.89,3
2024-12-04,South,112.92,4
2024-12-05,South,56.15,2
2024-12-06,South,55.97,2
2024-12-07,South,55.67,2
2024-12-08,South,111.29,4
2024-12-09,South,111.76,4
2024-12-10,South,56.11,2
2024-12-11,South,56.47,2
2024-12-12,South,111.08,4
2024-12-13,South,84.83,3
2024-12-14,South,84.49,3
2024-12-15,South,111.28,4
2024-12-16,South,56.54,2
2024-12-17,South,112.81,4
2024-12-18,South,83.68,3
2024-12-19,South,84.35,3
2024-12-20,South,84.26,3
2024-12-21,South,111.07,4
2024-12-22,South,83.98,3
2024-12-23,South,56.44,2
2024-12-24,South,55.77,2
2024-12-25,South,84.21,3
2024-12-26,South,55.73,2
2024-12-27,South,111.48,4
2024-12-28,South,56.16,2
2024-12-01,South,55.46,2
2024-12-02,South,111.58,4
2024-12-01,East,70.69,2
2024-12-02,East,104.65,3
2024-12-03,East,70.51,2
2024-12-04,East,70.26,2
2024-12-05,East,104.29,3
2024-12-06,East,69.34,2
2024-12-07,East,104.41,3
2024-12-08,East,140.29,4
2024-12-09,East,70.38,2
2024-12-10,East,139.39,4
2024-12-11,East,70.63,2
2024-12-12,East,70.47,2
2024-12-13,East,69.70,2
2024-12-14,East,104.23,3
2024-12-15,East,70.40,2
2024-12-16,East,140.81,4
2024-12-17,East,138.96,4
2024-12-18,East,105.15,3
2024-12-19,East,70.40,2
2024-12-20,East,105.84,3
2024-12-21,East,104.27,3
2024-12-22,East,139.63,4
2024-12-23,East,70.50,2
2024-12-24,East,105.97,3
2024-12-25,East,139.28,4
2024-12-26,East,140.81,4
2024-12-27,East,139.75,4
2024-12-28,East,105.20,3
2024-12-01,East,69.93,2
2024-12-02,East,69.38,2
2024-12-03,East,69.73,2
2024-12-04,East,104.92,3
2024-12-05,East,106.02,3
2024-12-06,East,69.61,2
2024-12-07,East,69.33,2
2024-12-08,East,141.09,4
2024-12-09,East,69.33,2
2024-12-10,East,69.35,2
2024-12-11,East,69.96,2
2024-12-12,East,105.12,3
2024-12-13,East,69.59,2
2024-12-14,East,104.49,3
2024-12-15,East,139.40,4
2024-12-16,East,104.15,3
2024-12-17,East,69.75,2
2024-12-18,East,141.32,4
2024-12-19,East,139.59,4
2024-12-20,East,140.95,4
2024-12-21,East,69.56,2
2024-12-22,East,139.34,4
2024-12-23,East,104.38,3
2024-12-24,East,69.66,2
2024-12-25,East,70.39,2
2024-12-26,East,104.78,3
2024-12-27,East,139.26,4
2024-12-28,East,69.90,2
2024-12-01,East,104.91,3
2024-12-02,East,140.88,4
2024-12-03,East,141.08,4
2024-12-04,East,69.76,2
2024-12-05,East,69.61,2
2024-12-06,East,104.67,3
2024-12-07,East,139.99,4
2024-12-08,East,138.79,4
2024-12-09,East,105.99,3
2024-12-10,East,69.38,2
2024-12-11,East,105.90,3
2024-12-12,East,70.46,2
2024-12-13,East,105.41,3
2024-12-14,East,141.27,4
2024-12-15,East,139.12,4
2024-12-16,East,141.06,4
2024-12-17,East,139.27,4
2024-12-18,East,105.86,3
2024-12-19,East,104.67,3
2024-12-20,East,70.05,2
2024-12-21,East,69.90,2
2024-12-22,East,69.97,2
2024-12-23,East,140.27,4
2024-12-24,East,104.81,3
2024-12-25,East,139.17,4
2024-12-26,East,69.38,2
2024-12-27,East,69.88,2
2024-12-28,East,141.00,4
2024-12-01,East,141.08,4
2024-12-02,East,139.82,4
2024-12-03,East,105.72,3
2024-12-04,East,105.24,3
2024-12-05,East,69.59,2
2024-12-06,East,139.04,4
2024-12-07,East,70.40,2
2024-12-08,East,104.21,3
2024-12-09,East,104.57,3
2024-12-10,East,70.52,2
2024-12-11,East,139.35,4
2024-12-12,East,139.47,4
2024-12-13,East,140.98,4
2024-12-14,East,106.04,3
2024-12-15,East,104.15,3
2024-12-16,East,140.28,4
2024-12-17,East,69.85,2
2024-12-18,East,139.51,4
2024-12-19,East,105.15,3
2024-12-20,East,141.24,4
2024-12-21,East,139.83,4
2024-12-22,East,104.26,3
2024-12-23,East,105.91,3
2024-12-24,East,69.77,2
2024-12-25,East,69.61,2
2024-12-26,East,105.53,3
2024-12-27,East,105.79,3
2024-12-28,East,104.57,3
2024-12-01,East,105.68,3
2024-12-02,East,104.77,3
2024-12-03,East,105.22,3
2024-12-04,East,70.06,2
2024-12-05,East,70.60,2
2024-12-06,East,104.55,3
2024-12-07,East,70.35,2
2024-12-08,East,138.75,4
2024-12-09,East,69.43,2
2024-12-10,East,106.03,3
2024-12-11,East,141.05,4
2024-12-12,East,139.18,4
2024-12-13,East,138.94,4
2024-12-14,East,139.20,4
2024-12-15,East,70.09,2
2024-12-16,East,69.96,2
2024-12-17,East,105.64,3
2024-12-18,East,69.89,2
2024-12-19,East,105.80,3
2024-12-20,East,69.31,2
2024-12-21,East,69.85,2
2024-12-22,East,69.30,2
2024-12-23,East,105.47,3
2024-12-24,East,105.85,3
2024-12-25,East,105.35,3
2024-12-26,East,70.08,2
2024-12-27,East,104.36,3
2024-12-28,East,69.35,2
2024-12-01,West,49.75,2
2024-12-02,West,49.63,2
2024-12-03,West,50.18,2
2024-12-04,West,74.99,3
2024-12-05,West,100.38,4
2024-12-06,West,49.52,2
2024-12-07,West,100.18,4
2024-12-08,West,74.70,3
2024-12-09,West,99.94,4
2024-12-10,West,74.27,3
2024-12-11,West,75.42,3
2024-12-12,West,49.87,2
2024-12-13,West,49.77,2
2024-12-14,West,50.18,2
2024-12-15,West,100.00,4
2024-12-16,West,74.91,3
2024-12-17,West,74.58,3
2024-12-18,West,99.37,4
2024-12-19,West,100.07,4
2024-12-20,West,49.98,2
2024-12-21,West,49.71,2
2024-12-22,West,50.39,2
2024-12-23,West,75.15,3
2024-12-24,West,75.62,3
2024-12-25,West,99.40,4
2024-12-26,West,75.20,3
2024-12-27,West,74.88,3
2024-12-28,West,49.91,2
2024-12-01,West,74.31,3
2024-12-02,West,100.55,4
2024-12-03,West,50.01,2
2024-12-04,West,75.70,3
2024-12-05,West,50.38,2
2024-12-06,West,100.12,4
2024-12-07,West,50.26,2
2024-12-08,West,100.72,4
2024-12-09,West,99.55,4
2024-12-10,West,74.59,3
2024-12-11,West,74.71,3
2024-12-12,West,100.16,4
2024-12-13,West,100.15,4
2024-12-14,West,75.30,3
2024-12-15,West,74.31,3
2024-12-16,West,49.96,2
2024-12-17,West,100.12,4
2024-12-18,West,50.42,2
2024-12-19,West,50.05,2
2024-12-20,West,74.89,3
2024-12-21,West,49.95,2
2024-12-22,West,75.48,3
2024-12-23,West,49.98,2
2024-12-24,West,74.67,3
2024-12-25,West,100.72,4
2024-12-26,West,49.70,2
2024-12-27,West,75.08,3
2024-12-28,West,50.39,2
2024-12-01,West,75.52,3
2024-12-02,West,99.78,4
2024-12-03,West,99.46,4
2024-12-04,West,49.73,2
2024-12-05,West,50.08,2
2024-12-06,West,75.03,3
2024-12-07,West,50.37,2
2024-12-08,West,75.35,3
2024-12-09,West,100.57,4
2024-12-10,West,99.45,4
2024-12-11,West,49.90,2
2024-12-12,West,50.23,2
2024-12-13,West,50.24,2
2024-12-14,West,75.70,3
2024-12-15,West,100.56,4
2024-12-16,West,99.61,4
2024-12-17,West,74.49,3
2024-12-18,West,75.46,3
2024-12-19,West,100.63,4
2024-12-20,West,75.54,3
2024-12-21,West,74.32,3
2024-12-22,West,75.39,3
2024-12-23,West,50.09,2
2024-12-24,West,49.84,2
2024-12-25,West,74.79,3
2024-12-26,West,50.48,2
2024-12-27,West,99.18,4
2024-12-28,West,99.34,4
2024-12-01,West,74.81,3
2024-12-02,West,75.38,3
2024-12-03,West,99.37,4
2024-12-04,West,49.61,2
2024-12-05,West,49.63,2
2024-12-06,West,99.79,4
2024-12-07,West,50.29,2
2024-12-08,West,99.60,4
2024-12-09,West,75.47,3
2024-12-10,West,50.29,2
2024-12-11,West,74.52,3
2024-12-12,West,100.65,4
2024-12-13,West,100.85,4
2024-12-14,West,49.55,2
2024-12-15,West,99.34,4
2024-12-16,West,100.73,4
2024-12-17,West,50.02,2
2024-12-18,West,74.57,3
2024-12-19,West,99.59,4
2024-12-20,West,100.76,4
2024-12-21,West,99.09,4
2024-12-22,West,49.52,2
2024-12-23,West,75.09,3
2024-12-24,West,99.14,4
2024-12-25,West,49.81,2
2024-12-26,West,49.73,2
2025-01-01,North,89.80,2
2025-01-02,North,179.79,4
2025-01-03,North,90.53,2
2025-01-04,North,134.04,3
2025-01-05,North,90.71,2
2025-01-06,North,135.12,3
2025-01-07,North,180.65,4
2025-01-08,North,89.23,2
2025-01-09,North,134.17,3
2025-01-10,North,90.10,2
2025-01-11,North,135.94,3
2025-01-12,North,181.17,4
2025-01-13,North,136.21,3
2025-01-14,North,134.02,3
2025-01-15,North,178.74,4
2025-01-16,North,133.75,3
2025-01-17,North,134.30,3
2025-01-18,North,134.88,3
2025-01-19,North,134.14,3
2025-01-20,North,134.59,3
2025-01-21,North,90.63,2
2025-01-22,North,135.30,3
2025-01-23,North,181.15,4
2025-01-24,North,90.83,2
2025-01-25,North,180.23,4
2025-01-26,North,90.34,2
2025-01-27,North,90.12,2
2025-01-28,North,90.66,2
2025-01-01,North,89.88,2
2025-01-02,North,90.56,2
2025-01-03,North,136.13,3
2025-01-04,North,136.10,3
2025-01-05,North,90.35,2
2025-01-06,North,134.34,3
2025-01-07,North,89.27,2
2025-01-08,North,89.22,2
2025-01-09,North,180.89,4
2025-01-10,North,89.13,2
2025-01-11,North,89.92,2
2025-01-12,North,135.02,3
2025-01-13,North,134.39,3
2025-01-14,North,134.08,3
2025-01-15,North,136.05,3
2025-01-16,North,181.73,4
2025-01-17,North,134.17,3
2025-01-18,North,180.73,4
2025-01-19,North,180.03,4
2025-01-20,North,179.58,4
2025-01-21,North,135.80,3
2025-01-22,North,134.36,3
2025-01-23,North,179.11,4
2025-01-24,North,181.50,4
2025-01-25,North,90.47,2
2025-01-26,North,180.99,4
2025-01-27,North,89.76,2
2025-01-28,North,90.46,2
2025-01-01,North,133.80,3
2025-01-02,North,89.57,2
2025-01-03,North,135.42,3
2025-01-04,North,90.06,2
2025-01-05,North,178.93,4
2025-01-06,North,133.77,3
2025-01-07,North,134.22,3
2025-01-08,North,181.69,4
2025-01-09,North,135.91,3
2025-01-10,North,179.55,4
2025-01-11,North,180.61,4
2025-01-12,North,90.52,2
2025-01-13,North,135.94,3
2025-01-14,North,135.75,3
2025-01-15,North,181.74,4
2025-01-16,North,90.48,2
2025-01-17,North,134.78,3
2025-01-18,North,181.53,4
2025-01-19,North,178.48,4
2025-01-20,North,180.96,4
2025-01-21,North,90.13,2
2025-01-22,North,89.11,2
2025-01-23,North,181.73,4
2025-01-24,North,89.58,2
2025-01-25,North,178.65,4
2025-01-26,North,89.64,2
2025-01-27,North,89.55,2
2025-01-28,North,135.84,3
2025-01-01,North,133.78,3
2025-01-02,North,89.68,2
2025-01-03,North,178.57,4
2025-01-04,North,135.51,3
2025-01-05,North,178.80,4
2025-01-06,North,134.36,3
2025-01-07,North,136.33,3
2025-01-08,North,90.00,2
2025-01-09,North,179.24,4
2025-01-10,North,90.18,2
2025-01-11,North,134.61,3
2025-01-12,North,180.42,4
2025-01-13,North,135.99,3
2025-01-14,North,134.32,3
2025-01-15,North,181.02,4
2025-01-16,North,89.33,2
2025-01-17,North,135.67,3
2025-01-18,North,134.74,3
2025-01-19,North,136.19,3
2025-01-20,North,133.79,3
2025-01-21,North,181.14,4
2025-01-22,North,89.74,2
2025-01-23,North,178.59,4
2025-01-24,North,180.43,4
2025-01-25,North,89.58,2
2025-01-26,North,89.54,2
2025-01-27,North,89.54,2
2025-01-28,North,90.85,2
2025-01-01,North,90.15,2
2025-01-02,North,135.88,3
2025-01-03,North,179.30,4
2025-01-04,North,133.99,3
2025-01-05,North,135.38,3
2025-01-06,North,178.73,4
2025-01-07,North,135.88,3
2025-01-08,North,180.84,4
2025-01-09,North,89.57,2
2025-01-10,North,89.37,2
2025-01-11,North,179.59,4
2025-01-12,North,90.06,2
2025-01-13,North,133.79,3
2025-01-14,North,178.78,4
2025-01-15,North,178.84,4
2025-01-16,North,89.99,2
2025-01-17,North,90.43,2
2025-01-18,North,136.05,3
2025-01-19,North,134.86,3
2025-01-20,North,89.72,2
2025-01-21,North,180.83,4
2025-01-22,North,134.84,3
2025-01-23,North,90.04,2
2025-01-24,North,89.51,2
2025-01-25,North,134.68,3
2025-01-26,North,181.30,4
2025-01-27,North,90.38,2
2025-01-28,North,178.95,4
2025-01-01,North,133.90,3
2025-01-02,North,181.67,4
2025-01-03,North,134.17,3
2025-01-04,North,90.44,2
2025-01-05,North,134.48,3
2025-01-06,North,135.69,3
2025-01-07,North,134.92,3
2025-01-08,North,90.21,2
2025-01-09,North,89.89,2
2025-01-10,North,135.81,3
2025-01-11,North,133.67,3
2025-01-12,North,180.87,4
2025-01-13,North,178.62,4
2025-01-14,North,134.67,3
2025-01-15,North,134.37,3
2025-01-16,North,178.58,4
2025-01-17,North,180.20,4
2025-01-18,North,181.80,4
2025-01-19,North,135.66,3
2025-01-20,North,181.60,4
2025-01-21,North,90.12,2
2025-01-22,North,133.71,3
2025-01-23,North,90.68,2
2025-01-24,North,134.89,3
2025-01-25,North,89.35,2
2025-01-26,North,134.57,3
2025-01-27,North,90.59,2
2025-01-28,North,135.53,3
2025-01-01,North,89.87,2
2025-01-02,North,136.10,3
2025-01-03,North,136.05,3
2025-01-04,North,89.66,2
2025-01-05,North,178.71,4
2025-01-06,North,89.13,2
2025-01-07,North,134.81,3
2025-01-08,North,181.63,4
2025-01-09,North,179.11,4
2025-01-10,North,178.99,4
2025-01-11,North,136.33,3
2025-01-12,North,90.82,2
2025-01-13,North,136.21,3
2025-01-14,North,89.71,2
2025-01-15,North,136.15,3
2025-01-16,North,133.99,3
2025-01-17,North,136.28,3
2025-01-18,North,134.70,3
2025-01-19,North,134.03,3
2025-01-20,North,180.16,4
2025-01-21,North,89.78,2
2025-01-22,North,89.50,2
2025-01-23,North,135.39,3
2025-01-24,North,134.90,3
2025-01-25,North,89.27,2
2025-01-26,North,89.71,2
2025-01-27,North,179.42,4
2025-01-28,North,178.63,4
2025-01-01,North,90.66,2
2025-01-02,North,179.06,4
2025-01-03,North,180.76,4
2025-01-04,North,89.82,2
2025-01-01,South,56.31,2
2025-01-02,South,84.00,3
2025-01-03,South,111.00,4
2025-01-04,South,112.08,4
2025-01-05,South,83.27,3
2025-01-06,South,112.87,4
2025-01-07,South,56.47,2
2025-01-08,South,56.45,2
2025-01-09,South,83.27,3
2025-01-10,South,112.06,4
2025-01-11,South,83.75,3
2025-01-12,South,111.70,4
2025-01-13,South,112.83,4
2025-01-14,South,83.25,3
2025-01-15,South,112.61,4
2025-01-16,South,56.38,2
2025-01-17,South,55.62,2
2025-01-18,South,111.03,4
2025-01-19,South,56.06,2
2025-01-20,South,56.33,2
2025-01-21,South,84.15,3
2025-01-22,South,111.21,4
2025-01-23,South,56.24,2
2025-01-24,South,55.90,2
2025-01-25,South,112.29,4
2025-01-26,South,112.95,4
2025-01-27,South,83.65,3
2025-01-28,South,111.59,4
2025-01-01,South,84.37,3
2025-01-02,South,83.29,3
2025-01-03,South,112.23,4
2025-01-04,South,55.88,2
2025-01-05,South,112.09,4
2025-01-06,South,111.30,4
2025-01-07,South,111.01,4
2025-01-08,South,56.44,2
2025-01-09,South,112.09,4
2025-01-10,South,56.15,2
2025-01-11,South,84.19,3
2025-01-12,South,84.64,3
2025-01-13,South,55.54,2
2025-01-14,South,83.69,3
2025-01-15,South,56.27,2
2025-01-16,South,84.17,3
2025-01-17,South,83.77,3
2025-01-18,South,56.46,2
2025-01-19,South,84.09,3
2025-01-20,South,55.78,2
2025-01-21,South,84.58,3
2025-01-22,South,83.59,3
2025-01-23,South,84.00,3
2025-01-24,South,56.31,2
2025-01-25,South,83.85,3
2025-01-26,South,55.55,2
2025-01-27,South,83.49,3
2025-01-28,South,112.03,4
2025-01-01,South,111.05,4
2025-01-02,South,111.20,4
2025-01-03,South,111.66,4
2025-01-04,South,110.93,4
2025-01-05,South,84.78,3
2025-01-06,South,111.77,4
2025-01-07,South,84.82,3
2025-01-08,South,84.67,3
2025-01-09,South,84.59,3
2025-01-10,South,84.82,3
2025-01-11,South,112.82,4
2025-01-12,South,111.99,4
2025-01-13,South,111.32,4
2025-01-14,South,84.66,3
2025-01-15,South,112.36,4
2025-01-16,South,55.76,2
2025-01-17,South,112.75,4
2025-01-18,South,83.27,3
2025-01-19,South,56.11,2
2025-01-20,South,111.98,4
2025-01-21,South,55.79,2
2025-01-22,South,112.29,4
2025-01-23,South,56.17,2
2025-01-24,South,83.17,3
2025-01-25,South,83.66,3
2025-01-26,South,83.68,3
2025-01-27,South,111.16,4
2025-01-28,South,83.58,3
2025-01-01,South,84.51,3
2025-01-02,South,55.93,2
2025-01-03,South,112.86,4
2025-01-04,South,83.81,3
2025-01-05,South,84.47,3
2025-01-06,South,112.47,4
2025-01-07,South,84.21,3
2025-01-08,South,111.00,4
2025-01-09,South,84.80,3
2025-01-10,South,55.58,2
2025-01-11,South,84.50,3
2025-01-12,South,84.64,3
2025-01-13,South,55.74,2
2025-01-14,South,56.11,2
2025-01-15,South,84.55,3
2025-01-16,South,84.79,3
2025-01-17,South,83.46,3
2025-01-18,South,111.93,4
2025-01-19,South,55.58,2
2025-01-20,South,56.19,2
2025-01-21,South,112.33,4
2025-01-22,South,112.20,4
2025-01-23,South,84.07,3
2025-01-24,South,111.66,4
2025-01-25,South,84.64,3
2025-01-26,South,112.67,4
2025-01-27,South,84.11,3
2025-01-28,South,56.42,2
2025-01-01,South,112.28,4
2025-01-02,South,55.86,2
2025-01-03,South,84.31,3
2025-01-04,South,56.47,2
2025-01-05,South,112.75,4
2025-01-06,South,83.24,3
2025-01-07,South,112.33,4
2025-01-08,South,56.18,2
2025-01-09,South,112.08,4
2025-01-10,South,55.66,2
2025-01-11,South,111.78,4
2025-01-12,South,83.52,3
2025-01-13,South,56.45,2
2025-01-14,South,84.74,3
2025-01-15,South,56.40,2
2025-01-16,South,55.56,2
2025-01-17,South,55.59,2
2025-01-18,South,55.73,2
2025-01-19,South,84.19,3
2025-01-20,South,84.44,3
2025-01-21,South,55.67,2
2025-01-22,South,55.56,2
2025-01-23,South,84.58,3
2025-01-24,South,83.67,3
2025-01-25,South,112.65,4
2025-01-26,South,84.39,3
2025-01-27,South,112.05,4
2025-01-28,South,112.04,4
2025-01-01,South,55.63,2
2025-01-02,South,83.50,3
2025-01-03,South,55.51,2
2025-01-04,South,84.77,3
2025-01-05,South,56.22,2
2025-01-06,South,110.98,4
2025-01-07,South,83.43,3
2025-01-08,South,112.92,4
2025-01-09,South,112.52,4
2025-01-10,South,112.00,4
2025-01-11,South,84.31,3
2025-01-12,South,56.32,2
2025-01-13,South,55.50,2
2025-01-14,South,84.21,3
2025-01-15,South,84.19,3
2025-01-16,South,83.88,3
2025-01-17,South,83.85,3
2025-01-18,South,112.50,4
2025-01-19,South,111.42,4
2025-01-20,South,112.61,4
2025-01-21,South,112.88,4
2025-01-22,South,56.56,2
2025-01-23,South,111.13,4
2025-01-24,South,55.52,2
2025-01-25,South,55.72,2
2025-01-26,South,55.60,2
2025-01-27,South,111.35,4
2025-01-28,South,55.96,2
2025-01-01,South,112.73,4
2025-01-02,South,112.35,4
2025-01-01,East,156.50,3
2025-01-02,East,209.65,4
2025-01-03,East,211.22,4
2025-01-04,East,210.73,4
2025-01-05,East,105.44,2
2025-01-06,East,156.14,3
2025-01-07,East,156.29,3
2025-01-08,East,156.45,3
2025-01-09,East,105.24,2
2025-01-10,East,104.24,2
2025-01-11,East,158.49,3
2025-01-12,East,105.83,2
2025-01-13,East,104.79,2
2025-01-14,East,156.99,3
2025-01-15,East,156.60,3
2025-01-16,East,105.70,2
2025-01-17,East,157.35,3
2025-01-18,East,105.02,2
2025-01-19,East,210.12,4
2025-01-20,East,157.74,3
2025-01-21,East,157.89,3
2025-01-22,East,156.81,3
2025-01-23,East,210.97,4
2025-01-24,East,157.53,3
2025-01-25,East,157.70,3
2025-01-26,East,105.06,2
2025-01-27,East,211.48,4
2025-01-28,East,104.07,2
2025-01-01,East,210.48,4
2025-01-02,East,210.87,4
2025-01-03,East,210.61,4
2025-01-04,East,156.67,3
2025-01-05,East,104.13,2
2025-01-06,East,104.34,2
2025-01-07,East,158.01,3
2025-01-08,East,211.73,4
2025-01-09,East,158.56,3
2025-01-10,East,105.35,2
2025-01-11,East,208.52,4
2025-01-12,East,158.03,3
2025-01-13,East,104.96,2
2025-01-14,East,210.82,4
2025-01-15,East,104.02,2
2025-01-16,East,208.20,4
2025-01-17,East,104.66,2
2025-01-18,East,105.28,2
2025-01-19,East,105.09,2
2025-01-20,East,104.01,2
2025-01-21,East,210.75,4
2025-01-22,East,105.30,2
2025-01-23,East,208.49,4
2025-01-24,East,157.26,3
2025-01-25,East,208.31,4
2025-01-26,East,208.71,4
2025-01-27,East,104.21,2
2025-01-28,East,156.24,3
2025-01-01,East,104.96,2
2025-01-02,East,157.34,3
2025-01-03,East,208.93,4
2025-01-04,East,156.31,3
2025-01-05,East,210.58,4
2025-01-06,East,211.47,4
2025-01-07,East,104.39,2
2025-01-08,East,157.72,3
2025-01-09,East,156.96,3
2025-01-10,East,208.61,4
2025-01-11,East,209.21,4
2025-01-12,East,156.05,3
2025-01-13,East,155.94,3
2025-01-14,East,157.82,3
2025-01-15,East,208.16,4
2025-01-16,East,156.79,3
2025-01-17,East,208.94,4
2025-01-18,East,209.71,4
2025-01-19,East,208.52,4
2025-01-20,East,105.20,2
2025-01-21,East,157.15,3
2025-01-22,East,105.76,2
2025-01-23,East,157.42,3
2025-01-24,East,208.80,4
2025-01-25,East,210.84,4
2025-01-26,East,208.68,4
2025-01-27,East,157.96,3
2025-01-28,East,209.78,4
2025-01-01,East,158.33,3
2025-01-02,East,104.44,2
2025-01-03,East,211.02,4
2025-01-04,East,104.38,2
2025-01-05,East,104.96,2
2025-01-06,East,208.97,4
2025-01-07,East,158.69,3
2025-01-08,East,208.12,4
2025-01-09,East,105.03,2
2025-01-10,East,210.23,4
2025-01-11,East,105.07,2
2025-01-12,East,104.12,2
2025-01-13,East,156.92,3
2025-01-14,East,104.07,2
2025-01-15,East,158.92,3
2025-01-16,East,210.43,4
2025-01-17,East,210.37,4
2025-01-18,East,207.98,4
2025-01-19,East,209.56,4
2025-01-20,East,105.03,2
2025-01-21,East,104.74,2
2025-01-22,East,105.00,2
2025-01-23,East,209.74,4
2025-01-24,East,208.23,4
2025-01-25,East,210.19,4
2025-01-26,East,209.08,4
2025-01-27,East,104.51,2
2025-01-28,East,208.92,4
2025-01-01,East,156.28,3
2025-01-02,East,209.92,4
2025-01-03,East,211.05,4
2025-01-04,East,211.40,4
2025-01-05,East,157.76,3
2025-01-06,East,158.32,3
2025-01-07,East,104.46,2
2025-01-08,East,104.40,2
2025-01-09,East,104.81,2
2025-01-10,East,210.38,4
2025-01-11,East,104.13,2
2025-01-12,East,105.00,2
2025-01-13,East,156.00,3
2025-01-14,East,158.11,3
2025-01-15,East,210.47,4
2025-01-16,East,156.88,3
2025-01-17,East,211.39,4
2025-01-18,East,157.47,3
2025-01-19,East,105.18,2
2025-01-20,East,104.19,2
2025-01-21,East,208.80,4
2025-01-22,East,104.52,2
2025-01-23,East,157.71,3
2025-01-24,East,211.14,4
2025-01-25,East,210.76,4
2025-01-26,East,105.00,2
2025-01-27,East,208.29,4
2025-01-28,East,105.04,2
2025-01-01,West,100.20,4
2025-01-02,West,50.32,2
2025-01-03,West,49.51,2
2025-01-04,West,100.26,4
2025-01-05,West,74.49,3
2025-01-06,West,74.88,3
2025-01-07,West,49.61,2
2025-01-08,West,100.81,4
2025-01-09,West,100.22,4
2025-01-10,West,74.46,3
2025-01-11,West,99.88,4
2025-01-12,West,100.40,4
2025-01-13,West,99.50,4
2025-01-14,West,100.46,4
2025-01-15,West,99.98,4
2025-01-16,West,74.86,3
2025-01-17,West,50.43,2
2025-01-18,West,50.29,2
2025-01-19,West,75.30,3
2025-01-20,West,49.93,2
2025-01-21,West,75.21,3
2025-01-22,West,49.96,2
2025-01-23,West,50.00,2
2025-01-24,West,50.27,2
2025-01-25,West,75.50,3
2025-01-26,West,75.38,3
2025-01-27,West,49.97,2
2025-01-28,West,99.65,4
2025-01-01,West,50.07,2
2025-01-02,West,50.43,2
2025-01-03,West,100.94,4
2025-01-04,West,74.60,3
2025-01-05,West,50.02,2
2025-01-06,West,74.56,3
2025-01-07,West,49.84,2
2025-01-08,West,50.31,2
2025-01-09,West,49.67,2
2025-01-10,West,49.80,2
2025-01-11,West,50.06,2
2025-01-12,West,74.85,3
2025-01-13,West,49.91,2
2025-01-14,West,49.93,2
2025-01-15,West,99.36,4
2025-01-16,West,100.18,4
2025-01-17,West,99.80,4
2025-01-18,West,49.87,2
2025-01-19,West,74.34,3
2025-01-20,West,75.08,3
2025-01-21,West,100.58,4
2025-01-22,West,100.09,4
2025-01-23,West,50.25,2
2025-01-24,West,100.26,4
2025-01-25,West,100.59,4
2025-01-26,West,49.98,2
2025-01-27,West,100.81,4
2025-01-28,West,99.53,4
2025-01-01,West,50.27,2
2025-01-02,West,99.96,4
2025-01-03,West,100.90,4
2025-01-04,West,49.65,2
2025-01-05,West,75.39,3
2025-01-06,West,50.11,2
2025-01-07,West,49.56,2
2025-01-08,West,100.29,4
2025-01-09,West,74.66,3
2025-01-10,West,100.50,4
2025-01-11,West,100.82,4
2025-01-12,West,100.54,4
2025-01-13,West,75.16,3
2025-01-14,West,50.37,2
2025-01-15,West,100.89,4
2025-01-16,West,75.50,3
2025-01-17,West,75.61,3
2025-01-18,West,75.12,3
2025-01-19,West,100.21,4
2025-01-20,West,50.30,2
2025-01-21,West,49.65,2
2025-01-22,West,74.80,3
2025-01-23,West,74.27,3
2025-01-24,West,50.46,2
2025-01-25,West,74.71,3
2025-01-26,West,74.67,3
2025-01-27,West,74.56,3
2025-01-28,West,75.43,3
2025-01-01,West,100.77,4
2025-01-02,West,100.72,4
2025-01-03,West,75.55,3
2025-01-04,West,50.04,2
2025-01-05,West,49.89,2
2025-01-06,West,50.44,2
2025-01-07,West,49.54,2
2025-01-08,West,49.81,2
2025-01-09,West,75.06,3
2025-01-10,West,100.26,4
2025-01-11,West,100.46,4
2025-01-12,West,50.29,2
2025-01-13,West,49.85,2
2025-01-14,West,50.50,2
2025-01-15,West,100.64,4
2025-01-16,West,74.84,3
2025-01-17,West,75.19,3
2025-01-18,West,99.90,4
2025-01-19,West,50.19,2
2025-01-20,West,99.71,4
2025-01-21,West,49.55,2
2025-01-22,West,50.38,2
2025-01-23,West,50.12,2
2025-01-24,West,75.17,3
2025-01-25,West,75.01,3
2025-01-26,West,74.26,3
2025-02-01,North,89.41,2
2025-02-02,North,133.83,3
2025-02-03,North,89.99,2
2025-02-04,North,180.51,4
2025-02-05,North,89.80,2
2025-02-06,North,90.53,2
2025-02-07,North,180.12,4
2025-02-08,North,89.65,2
2025-02-09,North,134.15,3
2025-02-10,North,89.92,2
2025-02-11,North,133.96,3
2025-02-12,North,89.13,2
2025-02-13,North,180.51,4
2025-02-14,North,89.83,2
2025-02-15,North,181.04,4
2025-02-16,North,178.65,4
2025-02-17,North,135.02,3
2025-02-18,North,181.40,4
2025-02-19,North,89.17,2
2025-02-20,North,90.49,2
2025-02-21,North,133.99,3
2025-02-22,North,180.74,4
2025-02-23,North,179.78,4
2025-02-24,North,89.88,2
2025-02-25,North,179.32,4
2025-02-26,North,135.60,3
2025-02-27,North,135.01,3
2025-02-28,North,90.56,2
2025-02-01,North,180.13,4
2025-02-02,North,90.01,2
2025-02-03,North,90.37,2
2025-02-04,North,178.86,4
2025-02-05,North,90.88,2
2025-02-06,North,178.33,4
2025-02-07,North,89.34,2
2025-02-08,North,180.62,4
2025-02-09,North,179.30,4
2025-02-10,North,133.69,3
2025-02-11,North,89.20,2
2025-02-12,North,181.73,4
2025-02-13,North,181.39,4
2025-02-14,North,180.74,4
2025-02-15,North,135.58,3
2025-02-16,North,89.90,2
2025-02-17,North,134.79,3
2025-02-18,North,179.49,4
2025-02-19,North,90.69,2
2025-02-20,North,134.17,3
2025-02-21,North,90.12,2
2025-02-22,North,89.29,2
2025-02-23,North,90.61,2
2025-02-24,North,89.55,2
2025-02-25,North,180.08,4
2025-02-26,North,178.77,4
2025-02-27,North,135.41,3
2025-02-28,North,181.40,4
2025-02-01,North,136.21,3
2025-02-02,North,89.56,2
2025-02-03,North,135.70,3
2025-02-04,North,90.59,2
2025-02-05,North,135.73,3
2025-02-06,North,178.96,4
2025-02-07,North,134.62,3
2025-02-08,North,135.40,3
2025-02-09,North,134.98,3
2025-02-10,North,90.41,2
2025-02-11,North,89.57,2
2025-02-12,North,90.49,2
2025-02-13,North,134.64,3
2025-02-14,North,178.28,4
2025-02-15,North,178.45,4
2025-02-16,North,136.28,3
2025-02-17,North,136.05,3
2025-02-18,North,90.73,2
2025-02-19,North,89.68,2
2025-02-20,North,90.89,2
2025-02-21,North,181.05,4
2025-02-22,North,180.74,4
2025-02-23,North,180.41,4
2025-02-24,North,89.27,2
2025-02-25,North,89.19,2
2025-02-26,North,178.43,4
2025-02-27,North,135.40,3
2025-02-28,North,135.46,3
2025-02-01,North,89.88,2
2025-02-02,North,90.75,2
2025-02-03,North,90.01,2
2025-02-04,North,89.26,2
2025-02-05,North,136.07,3
2025-02-06,North,89.73,2
2025-02-07,North,179.49,4
2025-02-08,North,90.89,2
2025-02-09,North,89.36,2
2025-02-10,North,179.97,4
2025-02-11,North,135.15,3
2025-02-12,North,89.90,2
2025-02-13,North,178.70,4
2025-02-14,North,135.80,3
2025-02-15,North,133.83,3
2025-02-16,North,179.13,4
2025-02-17,North,178.63,4
2025-02-18,North,178.49,4
2025-02-19,North,181.49,4
2025-02-20,North,90.12,2
2025-02-21,North,134.13,3
2025-02-22,North,136.34,3
2025-02-23,North,134.08,3
2025-02-24,North,180.31,4
2025-02-25,North,134.40,3
2025-02-26,North,178.83,4
2025-02-27,North,89.94,2
2025-02-28,North,90.72,2
2025-02-01,North,136.05,3
2025-02-02,North,181.31,4
2025-02-03,North,90.51,2
2025-02-04,North,136.31,3
2025-02-05,North,180.04,4
2025-02-06,North,89.20,2
2025-02-07,North,135.72,3
2025-02-08,North,135.23,3
2025-02-09,North,180.23,4
2025-02-10,North,135.65,3
2025-02-11,North,179.73,4
2025-02-12,North,136.08,3
2025-02-13,North,180.04,4
2025-02-14,North,135.71,3
2025-02-15,North,135.07,3
2025-02-16,North,181.19,4
2025-02-17,North,180.01,4
2025-02-18,North,179.58,4
2025-02-19,North,89.31,2
2025-02-20,North,178.49,4
2025-02-21,North,178.57,4
2025-02-22,North,134.65,3
2025-02-23,North,135.48,3
2025-02-24,North,135.19,3
2025-02-25,North,89.65,2
2025-02-26,North,179.98,4
2025-02-27,North,89.83,2
2025-02-28,North,134.21,3
2025-02-01,North,179.12,4
2025-02-02,North,89.47,2
2025-02-03,North,180.87,4
2025-02-04,North,135.01,3
2025-02-05,North,134.65,3
2025-02-06,North,90.31,2
2025-02-07,North,178.72,4
2025-02-08,North,179.22,4
2025-02-09,North,89.43,2
2025-02-10,North,181.13,4
2025-02-11,North,135.54,3
2025-02-12,North,89.67,2
2025-02-13,North,90.86,2
2025-02-14,North,135.73,3
2025-02-15,North,180.21,4
2025-02-16,North,135.61,3
2025-02-17,North,90.00,2
2025-02-18,North,180.15,4
2025-02-19,North,181.11,4
2025-02-20,North,90.77,2
2025-02-21,North,181.79,4
2025-02-22,North,136.21,3
2025-02-23,North,180.71,4
2025-02-24,North,179.84,4
2025-02-25,North,134.50,3
2025-02-26,North,179.69,4
2025-02-27,North,135.73,3
2025-02-28,North,89.94,2
2025-02-01,North,179.11,4
2025-02-02,North,179.72,4
2025-02-03,North,89.93,2
2025-02-04,North,90.31,2
2025-02-05,North,134.39,3
2025-02-06,North,89.93,2
2025-02-07,North,134.46,3
2025-02-08,North,136.04,3
2025-02-09,North,135.23,3
2025-02-10,North,180.83,4
2025-02-11,North,134.78,3
2025-02-12,North,134.75,3
2025-02-13,North,134.02,3
2025-02-14,North,179.14,4
2025-02-15,North,179.98,4
2025-02-16,North,179.41,4
2025-02-17,North,89.41,2
2025-02-18,North,135.16,3
2025-02-19,North,178.52,4
2025-02-20,North,89.85,2
2025-02-21,North,133.99,3
2025-02-22,North,135.93,3
2025-02-23,North,89.36,2
2025-02-24,North,135.87,3
2025-02-25,North,89.43,2
2025-02-26,North,133.78,3
2025-02-27,North,179.35,4
2025-02-28,North,179.87,4
2025-02-01,North,135.77,3
2025-02-02,North,135.44,3
2025-02-03,North,180.53,4
2025-02-04,North,179.19,4
2025-02-01,South,55.81,2
2025-02-02,South,56.15,2
2025-02-03,South,55.91,2
2025-02-04,South,56.51,2
2025-02-05,South,56.40,2
2025-02-06,South,110.91,4
2025-02-07,South,111.51,4
2025-02-08,South,84.46,3
2025-02-09,South,84.24,3
2025-02-10,South,55.99,2
2025-02-11,South,83.88,3
2025-02-12,South,84.27,3
2025-02-13,South,84.39,3
2025-02-14,South,55.96,2
2025-02-15,South,83.64,3
2025-02-16,South,83.35,3
2025-02-17,South,112.99,4
2025-02-18,South,55.49,2
2025-02-19,South,84.54,3
2025-02-20,South,112.75,4
2025-02-21,South,111.68,4
2025-02-22,South,55.47,2
2025-02-23,South,112.30,4
2025-02-24,South,84.04,3
2025-02-25,South,113.05,4
2025-02-26,South,83.60,3
2025-02-27,South,56.12,2
2025-02-28,South,111.45,4
2025-02-01,South,56.14,2
2025-02-02,South,83.88,3
2025-02-03,South,84.72,3
2025-02-04,South,112.05,4
2025-02-05,South,84.01,3
2025-02-06,South,111.77,4
2025-02-07,South,56.06,2
2025-02-08,South,56.46,2
2025-02-09,South,112.40,4
2025-02-10,South,55.69,2
2025-02-11,South,84.42,3
2025-02-12,South,83.47,3
2025-02-13,South,83.26,3
2025-02-14,South,56.15,2
2025-02-15,South,112.02,4
2025-02-16,South,55.51,2
2025-02-17,South,84.53,3
2025-02-18,South,111.53,4
2025-02-19,South,55.82,2
2025-02-20,South,112.09,4
2025-02-21,South,84.67,3
2025-02-22,South,110.94,4
2025-02-23,South,83.62,3
2025-02-24,South,83.54,3
2025-02-25,South,55.71,2
2025-02-26,South,112.63,4
2025-02-27,South,112.41,4
2025-02-28,South,111.86,4
2025-02-01,South,84.08,3
2025-02-02,South,112.15,4
2025-02-03,South,84.42,3
2025-02-04,South,56.50,2
2025-02-05,South,56.44,2
2025-02-06,South,111.91,4
2025-02-07,South,83.77,3
2025-02-08,South,55.82,2
2025-02-09,South,83.39,3
2025-02-10,South,55.87,2
2025-02-11,South,83.34,3
2025-02-12,South,84.08,3
2025-02-13,South,56.29,2
2025-02-14,South,84.69,3
2025-02-15,South,84.19,3
2025-02-16,South,111.29,4
2025-02-17,South,83.85,3
2025-02-18,South,83.41,3
2025-02-19,South,111.67,4
2025-02-20,South,111.17,4
2025-02-21,South,112.81,4
2025-02-22,South,55.57,2
2025-02-23,South,56.18,2
2025-02-24,South,56.14,2
2025-02-25,South,112.13,4
2025-02-26,South,111.98,4
2025-02-27,South,111.76,4
2025-02-28,South,111.25,4
2025-02-01,South,56.15,2
2025-02-02,South,111.44,4
2025-02-03,South,112.27,4
2025-02-04,South,84.80,3
2025-02-05,South,111.93,4
2025-02-06,South,112.88,4
2025-02-07,South,83.50,3
2025-02-08,South,83.68,3
2025-02-09,South,83.56,3
2025-02-10,South,84.49,3
2025-02-11,South,112.86,4
2025-02-12,South,83.37,3
2025-02-13,South,56.10,2
2025-02-14,South,56.25,2
2025-02-15,South,83.27,3
2025-02-16,South,84.60,3
2025-02-17,South,84.70,3
2025-02-18,South,111.61,4
2025-02-19,South,84.20,3
2025-02-20,South,111.89,4
2025-02-21,South,55.51,2
2025-02-22,South,84.38,3
2025-02-23,South,56.25,2
2025-02-24,South,84.35,3
2025-02-25,South,56.05,2
2025-02-26,South,83.92,3
2025-02-27,South,111.98,4
2025-02-28,South,56.34,2
2025-02-01,South,112.10,4
2025-02-02,South,56.21,2
2025-02-03,South,56.48,2
2025-02-04,South,56.26,2
2025-02-05,South,111.53,4
2025-02-06,South,112.76,4
2025-02-07,South,84.58,3
2025-02-08,South,84.67,3
2025-02-09,South,83.82,3
2025-02-10,South,111.96,4
2025-02-11,South,56.11,2
2025-02-12,South,111.75,4
2025-02-13,South,112.53,4
2025-02-14,South,84.24,3
2025-02-15,South,56.03,2
2025-02-16,South,84.75,3
2025-02-17,South,55.63,2
2025-02-18,South,83.52,3
2025-02-19,South,83.67,3
2025-02-20,South,83.71,3
2025-02-21,South,111.38,4
2025-02-22,South,110.88,4
2025-02-23,South,83.27,3
2025-02-24,South,55.87,2
2025-02-25,South,111.96,4
2025-02-26,South,111.67,4
2025-02-27,South,84.02,3
2025-02-28,South,83.25,3
2025-02-01,South,111.24,4
2025-02-02,South,111.67,4
2025-02-03,South,83.19,3
2025-02-04,South,83.27,3
2025-02-05,South,84.14,3
2025-02-06,South,55.48,2
2025-02-07,South,112.77,4
2025-02-08,South,55.55,2
2025-02-09,South,112.27,4
2025-02-10,South,55.81,2
2025-02-11,South,55.91,2
2025-02-12,South,112.64,4
2025-02-13,South,111.27,4
2025-02-14,South,56.34,2
2025-02-15,South,111.71,4
2025-02-16,South,113.03,4
2025-02-17,South,55.46,2
2025-02-18,South,56.21,2
2025-02-19,South,112.54,4
2025-02-20,South,83.77,3
2025-02-21,South,55.52,2
2025-02-22,South,55.74,2
2025-02-23,South,83.35,3
2025-02-24,South,112.41,4
2025-02-25,South,56.23,2
2025-02-26,South,84.68,3
2025-02-27,South,55.63,2
2025-02-28,South,56.55,2
2025-02-01,South,112.54,4
2025-02-02,South,111.64,4
2025-02-01,East,104.43,2
2025-02-02,East,103.97,2
2025-02-03,East,104.87,2
2025-02-04,East,208.40,4
2025-02-05,East,156.24,3
2025-02-06,East,156.16,3
2025-02-07,East,208.82,4
2025-02-08,East,210.68,4
2025-02-09,East,158.94,3
2025-02-10,East,208.20,4
2025-02-11,East,157.85,3
2025-02-12,East,105.45,2
2025-02-13,East,156.96,3
2025-02-14,East,157.39,3
2025-02-15,East,157.49,3
2025-02-16,East,210.26,4
2025-02-17,East,156.14,3
2025-02-18,East,209.18,4
2025-02-19,East,208.52,4
2025-02-20,East,210.07,4
2025-02-21,East,209.26,4
2025-02-22,East,156.08,3
2025-02-23,East,210.63,4
2025-02-24,East,156.95,3
2025-02-25,East,158.59,3
2025-02-26,East,157.43,3
2025-02-27,East,104.73,2
2025-02-28,East,210.56,4
2025-02-01,East,157.12,3
2025-02-02,East,104.78,2
2025-02-03,East,158.80,3
2025-02-04,East,105.47,2
2025-02-05,East,157.46,3
2025-02-06,East,104.13,2
2025-02-07,East,208.17,4
2025-02-08,East,104.96,2
2025-02-09,East,158.73,3
2025-02-10,East,105.56,2
2025-02-11,East,105.43,2
2025-02-12,East,156.33,3
2025-02-13,East,156.81,3
2025-02-14,East,104.90,2
2025-02-15,East,208.70,4
2025-02-16,East,158.03,3
2025-02-17,East,211.89,4
2025-02-18,East,209.81,4
2025-02-19,East,208.13,4
2025-02-20,East,104.71,2
2025-02-21,East,158.16,3
2025-02-22,East,104.75,2
2025-02-23,East,105.79,2
2025-02-24,East,211.12,4
2025-02-25,East,157.67,3
2025-02-26,East,157.67,3
2025-02-27,East,157.21,3
2025-02-28,East,208.33,4
2025-02-01,East,158.22,3
2025-02-02,East,156.92,3
2025-02-03,East,158.11,3
2025-02-04,East,105.28,2
2025-02-05,East,104.76,2
2025-02-06,East,104.63,2
2025-02-07,East,105.88,2
2025-02-08,East,210.18,4
2025-02-09,East,158.17,3
2025-02-10,East,211.70,4
2025-02-11,East,104.68,2
2025-02-12,East,212.01,4
2025-02-13,East,105.11,2
2025-02-14,East,210.43,4
2025-02-15,East,208.76,4
2025-02-16,East,105.50,2
2025-02-17,East,104.53,2
2025-02-18,East,156.47,3
2025-02-19,East,209.93,4
2025-02-20,East,105.62,2
2025-02-21,East,208.18,4
2025-02-22,East,157.58,3
2025-02-23,East,104.68,2
2025-02-24,East,104.81,2
2025-02-25,East,105.44,2
2025-02-26,East,207.91,4
2025-02-27,East,105.68,2
2025-02-28,East,157.02,3
2025-02-01,East,157.29,3
2025-02-02,East,105.41,2
2025-02-03,East,157.47,3
2025-02-04,East,210.13,4
2025-02-05,East,212.02,4
2025-02-06,East,209.09,4
2025-02-07,East,210.17,4
2025-02-08,East,211.26,4
2025-02-09,East,211.93,4
2025-02-10,East,105.19,2
2025-02-11,East,105.84,2
2025-02-12,East,104.28,2
2025-02-13,East,156.33,3
2025-02-14,East,210.08,4
2025-02-15,East,157.15,3
2025-02-16,East,105.73,2
2025-02-17,East,105.25,2
2025-02-18,East,208.48,4
2025-02-19,East,210.49,4
2025-02-20,East,157.48,3
2025-02-21,East,104.90,2
2025-02-22,East,157.33,3
2025-02-23,East,208.93,4
2025-02-24,East,209.26,4
2025-02-25,East,104.65,2
2025-02-26,East,105.65,2
2025-02-27,East,105.89,2
2025-02-28,East,208.96,4
2025-02-01,East,104.22,2
2025-02-02,East,158.33,3
2025-02-03,East,209.25,4
2025-02-04,East,157.65,3
2025-02-05,East,209.70,4
2025-02-06,East,156.68,3
2025-02-07,East,105.96,2
2025-02-08,East,209.11,4
2025-02-09,East,104.91,2
2025-02-10,East,210.64,4
2025-02-11,East,156.47,3
2025-02-12,East,157.41,3
2025-02-13,East,104.75,2
2025-02-14,East,105.98,2
2025-02-15,East,104.36,2
2025-02-16,East,104.50,2
2025-02-17,East,105.78,2
2025-02-18,East,208.38,4
2025-02-19,East,211.86,4
2025-02-20,East,104.44,2
2025-02-21,East,158.04,3
2025-02-22,East,157.89,3
2025-02-23,East,158.58,3
2025-02-24,East,104.49,2
2025-02-25,East,105.92,2
2025-02-26,East,105.09,2
2025-02-27,East,103.99,2
2025-02-28,East,210.04,4
2025-02-01,West,50.11,2
2025-02-02,West,75.62,3
2025-02-03,West,49.98,2
2025-02-04,West,74.69,3
2025-02-05,West,74.64,3
2025-02-06,West,100.27,4
2025-02-07,West,49.61,2
2025-02-08,West,49.76,2
2025-02-09,West,74.89,3
2025-02-10,West,100.54,4
2025-02-11,West,50.18,2
2025-02-12,West,74.31,3
2025-02-13,West,99.74,4
2025-02-14,West,74.85,3
2025-02-15,West,50.35,2
2025-02-16,West,100.92,4
2025-02-17,West,49.52,2
2025-02-18,West,75.73,3
2025-02-19,West,99.67,4
2025-02-20,West,49.92,2
2025-02-21,West,49.88,2
2025-02-22,West,75.25,3
2025-02-23,West,100.57,4
2025-02-24,West,74.42,3
2025-02-25,West,100.29,4
2025-02-26,West,50.00,2
2025-02-27,West,75.38,3
2025-02-28,West,100.25,4
2025-02-01,West,50.04,2
2025-02-02,West,75.74,3
2025-02-03,West,75.29,3
2025-02-04,West,74.38,3
2025-02-05,West,100.63,4
2025-02-06,West,75.54,3
2025-02-07,West,100.98,4
2025-02-08,West,49.88,2
2025-02-09,West,50.49,2
2025-02-10,West,74.85,3
2025-02-11,West,50.48,2
2025-02-12,West,100.88,4
2025-02-13,West,50.37,2
2025-02-14,West,74.74,3
2025-02-15,West,75.10,3
2025-02-16,West,75.49,3
2025-02-17,West,74.78,3
2025-02-18,West,49.86,2
2025-02-19,West,50.38,2
2025-02-20,West,50.21,2
2025-02-21,West,99.36,4
2025-02-22,West,99.74,4
2025-02-23,West,100.44,4
2025-02-24,West,100.32,4
2025-02-25,West,100.53,4
2025-02-26,West,49.97,2
2025-02-27,West,50.07,2
2025-02-28,West,99.11,4
2025-02-01,West,50.18,2
2025-02-02,West,100.72,4
2025-02-03,West,99.23,4
2025-02-04,West,74.75,3
2025-02-05,West,75.38,3
2025-02-06,West,100.67,4
2025-02-07,West,74.50,3
2025-02-08,West,49.63,2
2025-02-09,West,99.06,4
2025-02-10,West,50.04,2
2025-02-11,West,100.14,4
2025-02-12,West,75.36,3
2025-02-13,West,75.10,3
2025-02-14,West,100.88,4
2025-02-15,West,99.15,4
2025-02-16,West,100.75,4
2025-02-17,West,100.54,4
2025-02-18,West,74.82,3
2025-02-19,West,99.25,4
2025-02-20,West,50.04,2
2025-02-21,West,74.98,3
2025-02-22,West,75.04,3
2025-02-23,West,100.87,4
2025-02-24,West,50.31,2
2025-02-25,West,75.72,3
2025-02-26,West,100.06,4
2025-02-27,West,49.97,2
2025-02-28,West,99.82,4
2025-02-01,West,99.36,4
2025-02-02,West,50.25,2
2025-02-03,West,99.53,4
2025-02-04,West,50.34,2
2025-02-05,West,49.81,2
2025-02-06,West,75.36,3
2025-02-07,West,99.03,4
2025-02-08,West,100.81,4
2025-02-09,West,50.34,2
2025-02-10,West,50.07,2
2025-02-11,West,75.69,3
2025-02-12,West,49.77,2
2025-02-13,West,100.62,4
2025-02-14,West,74.89,3
2025-02-15,West,99.85,4
2025-02-16,West,99.74,4
2025-02-17,West,74.99,3
2025-02-18,West,50.25,2
2025-02-19,West,99.24,4
2025-02-20,West,99.64,4
2025-02-21,West,50.35,2
2025-02-22,West,74.73,3
2025-02-23,West,49.55,2
2025-02-24,West,75.49,3
2025-02-25,West,50.17,2
2025-02-26,West,75.22,3
2025-03-01,North,89.53,2
2025-03-02,North,134.69,3
2025-03-03,North,90.32,2
2025-03-04,North,134.17,3
2025-03-05,North,89.55,2
2025-03-06,North,90.76,2
2025-03-07,North,136.19,3
2025-03-08,North,89.91,2
2025-03-09,North,90.67,2
2025-03-10,North,135.77,3
2025-03-11,North,89.98,2
2025-03-12,North,180.89,4
2025-03-13,North,89.63,2
2025-03-14,North,180.61,4
2025-03-15,North,89.50,2
2025-03-16,North,89.86,2
2025-03-17,North,136.02,3
2025-03-18,North,178.54,4
2025-03-19,North,90.40,2
2025-03-20,North,180.93,4
2025-03-21,North,181.53,4
2025-03-22,North,89.99,2
2025-03-23,North,90.77,2
2025-03-24,North,90.58,2
2025-03-25,North,179.06,4
2025-03-26,North,134.98,3
2025-03-27,North,90.80,2
2025-03-28,North,135.42,3
2025-03-01,North,180.97,4
2025-03-02,North,179.71,4
2025-03-03,North,179.82,4
2025-03-04,North,181.48,4
2025-03-05,North,89.27,2
2025-03-06,North,134.32,3
2025-03-07,North,89.61,2
2025-03-08,North,134.70,3
2025-03-09,North,135.67,3
2025-03-10,North,89.89,2
2025-03-11,North,135.68,3
2025-03-12,North,178.66,4
2025-03-13,North,135.14,3
2025-03-14,North,90.67,2
2025-03-15,North,181.36,4
2025-03-16,North,89.65,2
2025-03-17,North,89.80,2
2025-03-18,North,89.25,2
2025-03-19,North,89.95,2
2025-03-20,North,136.23,3
2025-03-21,North,135.67,3
2025-03-22,North,181.32,4
2025-03-23,North,178.35,4
2025-03-24,North,89.76,2
2025-03-25,North,135.36,3
2025-03-26,North,179.60,4
2025-03-27,North,135.73,3
2025-03-28,North,90.13,2
2025-03-01,North,181.31,4
2025-03-02,North,179.01,4
2025-03-03,North,180.78,4
2025-03-04,North,135.25,3
2025-03-05,North,180.46,4
2025-03-06,North,89.95,2
2025-03-07,North,134.14,3
2025-03-08,North,181.45,4
2025-03-09,North,136.34,3
2025-03-10,North,89.62,2
2025-03-11,North,135.07,3
2025-03-12,North,90.29,2
2025-03-13,North,89.16,2
2025-03-14,North,178.68,4
2025-03-15,North,135.20,3
2025-03-16,North,90.75,2
2025-03-17,North,133.69,3
2025-03-18,North,89.65,2
2025-03-19,North,178.37,4
2025-03-20,North,181.64,4
2025-03-21,North,90.14,2
2025-03-22,North,133.77,3
2025-03-23,North,89.11,2
2025-03-24,North,134.08,3
2025-03-25,North,89.17,2
2025-03-26,North,90.03,2
2025-03-27,North,178.99,4
2025-03-28,North,90.49,2
2025-03-01,North,134.47,3
2025-03-02,North,90.86,2
2025-03-03,North,133.94,3
2025-03-04,North,179.77,4
2025-03-05,North,134.50,3
2025-03-06,North,133.93,3
2025-03-07,North,90.45,2
2025-03-08,North,89.12,2
2025-03-09,North,179.18,4
2025-03-10,North,136.15,3
2025-03-11,North,90.17,2
2025-03-12,North,134.65,3
2025-03-13,North,135.94,3
2025-03-14,North,179.05,4
2025-03-15,North,89.11,2
2025-03-16,North,89.82,2
2025-03-17,North,90.28,2
2025-03-18,North,180.85,4
2025-03-19,North,135.78,3
2025-03-20,North,134.29,3
2025-03-21,North,89.19,2
2025-03-22,North,134.14,3
2025-03-23,North,90.08,2
2025-03-24,North,89.58,2
2025-03-25,North,134.95,3
2025-03-26,North,179.69,4
2025-03-27,North,89.99,2
2025-03-28,North,178.95,4
2025-03-01,North,136.04,3
2025-03-02,North,90.66,2
2025-03-03,North,135.32,3
2025-03-04,North,90.46,2
2025-03-05,North,179.81,4
2025-03-06,North,134.45,3
2025-03-07,North,179.16,4
2025-03-08,North,136.35,3
2025-03-09,North,89.58,2
2025-03-10,North,134.25,3
2025-03-11,North,134.30,3
2025-03-12,North,180.34,4
2025-03-13,North,136.05,3
2025-03-14,North,135.77,3
2025-03-15,North,181.29,4
2025-03-16,North,134.39,3
2025-03-17,North,136.21,3
2025-03-18,North,90.58,2
2025-03-19,North,136.19,3
2025-03-20,North,134.66,3
2025-03-21,North,89.62,2
2025-03-22,North,135.68,3
2025-03-23,North,135.02,3
2025-03-24,North,179.80,4
2025-03-25,North,133.86,3
2025-03-26,North,180.23,4
2025-03-27,North,133.72,3
2025-03-28,North,90.64,2
2025-03-01,North,90.87,2
2025-03-02,North,89.11,2
2025-03-03,North,90.09,2
2025-03-04,North,178.47,4
2025-03-05,North,180.79,4
2025-03-06,North,180.78,4
2025-03-07,North,134.48,3
2025-03-08,North,89.92,2
2025-03-09,North,181.22,4
2025-03-10,North,179.54,4
2025-03-11,North,135.01,3
2025-03-12,North,180.45,4
2025-03-13,North,179.95,4
2025-03-14,North,90.83,2
2025-03-15,North,178.35,4
2025-03-16,North,179.13,4
2025-03-17,North,135.13,3
2025-03-18,North,180.64,4
2025-03-19,North,89.72,2
2025-03-20,North,90.89,2
2025-03-21,North,134.15,3
2025-03-22,North,179.48,4
2025-03-23,North,179.90,4
2025-03-24,North,90.88,2
2025-03-25,North,134.19,3
2025-03-26,North,179.31,4
2025-03-27,North,136.24,3
2025-03-28,North,178.75,4
2025-03-01,North,90.51,2
2025-03-02,North,90.02,2
2025-03-03,North,90.08,2
2025-03-04,North,136.15,3
2025-03-05,North,90.38,2
2025-03-06,North,134.03,3
2025-03-07,North,89.43,2
2025-03-08,North,89.17,2
2025-03-09,North,89.32,2
2025-03-10,North,180.42,4
2025-03-11,North,136.24,3
2025-03-12,North,180.56,4
2025-03-13,North,180.50,4
2025-03-14,North,90.26,2
2025-03-15,North,134.17,3
2025-03-16,North,89.32,2
2025-03-17,North,179.99,4
2025-03-18,North,181.15,4
2025-03-19,North,90.20,2
2025-03-20,North,180.74,4
2025-03-21,North,135.33,3
2025-03-22,North,181.48,4
2025-03-23,North,178.50,4
2025-03-24,North,180.37,4
2025-03-25,North,89.93,2
2025-03-26,North,89.50,2
2025-03-27,North,135.41,3
2025-03-28,North,89.82,2
2025-03-01,North,178.86,4
2025-03-02,North,89.16,2
2025-03-03,North,90.80,2
2025-03-04,North,178.67,4
2025-03-01,South,55.67,2
2025-03-02,South,113.00,4
2025-03-03,South,83.40,3
2025-03-04,South,111.37,4
2025-03-05,South,84.20,3
2025-03-06,South,84.14,3
2025-03-07,South,111.81,4
2025-03-08,South,111.21,4
2025-03-09,South,56.42,2
2025-03-10,South,83.50,3
2025-03-11,South,83.62,3
2025-03-12,South,84.75,3
2025-03-13,South,56.06,2
2025-03-14,South,55.71,2
2025-03-15,South,111.88,4
2025-03-16,South,55.45,2
2025-03-17,South,83.36,3
2025-03-18,South,55.67,2
2025-03-19,South,55.89,2
2025-03-20,South,56.10,2
2025-03-21,South,56.34,2
2025-03-22,South,112.37,4
2025-03-23,South,56.21,2
2025-03-24,South,56.22,2
2025-03-25,South,84.15,3
2025-03-26,South,56.38,2
2025-03-27,South,56.51,2
2025-03-28,South,55.78,2
2025-03-01,South,84.38,3
2025-03-02,South,56.29,2
2025-03-03,South,83.35,3
2025-03-04,South,83.86,3
2025-03-05,South,112.40,4
2025-03-06,South,84.76,3
2025-03-07,South,55.62,2
2025-03-08,South,84.47,3
2025-03-09,South,112.34,4
2025-03-10,South,84.11,3
2025-03-11,South,56.28,2
2025-03-12,South,113.09,4
2025-03-13,South,56.49,2
2025-03-14,South,55.88,2
2025-03-15,South,112.55,4
2025-03-16,South,83.25,3
2025-03-17,South,112.19,4
2025-03-18,South,56.41,2
2025-03-19,South,83.89,3
2025-03-20,South,112.04,4
2025-03-21,South,55.94,2
2025-03-22,South,55.82,2
2025-03-23,South,56.28,2
2025-03-24,South,83.93,3
2025-03-25,South,84.56,3
2025-03-26,South,55.92,2
2025-03-27,South,56.51,2
2025-03-28,South,56.00,2
2025-03-01,South,112.39,4
2025-03-02,South,111.82,4
2025-03-03,South,112.12,4
2025-03-04,South,56.54,2
2025-03-05,South,55.55,2
2025-03-06,South,56.11,2
2025-03-07,South,56.12,2
2025-03-08,South,112.09,4
2025-03-09,South,55.60,2
2025-03-10,South,83.92,3
2025-03-11,South,84.74,3
2025-03-12,South,83.67,3
2025-03-13,South,84.07,3
2025-03-14,South,112.31,4
2025-03-15,South,111.58,4
2025-03-16,South,56.16,2
2025-03-17,South,112.50,4
2025-03-18,South,55.71,2
2025-03-19,South,55.88,2
2025-03-20,South,84.75,3
2025-03-21,South,84.44,3
2025-03-22,South,111.72,4
2025-03-23,South,111.23,4
2025-03-24,South,112.84,4
2025-03-25,South,55.74,2
2025-03-26,South,84.59,3
2025-03-27,South,83.32,3
2025-03-28,South,84.10,3
2025-03-01,South,110.98,4
2025-03-02,South,111.26,4
2025-03-03,South,111.03,4
2025-03-04,South,84.83,3
2025-03-05,South,112.90,4
2025-03-06,South,112.03,4
2025-03-07,South,84.68,3
2025-03-08,South,111.42,4
2025-03-09,South,55.95,2
2025-03-10,South,56.33,2
2025-03-11,South,55.51,2
2025-03-12,South,84.72,3
2025-03-13,South,112.91,4
2025-03-14,South,84.42,3
2025-03-15,South,83.48,3
2025-03-16,South,83.39,3
2025-03-17,South,56.40,2
2025-03-18,South,111.05,4
2025-03-19,South,55.68,2
2025-03-20,South,56.44,2
2025-03-21,South,84.80,3
2025-03-22,South,84.37,3
2025-03-23,South,111.76,4
2025-03-24,South,111.22,4
2025-03-25,South,56.45,2
2025-03-26,South,84.51,3
2025-03-27,South,112.69,4
2025-03-28,South,112.95,4
2025-03-01,South,84.33,3
2025-03-02,South,84.18,3
2025-03-03,South,111.84,4
2025-03-04,South,55.83,2
2025-03-05,South,112.46,4
2025-03-06,South,112.02,4
2025-03-07,South,111.48,4
2025-03-08,South,84.74,3
2025-03-09,South,111.67,4
2025-03-10,South,112.97,4
2025-03-11,South,55.54,2
2025-03-12,South,56.20,2
2025-03-13,South,55.99,2
2025-03-14,South,56.52,2
2025-03-15,South,55.80,2
2025-03-16,South,56.45,2
2025-03-17,South,112.64,4
2025-03-18,South,83.75,3
2025-03-19,South,55.88,2
2025-03-20,South,56.09,2
2025-03-21,South,56.47,2
2025-03-22,South,83.86,3
2025-03-23,South,55.68,2
2025-03-24,South,112.75,4
2025-03-25,South,56.17,2
2025-03-26,South,112.62,4
2025-03-27,South,84.49,3
2025-03-28,South,55.48,2
2025-03-01,South,56.13,2
2025-03-02,South,111.33,4
2025-03-03,South,83.21,3
2025-03-04,South,83.52,3
2025-03-05,South,84.49,3
2025-03-06,South,111.54,4
2025-03-07,South,83.17,3
2025-03-08,South,56.40,2
2025-03-09,South,112.55,4
2025-03-10,South,55.87,2
2025-03-11,South,84.07,3
2025-03-12,South,55.80,2
2025-03-13,South,83.25,3
2025-03-14,South,111.45,4
2025-03-15,South,55.99,2
2025-03-16,South,111.39,4
2025-03-17,South,55.63,2
2025-03-18,South,84.58,3
2025-03-19,South,84.31,3
2025-03-20,South,55.81,2
2025-03-21,South,56.30,2
2025-03-22,South,56.12,2
2025-03-23,South,111.22,4
2025-03-24,South,55.88,2
2025-03-25,South,83.40,3
2025-03-26,South,56.13,2
2025-03-27,South,112.11,4
2025-03-28,South,55.61,2
2025-03-01,South,110.91,4
2025-03-02,South,55.94,2
2025-03-01,East,208.61,4
2025-03-02,East,209.77,4
2025-03-03,East,104.28,2
2025-03-04,East,158.94,3
2025-03-05,East,157.26,3
2025-03-06,East,156.32,3
2025-03-07,East,211.90,4
2025-03-08,East,105.51,2
2025-03-09,East,105.13,2
2025-03-10,East,156.91,3
2025-03-11,East,105.44,2
2025-03-12,East,106.04,2
2025-03-13,East,158.40,3
2025-03-14,East,104.81,2
2025-03-15,East,104.27,2
2025-03-16,East,156.91,3
2025-03-17,East,156.02,3
2025-03-18,East,209.12,4
2025-03-19,East,105.50,2
2025-03-20,East,104.11,2
2025-03-21,East,156.84,3
2025-03-22,East,158.53,3
2025-03-23,East,209.12,4
2025-03-24,East,105.47,2
2025-03-25,East,158.03,3
2025-03-26,East,157.57,3
2025-03-27,East,156.80,3
2025-03-28,East,105.81,2
2025-03-01,East,155.95,3
2025-03-02,East,210.20,4
2025-03-03,East,156.43,3
2025-03-04,East,157.99,3
2025-03-05,East,210.03,4
2025-03-06,East,157.24,3
2025-03-07,East,104.37,2
2025-03-08,East,208.70,4
2025-03-09,East,159.04,3
2025-03-10,East,157.40,3
2025-03-11,East,210.51,4
2025-03-12,East,157.59,3
2025-03-13,East,210.02,4
2025-03-14,East,208.08,4
2025-03-15,East,158.95,3
2025-03-16,East,104.94,2
2025-03-17,East,157.37,3
2025-03-18,East,212.04,4
2025-03-19,East,158.31,3
2025-03-20,East,104.77,2
2025-03-21,East,105.93,2
2025-03-22,East,157.83,3
2025-03-23,East,104.53,2
2025-03-24,East,158.07,3
2025-03-25,East,105.03,2
2025-03-26,East,104.23,2
2025-03-27,East,156.65,3
2025-03-28,East,156.98,3
2025-03-01,East,156.07,3
2025-03-02,East,208.89,4
2025-03-03,East,211.95,4
2025-03-04,East,158.50,3
2025-03-05,East,208.23,4
2025-03-06,East,157.93,3
2025-03-07,East,158.43,3
2025-03-08,East,105.24,2
2025-03-09,East,105.15,2
2025-03-10,East,105.14,2
2025-03-11,East,158.77,3
2025-03-12,East,158.02,3
2025-03-13,East,158.86,3
2025-03-14,East,211.12,4
2025-03-15,East,211.52,4
2025-03-16,East,103.96,2
2025-03-17,East,157.15,3
2025-03-18,East,158.69,3
2025-03-19,East,158.25,3
2025-03-20,East,158.31,3
2025-03-21,East,156.47,3
2025-03-22,East,209.95,4
2025-03-23,East,106.02,2
2025-03-24,East,105.90,2
2025-03-25,East,158.07,3
2025-03-26,East,105.38,2
2025-03-27,East,208.77,4
2025-03-28,East,210.46,4
2025-03-01,East,104.85,2
2025-03-02,East,157.26,3
2025-03-03,East,210.37,4
2025-03-04,East,156.37,3
2025-03-05,East,104.26,2
2025-03-06,East,105.40,2
2025-03-07,East,105.32,2
2025-03-08,East,210.95,4
2025-03-09,East,156.94,3
2025-03-10,East,210.54,4
2025-03-11,East,209.41,4
2025-03-12,East,104.51,2
2025-03-13,East,156.12,3
2025-03-14,East,104.91,2
2025-03-15,East,157.00,3
2025-03-16,East,105.45,2
2025-03-17,East,211.97,4
2025-03-18,East,156.82,3
2025-03-19,East,156.44,3
2025-03-20,East,208.43,4
2025-03-21,East,157.40,3
2025-03-22,East,156.46,3
2025-03-23,East,156.26,3
2025-03-24,East,211.53,4
2025-03-25,East,156.25,3
2025-03-26,East,157.59,3
2025-03-27,East,157.02,3
2025-03-28,East,208.23,4
2025-03-01,East,157.59,3
2025-03-02,East,105.18,2
2025-03-03,East,158.08,3
2025-03-04,East,208.15,4
2025-03-05,East,210.43,4
2025-03-06,East,105.77,2
2025-03-07,East,156.78,3
2025-03-08,East,156.80,3
2025-03-09,East,210.14,4
2025-03-10,East,208.37,4
2025-03-11,East,156.57,3
2025-03-12,East,104.00,2
2025-03-13,East,105.79,2
2025-03-14,East,209.14,4
2025-03-15,East,211.05,4
2025-03-16,East,104.76,2
2025-03-17,East,105.82,2
2025-03-18,East,209.21,4
2025-03-19,East,156.93,3
2025-03-20,East,104.42,2
2025-03-21,East,105.92,2
2025-03-22,East,158.78,3
2025-03-23,East,105.36,2
2025-03-24,East,104.83,2
2025-03-25,East,157.33,3
2025-03-26,East,157.26,3
2025-03-27,East,212.03,4
2025-03-28,East,104.30,2
2025-03-01,West,99.34,4
2025-03-02,West,100.17,4
2025-03-03,West,50.28,2
2025-03-04,West,50.33,2
2025-03-05,West,50.17,2
2025-03-06,West,74.91,3
2025-03-07,West,49.61,2
2025-03-08,West,74.29,3
2025-03-09,West,50.21,2
2025-03-10,West,49.56,2
2025-03-11,West,75.39,3
2025-03-12,West,49.61,2
2025-03-13,West,50.04,2
2025-03-14,West,50.45,2
2025-03-15,West,99.85,4
2025-03-16,West,75.30,3
2025-03-17,West,49.72,2
2025-03-18,West,74.92,3
2025-03-19,West,75.12,3
2025-03-20,West,74.72,3
2025-03-21,West,49.83,2
2025-03-22,West,100.71,4
2025-03-23,West,49.76,2
2025-03-24,West,100.80,4
2025-03-25,West,99.67,4
2025-03-26,West,49.51,2
2025-03-27,West,49.72,2
2025-03-28,West,100.50,4
2025-03-01,West,75.44,3
2025-03-02,West,49.58,2
2025-03-03,West,99.65,4
2025-03-04,West,100.98,4
2025-03-05,West,50.03,2
2025-03-06,West,99.71,4
2025-03-07,West,49.63,2
2025-03-08,West,75.29,3
2025-03-09,West,74.35,3
2025-03-10,West,100.96,4
2025-03-11,West,100.88,4
2025-03-12,West,74.43,3
2025-03-13,West,75.46,3
2025-03-14,West,50.23,2
2025-03-15,West,100.33,4
2025-03-16,West,100.63,4
2025-03-17,West,49.71,2
2025-03-18,West,49.68,2
2025-03-19,West,100.44,4
2025-03-20,West,99.55,4
2025-03-21,West,75.17,3
2025-03-22,West,74.78,3
2025-03-23,West,50.48,2
2025-03-24,West,49.66,2
2025-03-25,West,75.46,3
2025-03-26,West,75.30,3
2025-03-27,West,99.08,4
2025-03-28,West,100.40,4
2025-03-01,West,100.67,4
2025-03-02,West,49.79,2
2025-03-03,West,49.89,2
2025-03-04,West,50.32,2
2025-03-05,West,49.60,2
2025-03-06,West,99.76,4
2025-03-07,West,75.01,3
2025-03-08,West,74.62,3
2025-03-09,West,99.24,4
2025-03-10,West,50.25,2
2025-03-11,West,100.84,4
2025-03-12,West,75.02,3
2025-03-13,West,74.45,3
2025-03-14,West,100.98,4
2025-03-15,West,99.21,4
2025-03-16,West,99.06,4
2025-03-17,West,50.12,2
2025-03-18,West,100.96,4
2025-03-19,West,50.37,2
2025-03-20,West,100.40,4
2025-03-21,West,75.17,3
2025-03-22,West,74.85,3
2025-03-23,West,99.52,4
2025-03-24,West,50.47,2
2025-03-25,West,99.32,4
2025-03-26,West,49.55,2
2025-03-27,West,49.86,2
2025-03-28,West,74.44,3
2025-03-01,West,49.83,2
2025-03-02,West,75.21,3
2025-03-03,West,100.75,4
2025-03-04,West,100.48,4
2025-03-05,West,50.05,2
2025-03-06,West,99.13,4
2025-03-07,West,74.92,3
2025-03-08,West,74.73,3
2025-03-09,West,99.26,4
2025-03-10,West,49.85,2
2025-03-11,West,50.38,2
2025-03-12,West,74.57,3
2025-03-13,West,49.61,2
2025-03-14,West,49.70,2
2025-03-15,West,100.76,4
2025-03-16,West,99.56,4
2025-03-17,West,50.35,2
2025-03-18,West,75.31,3
2025-03-19,West,50.46,2
2025-03-20,West,100.73,4
2025-03-21,West,75.64,3
2025-03-22,West,50.32,2
2025-03-23,West,75.01,3
2025-03-24,West,50.25,2
2025-03-25,West,75.44,3
2025-03-26,West,74.80,3
2025-04-01,North,133.86,3
2025-04-02,North,180.88,4
2025-04-03,North,89.35,2
2025-04-04,North,134.01,3
2025-04-05,North,179.52,4
2025-04-06,North,181.33,4
2025-04-07,North,180.98,4
2025-04-08,North,181.70,4
2025-04-09,North,89.83,2
2025-04-10,North,179.36,4
2025-04-11,North,90.68,2
2025-04-12,North,135.31,3
2025-04-13,North,178.40,4
2025-04-14,North,90.75,2
2025-04-15,North,178.27,4
2025-04-16,North,90.89,2
2025-04-17,North,89.45,2
2025-04-18,North,178.39,4
2025-04-19,North,134.07,3
2025-04-20,North,179.63,4
2025-04-21,North,180.09,4
2025-04-22,North,179.27,4
2025-04-23,North,90.64,2
2025-04-24,North,89.79,2
2025-04-25,North,90.68,2
2025-04-26,North,134.74,3
2025-04-27,North,181.72,4
2025-04-28,North,90.54,2
2025-04-01,North,133.88,3
2025-04-02,North,89.45,2
2025-04-03,North,89.66,2
2025-04-04,North,180.70,4
2025-04-05,North,181.19,4
2025-04-06,North,90.17,2
2025-04-07,North,135.16,3
2025-04-08,North,90.59,2
2025-04-09,North,136.03,3
2025-04-10,North,134.14,3
2025-04-11,North,181.36,4
2025-04-12,North,133.96,3
2025-04-13,North,90.67,2
2025-04-14,North,89.27,2
2025-04-15,North,90.75,2
2025-04-16,North,179.70,4
2025-04-17,North,90.17,2
2025-04-18,North,178.34,4
2025-04-19,North,89.99,2
2025-04-20,North,135.35,3
2025-04-21,North,90.72,2
2025-04-22,North,134.06,3
2025-04-23,North,181.70,4
2025-04-24,North,134.94,3
2025-04-25,North,179.53,4
2025-04-26,North,134.83,3
2025-04-27,North,90.71,2
2025-04-28,North,136.21,3
2025-04-01,North,89.29,2
2025-04-02,North,180.85,4
2025-04-03,North,135.35,3
2025-04-04,North,133.80,3
2025-04-05,North,89.32,2
2025-04-06,North,135.59,3
2025-04-07,North,90.28,2
2025-04-08,North,178.68,4
2025-04-09,North,89.52,2
2025-04-10,North,89.82,2
2025-04-11,North,135.28,3
2025-04-12,North,90.03,2
2025-04-13,North,90.79,2
2025-04-14,North,180.23,4
2025-04-15,North,180.23,4
2025-04-16,North,136.14,3
2025-04-17,North,135.71,3
2025-04-18,North,181.02,4
2025-04-19,North,89.56,2
2025-04-20,North,178.52,4
2025-04-21,North,180.00,4
2025-04-22,North,178.46,4
2025-04-23,North,90.84,2
2025-04-24,North,135.15,3
2025-04-25,North,90.11,2
2025-04-26,North,178.39,4
2025-04-27,North,134.92,3
2025-04-28,North,90.58,2
2025-04-01,North,135.78,3
2025-04-02,North,90.71,2
2025-04-03,North,90.26,2
2025-04-04,North,135.87,3
2025-04-05,North,89.68,2
2025-04-06,North,179.01,4
2025-04-07,North,89.13,2
2025-04-08,North,135.27,3
2025-04-09,North,134.54,3
2025-04-10,North,181.73,4
2025-04-11,North,89.47,2
2025-04-12,North,89.23,2
2025-04-13,North,134.61,3
2025-04-14,North,178.68,4
2025-04-15,North,90.28,2
2025-04-16,North,133.94,3
2025-04-17,North,133.78,3
2025-04-18,North,89.72,2
2025-04-19,North,89.28,2
2025-04-20,North,90.19,2
2025-04-21,North,134.07,3
2025-04-22,North,90.78,2
2025-04-23,North,181.32,4
2025-04-24,North,179.00,4
2025-04-25,North,90.44,2
2025-04-26,North,135.01,3
2025-04-27,North,134.31,3
2025-04-28,North,89.88,2
2025-04-01,North,90.79,2
2025-04-02,North,89.72,2
2025-04-03,North,134.92,3
2025-04-04,North,89.69,2
2025-04-05,North,178.37,4
2025-04-06,North,179.27,4
2025-04-07,North,134.40,3
2025-04-08,North,89.36,2
2025-04-09,North,134.85,3
2025-04-10,North,89.72,2
2025-04-11,North,181.66,4
2025-04-12,North,90.58,2
2025-04-13,North,178.41,4
2025-04-14,North,90.01,2
2025-04-15,North,133.80,3
2025-04-16,North,180.49,4
2025-04-17,North,89.73,2
2025-04-18,North,136.11,3
2025-04-19,North,181.27,4
2025-04-20,North,134.95,3
2025-04-21,North,135.38,3
2025-04-22,North,135.41,3
2025-04-23,North,134.42,3
2025-04-24,North,180.80,4
2025-04-25,North,89.43,2
2025-04-26,North,181.19,4
2025-04-27,North,89.79,2
2025-04-28,North,135.02,3
2025-04-01,North,89.91,2
2025-04-02,North,178.89,4
2025-04-03,North,133.66,3
2025-04-04,North,135.32,3
2025-04-05,North,90.26,2
2025-04-06,North,136.20,3
2025-04-07,North,89.17,2
2025-04-08,North,90.42,2
2025-04-09,North,179.94,4
2025-04-10,North,181.74,4
2025-04-11,North,135.52,3
2025-04-12,North,90.78,2
2025-04-13,North,90.79,2
2025-04-14,North,180.65,4
2025-04-15,North,181.52,4
2025-04-16,North,180.23,4
2025-04-17,North,89.69,2
2025-04-18,North,136.32,3
2025-04-19,North,135.37,3
2025-04-20,North,133.74,3
2025-04-21,North,89.20,2
2025-04-22,North,90.52,2
2025-04-23,North,135.40,3
2025-04-24,North,89.65,2
2025-04-25,North,90.43,2
2025-04-26,North,181.77,4
2025-04-27,North,134.17,3
2025-04-28,North,134.75,3
2025-04-01,North,90.44,2
2025-04-02,North,179.69,4
2025-04-03,North,89.10,2
2025-04-04,North,89.46,2
2025-04-05,North,133.99,3
2025-04-06,North,136.07,3
2025-04-07,North,90.21,2
2025-04-08,North,90.23,2
2025-04-09,North,90.70,2
2025-04-10,North,89.23,2
2025-04-11,North,135.33,3
2025-04-12,North,89.61,2
2025-04-13,North,133.67,3
2025-04-14,North,179.74,4
2025-04-15,North,89.45,2
2025-04-16,North,179.90,4
2025-04-17,North,134.67,3
2025-04-18,North,134.61,3
2025-04-19,North,90.10,2
2025-04-20,North,133.93,3
2025-04-21,North,90.80,2
2025-04-22,North,134.67,3
2025-04-23,North,134.34,3
2025-04-24,North,135.25,3
2025-04-25,North,89.76,2
2025-04-26,North,90.65,2
2025-04-27,North,90.72,2
2025-04-28,North,135.16,3
2025-04-01,North,89.64,2
2025-04-02,North,90.83,2
2025-04-03,North,135.53,3
2025-04-04,North,133.76,3
2025-04-01,South,56.20,2
2025-04-02,South,111.35,4
2025-04-03,South,112.36,4
2025-04-04,South,83.45,3
2025-04-05,South,112.65,4
2025-04-06,South,84.18,3
2025-04-07,South,83.75,3
2025-04-08,South,84.58,3
2025-04-09,South,112.61,4
2025-04-10,South,55.68,2
2025-04-11,South,112.85,4
2025-04-12,South,83.24,3
2025-04-13,South,113.11,4
2025-04-14,South,84.74,3
2025-04-15,South,84.83,3
2025-04-16,South,111.27,4
2025-04-17,South,111.50,4
2025-04-18,South,56.40,2
2025-04-19,South,55.90,2
2025-04-20,South,110.94,4
2025-04-21,South,83.86,3
2025-04-22,South,56.54,2
2025-04-23,South,83.93,3
2025-04-24,South,111.83,4
2025-04-25,South,83.50,3
2025-04-26,South,56.15,2
2025-04-27,South,111.33,4
2025-04-28,South,56.10,2
2025-04-01,South,112.35,4
2025-04-02,South,112.65,4
2025-04-03,South,111.31,4
2025-04-04,South,55.63,2
2025-04-05,South,83.56,3
2025-04-06,South,55.49,2
2025-04-07,South,112.28,4
2025-04-08,South,56.44,2
2025-04-09,South,111.64,4
2025-04-10,South,112.01,4
2025-04-11,South,56.20,2
2025-04-12,South,84.45,3
2025-04-13,South,111.38,4
2025-04-14,South,111.63,4
2025-04-15,South,84.68,3
2025-04-16,South,111.95,4
2025-04-17,South,56.20,2
2025-04-18,South,112.12,4
2025-04-19,South,84.54,3
2025-04-20,South,56.39,2
2025-04-21,South,84.12,3
2025-04-22,South,55.53,2
2025-04-23,South,83.27,3
2025-04-24,South,111.63,4
2025-04-25,South,111.78,4
2025-04-26,South,112.34,4
2025-04-27,South,84.57,3
2025-04-28,South,83.50,3
2025-04-01,South,56.49,2
2025-04-02,South,84.83,3
2025-04-03,South,112.62,4
2025-04-04,South,84.45,3
2025-04-05,South,84.42,3
2025-04-06,South,83.96,3
2025-04-07,South,56.34,2
2025-04-08,South,56.42,2
2025-04-09,South,111.54,4
2025-04-10,South,111.38,4
2025-04-11,South,83.17,3
2025-04-12,South,84.48,3
2025-04-13,South,56.46,2
2025-04-14,South,83.49,3
2025-04-15,South,84.19,3
2025-04-16,South,83.48,3
2025-04-17,South,112.60,4
2025-04-18,South,55.59,2
2025-04-19,South,56.47,2
2025-04-20,South,84.80,3
2025-04-21,South,55.74,2
2025-04-22,South,83.42,3
2025-04-23,South,55.78,2
2025-04-24,South,55.80,2
2025-04-25,South,111.24,4
2025-04-26,South,84.74,3
2025-04-27,South,111.01,4
2025-04-28,South,55.84,2
2025-04-01,South,112.15,4
2025-04-02,South,56.46,2
2025-04-03,South,84.75,3
2025-04-04,South,83.45,3
2025-04-05,South,83.18,3
2025-04-06,South,111.69,4
2025-04-07,South,55.65,2
2025-04-08,South,112.17,4
2025-04-09,South,83.21,3
2025-04-10,South,83.31,3
2025-04-11,South,84.16,3
2025-04-12,South,111.71,4
2025-04-13,South,84.83,3
2025-04-14,South,55.84,2
2025-04-15,South,56.08,2
2025-04-16,South,113.02,4
2025-04-17,South,112.78,4
2025-04-18,South,83.76,3
2025-04-19,South,83.96,3
2025-04-20,South,111.31,4
2025-04-21,South,112.28,4
2025-04-22,South,56.20,2
2025-04-23,South,84.10,3
2025-04-24,South,83.41,3
2025-04-25,South,111.42,4
2025-04-26,South,84.61,3
2025-04-27,South,113.01,4
2025-04-28,South,83.96,3
2025-04-01,South,55.79,2
2025-04-02,South,84.84,3
2025-04-03,South,110.99,4
2025-04-04,South,55.54,2
2025-04-05,South,56.17,2
2025-04-06,South,56.34,2
2025-04-07,South,55.87,2
2025-04-08,South,55.73,2
2025-04-09,South,112.85,4
2025-04-10,South,56.18,2
2025-04-11,South,84.66,3
2025-04-12,South,112.21,4
2025-04-13,South,55.80,2
2025-04-14,South,84.83,3
2025-04-15,South,111.33,4
2025-04-16,South,56.23,2
2025-04-17,South,55.95,2
2025-04-18,South,55.62,2
2025-04-19,South,84.71,3
2025-04-20,South,112.80,4
2025-04-21,South,111.64,4
2025-04-22,South,113.05,4
2025-04-23,South,56.48,2
2025-04-24,South,56.18,2
2025-04-25,South,83.25,3
2025-04-26,South,56.20,2
2025-04-27,South,56.32,2
2025-04-28,South,55.56,2
2025-04-01,South,55.99,2
2025-04-02,South,111.12,4
2025-04-03,South,83.75,3
2025-04-04,South,83.48,3
2025-04-05,South,112.14,4
2025-04-06,South,112.02,4
2025-04-07,South,111.00,4
2025-04-08,South,84.11,3
2025-04-09,South,84.06,3
2025-04-10,South,56.01,2
2025-04-11,South,84.32,3
2025-04-12,South,111.13,4
2025-04-13,South,83.40,3
2025-04-14,South,55.96,2
2025-04-15,South,83.48,3
2025-04-16,South,84.26,3
2025-04-17,South,84.57,3
2025-04-18,South,56.50,2
2025-04-19,South,84.53,3
2025-04-20,South,55.92,2
2025-04-21,South,83.54,3
2025-04-22,South,110.93,4
2025-04-23,South,56.09,2
2025-04-24,South,55.64,2
2025-04-25,South,56.48,2
2025-04-26,South,112.84,4
2025-04-27,South,56.50,2
2025-04-28,South,84.52,3
2025-04-01,South,55.44,2
2025-04-02,South,84.10,3
2025-04-01,East,157.56,3
2025-04-02,East,156.65,3
2025-04-03,East,104.31,2
2025-04-04,East,158.11,3
2025-04-05,East,208.96,4
2025-04-06,East,104.74,2
2025-04-07,East,105.78,2
2025-04-08,East,208.36,4
2025-04-09,East,104.88,2
2025-04-10,East,105.83,2
2025-04-11,East,105.75,2
2025-04-12,East,104.52,2
2025-04-13,East,105.22,2
2025-04-14,East,104.70,2
2025-04-15,East,209.81,4
2025-04-16,East,156.45,3
2025-04-17,East,155.97,3
2025-04-18,East,105.73,2
2025-04-19,East,105.11,2
2025-04-20,East,104.65,2
2025-04-21,East,210.95,4
2025-04-22,East,211.04,4
2025-04-23,East,105.05,2
2025-04-24,East,156.09,3
2025-04-25,East,209.83,4
2025-04-26,East,210.55,4
2025-04-27,East,210.79,4
2025-04-28,East,158.64,3
2025-04-01,East,158.04,3
2025-04-02,East,210.72,4
2025-04-03,East,211.81,4
2025-04-04,East,104.67,2
2025-04-05,East,105.21,2
2025-04-06,East,104.49,2
2025-04-07,East,104.03,2
2025-04-08,East,156.46,3
2025-04-09,East,104.97,2
2025-04-10,East,105.19,2
2025-04-11,East,104.23,2
2025-04-12,East,211.81,4
2025-04-13,East,210.11,4
2025-04-14,East,208.74,4
2025-04-15,East,209.23,4
2025-04-16,East,211.78,4
2025-04-17,East,208.10,4
2025-04-18,East,105.78,2
2025-04-19,East,105.85,2
2025-04-20,East,157.82,3
2025-04-21,East,105.42,2
2025-04-22,East,209.72,4
2025-04-23,East,211.17,4
2025-04-24,East,209.78,4
2025-04-25,East,210.53,4
2025-04-26,East,210.28,4
2025-04-27,East,104.28,2
2025-04-28,East,156.92,3
2025-04-01,East,105.65,2
2025-04-02,East,208.56,4
2025-04-03,East,105.72,2
2025-04-04,East,157.74,3
2025-04-05,East,156.43,3
2025-04-06,East,210.62,4
2025-04-07,East,156.96,3
2025-04-08,East,158.21,3
2025-04-09,East,210.08,4
2025-04-10,East,210.84,4
2025-04-11,East,156.85,3
2025-04-12,East,156.70,3
2025-04-13,East,157.29,3
2025-04-14,East,158.18,3
2025-04-15,East,105.20,2
2025-04-16,East,105.62,2
2025-04-17,East,105.68,2
2025-04-18,East,208.60,4
2025-04-19,East,158.80,3
2025-04-20,East,104.13,2
2025-04-21,East,209.05,4
2025-04-22,East,211.15,4
2025-04-23,East,105.86,2
2025-04-24,East,157.90,3
2025-04-25,East,105.89,2
2025-04-26,East,104.66,2
2025-04-27,East,157.05,3
2025-04-28,East,105.27,2
2025-04-01,East,209.92,4
2025-04-02,East,158.25,3
2025-04-03,East,156.54,3
2025-04-04,East,104.43,2
2025-04-05,East,208.03,4
2025-04-06,East,210.40,4
2025-04-07,East,158.41,3
2025-04-08,East,157.56,3
2025-04-09,East,104.46,2
2025-04-10,East,158.02,3
2025-04-11,East,105.37,2
2025-04-12,East,209.76,4
2025-04-13,East,210.32,4
2025-04-14,East,156.16,3
2025-04-15,East,157.28,3
2025-04-16,East,211.33,4
2025-04-17,East,105.73,2
2025-04-18,East,210.05,4
2025-04-19,East,210.21,4
2025-04-20,East,104.04,2
2025-04-21,East,157.66,3
2025-04-22,East,105.83,2
2025-04-23,East,104.64,2
2025-04-24,East,210.70,4
2025-04-25,East,105.18,2
2025-04-26,East,105.90,2
2025-04-27,East,158.03,3
2025-04-28,East,157.44,3
2025-04-01,East,208.69,4
2025-04-02,East,211.71,4
2025-04-03,East,156.06,3
2025-04-04,East,103.97,2
2025-04-05,East,209.69,4
2025-04-06,East,211.05,4
2025-04-07,East,158.90,3
2025-04-08,East,104.96,2
2025-04-09,East,104.44,2
2025-04-10,East,209.55,4
2025-04-11,East,104.20,2
2025-04-12,East,157.40,3
2025-04-13,East,104.05,2
2025-04-14,East,157.83,3
2025-04-15,East,158.84,3
2025-04-16,East,104.98,2
2025-04-17,East,156.21,3
2025-04-18,East,105.50,2
2025-04-19,East,157.14,3
2025-04-20,East,104.37,2
2025-04-21,East,104.32,2
2025-04-22,East,105.17,2
2025-04-23,East,208.38,4
2025-04-24,East,104.03,2
2025-04-25,East,157.86,3
2025-04-26,East,158.54,3
2025-04-27,East,210.58,4
2025-04-28,East,156.68,3
2025-04-01,West,99.14,4
2025-04-02,West,74.92,3
2025-04-03,West,75.46,3
2025-04-04,West,75.74,3
2025-04-05,West,100.42,4
2025-04-06,West,74.93,3
2025-04-07,West,100.79,4
2025-04-08,West,99.53,4
2025-04-09,West,49.60,2
2025-04-10,West,100.68,4
2025-04-11,West,74.35,3
2025-04-12,West,100.25,4
2025-04-13,West,50.09,2
2025-04-14,West,49.69,2
2025-04-15,West,100.81,4
2025-04-16,West,99.93,4
2025-04-17,West,74.63,3
2025-04-18,West,74.69,3
2025-04-19,West,49.66,2
2025-04-20,West,50.00,2
2025-04-21,West,74.63,3
2025-04-22,West,49.82,2
2025-04-23,West,50.17,2
2025-04-24,West,50.39,2
2025-04-25,West,100.16,4
2025-04-26,West,100.72,4
2025-04-27,West,74.44,3
2025-04-28,West,99.96,4
2025-04-01,West,74.44,3
2025-04-02,West,100.75,4
2025-04-03,West,50.04,2
2025-04-04,West,49.82,2
2025-04-05,West,74.58,3
2025-04-06,West,74.85,3
2025-04-07,West,50.12,2
2025-04-08,West,74.68,3
2025-04-09,West,74.90,3
2025-04-10,West,50.35,2
2025-04-11,West,50.49,2
2025-04-12,West,75.40,3
2025-04-13,West,50.23,2
2025-04-14,West,50.46,2
2025-04-15,West,50.06,2
2025-04-16,West,99.24,4
2025-04-17,West,49.76,2
2025-04-18,West,75.56,3
2025-04-19,West,99.92,4
2025-04-20,West,74.63,3
2025-04-21,West,99.92,4
2025-04-22,West,74.79,3
2025-04-23,West,50.46,2
2025-04-24,West,74.41,3
2025-04-25,West,49.98,2
2025-04-26,West,100.16,4
2025-04-27,West,49.51,2
2025-04-28,West,49.61,2
2025-04-01,West,99.87,4
2025-04-02,West,99.30,4
2025-04-03,West,99.50,4
2025-04-04,West,100.16,4
2025-04-05,West,74.80,3
2025-04-06,West,74.86,3
2025-04-07,West,99.30,4
2025-04-08,West,75.27,3
2025-04-09,West,50.02,2
2025-04-10,West,49.81,2
2025-04-11,West,99.65,4
2025-04-12,West,50.13,2
2025-04-13,West,74.33,3
2025-04-14,West,49.83,2
2025-04-15,West,50.34,2
2025-04-16,West,99.81,4
2025-04-17,West,100.72,4
2025-04-18,West,75.52,3
2025-04-19,West,49.66,2
2025-04-20,West,99.89,4
2025-04-21,West,99.62,4
2025-04-22,West,49.76,2
2025-04-23,West,99.44,4
2025-04-24,West,50.35,2
2025-04-25,West,50.34,2
2025-04-26,West,74.78,3
2025-04-27,West,99.89,4
2025-04-28,West,75.25,3
2025-04-01,West,50.07,2
2025-04-02,West,74.77,3
2025-04-03,West,74.75,3
2025-04-04,West,99.12,4
2025-04-05,West,49.69,2
2025-04-06,West,99.02,4
2025-04-07,West,50.40,2
2025-04-08,West,50.42,2
2025-04-09,West,75.60,3
2025-04-10,West,99.41,4
2025-04-11,West,50.10,2
2025-04-12,West,50.14,2
2025-04-13,West,99.37,4
2025-04-14,West,75.24,3
2025-04-15,West,99.12,4
2025-04-16,West,50.39,2
2025-04-17,West,49.74,2
2025-04-18,West,50.26,2
2025-04-19,West,50.49,2
2025-04-20,West,99.40,4
2025-04-21,West,49.82,2
2025-04-22,West,100.30,4
2025-04-23,West,100.39,4
2025-04-24,West,100.80,4
2025-04-25,West,99.55,4
2025-04-26,West,99.66,4
2025-05-01,North,135.49,3
2025-05-02,North,90.47,2
2025-05-03,North,134.87,3
2025-05-04,North,135.82,3
2025-05-05,North,90.20,2
2025-05-06,North,179.43,4
2025-05-07,North,90.09,2
2025-05-08,North,90.40,2
2025-05-09,North,90.65,2
2025-05-10,North,90.83,2
2025-05-11,North,90.18,2
2025-05-12,North,180.10,4
2025-05-13,North,90.12,2
2025-05-14,North,89.38,2
2025-05-15,North,135.88,3
2025-05-16,North,180.56,4
2025-05-17,North,179.91,4
2025-05-18,North,178.24,4
2025-05-19,North,178.23,4
2025-05-20,North,179.87,4
2025-05-21,North,134.64,3
2025-05-22,North,89.15,2
2025-05-23,North,90.72,2
2025-05-24,North,90.12,2
2025-05-25,North,90.84,2
2025-05-26,North,180.13,4
2025-05-27,North,90.28,2
2025-05-28,North,89.64,2
2025-05-01,North,134.12,3
2025-05-02,North,135.61,3
2025-05-03,North,179.98,4
2025-05-04,North,134.83,3
2025-05-05,North,90.10,2
2025-05-06,North,135.17,3
2025-05-07,North,89.15,2
2025-05-08,North,89.47,2
2025-05-09,North,133.97,3
2025-05-10,North,134.73,3
2025-05-11,North,179.83,4
2025-05-12,North,134.21,3
2025-05-13,North,90.70,2
2025-05-14,North,89.76,2
2025-05-15,North,90.37,2
2025-05-16,North,89.62,2
2025-05-17,North,89.99,2
2025-05-18,North,180.47,4
2025-05-19,North,90.65,2
2025-05-20,North,89.88,2
2025-05-21,North,89.58,2
2025-05-22,North,180.11,4
2025-05-23,North,136.23,3
2025-05-24,North,89.84,2
2025-05-25,North,89.52,2
2025-05-26,North,134.43,3
2025-05-27,North,179.42,4
2025-05-28,North,178.90,4
2025-05-01,North,178.40,4
2025-05-02,North,134.24,3
2025-05-03,North,178.53,4
2025-05-04,North,89.52,2
2025-05-05,North,180.05,4
2025-05-06,North,134.15,3
2025-05-07,North,90.77,2
2025-05-08,North,134.89,3
2025-05-09,North,133.72,3
2025-05-10,North,180.16,4
2025-05-11,North,134.32,3
2025-05-12,North,134.27,3
2025-05-13,North,180.76,4
2025-05-14,North,181.70,4
2025-05-15,North,90.49,2
2025-05-16,North,89.51,2
2025-05-17,North,134.42,3
2025-05-18,North,134.10,3
2025-05-19,North,135.54,3
2025-05-20,North,181.05,4
2025-05-21,North,179.74,4
2025-05-22,North,181.46,4
2025-05-23,North,135.28,3
2025-05-24,North,89.39,2
2025-05-25,North,136.16,3
2025-05-26,North,181.75,4
2025-05-27,North,180.57,4
2025-05-28,North,136.06,3
2025-05-01,North,179.14,4
2025-05-02,North,180.75,4
2025-05-03,North,135.60,3
2025-05-04,North,180.37,4
2025-05-05,North,89.71,2
2025-05-06,North,181.62,4
2025-05-07,North,134.11,3
2025-05-08,North,133.81,3
2025-05-09,North,135.32,3
2025-05-10,North,179.53,4
2025-05-11,North,89.40,2
2025-05-12,North,136.26,3
2025-05-13,North,134.64,3
2025-05-14,North,133.88,3
2025-05-15,North,89.33,2
2025-05-16,North,90.72,2
2025-05-17,North,181.51,4
2025-05-18,North,134.28,3
2025-05-19,North,135.39,3
2025-05-20,North,136.08,3
2025-05-21,North,135.22,3
2025-05-22,North,89.98,2
2025-05-23,North,134.62,3
2025-05-24,North,90.83,2
2025-05-25,North,179.02,4
2025-05-26,North,180.61,4
2025-05-27,North,89.54,2
2025-05-28,North,180.90,4
2025-05-01,North,90.57,2
2025-05-02,North,90.57,2
2025-05-03,North,136.03,3
2025-05-04,North,136.07,3
2025-05-05,North,181.71,4
2025-05-06,North,90.86,2
2025-05-07,North,89.42,2
2025-05-08,North,133.68,3
2025-05-09,North,134.29,3
2025-05-10,North,136.00,3
2025-05-11,North,181.76,4
2025-05-12,North,135.61,3
2025-05-13,North,134.40,3
2025-05-14,North,180.17,4
2025-05-15,North,89.17,2
2025-05-16,North,89.96,2
2025-05-17,North,135.95,3
2025-05-18,North,135.97,3
2025-05-19,North,181.56,4
2025-05-20,North,179.57,4
2025-05-21,North,90.04,2
2025-05-22,North,133.84,3
2025-05-23,North,135.30,3
2025-05-24,North,134.11,3
2025-05-25,North,90.05,2
2025-05-26,North,136.14,3
2025-05-27,North,135.93,3
2025-05-28,North,179.93,4
2025-05-01,North,179.10,4
2025-05-02,North,179.59,4
2025-05-03,North,135.04,3
2025-05-04,North,180.23,4
2025-05-05,North,181.66,4
2025-05-06,North,179.36,4
2025-05-07,North,180.36,4
2025-05-08,North,135.52,3
2025-05-09,North,89.21,2
2025-05-10,North,179.62,4
2025-05-11,North,181.41,4
2025-05-12,North,90.35,2
2025-05-13,North,134.54,3
2025-05-14,North,179.80,4
2025-05-15,North,135.05,3
2025-05-16,North,178.65,4
2025-05-17,North,134.30,3
2025-05-18,North,179.20,4
2025-05-19,North,90.32,2
2025-05-20,North,134.56,3
2025-05-21,North,181.66,4
2025-05-22,North,134.17,3
2025-05-23,North,136.03,3
2025-05-24,North,178.93,4
2025-05-25,North,90.14,2
2025-05-26,North,134.67,3
2025-05-27,North,89.60,2
2025-05-28,North,181.50,4
2025-05-01,North,178.51,4
2025-05-02,North,181.22,4
2025-05-03,North,135.58,3
2025-05-04,North,134.82,3
2025-05-05,North,134.24,3
2025-05-06,North,90.42,2
2025-05-07,North,89.32,2
2025-05-08,North,134.39,3
2025-05-09,North,180.17,4
2025-05-10,North,179.52,4
2025-05-11,North,90.78,2
2025-05-12,North,179.20,4
2025-05-13,North,89.45,2
2025-05-14,North,89.32,2
2025-05-15,North,90.60,2
2025-05-16,North,89.14,2
2025-05-17,North,134.81,3
2025-05-18,North,134.42,3
2025-05-19,North,135.73,3
2025-05-20,North,134.36,3
2025-05-21,North,181.61,4
2025-05-22,North,134.67,3
2025-05-23,North,90.48,2
2025-05-24,North,90.45,2
2025-05-25,North,178.84,4
2025-05-26,North,180.32,4
2025-05-27,North,90.63,2
2025-05-28,North,179.19,4
2025-05-01,North,179.31,4
2025-05-02,North,90.41,2
2025-05-03,North,135.85,3
2025-05-04,North,89.16,2
2025-05-01,South,84.44,3
2025-05-02,South,55.95,2
2025-05-03,South,111.44,4
2025-05-04,South,111.08,4
2025-05-05,South,83.62,3
2025-05-06,South,83.96,3
2025-05-07,South,55.70,2
2025-05-08,South,83.43,3
2025-05-09,South,112.16,4
2025-05-10,South,55.79,2
2025-05-11,South,111.33,4
2025-05-12,South,84.31,3
2025-05-13,South,84.63,3
2025-05-14,South,84.57,3
2025-05-15,South,111.60,4
2025-05-16,South,112.23,4
2025-05-17,South,111.79,4
2025-05-18,South,55.98,2
2025-05-19,South,111.93,4
2025-05-20,South,55.50,2
2025-05-21,South,83.74,3
2025-05-22,South,55.91,2
2025-05-23,South,112.75,4
2025-05-24,South,84.59,3
2025-05-25,South,84.77,3
2025-05-26,South,112.19,4
2025-05-27,South,111.91,4
2025-05-28,South,84.11,3
2025-05-01,South,111.82,4
2025-05-02,South,111.19,4
2025-05-03,South,84.05,3
2025-05-04,South,55.62,2
2025-05-05,South,113.10,4
2025-05-06,South,56.53,2
2025-05-07,South,112.07,4
2025-05-08,South,111.18,4
2025-05-09,South,56.34,2
2025-05-10,South,84.32,3
2025-05-11,South,56.48,2
2025-05-12,South,83.54,3
2025-05-13,South,111.11,4
2025-05-14,South,84.31,3
2025-05-15,South,111.30,4
2025-05-16,South,56.27,2
2025-05-17,South,110.94,4
2025-05-18,South,113.00,4
2025-05-19,South,55.75,2
2025-05-20,South,83.44,3
2025-05-21,South,84.18,3
2025-05-22,South,84.37,3
2025-05-23,South,55.96,2
2025-05-24,South,83.39,3
2025-05-25,South,111.26,4
2025-05-26,South,111.65,4
2025-05-27,South,55.79,2
2025-05-28,South,84.80,3
2025-05-01,South,56.25,2
2025-05-02,South,56.29,2
2025-05-03,South,110.88,4
2025-05-04,South,83.59,3
2025-05-05,South,56.42,2
2025-05-06,South,84.33,3
2025-05-07,South,55.71,2
2025-05-08,South,83.96,3
2025-05-09,South,111.12,4
2025-05-10,South,84.03,3
2025-05-11,South,83.24,3
2025-05-12,South,111.89,4
2025-05-13,South,84.06,3
2025-05-14,South,84.02,3
2025-05-15,South,84.55,3
2025-05-16,South,111.63,4
2025-05-17,South,111.78,4
2025-05-18,South,112.10,4
2025-05-19,South,83.49,3
2025-05-20,South,55.96,2
2025-05-21,South,112.76,4
2025-05-22,South,113.02,4
2025-05-23,South,83.76,3
2025-05-24,South,83.44,3
2025-05-25,South,55.71,2
2025-05-26,South,55.47,2
2025-05-27,South,55.99,2
2025-05-28,South,111.19,4
2025-05-01,South,84.34,3
2025-05-02,South,112.35,4
2025-05-03,South,112.01,4
2025-05-04,South,84.80,3
2025-05-05,South,111.28,4
2025-05-06,South,55.50,2
2025-05-07,South,112.13,4
2025-05-08,South,56.43,2
2025-05-09,South,56.48,2
2025-05-10,South,111.83,4
2025-05-11,South,56.23,2
2025-05-12,South,112.08,4
2025-05-13,South,83.44,3
2025-05-14,South,55.87,2
2025-05-15,South,56.24,2
2025-05-16,South,83.33,3
2025-05-17,South,111.00,4
2025-05-18,South,84.41,3
2025-05-19,South,83.56,3
2025-05-20,South,56.08,2
2025-05-21,South,83.46,3
2025-05-22,South,111.09,4
2025-05-23,South,111.36,4
2025-05-24,South,56.12,2
2025-05-25,South,112.76,4
2025-05-26,South,112.03,4
2025-05-27,South,84.21,3
2025-05-28,South,110.93,4
2025-05-01,South,84.43,3
2025-05-02,South,84.21,3
2025-05-03,South,110.98,4
2025-05-04,South,55.83,2
2025-05-05,South,55.89,2
2025-05-06,South,55.50,2
2025-05-07,South,56.21,2
2025-05-08,South,83.34,3
2025-05-09,South,83.83,3
2025-05-10,South,83.85,3
2025-05-11,South,111.25,4
2025-05-12,South,56.27,2
2025-05-13,South,83.77,3
2025-05-14,South,55.55,2
2025-05-15,South,111.86,4
2025-05-16,South,84.23,3
2025-05-17,South,55.93,2
2025-05-18,South,56.36,2
2025-05-19,South,56.31,2
2025-05-20,South,112.76,4
2025-05-21,South,84.68,3
2025-05-22,South,56.09,2
2025-05-23,South,110.94,4
2025-05-24,South,55.57,2
2025-05-25,South,112.97,4
2025-05-26,South,84.64,3
2025-05-27,South,84.32,3
2025-05-28,South,56.20,2
2025-05-01,South,111.42,4
2025-05-02,South,56.05,2
2025-05-03,South,56.43,2
2025-05-04,South,55.84,2
2025-05-05,South,55.99,2
2025-05-06,South,111.73,4
2025-05-07,South,84.17,3
2025-05-08,South,112.74,4
2025-05-09,South,56.44,2
2025-05-10,South,84.68,3
2025-05-11,South,55.78,2
2025-05-12,South,112.64,4
2025-05-13,South,84.24,3
2025-05-14,South,56.36,2
2025-05-15,South,84.74,3
2025-05-16,South,55.54,2
2025-05-17,South,112.49,4
2025-05-18,South,55.66,2
2025-05-19,South,56.46,2
2025-05-20,South,84.07,3
2025-05-21,South,83.75,3
2025-05-22,South,83.28,3
2025-05-23,South,84.68,3
2025-05-24,South,111.19,4
2025-05-25,South,55.56,2
2025-05-26,South,55.69,2
2025-05-27,South,55.62,2
2025-05-28,South,84.23,3
2025-05-01,South,112.57,4
2025-05-02,South,55.68,2
2025-05-01,East,209.38,4
2025-05-02,East,157.93,3
2025-05-03,East,158.88,3
2025-05-04,East,209.98,4
2025-05-05,East,210.79,4
2025-05-06,East,157.72,3
2025-05-07,East,158.74,3
2025-05-08,East,157.77,3
2025-05-09,East,208.24,4
2025-05-10,East,156.76,3
2025-05-11,East,211.70,4
2025-05-12,East,158.38,3
2025-05-13,East,157.69,3
2025-05-14,East,207.92,4
2025-05-15,East,209.21,4
2025-05-16,East,211.45,4
2025-05-17,East,211.11,4
2025-05-18,East,157.84,3
2025-05-19,East,158.00,3
2025-05-20,East,209.91,4
2025-05-21,East,159.03,3
2025-05-22,East,155.98,3
2025-05-23,East,156.37,3
2025-05-24,East,105.72,2
2025-05-25,East,156.05,3
2025-05-26,East,210.39,4
2025-05-27,East,105.95,2
2025-05-28,East,158.96,3
2025-05-01,East,210.71,4
2025-05-02,East,105.72,2
2025-05-03,East,209.95,4
2025-05-04,East,158.01,3
2025-05-05,East,157.39,3
2025-05-06,East,158.96,3
2025-05-07,East,156.96,3
2025-05-08,East,210.14,4
2025-05-09,East,209.44,4
2025-05-10,East,211.30,4
2025-05-11,East,158.51,3
2025-05-12,East,104.91,2
2025-05-13,East,104.23,2
2025-05-14,East,209.89,4
2025-05-15,East,209.79,4
2025-05-16,East,105.55,2
2025-05-17,East,158.37,3
2025-05-18,East,105.60,2
2025-05-19,East,211.00,4
2025-05-20,East,208.90,4
2025-05-21,East,156.61,3
2025-05-22,East,208.66,4
2025-05-23,East,210.15,4
2025-05-24,East,105.29,2
2025-05-25,East,210.10,4
2025-05-26,East,104.03,2
2025-05-27,East,157.27,3
2025-05-28,East,158.65,3
2025-05-01,East,104.91,2
2025-05-02,East,104.06,2
2025-05-03,East,156.11,3
2025-05-04,East,158.88,3
2025-05-05,East,158.09,3
2025-05-06,East,105.28,2
2025-05-07,East,210.16,4
2025-05-08,East,104.84,2
2025-05-09,East,208.10,4
2025-05-10,East,157.64,3
2025-05-11,East,209.62,4
2025-05-12,East,104.46,2
2025-05-13,East,158.21,3
2025-05-14,East,209.70,4
2025-05-15,East,105.20,2
2025-05-16,East,104.03,2
2025-05-17,East,158.53,3
2025-05-18,East,210.71,4
2025-05-19,East,104.25,2
2025-05-20,East,156.49,3
2025-05-21,East,209.45,4
2025-05-22,East,104.86,2
2025-05-23,East,157.79,3
2025-05-24,East,158.63,3
2025-05-25,East,207.94,4
2025-05-26,East,211.97,4
2025-05-27,East,156.92,3
2025-05-28,East,158.60,3
2025-05-01,East,105.20,2
2025-05-02,East,156.03,3
2025-05-03,East,209.74,4
2025-05-04,East,210.15,4
2025-05-05,East,209.63,4
2025-05-06,East,156.56,3
2025-05-07,East,105.07,2
2025-05-08,East,211.02,4
2025-05-09,East,210.41,4
2025-05-10,East,105.04,2
2025-05-11,East,209.80,4
2025-05-12,East,157.82,3
2025-05-13,East,104.16,2
2025-05-14,East,105.60,2
2025-05-15,East,104.41,2
2025-05-16,East,158.39,3
2025-05-17,East,157.16,3
2025-05-18,East,158.12,3
2025-05-19,East,158.53,3
2025-05-20,East,211.32,4
2025-05-21,East,156.39,3
2025-05-22,East,210.13,4
2025-05-23,East,104.35,2
2025-05-24,East,105.68,2
2025-05-25,East,207.93,4
2025-05-26,East,158.81,3
2025-05-27,East,157.96,3
2025-05-28,East,209.41,4
2025-05-01,East,211.45,4
2025-05-02,East,155.97,3
2025-05-03,East,104.47,2
2025-05-04,East,208.68,4
2025-05-05,East,105.43,2
2025-05-06,East,104.76,2
2025-05-07,East,156.72,3
2025-05-08,East,210.44,4
2025-05-09,East,105.55,2
2025-05-10,East,157.25,3
2025-05-11,East,158.76,3
2025-05-12,East,105.92,2
2025-05-13,East,155.98,3
2025-05-14,East,104.44,2
2025-05-15,East,105.13,2
2025-05-16,East,156.25,3
2025-05-17,East,208.90,4
2025-05-18,East,105.53,2
2025-05-19,East,158.26,3
2025-05-20,East,104.24,2
2025-05-21,East,209.47,4
2025-05-22,East,105.34,2
2025-05-23,East,104.38,2
2025-05-24,East,158.46,3
2025-05-25,East,209.40,4
2025-05-26,East,104.11,2
2025-05-27,East,156.53,3
2025-05-28,East,105.01,2
2025-05-01,West,99.21,4
2025-05-02,West,74.74,3
2025-05-03,West,49.90,2
2025-05-04,West,99.51,4
2025-05-05,West,50.37,2
2025-05-06,West,100.51,4
2025-05-07,West,50.02,2
2025-05-08,West,75.65,3
2025-05-09,West,75.66,3
2025-05-10,West,50.08,2
2025-05-11,West,74.81,3
2025-05-12,West,75.05,3
2025-05-13,West,99.37,4
2025-05-14,West,74.34,3
2025-05-15,West,100.86,4
2025-05-16,West,75.44,3
2025-05-17,West,99.15,4
2025-05-18,West,75.65,3
2025-05-19,West,50.40,2
2025-05-20,West,74.36,3
2025-05-21,West,74.39,3
2025-05-22,West,50.19,2
2025-05-23,West,49.66,2
2025-05-24,West,100.63,4
2025-05-25,West,100.35,4
2025-05-26,West,50.42,2
2025-05-27,West,49.72,2
2025-05-28,West,49.81,2
2025-05-01,West,49.91,2
2025-05-02,West,49.96,2
2025-05-03,West,74.52,3
2025-05-04,West,100.79,4
2025-05-05,West,74.33,3
2025-05-06,West,49.61,2
2025-05-07,West,99.97,4
2025-05-08,West,50.21,2
2025-05-09,West,74.67,3
2025-05-10,West,49.71,2
2025-05-11,West,75.38,3
2025-05-12,West,50.30,2
2025-05-13,West,50.42,2
2025-05-14,West,49.97,2
2025-05-15,West,100.06,4
2025-05-16,West,50.11,2
2025-05-17,West,75.39,3
2025-05-18,West,101.00,4
2025-05-19,West,99.97,4
2025-05-20,West,49.57,2
2025-05-21,West,49.60,2
2025-05-22,West,50.14,2
2025-05-23,West,75.56,3
2025-05-24,West,49.99,2
2025-05-25,West,75.37,3
2025-05-26,West,75.38,3
2025-05-27,West,99.41,4
2025-05-28,West,49.85,2
2025-05-01,West,100.89,4
2025-05-02,West,75.46,3
2025-05-03,West,99.23,4
2025-05-04,West,50.49,2
2025-05-05,West,49.86,2
2025-05-06,West,100.92,4
2025-05-07,West,50.45,2
2025-05-08,West,99.38,4
2025-05-09,West,50.39,2
2025-05-10,West,49.75,2
2025-05-11,West,75.26,3
2025-05-12,West,74.65,3
2025-05-13,West,50.40,2
2025-05-14,West,75.42,3
2025-05-15,West,99.57,4
2025-05-16,West,75.60,3
2025-05-17,West,99.12,4
2025-05-18,West,74.94,3
2025-05-19,West,50.38,2
2025-05-20,West,49.54,2
2025-05-21,West,50.48,2
2025-05-22,West,75.49,3
2025-05-23,West,75.27,3
2025-05-24,West,74.34,3
2025-05-25,West,74.28,3
2025-05-26,West,100.94,4
2025-05-27,West,49.71,2
2025-05-28,West,49.58,2
2025-05-01,West,100.49,4
2025-05-02,West,100.45,4
2025-05-03,West,75.21,3
2025-05-04,West,49.85,2
2025-05-05,West,74.47,3
2025-05-06,West,100.43,4
2025-05-07,West,99.31,4
2025-05-08,West,75.43,3
2025-05-09,West,75.04,3
2025-05-10,West,49.72,2
2025-05-11,West,99.28,4
2025-05-12,West,74.53,3
2025-05-13,West,75.13,3
2025-05-14,West,49.63,2
2025-05-15,West,99.04,4
2025-05-16,West,50.02,2
2025-05-17,West,74.64,3
2025-05-18,West,99.99,4
2025-05-19,West,99.59,4
2025-05-20,West,50.43,2
2025-05-21,West,74.46,3
2025-05-22,West,49.69,2
2025-05-23,West,99.98,4
2025-05-24,West,100.00,4
2025-05-25,West,50.15,2
2025-05-26,West,50.26,2
2025-06-01,North,181.52,4
2025-06-02,North,135.73,3
2025-06-03,North,181.32,4
2025-06-04,North,90.71,2
2025-06-05,North,90.51,2
2025-06-06,North,136.30,3
2025-06-07,North,136.01,3
2025-06-08,North,180.24,4
2025-06-09,North,133.84,3
2025-06-10,North,135.11,3
2025-06-11,North,178.93,4
2025-06-12,North,180.59,4
2025-06-13,North,178.23,4
2025-06-14,North,179.26,4
2025-06-15,North,90.85,2
2025-06-16,North,89.57,2
2025-06-17,North,135.53,3
2025-06-18,North,134.11,3
2025-06-19,North,89.19,2
2025-06-20,North,134.26,3
2025-06-21,North,134.30,3
2025-06-22,North,135.55,3
2025-06-23,North,179.25,4
2025-06-24,North,135.46,3
2025-06-25,North,90.09,2
2025-06-26,North,90.83,2
2025-06-27,North,179.99,4
2025-06-28,North,178.82,4
2025-06-01,North,136.27,3
2025-06-02,North,134.23,3
2025-06-03,North,134.44,3
2025-06-04,North,181.70,4
2025-06-05,North,180.28,4
2025-06-06,North,180.47,4
2025-06-07,North,179.26,4
2025-06-08,North,135.74,3
2025-06-09,North,178.45,4
2025-06-10,North,90.82,2
2025-06-11,North,180.20,4
2025-06-12,North,133.78,3
2025-06-13,North,90.16,2
2025-06-14,North,134.31,3
2025-06-15,North,90.22,2
2025-06-16,North,90.06,2
2025-06-17,North,90.61,2
2025-06-18,North,90.64,2
2025-06-19,North,134.75,3
2025-06-20,North,133.87,3
2025-06-21,North,134.56,3
2025-06-22,North,134.38,3
2025-06-23,North,136.17,3
2025-06-24,North,134.87,3
2025-06-25,North,89.71,2
2025-06-26,North,181.17,4
2025-06-27,North,181.73,4
2025-06-28,North,133.87,3
2025-06-01,North,89.38,2
2025-06-02,North,135.94,3
2025-06-03,North,135.57,3
2025-06-04,North,179.29,4
2025-06-05,North,90.01,2
2025-06-06,North,179.41,4
2025-06-07,North,178.58,4
2025-06-08,North,181.69,4
2025-06-09,North,90.56,2
2025-06-10,North,135.91,3
2025-06-11,North,181.43,4
2025-06-12,North,134.87,3
2025-06-13,North,134.92,3
2025-06-14,North,89.80,2
2025-06-15,North,89.69,2
2025-06-16,North,134.54,3
2025-06-17,North,180.30,4
2025-06-18,North,178.66,4
2025-06-19,North,134.01,3
2025-06-20,North,90.84,2
2025-06-21,North,135.49,3
2025-06-22,North,90.28,2
2025-06-23,North,179.36,4
2025-06-24,North,89.48,2
2025-06-25,North,89.66,2
2025-06-26,North,135.12,3
2025-06-27,North,180.40,4
2025-06-28,North,180.19,4
2025-06-01,North,90.85,2
2025-06-02,North,178.92,4
2025-06-03,North,89.72,2
2025-06-04,North,89.46,2
2025-06-05,North,90.87,2
2025-06-06,North,136.22,3
2025-06-07,North,89.94,2
2025-06-08,North,135.90,3
2025-06-09,North,180.74,4
2025-06-10,North,135.29,3
2025-06-11,North,179.80,4
2025-06-12,North,90.84,2
2025-06-13,North,134.66,3
2025-06-14,North,135.56,3
2025-06-15,North,134.45,3
2025-06-16,North,179.87,4
2025-06-17,North,90.16,2
2025-06-18,North,134.77,3
2025-06-19,North,180.98,4
2025-06-20,North,136.13,3
2025-06-21,North,179.63,4
2025-06-22,North,90.15,2
2025-06-23,North,135.03,3
2025-06-24,North,89.92,2
2025-06-25,North,89.94,2
2025-06-26,North,136.14,3
2025-06-27,North,181.29,4
2025-06-28,North,89.31,2
2025-06-01,North,90.17,2
2025-06-02,North,90.79,2
2025-06-03,North,179.05,4
2025-06-04,North,179.92,4
2025-06-05,North,178.51,4
2025-06-06,North,178.65,4
2025-06-07,North,179.28,4
2025-06-08,North,90.31,2
2025-06-09,North,90.87,2
2025-06-10,North,90.11,2
2025-06-11,North,90.16,2
2025-06-12,North,134.03,3
2025-06-13,North,179.22,4
2025-06-14,North,90.79,2
2025-06-15,North,134.30,3
2025-06-16,North,134.25,3
2025-06-17,North,134.96,3
2025-06-18,North,90.56,2
2025-06-19,North,90.49,2
2025-06-20,North,136.28,3
2025-06-21,North,89.11,2
2025-06-22,North,135.31,3
2025-06-23,North,89.42,2
2025-06-24,North,179.84,4
2025-06-25,North,178.65,4
2025-06-26,North,90.72,2
2025-06-27,North,136.31,3
2025-06-28,North,90.43,2
2025-06-01,North,90.32,2
2025-06-02,North,90.35,2
2025-06-03,North,89.33,2
2025-06-04,North,134.65,3
2025-06-05,North,90.12,2
2025-06-06,North,135.94,3
2025-06-07,North,89.73,2
2025-06-08,North,136.22,3
2025-06-09,North,90.41,2
2025-06-10,North,89.16,2
2025-06-11,North,136.34,3
2025-06-12,North,135.89,3
2025-06-13,North,181.78,4
2025-06-14,North,90.76,2
2025-06-15,North,178.97,4
2025-06-16,North,90.64,2
2025-06-17,North,135.29,3
2025-06-18,North,90.39,2
2025-06-19,North,135.81,3
2025-06-20,North,90.45,2
2025-06-21,North,89.90,2
2025-06-22,North,180.23,4
2025-06-23,North,90.42,2
2025-06-24,North,178.74,4
2025-06-25,North,178.49,4
2025-06-26,North,135.63,3
2025-06-27,North,134.95,3
2025-06-28,North,90.80,2
2025-06-01,North,178.23,4
2025-06-02,North,90.85,2
2025-06-03,North,180.10,4
2025-06-04,North,135.11,3
2025-06-05,North,90.11,2
2025-06-06,North,134.78,3
2025-06-07,North,135.61,3
2025-06-08,North,180.44,4
2025-06-09,North,134.75,3
2025-06-10,North,134.86,3
2025-06-11,North,89.95,2
2025-06-12,North,180.45,4
2025-06-13,North,136.15,3
2025-06-14,North,135.70,3
2025-06-15,North,89.35,2
2025-06-16,North,135.30,3
2025-06-17,North,90.81,2
2025-06-18,North,134.98,3
2025-06-19,North,180.95,4
2025-06-20,North,89.63,2
2025-06-21,North,134.66,3
2025-06-22,North,180.30,4
2025-06-23,North,135.07,3
2025-06-24,North,136.02,3
2025-06-25,North,89.35,2
2025-06-26,North,89.85,2
2025-06-27,North,135.88,3
2025-06-28,North,178.75,4
2025-06-01,North,90.87,2
2025-06-02,North,136.22,3
2025-06-03,North,90.77,2
2025-06-04,North,179.74,4
2025-06-01,South,111.13,4
2025-06-02,South,112.83,4
2025-06-03,South,113.04,4
2025-06-04,South,83.53,3
2025-06-05,South,83.29,3
2025-06-06,South,111.77,4
2025-06-07,South,84.01,3
2025-06-08,South,55.48,2
2025-06-09,South,112.21,4
2025-06-10,South,56.28,2
2025-06-11,South,112.24,4
2025-06-12,South,111.28,4
2025-06-13,South,55.52,2
2025-06-14,South,84.79,3
2025-06-15,South,84.49,3
2025-06-16,South,111.31,4
2025-06-17,South,112.05,4
2025-06-18,South,55.69,2
2025-06-19,South,111.31,4
2025-06-20,South,84.46,3
2025-06-21,South,111.62,4
2025-06-22,South,84.40,3
2025-06-23,South,84.68,3
2025-06-24,South,83.81,3
2025-06-25,South,84.19,3
2025-06-26,South,112.17,4
2025-06-27,South,83.55,3
2025-06-28,South,83.25,3
2025-06-01,South,83.87,3
2025-06-02,South,113.10,4
2025-06-03,South,56.23,2
2025-06-04,South,56.21,2
2025-06-05,South,83.45,3
2025-06-06,South,110.95,4
2025-06-07,South,84.35,3
2025-06-08,South,84.71,3
2025-06-09,South,56.50,2
2025-06-10,South,112.77,4
2025-06-11,South,56.41,2
2025-06-12,South,55.78,2
2025-06-13,South,84.11,3
2025-06-14,South,55.74,2
2025-06-15,South,83.57,3
2025-06-16,South,111.46,4
2025-06-17,South,84.00,3
2025-06-18,South,84.59,3
2025-06-19,South,83.29,3
2025-06-20,South,56.22,2
2025-06-21,South,56.24,2
2025-06-22,South,111.76,4
2025-06-23,South,55.50,2
2025-06-24,South,83.25,3
2025-06-25,South,84.71,3
2025-06-26,South,55.94,2
2025-06-27,South,112.25,4
2025-06-28,South,56.12,2
2025-06-01,South,83.47,3
2025-06-02,South,83.54,3
2025-06-03,South,111.44,4
2025-06-04,South,111.84,4
2025-06-05,South,56.43,2
2025-06-06,South,55.67,2
2025-06-07,South,111.82,4
2025-06-08,South,83.41,3
2025-06-09,South,111.28,4
2025-06-10,South,111.22,4
2025-06-11,South,84.45,3
2025-06-12,South,112.43,4
2025-06-13,South,56.05,2
2025-06-14,South,55.79,2
2025-06-15,South,84.32,3
2025-06-16,South,55.89,2
2025-06-17,South,112.79,4
2025-06-18,South,56.53,2
2025-06-19,South,56.01,2
2025-06-20,South,111.90,4
2025-06-21,South,55.66,2
2025-06-22,South,111.80,4
2025-06-23,South,111.86,4
2025-06-24,South,56.41,2
2025-06-25,South,111.88,4
2025-06-26,South,84.48,3
2025-06-27,South,55.83,2
2025-06-28,South,56.53,2
2025-06-01,South,83.29,3
2025-06-02,South,56.50,2
2025-06-03,South,55.61,2
2025-06-04,South,55.53,2
2025-06-05,South,111.61,4
2025-06-06,South,113.06,4
2025-06-07,South,55.72,2
2025-06-08,South,55.75,2
2025-06-09,South,56.08,2
2025-06-10,South,83.89,3
2025-06-11,South,55.51,2
2025-06-12,South,84.54,3
2025-06-13,South,84.00,3
2025-06-14,South,55.96,2
2025-06-15,South,111.93,4
2025-06-16,South,55.76,2
2025-06-17,South,112.31,4
2025-06-18,South,55.74,2
2025-06-19,South,112.72,4
2025-06-20,South,84.13,3
2025-06-21,South,56.52,2
2025-06-22,South,55.88,2
2025-06-23,South,56.42,2
2025-06-24,South,83.86,3
2025-06-25,South,83.95,3
2025-06-26,South,83.89,3
2025-06-27,South,111.18,4
2025-06-28,South,111.90,4
2025-06-01,South,83.77,3
2025-06-02,South,55.63,2
2025-06-03,South,55.70,2
2025-06-04,South,112.23,4
2025-06-05,South,56.35,2
2025-06-06,South,83.66,3
2025-06-07,South,55.64,2
2025-06-08,South,112.71,4
2025-06-09,South,83.25,3
2025-06-10,South,112.15,4
2025-06-11,South,56.43,2
2025-06-12,South,111.33,4
2025-06-13,South,56.36,2
2025-06-14,South,56.30,2
2025-06-15,South,55.72,2
2025-06-16,South,84.59,3
2025-06-17,South,55.62,2
2025-06-18,South,83.74,3
2025-06-19,South,83.84,3
2025-06-20,South,112.70,4
2025-06-21,South,111.22,4
2025-06-22,South,111.97,4
2025-06-23,South,56.34,2
2025-06-24,South,83.37,3
2025-06-25,South,112.39,4
2025-06-26,South,84.58,3
2025-06-27,South,55.68,2
2025-06-28,South,55.53,2
2025-06-01,South,113.06,4
2025-06-02,South,83.58,3
2025-06-03,South,83.85,3
2025-06-04,South,55.79,2
2025-06-05,South,83.21,3
2025-06-06,South,55.84,2
2025-06-07,South,56.42,2
2025-06-08,South,83.28,3
2025-06-09,South,56.31,2
2025-06-10,South,56.01,2
2025-06-11,South,83.57,3
2025-06-12,South,84.46,3
2025-06-13,South,55.54,2
2025-06-14,South,84.34,3
2025-06-15,South,84.18,3
2025-06-16,South,111.62,4
2025-06-17,South,111.96,4
2025-06-18,South,56.06,2
2025-06-19,South,112.66,4
2025-06-20,South,84.34,3
2025-06-21,South,84.07,3
2025-06-22,South,55.82,2
2025-06-23,South,55.63,2
2025-06-24,South,56.17,2
2025-06-25,South,83.18,3
2025-06-26,South,56.42,2
2025-06-27,South,112.57,4
2025-06-28,South,112.57,4
2025-06-01,South,55.85,2
2025-06-02,South,56.06,2
2025-06-01,East,104.79,2
2025-06-02,East,210.80,4
2025-06-03,East,158.02,3
2025-06-04,East,208.89,4
2025-06-05,East,209.72,4
2025-06-06,East,157.10,3
2025-06-07,East,208.81,4
2025-06-08,East,158.81,3
2025-06-09,East,157.94,3
2025-06-10,East,159.02,3
2025-06-11,East,156.44,3
2025-06-12,East,105.36,2
2025-06-13,East,211.05,4
2025-06-14,East,105.04,2
2025-06-15,East,157.24,3
2025-06-16,East,105.70,2
2025-06-17,East,210.90,4
2025-06-18,East,208.30,4
2025-06-19,East,158.90,3
2025-06-20,East,104.26,2
2025-06-21,East,156.10,3
2025-06-22,East,157.55,3
2025-06-23,East,105.77,2
2025-06-24,East,158.02,3
2025-06-25,East,211.26,4
2025-06-26,East,158.45,3
2025-06-27,East,210.06,4
2025-06-28,East,105.27,2
2025-06-01,East,105.20,2
2025-06-02,East,209.64,4
2025-06-03,East,210.38,4
2025-06-04,East,157.26,3
2025-06-05,East,105.82,2
2025-06-06,East,209.95,4
2025-06-07,East,157.06,3
2025-06-08,East,105.08,2
2025-06-09,East,208.91,4
2025-06-10,East,105.57,2
2025-06-11,East,104.42,2
2025-06-12,East,104.52,2
2025-06-13,East,211.41,4
2025-06-14,East,211.98,4
2025-06-15,East,210.71,4
2025-06-16,East,104.59,2
2025-06-17,East,210.26,4
2025-06-18,East,156.56,3
2025-06-19,East,210.10,4
2025-06-20,East,209.58,4
2025-06-21,East,209.55,4
2025-06-22,East,211.59,4
2025-06-23,East,209.09,4
2025-06-24,East,158.12,3
2025-06-25,East,156.85,3
2025-06-26,East,105.69,2
2025-06-27,East,158.53,3
2025-06-28,East,105.93,2
2025-06-01,East,105.72,2
2025-06-02,East,157.38,3
2025-06-03,East,156.97,3
2025-06-04,East,104.23,2
2025-06-05,East,105.01,2
2025-06-06,East,103.99,2
2025-06-07,East,157.72,3
2025-06-08,East,156.73,3
2025-06-09,East,158.61,3
2025-06-10,East,158.15,3
2025-06-11,East,105.81,2
2025-06-12,East,209.81,4
2025-06-13,East,104.49,2
2025-06-14,East,211.87,4
2025-06-15,East,158.14,3
2025-06-16,East,104.16,2
2025-06-17,East,211.33,4
2025-06-18,East,156.76,3
2025-06-19,East,105.89,2
2025-06-20,East,158.70,3
2025-06-21,East,105.72,2
2025-06-22,East,104.01,2
2025-06-23,East,105.40,2
2025-06-24,East,156.06,3
2025-06-25,East,105.16,2
2025-06-26,East,158.38,3
2025-06-27,East,156.81,3
2025-06-28,East,210.23,4
2025-06-01,East,208.16,4
2025-06-02,East,104.48,2
2025-06-03,East,211.01,4
2025-06-04,East,104.04,2
2025-06-05,East,157.50,3
2025-06-06,East,210.98,4
2025-06-07,East,156.59,3
2025-06-08,East,209.83,4
2025-06-09,East,158.98,3
2025-06-10,East,209.11,4
2025-06-11,East,105.49,2
2025-06-12,East,158.65,3
2025-06-13,East,104.68,2
2025-06-14,East,103.97,2
2025-06-15,East,158.23,3
2025-06-16,East,156.82,3
2025-06-17,East,158.44,3
2025-06-18,East,105.16,2
2025-06-19,East,104.02,2
2025-06-20,East,105.87,2
2025-06-21,East,158.15,3
2025-06-22,East,211.45,4
2025-06-23,East,208.99,4
2025-06-24,East,104.65,2
2025-06-25,East,104.19,2
2025-06-26,East,105.78,2
2025-06-27,East,207.94,4
2025-06-28,East,207.90,4
2025-06-01,East,208.67,4
2025-06-02,East,209.99,4
2025-06-03,East,211.98,4
2025-06-04,East,208.20,4
2025-06-05,East,155.97,3
2025-06-06,East,209.25,4
2025-06-07,East,211.47,4
2025-06-08,East,104.73,2
2025-06-09,East,208.04,4
2025-06-10,East,156.08,3
2025-06-11,East,158.66,3
2025-06-12,East,210.68,4
2025-06-13,East,208.09,4
2025-06-14,East,104.69,2
2025-06-15,East,105.93,2
2025-06-16,East,104.78,2
2025-06-17,East,211.15,4
2025-06-18,East,157.10,3
2025-06-19,East,156.47,3
2025-06-20,East,105.14,2
2025-06-21,East,209.65,4
2025-06-22,East,209.51,4
2025-06-23,East,106.00,2
2025-06-24,East,104.61,2
2025-06-25,East,156.40,3
2025-06-26,East,158.43,3
2025-06-27,East,105.38,2
2025-06-28,East,208.11,4
2025-06-01,West,50.31,2
2025-06-02,West,100.00,4
2025-06-03,West,50.31,2
2025-06-04,West,100.76,4
2025-06-05,West,100.75,4
2025-06-06,West,100.09,4
2025-06-07,West,100.69,4
2025-06-08,West,100.11,4
2025-06-09,West,74.48,3
2025-06-10,West,50.42,2
2025-06-11,West,50.45,2
2025-06-12,West,75.29,3
2025-06-13,West,75.54,3
2025-06-14,West,74.45,3
2025-06-15,West,50.31,2
2025-06-16,West,100.28,4
2025-06-17,West,49.52,2
2025-06-18,West,50.12,2
2025-06-19,West,74.57,3
2025-06-20,West,99.29,4
2025-06-21,West,100.64,4
2025-06-22,West,74.74,3
2025-06-23,West,100.97,4
2025-06-24,West,49.62,2
2025-06-25,West,74.44,3
2025-06-26,West,75.57,3
2025-06-27,West,99.89,4
2025-06-28,West,50.10,2
2025-06-01,West,99.62,4
2025-06-02,West,50.18,2
2025-06-03,West,74.97,3
2025-06-04,West,100.45,4
2025-06-05,West,74.88,3
2025-06-06,West,74.29,3
2025-06-07,West,50.07,2
2025-06-08,West,75.13,3
2025-06-09,West,99.34,4
2025-06-10,West,50.10,2
2025-06-11,West,99.69,4
2025-06-12,West,99.72,4
2025-06-13,West,49.67,2
2025-06-14,West,49.64,2
2025-06-15,West,74.97,3
2025-06-16,West,100.37,4
2025-06-17,West,100.75,4
2025-06-18,West,50.16,2
2025-06-19,West,74.96,3
2025-06-20,West,49.96,2
2025-06-21,West,100.26,4
2025-06-22,West,49.68,2
2025-06-23,West,75.25,3
2025-06-24,West,74.86,3
2025-06-25,West,99.33,4
2025-06-26,West,100.52,4
2025-06-27,West,74.29,3
2025-06-28,West,100.62,4
2025-06-01,West,49.64,2
2025-06-02,West,50.32,2
2025-06-03,West,49.77,2
2025-06-04,West,99.13,4
2025-06-05,West,50.05,2
2025-06-06,West,75.60,3
2025-06-07,West,100.03,4
2025-06-08,West,50.04,2
2025-06-09,West,74.45,3
2025-06-10,West,74.37,3
2025-06-11,West,100.52,4
2025-06-12,West,74.43,3
2025-06-13,West,99.44,4
2025-06-14,West,50.46,2
2025-06-15,West,99.88,4
2025-06-16,West,75.13,3
2025-06-17,West,100.13,4
2025-06-18,West,49.55,2
2025-06-19,West,75.19,3
2025-06-20,West,100.75,4
2025-06-21,West,99.23,4
2025-06-22,West,49.97,2
2025-06-23,West,75.50,3
2025-06-24,West,74.90,3
2025-06-25,West,99.67,4
2025-06-26,West,50.46,2
2025-06-27,West,50.10,2
2025-06-28,West,100.88,4
2025-06-01,West,100.87,4
2025-06-02,West,50.07,2
2025-06-03,West,74.27,3
2025-06-04,West,75.63,3
2025-06-05,West,75.07,3
2025-06-06,West,75.43,3
2025-06-07,West,50.43,2
2025-06-08,West,99.94,4
2025-06-09,West,75.34,3
2025-06-10,West,100.54,4
2025-06-11,West,75.37,3
2025-06-12,West,75.57,3
2025-06-13,West,75.26,3
2025-06-14,West,75.55,3
2025-06-15,West,99.74,4
2025-06-16,West,75.65,3
2025-06-17,West,75.68,3
2025-06-18,West,99.29,4
2025-06-19,West,99.84,4
2025-06-20,West,99.88,4
2025-06-21,West,50.12,2
2025-06-22,West,75.14,3
2025-06-23,West,100.53,4
2025-06-24,West,50.39,2
2025-06-25,West,49.83,2
2025-06-26,West,99.11,4
2025-07-01,North,134.32,3
2025-07-02,North,135.83,3
2025-07-03,North,134.83,3
2025-07-04,North,133.80,3
2025-07-05,North,135.29,3
2025-07-06,North,89.21,2
2025-07-07,North,178.76,4
2025-07-08,North,179.12,4
2025-07-09,North,89.61,2
2025-07-10,North,180.37,4
2025-07-11,North,179.61,4
2025-07-12,North,90.15,2
2025-07-13,North,178.43,4
2025-07-14,North,181.14,4
2025-07-15,North,89.59,2
2025-07-16,North,89.28,2
2025-07-17,North,181.11,4
2025-07-18,North,133.88,3
2025-07-19,North,134.29,3
2025-07-20,North,136.33,3
2025-07-21,North,90.25,2
2025-07-22,North,134.11,3
2025-07-23,North,136.35,3
2025-07-24,North,90.70,2
2025-07-25,North,181.22,4
2025-07-26,North,89.75,2
2025-07-27,North,134.23,3
2025-07-28,North,135.79,3
2025-07-01,North,134.10,3
2025-07-02,North,89.26,2
2025-07-03,North,89.92,2
2025-07-04,North,89.30,2
2025-07-05,North,134.40,3
2025-07-06,North,135.02,3
2025-07-07,North,180.99,4
2025-07-08,North,179.67,4
2025-07-09,North,179.40,4
2025-07-10,North,179.67,4
2025-07-11,North,90.69,2
2025-07-12,North,180.29,4
2025-07-13,North,181.03,4
2025-07-14,North,180.21,4
2025-07-15,North,90.87,2
2025-07-16,North,181.55,4
2025-07-17,North,135.06,3
2025-07-18,North,90.55,2
2025-07-19,North,135.04,3
2025-07-20,North,178.74,4
2025-07-21,North,135.97,3
2025-07-22,North,135.11,3
2025-07-23,North,135.26,3
2025-07-24,North,90.79,2
2025-07-25,North,133.93,3
2025-07-26,North,136.20,3
2025-07-27,North,134.25,3
2025-07-28,North,89.25,2
2025-07-01,North,180.15,4
2025-07-02,North,136.32,3
2025-07-03,North,136.24,3
2025-07-04,North,89.82,2
2025-07-05,North,181.21,4
2025-07-06,North,89.72,2
2025-07-07,North,134.08,3
2025-07-08,North,89.85,2
2025-07-09,North,135.13,3
2025-07-10,North,181.60,4
2025-07-11,North,89.62,2
2025-07-12,North,178.84,4
2025-07-13,North,134.10,3
2025-07-14,North,181.10,4
2025-07-15,North,134.64,3
2025-07-16,North,135.32,3
2025-07-17,North,180.52,4
2025-07-18,North,135.01,3
2025-07-19,North,89.20,2
2025-07-20,North,136.34,3
2025-07-21,North,89.49,2
2025-07-22,North,179.02,4
2025-07-23,North,136.04,3
2025-07-24,North,180.23,4
2025-07-25,North,90.26,2
2025-07-26,North,133.78,3
2025-07-27,North,90.88,2
2025-07-28,North,178.83,4
2025-07-01,North,181.13,4
2025-07-02,North,179.57,4
2025-07-03,North,180.23,4
2025-07-04,North,135.66,3
2025-07-05,North,178.77,4
2025-07-06,North,179.47,4
2025-07-07,North,90.71,2
2025-07-08,North,178.22,4
2025-07-09,North,180.28,4
2025-07-10,North,89.81,2
2025-07-11,North,90.21,2
2025-07-12,North,89.61,2
2025-07-13,North,89.93,2
2025-07-14,North,179.55,4
2025-07-15,North,181.39,4
2025-07-16,North,134.47,3
2025-07-17,North,133.86,3
2025-07-18,North,90.06,2
2025-07-19,North,90.43,2
2025-07-20,North,89.65,2
2025-07-21,North,178.45,4
2025-07-22,North,90.28,2
2025-07-23,North,178.22,4
2025-07-24,North,135.16,3
2025-07-25,North,179.94,4
2025-07-26,North,134.14,3
2025-07-27,North,134.64,3
2025-07-28,North,180.75,4
2025-07-01,North,181.34,4
2025-07-02,North,134.86,3
2025-07-03,North,133.86,3
2025-07-04,North,133.77,3
2025-07-05,North,134.09,3
2025-07-06,North,90.52,2
2025-07-07,North,181.36,4
2025-07-08,North,90.53,2
2025-07-09,North,179.16,4
2025-07-10,North,181.08,4
2025-07-11,North,180.74,4
2025-07-12,North,179.60,4
2025-07-13,North,90.00,2
2025-07-14,North,136.03,3
2025-07-15,North,179.36,4
2025-07-16,North,134.56,3
2025-07-17,North,178.63,4
2025-07-18,North,90.64,2
2025-07-19,North,181.78,4
2025-07-20,North,90.19,2
2025-07-21,North,134.59,3
2025-07-22,North,181.74,4
2025-07-23,North,89.13,2
2025-07-24,North,90.43,2
2025-07-25,North,180.61,4
2025-07-26,North,89.45,2
2025-07-27,North,136.31,3
2025-07-28,North,178.63,4
2025-07-01,North,89.88,2
2025-07-02,North,136.20,3
2025-07-03,North,90.64,2
2025-07-04,North,179.04,4
2025-07-05,North,181.40,4
2025-07-06,North,180.61,4
2025-07-07,North,89.49,2
2025-07-08,North,134.41,3
2025-07-09,North,90.00,2
2025-07-10,North,134.12,3
2025-07-11,North,135.42,3
2025-07-12,North,134.56,3
2025-07-13,North,181.50,4
2025-07-14,North,90.80,2
2025-07-15,North,89.79,2
2025-07-16,North,135.13,3
2025-07-17,North,89.72,2
2025-07-18,North,181.03,4
2025-07-19,North,89.96,2
2025-07-20,North,135.35,3
2025-07-21,North,90.61,2
2025-07-22,North,181.46,4
2025-07-23,North,89.73,2
2025-07-24,North,89.49,2
2025-07-25,North,90.84,2
2025-07-26,North,89.75,2
2025-07-27,North,178.41,4
2025-07-28,North,180.59,4
2025-07-01,North,90.62,2
2025-07-02,North,135.29,3
2025-07-03,North,89.15,2
2025-07-04,North,179.67,4
2025-07-05,North,179.55,4
2025-07-06,North,178.27,4
2025-07-07,North,134.96,3
2025-07-08,North,89.99,2
2025-07-09,North,179.23,4
2025-07-10,North,134.03,3
2025-07-11,North,90.76,2
2025-07-12,North,134.35,3
2025-07-13,North,89.71,2
2025-07-14,North,90.89,2
2025-07-15,North,181.10,4
2025-07-16,North,179.98,4
2025-07-17,North,178.61,4
2025-07-18,North,180.36,4
2025-07-19,North,179.05,4
2025-07-20,North,89.24,2
2025-07-21,North,89.48,2
2025-07-22,North,179.22,4
2025-07-23,North,89.39,2
2025-07-24,North,89.94,2
2025-07-25,North,178.73,4
2025-07-26,North,178.42,4
2025-07-27,North,90.01,2
2025-07-28,North,135.64,3
2025-07-01,North,135.82,3
2025-07-02,North,135.34,3
2025-07-03,North,179.05,4
2025-07-04,North,89.61,2
2025-07-01,South,112.74,4
2025-07-02,South,56.24,2
2025-07-03,South,83.35,3
2025-07-04,South,83.28,3
2025-07-05,South,56.48,2
2025-07-06,South,84.70,3
2025-07-07,South,56.30,2
2025-07-08,South,55.61,2
2025-07-09,South,111.53,4
2025-07-10,South,55.83,2
2025-07-11,South,83.58,3
2025-07-12,South,111.33,4
2025-07-13,South,83.48,3
2025-07-14,South,83.46,3
2025-07-15,South,55.51,2
2025-07-16,South,56.30,2
2025-07-17,South,111.21,4
2025-07-18,South,56.25,2
2025-07-19,South,83.42,3
2025-07-20,South,83.97,3
2025-07-21,South,84.30,3
2025-07-22,South,83.95,3
2025-07-23,South,84.67,3
2025-07-24,South,112.55,4
2025-07-25,South,83.75,3
2025-07-26,South,83.26,3
2025-07-27,South,55.69,2
2025-07-28,South,112.46,4
2025-07-01,South,55.75,2
2025-07-02,South,83.79,3
2025-07-03,South,111.64,4
2025-07-04,South,84.66,3
2025-07-05,South,56.00,2
2025-07-06,South,111.48,4
2025-07-07,South,110.92,4
2025-07-08,South,55.98,2
2025-07-09,South,112.13,4
2025-07-10,South,56.13,2
2025-07-11,South,84.35,3
2025-07-12,South,55.83,2
2025-07-13,South,112.90,4
2025-07-14,South,112.32,4
2025-07-15,South,55.74,2
2025-07-16,South,111.16,4
2025-07-17,South,55.99,2
2025-07-18,South,111.58,4
2025-07-19,South,55.46,2
2025-07-20,South,56.08,2
2025-07-21,South,84.57,3
2025-07-22,South,112.80,4
2025-07-23,South,84.27,3
2025-07-24,South,55.64,2
2025-07-25,South,55.65,2
2025-07-26,South,84.75,3
2025-07-27,South,112.53,4
2025-07-28,South,83.74,3
2025-07-01,South,111.93,4
2025-07-02,South,84.61,3
2025-07-03,South,111.18,4
2025-07-04,South,83.19,3
2025-07-05,South,55.67,2
2025-07-06,South,56.52,2
2025-07-07,South,110.96,4
2025-07-08,South,56.49,2
2025-07-09,South,111.74,4
2025-07-10,South,55.72,2
2025-07-11,South,56.22,2
2025-07-12,South,112.62,4
2025-07-13,South,112.78,4
2025-07-14,South,55.82,2
2025-07-15,South,56.43,2
2025-07-16,South,112.28,4
2025-07-17,South,83.79,3
2025-07-18,South,83.57,3
2025-07-19,South,55.82,2
2025-07-20,South,112.71,4
2025-07-21,South,112.94,4
2025-07-22,South,111.27,4
2025-07-23,South,56.04,2
2025-07-24,South,84.33,3
2025-07-25,South,83.99,3
2025-07-26,South,84.51,3
2025-07-27,South,56.41,2
2025-07-28,South,83.68,3
2025-07-01,South,112.46,4
2025-07-02,South,56.29,2
2025-07-03,South,55.52,2
2025-07-04,South,55.75,2
2025-07-05,South,56.11,2
2025-07-06,South,55.87,2
2025-07-07,South,55.74,2
2025-07-08,South,113.08,4
2025-07-09,South,83.73,3
2025-07-10,South,83.81,3
2025-07-11,South,56.08,2
2025-07-12,South,112.00,4
2025-07-13,South,84.43,3
2025-07-14,South,84.76,3
2025-07-15,South,55.87,2
2025-07-16,South,83.37,3
2025-07-17,South,111.29,4
2025-07-18,South,56.16,2
2025-07-19,South,112.08,4
2025-07-20,South,111.20,4
2025-07-21,South,112.52,4
2025-07-22,South,111.26,4
2025-07-23,South,112.34,4
2025-07-24,South,55.73,2
2025-07-25,South,84.36,3
2025-07-26,South,112.51,4
2025-07-27,South,83.67,3
2025-07-28,South,112.58,4
2025-07-01,South,111.63,4
2025-07-02,South,112.11,4
2025-07-03,South,56.47,2
2025-07-04,South,83.27,3
2025-07-05,South,56.31,2
2025-07-06,South,84.72,3
2025-07-07,South,110.92,4
2025-07-08,South,113.10,4
2025-07-09,South,83.52,3
2025-07-10,South,56.48,2
2025-07-11,South,111.85,4
2025-07-12,South,112.79,4
2025-07-13,South,112.30,4
2025-07-14,South,56.15,2
2025-07-15,South,112.57,4
2025-07-16,South,83.45,3
2025-07-17,South,83.86,3
2025-07-18,South,112.24,4
2025-07-19,South,56.35,2
2025-07-20,South,84.68,3
2025-07-21,South,55.64,2
2025-07-22,South,111.88,4
2025-07-23,South,83.92,3
2025-07-24,South,55.92,2
2025-07-25,South,55.67,2
2025-07-26,South,55.61,2
2025-07-27,South,112.91,4
2025-07-28,South,112.08,4
2025-07-01,South,56.01,2
2025-07-02,South,55.76,2
2025-07-03,South,112.72,4
2025-07-04,South,112.13,4
2025-07-05,South,84.10,3
2025-07-06,South,84.75,3
2025-07-07,South,83.97,3
2025-07-08,South,56.22,2
2025-07-09,South,83.73,3
2025-07-10,South,56.54,2
2025-07-11,South,55.57,2
2025-07-12,South,111.70,4
2025-07-13,South,55.72,2
2025-07-14,South,55.58,2
2025-07-15,South,56.40,2
2025-07-16,South,111.82,4
2025-07-17,South,56.40,2
2025-07-18,South,110.96,4
2025-07-19,South,56.13,2
2025-07-20,South,56.09,2
2025-07-21,South,112.86,4
2025-07-22,South,56.27,2
2025-07-23,South,56.06,2
2025-07-24,South,55.55,2
2025-07-25,South,111.18,4
2025-07-26,South,111.71,4
2025-07-27,South,111.47,4
2025-07-28,South,55.88,2
2025-07-01,South,56.13,2
2025-07-02,South,83.75,3
2025-07-01,East,207.93,4
2025-07-02,East,158.16,3
2025-07-03,East,156.69,3
2025-07-04,East,211.34,4
2025-07-05,East,105.99,2
2025-07-06,East,208.94,4
2025-07-07,East,104.81,2
2025-07-08,East,158.21,3
2025-07-09,East,209.41,4
2025-07-10,East,211.47,4
2025-07-11,East,156.45,3
2025-07-12,East,158.05,3
2025-07-13,East,104.21,2
2025-07-14,East,104.36,2
2025-07-15,East,157.17,3
2025-07-16,East,156.17,3
2025-07-17,East,104.72,2
2025-07-18,East,105.15,2
2025-07-19,East,105.66,2
2025-07-20,East,104.75,2
2025-07-21,East,157.48,3
2025-07-22,East,158.47,3
2025-07-23,East,209.05,4
2025-07-24,East,157.40,3
2025-07-25,East,104.59,2
2025-07-26,East,104.59,2
2025-07-27,East,105.07,2
2025-07-28,East,158.72,3
2025-07-01,East,208.71,4
2025-07-02,East,211.96,4
2025-07-03,East,104.66,2
2025-07-04,East,157.26,3
2025-07-05,East,210.64,4
2025-07-06,East,158.49,3
2025-07-07,East,158.97,3
2025-07-08,East,159.07,3
2025-07-09,East,156.42,3
2025-07-10,East,209.09,4
2025-07-11,East,208.19,4
2025-07-12,East,105.56,2
2025-07-13,East,210.93,4
2025-07-14,East,210.33,4
2025-07-15,East,208.02,4
2025-07-16,East,104.88,2
2025-07-17,East,104.84,2
2025-07-18,East,156.05,3
2025-07-19,East,208.81,4
2025-07-20,East,105.44,2
2025-07-21,East,104.24,2
2025-07-22,East,158.37,3
2025-07-23,East,209.08,4
2025-07-24,East,158.88,3
2025-07-25,East,208.41,4
2025-07-26,East,211.00,4
2025-07-27,East,158.64,3
2025-07-28,East,105.51,2
2025-07-01,East,156.22,3
2025-07-02,East,157.41,3
2025-07-03,East,210.36,4
2025-07-04,East,158.48,3
2025-07-05,East,105.58,2
2025-07-06,East,157.87,3
2025-07-07,East,158.15,3
2025-07-08,East,105.02,2
2025-07-09,East,104.32,2
2025-07-10,East,210.46,4
2025-07-11,East,105.45,2
2025-07-12,East,157.92,3
2025-07-13,East,104.28,2
2025-07-14,East,211.79,4
2025-07-15,East,105.03,2
2025-07-16,East,159.04,3
2025-07-17,East,157.82,3
2025-07-18,East,157.84,3
2025-07-19,East,157.22,3
2025-07-20,East,156.35,3
2025-07-21,East,105.40,2
2025-07-22,East,157.18,3
2025-07-23,East,158.77,3
2025-07-24,East,104.01,2
2025-07-25,East,209.34,4
2025-07-26,East,208.19,4
2025-07-27,East,105.07,2
2025-07-28,East,158.25,3
2025-07-01,East,105.09,2
2025-07-02,East,209.01,4
2025-07-03,East,209.00,4
2025-07-04,East,157.67,3
2025-07-05,East,211.56,4
2025-07-06,East,209.69,4
2025-07-07,East,105.75,2
2025-07-08,East,104.77,2
2025-07-09,East,212.05,4
2025-07-10,East,157.75,3
2025-07-11,East,210.07,4
2025-07-12,East,210.37,4
2025-07-13,East,211.35,4
2025-07-14,East,158.75,3
2025-07-15,East,209.21,4
2025-07-16,East,209.49,4
2025-07-17,East,210.22,4
2025-07-18,East,105.25,2
2025-07-19,East,104.16,2
2025-07-20,East,104.22,2
2025-07-21,East,156.22,3
2025-07-22,East,157.97,3
2025-07-23,East,105.32,2
2025-07-24,East,209.75,4
2025-07-25,East,157.96,3
2025-07-26,East,159.01,3
2025-07-27,East,158.76,3
2025-07-28,East,211.83,4
2025-07-01,East,104.45,2
2025-07-02,East,157.77,3
2025-07-03,East,104.26,2
2025-07-04,East,105.42,2
2025-07-05,East,210.44,4
2025-07-06,East,157.94,3
2025-07-07,East,104.75,2
2025-07-08,East,104.05,2
2025-07-09,East,105.53,2
2025-07-10,East,210.08,4
2025-07-11,East,157.96,3
2025-07-12,East,105.86,2
2025-07-13,East,210.05,4
2025-07-14,East,105.78,2
2025-07-15,East,157.81,3
2025-07-16,East,157.34,3
2025-07-17,East,209.83,4
2025-07-18,East,157.50,3
2025-07-19,East,104.67,2
2025-07-20,East,157.93,3
2025-07-21,East,210.01,4
2025-07-22,East,208.26,4
2025-07-23,East,105.85,2
2025-07-24,East,105.26,2
2025-07-25,East,158.77,3
2025-07-26,East,208.02,4
2025-07-27,East,105.00,2
2025-07-28,East,208.41,4
2025-07-01,West,74.66,3
2025-07-02,West,49.64,2
2025-07-03,West,50.09,2
2025-07-04,West,99.86,4
2025-07-05,West,74.44,3
2025-07-06,West,100.14,4
2025-07-07,West,99.35,4
2025-07-08,West,49.99,2
2025-07-09,West,50.13,2
2025-07-10,West,74.31,3
2025-07-11,West,99.68,4
2025-07-12,West,99.77,4
2025-07-13,West,49.77,2
2025-07-14,West,100.28,4
2025-07-15,West,49.60,2
2025-07-16,West,50.15,2
2025-07-17,West,49.69,2
2025-07-18,West,100.14,4
2025-07-19,West,99.33,4
2025-07-20,West,74.91,3
2025-07-21,West,99.29,4
2025-07-22,West,74.86,3
2025-07-23,West,49.86,2
2025-07-24,West,49.95,2
2025-07-25,West,99.20,4
2025-07-26,West,100.74,4
2025-07-27,West,99.22,4
2025-07-28,West,74.38,3
2025-07-01,West,49.65,2
2025-07-02,West,74.51,3
2025-07-03,West,99.78,4
2025-07-04,West,50.05,2
2025-07-05,West,49.64,2
2025-07-06,West,50.26,2
2025-07-07,West,74.33,3
2025-07-08,West,49.55,2
2025-07-09,West,74.75,3
2025-07-10,West,101.00,4
2025-07-11,West,100.78,4
2025-07-12,West,75.54,3
2025-07-13,West,100.29,4
2025-07-14,West,50.44,2
2025-07-15,West,50.08,2
2025-07-16,West,49.62,2
2025-07-17,West,75.17,3
2025-07-18,West,74.69,3
2025-07-19,West,75.74,3
2025-07-20,West,99.59,4
2025-07-21,West,99.85,4
2025-07-22,West,100.42,4
2025-07-23,West,100.43,4
2025-07-24,West,99.70,4
2025-07-25,West,100.27,4
2025-07-26,West,74.56,3
2025-07-27,West,50.36,2
2025-07-28,West,99.18,4
2025-07-01,West,50.03,2
2025-07-02,West,75.06,3
2025-07-03,West,49.77,2
2025-07-04,West,49.61,2
2025-07-05,West,75.60,3
2025-07-06,West,100.70,4
2025-07-07,West,49.52,2
2025-07-08,West,99.24,4
2025-07-09,West,75.62,3
2025-07-10,West,75.53,3
2025-07-11,West,100.35,4
2025-07-12,West,49.76,2
2025-07-13,West,74.43,3
2025-07-14,West,99.23,4
2025-07-15,West,74.28,3
2025-07-16,West,100.56,4
2025-07-17,West,75.33,3
2025-07-18,West,50.14,2
2025-07-19,West,99.95,4
2025-07-20,West,50.30,2
2025-07-21,West,74.99,3
2025-07-22,West,99.24,4
2025-07-23,West,75.45,3
2025-07-24,West,100.21,4
2025-07-25,West,74.32,3
2025-07-26,West,99.83,4
2025-07-27,West,99.63,4
2025-07-28,West,49.86,2
2025-07-01,West,100.50,4
2025-07-02,West,75.64,3
2025-07-03,West,75.71,3
2025-07-04,West,74.80,3
2025-07-05,West,49.57,2
2025-07-06,West,75.20,3
2025-07-07,West,50.38,2
2025-07-08,West,74.53,3
2025-07-09,West,74.88,3
2025-07-10,West,99.12,4
2025-07-11,West,100.47,4
2025-07-12,West,99.01,4
2025-07-13,West,74.80,3
2025-07-14,West,49.63,2
2025-07-15,West,99.06,4
2025-07-16,West,74.94,3
2025-07-17,West,49.71,2
2025-07-18,West,99.15,4
2025-07-19,West,100.27,4
2025-07-20,West,99.07,4
2025-07-21,West,50.23,2
2025-07-22,West,75.28,3
2025-07-23,West,100.13,4
2025-07-24,West,100.29,4
2025-07-25,West,49.62,2
2025-07-26,West,74.91,3
2025-08-01,North,181.56,4
2025-08-02,North,178.32,4
2025-08-03,North,90.80,2
2025-08-04,North,134.87,3
2025-08-05,North,135.17,3
2025-08-06,North,90.54,2
2025-08-07,North,89.91,2
2025-08-08,North,135.48,3
2025-08-09,North,89.26,2
2025-08-10,North,133.73,3
2025-08-11,North,179.13,4
2025-08-12,North,133.92,3
2025-08-13,North,90.59,2
2025-08-14,North,180.60,4
2025-08-15,North,90.61,2
2025-08-16,North,179.86,4
2025-08-17,North,89.75,2
2025-08-18,North,179.19,4
2025-08-19,North,135.24,3
2025-08-20,North,178.81,4
2025-08-21,North,134.19,3
2025-08-22,North,134.27,3
2025-08-23,North,134.89,3
2025-08-24,North,181.28,4
2025-08-25,North,178.72,4
2025-08-26,North,179.42,4
2025-08-27,North,89.41,2
2025-08-28,North,134.59,3
2025-08-01,North,90.17,2
2025-08-02,North,136.32,3
2025-08-03,North,89.88,2
2025-08-04,North,135.63,3
2025-08-05,North,90.36,2
2025-08-06,North,90.89,2
2025-08-07,North,134.34,3
2025-08-08,North,90.13,2
2025-08-09,North,135.98,3
2025-08-10,North,181.79,4
2025-08-11,North,136.02,3
2025-08-12,North,180.23,4
2025-08-13,North,89.64,2
2025-08-14,North,178.38,4
2025-08-15,North,181.54,4
2025-08-16,North,90.35,2
2025-08-17,North,179.91,4
2025-08-18,North,135.13,3
2025-08-19,North,180.51,4
2025-08-20,North,89.79,2
2025-08-21,North,89.57,2
2025-08-22,North,178.52,4
2025-08-23,North,135.35,3
2025-08-24,North,180.65,4
2025-08-25,North,135.60,3
2025-08-26,North,134.45,3
2025-08-27,North,180.77,4
2025-08-28,North,180.23,4
2025-08-01,North,89.65,2
2025-08-02,North,180.66,4
2025-08-03,North,89.77,2
2025-08-04,North,90.35,2
2025-08-05,North,179.85,4
2025-08-06,North,179.33,4
2025-08-07,North,134.52,3
2025-08-08,North,181.55,4
2025-08-09,North,180.45,4
2025-08-10,North,179.35,4
2025-08-11,North,178.37,4
2025-08-12,North,181.50,4
2025-08-13,North,179.07,4
2025-08-14,North,90.27,2
2025-08-15,North,180.73,4
2025-08-16,North,90.63,2
2025-08-17,North,90.83,2
2025-08-18,North,178.28,4
2025-08-19,North,90.38,2
2025-08-20,North,89.81,2
2025-08-21,North,133.88,3
2025-08-22,North,134.64,3
2025-08-23,North,181.10,4
2025-08-24,North,134.61,3
2025-08-25,North,134.68,3
2025-08-26,North,178.80,4
2025-08-27,North,136.10,3
2025-08-28,North,135.66,3
2025-08-01,North,134.33,3
2025-08-02,North,90.22,2
2025-08-03,North,133.69,3
2025-08-04,North,178.36,4
2025-08-05,North,90.85,2
2025-08-06,North,179.10,4
2025-08-07,North,136.19,3
2025-08-08,North,180.26,4
2025-08-09,North,134.18,3
2025-08-10,North,134.65,3
2025-08-11,North,90.41,2
2025-08-12,North,180.63,4
2025-08-13,North,180.64,4
2025-08-14,North,180.93,4
2025-08-15,North,135.73,3
2025-08-16,North,90.80,2
2025-08-17,North,90.70,2
2025-08-18,North,90.12,2
2025-08-19,North,133.82,3
2025-08-20,North,89.26,2
2025-08-21,North,89.41,2
2025-08-22,North,180.50,4
2025-08-23,North,181.63,4
2025-08-24,North,89.21,2
2025-08-25,North,180.63,4
2025-08-26,North,135.14,3
2025-08-27,North,180.57,4
2025-08-28,North,133.90,3
2025-08-01,North,90.81,2
2025-08-02,North,90.80,2
2025-08-03,North,89.78,2
2025-08-04,North,134.06,3
2025-08-05,North,180.20,4
2025-08-06,North,90.50,2
2025-08-07,North,136.29,3
2025-08-08,North,180.19,4
2025-08-09,North,135.74,3
2025-08-10,North,90.20,2
2025-08-11,North,89.59,2
2025-08-12,North,90.53,2
2025-08-13,North,89.79,2
2025-08-14,North,135.42,3
2025-08-15,North,90.75,2
2025-08-16,North,89.74,2
2025-08-17,North,135.55,3
2025-08-18,North,89.69,2
2025-08-19,North,180.75,4
2025-08-20,North,135.21,3
2025-08-21,North,136.18,3
2025-08-22,North,181.25,4
2025-08-23,North,133.98,3
2025-08-24,North,181.55,4
2025-08-25,North,90.81,2
2025-08-26,North,133.68,3
2025-08-27,North,178.75,4
2025-08-28,North,178.55,4
2025-08-01,North,178.32,4
2025-08-02,North,178.52,4
2025-08-03,North,136.27,3
2025-08-04,North,90.10,2
2025-08-05,North,135.13,3
2025-08-06,North,180.84,4
2025-08-07,North,134.02,3
2025-08-08,North,135.08,3
2025-08-09,North,133.73,3
2025-08-10,North,89.91,2
2025-08-11,North,136.15,3
2025-08-12,North,181.38,4
2025-08-13,North,136.06,3
2025-08-14,North,133.89,3
2025-08-15,North,134.76,3
2025-08-16,North,135.30,3
2025-08-17,North,134.79,3
2025-08-18,North,90.81,2
2025-08-19,North,135.57,3
2025-08-20,North,181.09,4
2025-08-21,North,134.83,3
2025-08-22,North,89.98,2
2025-08-23,North,90.74,2
2025-08-24,North,90.35,2
2025-08-25,North,135.12,3
2025-08-26,North,181.64,4
2025-08-27,North,90.45,2
2025-08-28,North,90.23,2
2025-08-01,North,179.46,4
2025-08-02,North,179.91,4
2025-08-03,North,135.82,3
2025-08-04,North,134.23,3
2025-08-05,North,136.29,3
2025-08-06,North,178.53,4
2025-08-07,North,134.02,3
2025-08-08,North,134.67,3
2025-08-09,North,181.09,4
2025-08-10,North,180.44,4
2025-08-11,North,90.40,2
2025-08-12,North,180.41,4
2025-08-13,North,90.34,2
2025-08-14,North,135.17,3
2025-08-15,North,90.58,2
2025-08-16,North,180.06,4
2025-08-17,North,89.98,2
2025-08-18,North,134.02,3
2025-08-19,North,90.53,2
2025-08-20,North,181.01,4
2025-08-21,North,89.82,2
2025-08-22,North,179.29,4
2025-08-23,North,135.52,3
2025-08-24,North,90.73,2
2025-08-25,North,180.11,4
2025-08-26,North,178.25,4
2025-08-27,North,180.32,4
2025-08-28,North,179.64,4
2025-08-01,North,181.08,4
2025-08-02,North,134.73,3
2025-08-03,North,180.57,4
2025-08-04,North,90.26,2
2025-08-01,South,55.76,2
2025-08-02,South,84.17,3
2025-08-03,South,112.13,4
2025-08-04,South,112.09,4
2025-08-05,South,83.85,3
2025-08-06,South,113.11,4
2025-08-07,South,112.09,4
2025-08-08,South,83.73,3
2025-08-09,South,55.46,2
2025-08-10,South,83.66,3
2025-08-11,South,83.33,3
2025-08-12,South,56.34,2
2025-08-13,South,113.11,4
2025-08-14,South,112.05,4
2025-08-15,South,111.62,4
2025-08-16,South,55.52,2
2025-08-17,South,56.47,2
2025-08-18,South,112.39,4
2025-08-19,South,111.05,4
2025-08-20,South,83.53,3
2025-08-21,South,112.81,4
2025-08-22,South,55.80,2
2025-08-23,South,56.03,2
2025-08-24,South,111.88,4
2025-08-25,South,112.61,4
2025-08-26,South,55.66,2
2025-08-27,South,83.16,3
2025-08-28,South,83.28,3
2025-08-01,South,84.68,3
2025-08-02,South,56.28,2
2025-08-03,South,84.51,3
2025-08-04,South,84.68,3
2025-08-05,South,84.05,3
2025-08-06,South,56.15,2
2025-08-07,South,112.04,4
2025-08-08,South,55.47,2
2025-08-09,South,84.35,3
2025-08-10,South,111.28,4
2025-08-11,South,83.95,3
2025-08-12,South,56.01,2
2025-08-13,South,56.27,2
2025-08-14,South,84.26,3
2025-08-15,South,84.36,3
2025-08-16,South,111.64,4
2025-08-17,South,84.42,3
2025-08-18,South,111.70,4
2025-08-19,South,56.10,2
2025-08-20,South,111.30,4
2025-08-21,South,84.23,3
2025-08-22,South,55.89,2
2025-08-23,South,83.41,3
2025-08-24,South,111.89,4
2025-08-25,South,83.83,3
2025-08-26,South,83.37,3
2025-08-27,South,55.56,2
2025-08-28,South,55.85,2
2025-08-01,South,84.47,3
2025-08-02,South,112.53,4
2025-08-03,South,112.93,4
2025-08-04,South,111.06,4
2025-08-05,South,56.15,2
2025-08-06,South,83.81,3
2025-08-07,South,84.51,3
2025-08-08,South,55.65,2
2025-08-09,South,84.58,3
2025-08-10,South,112.39,4
2025-08-11,South,84.34,3
2025-08-12,South,83.94,3
2025-08-13,South,112.41,4
2025-08-14,South,111.49,4
2025-08-15,South,84.71,3
2025-08-16,South,55.84,2
2025-08-17,South,56.33,2
2025-08-18,South,83.61,3
2025-08-19,South,56.06,2
2025-08-20,South,55.46,2
2025-08-21,South,83.25,3
2025-08-22,South,55.64,2
2025-08-23,South,55.87,2
2025-08-24,South,111.91,4
2025-08-25,South,111.37,4
2025-08-26,South,112.80,4
2025-08-27,South,83.52,3
2025-08-28,South,111.83,4
2025-08-01,South,56.13,2
2025-08-02,South,112.70,4
2025-08-03,South,84.45,3
2025-08-04,South,84.33,3
2025-08-05,South,55.98,2
2025-08-06,South,55.97,2
2025-08-07,South,56.10,2
2025-08-08,South,84.25,3
2025-08-09,South,84.23,3
2025-08-10,South,56.35,2
2025-08-11,South,56.42,2
2025-08-12,South,111.05,4
2025-08-13,South,55.72,2
2025-08-14,South,56.36,2
2025-08-15,South,83.24,3
2025-08-16,South,84.09,3
2025-08-17,South,55.79,2
2025-08-18,South,83.18,3
2025-08-19,South,84.38,3
2025-08-20,South,111.86,4
2025-08-21,South,55.90,2
2025-08-22,South,56.20,2
2025-08-23,South,111.18,4
2025-08-24,South,56.38,2
2025-08-25,South,56.44,2
2025-08-26,South,83.91,3
2025-08-27,South,111.21,4
2025-08-28,South,55.86,2
2025-08-01,South,111.34,4
2025-08-02,South,56.33,2
2025-08-03,South,112.17,4
2025-08-04,South,55.55,2
2025-08-05,South,111.30,4
2025-08-06,South,83.98,3
2025-08-07,South,55.47,2
2025-08-08,South,83.95,3
2025-08-09,South,56.49,2
2025-08-10,South,55.85,2
2025-08-11,South,55.61,2
2025-08-12,South,83.55,3
2025-08-13,South,55.94,2
2025-08-14,South,84.52,3
2025-08-15,South,83.66,3
2025-08-16,South,111.96,4
2025-08-17,South,111.67,4
2025-08-18,South,56.26,2
2025-08-19,South,84.25,3
2025-08-20,South,56.22,2
2025-08-21,South,113.03,4
2025-08-22,South,112.17,4
2025-08-23,South,83.76,3
2025-08-24,South,55.94,2
2025-08-25,South,55.49,2
2025-08-26,South,84.76,3
2025-08-27,South,112.69,4
2025-08-28,South,112.17,4
2025-08-01,South,110.93,4
2025-08-02,South,84.14,3
2025-08-03,South,55.63,2
2025-08-04,South,55.58,2
2025-08-05,South,55.87,2
2025-08-06,South,83.85,3
2025-08-07,South,83.43,3
2025-08-08,South,111.20,4
2025-08-09,South,84.20,3
2025-08-10,South,56.33,2
2025-08-11,South,55.67,2
2025-08-12,South,56.52,2
2025-08-13,South,110.88,4
2025-08-14,South,84.35,3
2025-08-15,South,111.74,4
2025-08-16,South,56.44,2
2025-08-17,South,83.20,3
2025-08-18,South,111.14,4
2025-08-19,South,56.01,2
2025-08-20,South,113.00,4
2025-08-21,South,56.50,2
2025-08-22,South,55.61,2
2025-08-23,South,56.01,2
2025-08-24,South,111.36,4
2025-08-25,South,112.14,4
2025-08-26,South,55.94,2
2025-08-27,South,111.79,4
2025-08-28,South,83.60,3
2025-08-01,South,113.08,4
2025-08-02,South,84.31,3
2025-08-01,East,209.98,4
2025-08-02,East,157.22,3
2025-08-03,East,208.42,4
2025-08-04,East,210.40,4
2025-08-05,East,104.74,2
2025-08-06,East,158.62,3
2025-08-07,East,211.89,4
2025-08-08,East,104.44,2
2025-08-09,East,105.01,2
2025-08-10,East,209.69,4
2025-08-11,East,157.54,3
2025-08-12,East,104.92,2
2025-08-13,East,156.67,3
2025-08-14,East,156.10,3
2025-08-15,East,104.36,2
2025-08-16,East,157.24,3
2025-08-17,East,156.35,3
2025-08-18,East,158.98,3
2025-08-19,East,211.70,4
2025-08-20,East,209.02,4
2025-08-21,East,105.82,2
2025-08-22,East,105.55,2
2025-08-23,East,157.43,3
2025-08-24,East,158.88,3
2025-08-25,East,157.72,3
2025-08-26,East,208.26,4
2025-08-27,East,104.85,2
2025-08-28,East,158.61,3
2025-08-01,East,210.38,4
2025-08-02,East,212.02,4
2025-08-03,East,210.98,4
2025-08-04,East,209.19,4
2025-08-05,East,210.91,4
2025-08-06,East,211.02,4
2025-08-07,East,158.20,3
2025-08-08,East,209.34,4
2025-08-09,East,104.20,2
2025-08-10,East,104.04,2
2025-08-11,East,210.91,4
2025-08-12,East,210.04,4
2025-08-13,East,158.16,3
2025-08-14,East,210.51,4
2025-08-15,East,105.52,2
2025-08-16,East,158.87,3
2025-08-17,East,156.10,3
2025-08-18,East,104.04,2
2025-08-19,East,104.67,2
2025-08-20,East,105.54,2
2025-08-21,East,104.02,2
2025-08-22,East,210.12,4
2025-08-23,East,105.74,2
2025-08-24,East,104.77,2
2025-08-25,East,157.72,3
2025-08-26,East,106.01,2
2025-08-27,East,104.71,2
2025-08-28,East,208.09,4
2025-08-01,East,157.48,3
2025-08-02,East,157.59,3
2025-08-03,East,209.90,4
2025-08-04,East,156.42,3
2025-08-05,East,103.96,2
2025-08-06,East,104.20,2
2025-08-07,East,158.27,3
2025-08-08,East,157.82,3
2025-08-09,East,209.14,4
2025-08-10,East,156.75,3
2025-08-11,East,211.87,4
2025-08-12,East,104.69,2
2025-08-13,East,210.94,4
2025-08-14,East,209.25,4
2025-08-15,East,158.22,3
2025-08-16,East,211.61,4
2025-08-17,East,105.15,2
2025-08-18,East,105.92,2
2025-08-19,East,211.27,4
2025-08-20,East,105.16,2
2025-08-21,East,104.46,2
2025-08-22,East,157.08,3
2025-08-23,East,210.91,4
2025-08-24,East,105.65,2
2025-08-25,East,208.98,4
2025-08-26,East,156.74,3
2025-08-27,East,158.30,3
2025-08-28,East,104.03,2
2025-08-01,East,105.42,2
2025-08-02,East,105.56,2
2025-08-03,East,158.40,3
2025-08-04,East,158.56,3
2025-08-05,East,156.89,3
2025-08-06,East,211.53,4
2025-08-07,East,156.52,3
2025-08-08,East,105.42,2
2025-08-09,East,157.77,3
2025-08-10,East,155.96,3
2025-08-11,East,104.55,2
2025-08-12,East,105.71,2
2025-08-13,East,104.94,2
2025-08-14,East,157.21,3
2025-08-15,East,105.84,2
2025-08-16,East,209.87,4
2025-08-17,East,106.01,2
2025-08-18,East,158.88,3
2025-08-19,East,105.38,2
2025-08-20,East,210.58,4
2025-08-21,East,103.96,2
2025-08-22,East,210.20,4
2025-08-23,East,158.43,3
2025-08-24,East,158.14,3
2025-08-25,East,209.31,4
2025-08-26,East,105.53,2
2025-08-27,East,105.24,2
2025-08-28,East,157.72,3
2025-08-01,East,105.40,2
2025-08-02,East,157.20,3
2025-08-03,East,104.13,2
2025-08-04,East,158.32,3
2025-08-05,East,209.13,4
2025-08-06,East,157.70,3
2025-08-07,East,158.82,3
2025-08-08,East,156.21,3
2025-08-09,East,104.04,2
2025-08-10,East,157.92,3
2025-08-11,East,210.53,4
2025-08-12,East,106.02,2
2025-08-13,East,211.47,4
2025-08-14,East,212.01,4
2025-08-15,East,155.96,3
2025-08-16,East,211.71,4
2025-08-17,East,104.60,2
2025-08-18,East,157.27,3
2025-08-19,East,211.14,4
2025-08-20,East,156.35,3
2025-08-21,East,104.03,2
2025-08-22,East,210.72,4
2025-08-23,East,208.74,4
2025-08-24,East,157.74,3
2025-08-25,East,105.50,2
2025-08-26,East,211.82,4
2025-08-27,East,159.03,3
2025-08-28,East,104.60,2
2025-08-01,West,49.73,2
2025-08-02,West,74.75,3
2025-08-03,West,74.98,3
2025-08-04,West,50.50,2
2025-08-05,West,74.29,3
2025-08-06,West,100.33,4
2025-08-07,West,75.66,3
2025-08-08,West,74.44,3
2025-08-09,West,50.24,2
2025-08-10,West,50.17,2
2025-08-11,West,75.70,3
2025-08-12,West,50.45,2
2025-08-13,West,100.54,4
2025-08-14,West,50.41,2
2025-08-15,West,49.93,2
2025-08-16,West,49.76,2
2025-08-17,West,50.08,2
2025-08-18,West,50.13,2
2025-08-19,West,100.08,4
2025-08-20,West,99.53,4
2025-08-21,West,74.96,3
2025-08-22,West,49.82,2
2025-08-23,West,100.12,4
2025-08-24,West,99.22,4
2025-08-25,West,75.08,3
2025-08-26,West,74.71,3
2025-08-27,West,49.67,2
2025-08-28,West,100.91,4
2025-08-01,West,75.68,3
2025-08-02,West,50.19,2
2025-08-03,West,75.66,3
2025-08-04,West,99.32,4
2025-08-05,West,100.43,4
2025-08-06,West,74.41,3
2025-08-07,West,75.69,3
2025-08-08,West,75.54,3
2025-08-09,West,74.71,3
2025-08-10,West,50.20,2
2025-08-11,West,75.64,3
2025-08-12,West,74.91,3
2025-08-13,West,99.14,4
2025-08-14,West,100.47,4
2025-08-15,West,100.34,4
2025-08-16,West,49.51,2
2025-08-17,West,99.68,4
2025-08-18,West,49.96,2
2025-08-19,West,99.80,4
2025-08-20,West,49.66,2
2025-08-21,West,75.03,3
2025-08-22,West,100.88,4
2025-08-23,West,74.93,3
2025-08-24,West,99.37,4
2025-08-25,West,50.12,2
2025-08-26,West,75.31,3
2025-08-27,West,99.53,4
2025-08-28,West,75.13,3
2025-08-01,West,49.81,2
2025-08-02,West,75.57,3
2025-08-03,West,50.09,2
2025-08-04,West,75.20,3
2025-08-05,West,99.49,4
2025-08-06,West,50.09,2
2025-08-07,West,100.81,4
2025-08-08,West,50.39,2
2025-08-09,West,75.04,3
2025-08-10,West,75.68,3
2025-08-11,West,99.85,4
2025-08-12,West,74.67,3
2025-08-13,West,100.14,4
2025-08-14,West,100.82,4
2025-08-15,West,50.36,2
2025-08-16,West,100.39,4
2025-08-17,West,75.29,3
2025-08-18,West,100.90,4
2025-08-19,West,75.04,3
2025-08-20,West,74.92,3
2025-08-21,West,75.72,3
2025-08-22,West,49.55,2
2025-08-23,West,50.42,2
2025-08-24,West,74.79,3
2025-08-25,West,49.98,2
2025-08-26,West,49.80,2
2025-08-27,West,74.97,3
2025-08-28,West,99.75,4
2025-08-01,West,100.42,4
2025-08-02,West,74.70,3
2025-08-03,West,49.71,2
2025-08-04,West,49.55,2
2025-08-05,West,75.37,3
2025-08-06,West,49.80,2
2025-08-07,West,49.77,2
2025-08-08,West,50.24,2
2025-08-09,West,74.65,3
2025-08-10,West,49.54,2
2025-08-11,West,50.29,2
2025-08-12,West,99.32,4
2025-08-13,West,74.68,3
2025-08-14,West,74.62,3
2025-08-15,West,99.06,4
2025-08-16,West,75.13,3
2025-08-17,West,100.67,4
2025-08-18,West,75.39,3
2025-08-19,West,99.55,4
2025-08-20,West,100.79,4
2025-08-21,West,99.47,4
2025-08-22,West,50.15,2
2025-08-23,West,100.36,4
2025-08-24,West,100.25,4
2025-08-25,West,74.43,3
2025-08-26,West,75.74,3
2025-09-01,North,89.35,2
2025-09-02,North,135.09,3
2025-09-03,North,180.67,4
2025-09-04,North,89.24,2
2025-09-05,North,178.40,4
2025-09-06,North,135.80,3
2025-09-07,North,90.59,2
2025-09-08,North,179.30,4
2025-09-09,North,178.37,4
2025-09-10,North,135.83,3
2025-09-11,North,180.25,4
2025-09-12,North,136.14,3
2025-09-13,North,179.85,4
2025-09-14,North,181.69,4
2025-09-15,North,180.11,4
2025-09-16,North,90.00,2
2025-09-17,North,134.26,3
2025-09-18,North,178.36,4
2025-09-19,North,90.16,2
2025-09-20,North,133.71,3
2025-09-21,North,135.86,3
2025-09-22,North,135.58,3
2025-09-23,North,180.69,4
2025-09-24,North,178.82,4
2025-09-25,North,179.47,4
2025-09-26,North,179.49,4
2025-09-27,North,178.48,4
2025-09-28,North,135.44,3
2025-09-01,North,134.41,3
2025-09-02,North,89.39,2
2025-09-03,North,90.68,2
2025-09-04,North,136.20,3
2025-09-05,North,89.65,2
2025-09-06,North,134.82,3
2025-09-07,North,135.76,3
2025-09-08,North,178.99,4
2025-09-09,North,133.69,3
2025-09-10,North,179.08,4
2025-09-11,North,89.58,2
2025-09-12,North,134.69,3
2025-09-13,North,179.79,4
2025-09-14,North,90.01,2
2025-09-15,North,90.09,2
2025-09-16,North,90.48,2
2025-09-17,North,135.98,3
2025-09-18,North,181.26,4
2025-09-19,North,134.52,3
2025-09-20,North,135.27,3
2025-09-21,North,181.14,4
2025-09-22,North,135.81,3
2025-09-23,North,180.70,4
2025-09-24,North,180.70,4
2025-09-25,North,178.25,4
2025-09-26,North,181.47,4
2025-09-27,North,136.18,3
2025-09-28,North,89.56,2
2025-09-01,North,178.84,4
2025-09-02,North,89.29,2
2025-09-03,North,90.28,2
2025-09-04,North,89.69,2
2025-09-05,North,89.24,2
2025-09-06,North,180.08,4
2025-09-07,North,179.79,4
2025-09-08,North,135.99,3
2025-09-09,North,135.75,3
2025-09-10,North,134.66,3
2025-09-11,North,89.52,2
2025-09-12,North,90.06,2
2025-09-13,North,90.84,2
2025-09-14,North,90.35,2
2025-09-15,North,178.86,4
2025-09-16,North,181.06,4
2025-09-17,North,134.61,3
2025-09-18,North,181.59,4
2025-09-19,North,180.17,4
2025-09-20,North,133.70,3
2025-09-21,North,178.51,4
2025-09-22,North,179.02,4
2025-09-23,North,134.94,3
2025-09-24,North,179.55,4
2025-09-25,North,90.16,2
2025-09-26,North,89.89,2
2025-09-27,North,134.22,3
2025-09-28,North,136.10,3
2025-09-01,North,179.23,4
2025-09-02,North,136.31,3
2025-09-03,North,134.98,3
2025-09-04,North,179.77,4
2025-09-05,North,135.25,3
2025-09-06,North,180.38,4
2025-09-07,North,178.53,4
2025-09-08,North,179.39,4
2025-09-09,North,135.13,3
2025-09-10,North,90.55,2
2025-09-11,North,180.64,4
2025-09-12,North,180.89,4
2025-09-13,North,179.53,4
2025-09-14,North,90.55,2
2025-09-15,North,133.86,3
2025-09-16,North,134.75,3
2025-09-17,North,90.25,2
2025-09-18,North,178.48,4
2025-09-19,North,90.55,2
2025-09-20,North,179.41,4
2025-09-21,North,90.22,2
2025-09-22,North,178.23,4
2025-09-23,North,179.97,4
2025-09-24,North,135.63,3
2025-09-25,North,179.27,4
2025-09-26,North,90.59,2
2025-09-27,North,180.92,4
2025-09-28,North,181.60,4
2025-09-01,North,134.63,3
2025-09-02,North,180.36,4
2025-09-03,North,89.98,2
2025-09-04,North,179.49,4
2025-09-05,North,89.61,2
2025-09-06,North,136.21,3
2025-09-07,North,181.36,4
2025-09-08,North,135.83,3
2025-09-09,North,89.45,2
2025-09-10,North,134.20,3
2025-09-11,North,133.93,3
2025-09-12,North,179.22,4
2025-09-13,North,90.76,2
2025-09-14,North,178.82,4
2025-09-15,North,89.65,2
2025-09-16,North,135.58,3
2025-09-17,North,135.33,3
2025-09-18,North,134.51,3
2025-09-19,North,134.12,3
2025-09-20,North,180.91,4
2025-09-21,North,134.68,3
2025-09-22,North,89.66,2
2025-09-23,North,134.53,3
2025-09-24,North,135.42,3
2025-09-25,North,179.30,4
2025-09-26,North,180.30,4
2025-09-27,North,90.20,2
2025-09-28,North,89.76,2
2025-09-01,North,180.12,4
2025-09-02,North,89.18,2
2025-09-03,North,180.77,4
2025-09-04,North,134.03,3
2025-09-05,North,90.84,2
2025-09-06,North,181.65,4
2025-09-07,North,89.95,2
2025-09-08,North,135.62,3
2025-09-09,North,135.57,3
2025-09-10,North,178.86,4
2025-09-11,North,181.77,4
2025-09-12,North,90.72,2
2025-09-13,North,136.02,3
2025-09-14,North,180.04,4
2025-09-15,North,178.23,4
2025-09-16,North,135.18,3
2025-09-17,North,90.86,2
2025-09-18,North,179.66,4
2025-09-19,North,89.14,2
2025-09-20,North,134.82,3
2025-09-21,North,89.25,2
2025-09-22,North,90.32,2
2025-09-23,North,180.27,4
2025-09-24,North,178.58,4
2025-09-25,North,178.36,4
2025-09-26,North,134.48,3
2025-09-27,North,90.59,2
2025-09-28,North,179.84,4
2025-09-01,North,180.69,4
2025-09-02,North,181.15,4
2025-09-03,North,135.97,3
2025-09-04,North,89.33,2
2025-09-05,North,179.45,4
2025-09-06,North,90.60,2
2025-09-07,North,90.06,2
2025-09-08,North,89.94,2
2025-09-09,North,89.38,2
2025-09-10,North,180.87,4
2025-09-11,North,178.51,4
2025-09-12,North,135.05,3
2025-09-13,North,89.93,2
2025-09-14,North,89.24,2
2025-09-15,North,89.82,2
2025-09-16,North,90.31,2
2025-09-17,North,90.60,2
2025-09-18,North,89.54,2
2025-09-19,North,136.09,3
2025-09-20,North,90.39,2
2025-09-21,North,89.95,2
2025-09-22,North,180.26,4
2025-09-23,North,89.53,2
2025-09-24,North,181.24,4
2025-09-25,North,133.96,3
2025-09-26,North,179.74,4
2025-09-27,North,90.40,2
2025-09-28,North,89.77,2
2025-09-01,North,180.08,4
2025-09-02,North,89.82,2
2025-09-03,North,90.70,2
2025-09-04,North,135.01,3
2025-09-01,South,112.87,4
2025-09-02,South,112.01,4
2025-09-03,South,56.33,2
2025-09-04,South,84.66,3
2025-09-05,South,84.49,3
2025-09-06,South,83.72,3
2025-09-07,South,56.47,2
2025-09-08,South,84.42,3
2025-09-09,South,56.35,2
2025-09-10,South,83.68,3
2025-09-11,South,83.82,3
2025-09-12,South,84.18,3
2025-09-13,South,110.92,4
2025-09-14,South,112.56,4
2025-09-15,South,55.86,2
2025-09-16,South,55.70,2
2025-09-17,South,83.25,3
2025-09-18,South,83.96,3
2025-09-19,South,56.46,2
2025-09-20,South,84.00,3
2025-09-21,South,84.80,3
2025-09-22,South,55.99,2
2025-09-23,South,55.99,2
2025-09-24,South,113.02,4
2025-09-25,South,56.38,2
2025-09-26,South,112.78,4
2025-09-27,South,83.79,3
2025-09-28,South,112.56,4
2025-09-01,South,84.77,3
2025-09-02,South,55.98,2
2025-09-03,South,84.30,3
2025-09-04,South,56.53,2
2025-09-05,South,112.55,4
2025-09-06,South,55.89,2
2025-09-07,South,83.47,3
2025-09-08,South,84.16,3
2025-09-09,South,56.22,2
2025-09-10,South,55.49,2
2025-09-11,South,56.38,2
2025-09-12,South,56.55,2
2025-09-13,South,83.93,3
2025-09-14,South,56.53,2
2025-09-15,South,55.53,2
2025-09-16,South,110.96,4
2025-09-17,South,83.85,3
2025-09-18,South,83.85,3
2025-09-19,South,83.56,3
2025-09-20,South,112.62,4
2025-09-21,South,83.41,3
2025-09-22,South,83.84,3
2025-09-23,South,84.03,3
2025-09-24,South,110.96,4
2025-09-25,South,83.90,3
2025-09-26,South,83.72,3
2025-09-27,South,84.29,3
2025-09-28,South,56.15,2
2025-09-01,South,55.87,2
2025-09-02,South,83.30,3
2025-09-03,South,112.84,4
2025-09-04,South,111.40,4
2025-09-05,South,111.29,4
2025-09-06,South,84.08,3
2025-09-07,South,112.26,4
2025-09-08,South,84.03,3
2025-09-09,South,56.13,2
2025-09-10,South,112.66,4
2025-09-11,South,111.51,4
2025-09-12,South,112.45,4
2025-09-13,South,56.01,2
2025-09-14,South,111.24,4
2025-09-15,South,56.50,2
2025-09-16,South,55.86,2
2025-09-17,South,112.25,4
2025-09-18,South,56.27,2
2025-09-19,South,56.04,2
2025-09-20,South,56.04,2
2025-09-21,South,84.51,3
2025-09-22,South,84.25,3
2025-09-23,South,112.11,4
2025-09-24,South,83.55,3
2025-09-25,South,112.02,4
2025-09-26,South,112.39,4
2025-09-27,South,84.24,3
2025-09-28,South,56.24,2
2025-09-01,South,83.80,3
2025-09-02,South,84.24,3
2025-09-03,South,56.02,2
2025-09-04,South,55.62,2
2025-09-05,South,83.82,3
2025-09-06,South,110.95,4
2025-09-07,South,56.30,2
2025-09-08,South,83.56,3
2025-09-09,South,84.72,3
2025-09-10,South,84.73,3
2025-09-11,South,111.27,4
2025-09-12,South,56.10,2
2025-09-13,South,83.18,3
2025-09-14,South,112.58,4
2025-09-15,South,113.09,4
2025-09-16,South,83.29,3
2025-09-17,South,113.08,4
2025-09-18,South,113.08,4
2025-09-19,South,112.55,4
2025-09-20,South,83.63,3
2025-09-21,South,83.77,3
2025-09-22,South,83.73,3
2025-09-23,South,112.61,4
2025-09-24,South,83.46,3
2025-09-25,South,56.34,2
2025-09-26,South,111.23,4
2025-09-27,South,83.76,3
2025-09-28,South,111.39,4
2025-09-01,South,111.98,4
2025-09-02,South,112.22,4
2025-09-03,South,112.41,4
2025-09-04,South,84.83,3
2025-09-05,South,55.83,2
2025-09-06,South,112.74,4
2025-09-07,South,55.64,2
2025-09-08,South,111.08,4
2025-09-09,South,83.82,3
2025-09-10,South,111.57,4
2025-09-11,South,55.87,2
2025-09-12,South,111.68,4
2025-09-13,South,111.55,4
2025-09-14,South,56.49,2
2025-09-15,South,55.91,2
2025-09-16,South,111.27,4
2025-09-17,South,56.10,2
2025-09-18,South,112.03,4
2025-09-19,South,56.29,2
2025-09-20,South,113.08,4
2025-09-21,South,56.10,2
2025-09-22,South,83.34,3
2025-09-23,South,56.25,2
2025-09-24,South,56.48,2
2025-09-25,South,83.36,3
2025-09-26,South,113.05,4
2025-09-27,South,111.21,4
2025-09-28,South,111.96,4
2025-09-01,South,84.79,3
2025-09-02,South,111.26,4
2025-09-03,South,111.78,4
2025-09-04,South,83.17,3
2025-09-05,South,84.21,3
2025-09-06,South,84.19,3
2025-09-07,South,113.12,4
2025-09-08,South,84.40,3
2025-09-09,South,83.93,3
2025-09-10,South,83.81,3
2025-09-11,South,112.41,4
2025-09-12,South,111.11,4
2025-09-13,South,83.52,3
2025-09-14,South,113.06,4
2025-09-15,South,83.51,3
2025-09-16,South,55.64,2
2025-09-17,South,55.68,2
2025-09-18,South,56.40,2
2025-09-19,South,112.77,4
2025-09-20,South,55.45,2
2025-09-21,South,55.71,2
2025-09-22,South,55.47,2
2025-09-23,South,55.98,2
2025-09-24,South,110.90,4
2025-09-25,South,56.22,2
2025-09-26,South,111.92,4
2025-09-27,South,55.89,2
2025-09-28,South,112.51,4
2025-09-01,South,84.08,3
2025-09-02,South,110.89,4
2025-09-01,East,104.01,2
2025-09-02,East,104.05,2
2025-09-03,East,156.53,3
2025-09-04,East,156.22,3
2025-09-05,East,156.10,3
2025-09-06,East,208.99,4
2025-09-07,East,105.46,2
2025-09-08,East,211.20,4
2025-09-09,East,158.20,3
2025-09-10,East,156.44,3
2025-09-11,East,105.10,2
2025-09-12,East,104.50,2
2025-09-13,East,105.33,2
2025-09-14,East,211.63,4
2025-09-15,East,157.36,3
2025-09-16,East,106.01,2
2025-09-17,East,157.07,3
2025-09-18,East,106.03,2
2025-09-19,East,157.93,3
2025-09-20,East,105.74,2
2025-09-21,East,211.05,4
2025-09-22,East,208.39,4
2025-09-23,East,157.54,3
2025-09-24,East,212.08,4
2025-09-25,East,104.39,2
2025-09-26,East,209.41,4
2025-09-27,East,156.06,3
2025-09-28,East,156.94,3
2025-09-01,East,105.14,2
2025-09-02,East,210.77,4
2025-09-03,East,105.88,2
2025-09-04,East,157.65,3
2025-09-05,East,207.95,4
2025-09-06,East,157.46,3
2025-09-07,East,104.03,2
2025-09-08,East,210.41,4
2025-09-09,East,156.03,3
2025-09-10,East,104.66,2
2025-09-11,East,211.97,4
2025-09-12,East,156.22,3
2025-09-13,East,105.66,2
2025-09-14,East,158.24,3
2025-09-15,East,157.80,3
2025-09-16,East,156.71,3
2025-09-17,East,104.52,2
2025-09-18,East,158.37,3
2025-09-19,East,157.09,3
2025-09-20,East,158.99,3
2025-09-21,East,104.16,2
2025-09-22,East,158.12,3
2025-09-23,East,208.98,4
2025-09-24,East,208.45,4
2025-09-25,East,105.24,2
2025-09-26,East,210.85,4
2025-09-27,East,104.33,2
2025-09-28,East,208.30,4
2025-09-01,East,208.86,4
2025-09-02,East,104.67,2
2025-09-03,East,211.07,4
2025-09-04,East,104.07,2
2025-09-05,East,104.23,2
2025-09-06,East,105.94,2
2025-09-07,East,158.10,3
2025-09-08,East,158.81,3
2025-09-09,East,156.40,3
2025-09-10,East,104.06,2
2025-09-11,East,155.94,3
2025-09-12,East,104.54,2
2025-09-13,East,105.06,2
2025-09-14,East,158.78,3
2025-09-15,East,208.15,4
2025-09-16,East,104.12,2
2025-09-17,East,211.72,4
2025-09-18,East,104.31,2
2025-09-19,East,211.23,4
2025-09-20,East,208.47,4
2025-09-21,East,211.54,4
2025-09-22,East,158.24,3
2025-09-23,East,210.33,4
2025-09-24,East,104.30,2
2025-09-25,East,210.64,4
2025-09-26,East,156.92,3
2025-09-27,East,158.03,3
2025-09-28,East,158.77,3
2025-09-01,East,104.74,2
2025-09-02,East,157.74,3
2025-09-03,East,208.62,4
2025-09-04,East,105.96,2
2025-09-05,East,156.37,3
2025-09-06,East,103.98,2
2025-09-07,East,211.86,4
2025-09-08,East,159.02,3
2025-09-09,East,208.61,4
2025-09-10,East,211.52,4
2025-09-11,East,156.04,3
2025-09-12,East,104.34,2
2025-09-13,East,157.92,3
2025-09-14,East,105.00,2
2025-09-15,East,104.40,2
2025-09-16,East,210.71,4
2025-09-17,East,105.18,2
2025-09-18,East,208.27,4
2025-09-19,East,104.21,2
2025-09-20,East,104.32,2
2025-09-21,East,211.83,4
2025-09-22,East,209.01,4
2025-09-23,East,211.14,4
2025-09-24,East,104.33,2
2025-09-25,East,157.36,3
2025-09-26,East,104.47,2
2025-09-27,East,104.78,2
2025-09-28,East,211.33,4
2025-09-01,East,156.40,3
2025-09-02,East,105.52,2
2025-09-03,East,104.26,2
2025-09-04,East,211.93,4
2025-09-05,East,156.00,3
2025-09-06,East,105.67,2
2025-09-07,East,209.16,4
2025-09-08,East,105.11,2
2025-09-09,East,105.09,2
2025-09-10,East,210.49,4
2025-09-11,East,105.04,2
2025-09-12,East,105.58,2
2025-09-13,East,104.69,2
2025-09-14,East,104.87,2
2025-09-15,East,158.82,3
2025-09-16,East,104.91,2
2025-09-17,East,210.28,4
2025-09-18,East,208.07,4
2025-09-19,East,158.76,3
2025-09-20,East,209.22,4
2025-09-21,East,104.56,2
2025-09-22,East,209.47,4
2025-09-23,East,157.57,3
2025-09-24,East,210.11,4
2025-09-25,East,211.54,4
2025-09-26,East,105.78,2
2025-09-27,East,209.68,4
2025-09-28,East,105.18,2
2025-09-01,West,50.43,2
2025-09-02,West,75.54,3
2025-09-03,West,49.78,2
2025-09-04,West,50.23,2
2025-09-05,West,50.43,2
2025-09-06,West,99.23,4
2025-09-07,West,50.22,2
2025-09-08,West,75.17,3
2025-09-09,West,99.87,4
2025-09-10,West,100.18,4
2025-09-11,West,49.51,2
2025-09-12,West,100.35,4
2025-09-13,West,99.67,4
2025-09-14,West,50.38,2
2025-09-15,West,49.50,2
2025-09-16,West,74.31,3
2025-09-17,West,75.15,3
2025-09-18,West,100.01,4
2025-09-19,West,75.49,3
2025-09-20,West,75.16,3
2025-09-21,West,75.60,3
2025-09-22,West,50.34,2
2025-09-23,West,49.52,2
2025-09-24,West,100.60,4
2025-09-25,West,75.44,3
2025-09-26,West,49.99,2
2025-09-27,West,50.22,2
2025-09-28,West,100.27,4
2025-09-01,West,75.11,3
2025-09-02,West,74.83,3
2025-09-03,West,100.84,4
2025-09-04,West,50.03,2
2025-09-05,West,74.49,3
2025-09-06,West,50.21,2
2025-09-07,West,49.95,2
2025-09-08,West,99.64,4
2025-09-09,West,49.70,2
2025-09-10,West,99.27,4
2025-09-11,West,74.61,3
2025-09-12,West,74.70,3
2025-09-13,West,50.46,2
2025-09-14,West,75.22,3
2025-09-15,West,99.12,4
2025-09-16,West,49.72,2
2025-09-17,West,49.63,2
2025-09-18,West,100.47,4
2025-09-19,West,99.66,4
2025-09-20,West,49.57,2
2025-09-21,West,50.13,2
2025-09-22,West,74.43,3
2025-09-23,West,49.54,2
2025-09-24,West,50.18,2
2025-09-25,West,49.56,2
2025-09-26,West,75.58,3
2025-09-27,West,49.74,2
2025-09-28,West,99.04,4
2025-09-01,West,74.90,3
2025-09-02,West,75.42,3
2025-09-03,West,74.90,3
2025-09-04,West,49.53,2
2025-09-05,West,74.35,3
2025-09-06,West,75.53,3
2025-09-07,West,99.17,4
2025-09-08,West,99.15,4
2025-09-09,West,49.71,2
2025-09-10,West,99.48,4
2025-09-11,West,50.09,2
2025-09-12,West,50.05,2
2025-09-13,West,49.54,2
2025-09-14,West,75.27,3
2025-09-15,West,100.59,4
2025-09-16,West,74.89,3
2025-09-17,West,49.78,2
2025-09-18,West,49.54,2
2025-09-19,West,49.54,2
2025-09-20,West,49.96,2
2025-09-21,West,49.81,2
2025-09-22,West,100.56,4
2025-09-23,West,50.03,2
2025-09-24,West,74.77,3
2025-09-25,West,50.39,2
2025-09-26,West,100.37,4
2025-09-27,West,49.66,2
2025-09-28,West,74.96,3
2025-09-01,West,49.94,2
2025-09-02,West,50.03,2
2025-09-03,West,49.74,2
2025-09-04,West,49.53,2
2025-09-05,West,99.55,4
2025-09-06,West,99.01,4
2025-09-07,West,100.87,4
2025-09-08,West,50.02,2
2025-09-09,West,75.15,3
2025-09-10,West,74.75,3
2025-09-11,West,99.17,4
2025-09-12,West,100.26,4
2025-09-13,West,100.23,4
2025-09-14,West,49.52,2
2025-09-15,West,50.09,2
2025-09-16,West,50.25,2
2025-09-17,West,74.91,3
2025-09-18,West,74.60,3
2025-09-19,West,50.44,2
2025-09-20,West,75.72,3
2025-09-21,West,75.57,3
2025-09-22,West,99.23,4
2025-09-23,West,49.56,2
2025-09-24,West,50.38,2
2025-09-25,West,49.64,2
2025-09-26,West,99.80,4
2025-10-01,North,180.19,4
2025-10-02,North,178.94,4
2025-10-03,North,89.62,2
2025-10-04,North,90.53,2
2025-10-05,North,181.57,4
2025-10-06,North,181.76,4
2025-10-07,North,135.76,3
2025-10-08,North,135.56,3
2025-10-09,North,135.51,3
2025-10-10,North,134.79,3
2025-10-11,North,180.98,4
2025-10-12,North,179.74,4
2025-10-13,North,180.75,4
2025-10-14,North,89.75,2
2025-10-15,North,90.22,2
2025-10-16,North,136.12,3
2025-10-17,North,133.75,3
2025-10-18,North,180.39,4
2025-10-19,North,179.67,4
2025-10-20,North,135.29,3
2025-10-21,North,179.98,4
2025-10-22,North,90.56,2
2025-10-23,North,135.01,3
2025-10-24,North,90.47,2
2025-10-25,North,90.14,2
2025-10-26,North,181.66,4
2025-10-27,North,135.20,3
2025-10-28,North,89.32,2
2025-10-01,North,89.13,2
2025-10-02,North,135.64,3
2025-10-03,North,134.43,3
2025-10-04,North,90.59,2
2025-10-05,North,181.32,4
2025-10-06,North,180.38,4
2025-10-07,North,180.69,4
2025-10-08,North,90.15,2
2025-10-09,North,90.06,2
2025-10-10,North,179.99,4
2025-10-11,North,90.10,2
2025-10-12,North,134.70,3
2025-10-13,North,89.24,2
2025-10-14,North,90.08,2
2025-10-15,North,179.37,4
2025-10-16,North,134.90,3
2025-10-17,North,179.12,4
2025-10-18,North,89.51,2
2025-10-19,North,179.00,4
2025-10-20,North,90.88,2
2025-10-21,North,181.17,4
2025-10-22,North,90.64,2
2025-10-23,North,89.70,2
2025-10-24,North,180.84,4
2025-10-25,North,181.62,4
2025-10-26,North,89.48,2
2025-10-27,North,89.60,2
2025-10-28,North,90.48,2
2025-10-01,North,134.87,3
2025-10-02,North,133.67,3
2025-10-03,North,89.77,2
2025-10-04,North,90.43,2
2025-10-05,North,181.03,4
2025-10-06,North,90.37,2
2025-10-07,North,179.30,4
2025-10-08,North,179.88,4
2025-10-09,North,133.93,3
2025-10-10,North,179.85,4
2025-10-11,North,90.59,2
2025-10-12,North,89.93,2
2025-10-13,North,89.24,2
2025-10-14,North,133.65,3
2025-10-15,North,134.08,3
2025-10-16,North,134.46,3
2025-10-17,North,135.34,3
2025-10-18,North,181.07,4
2025-10-19,North,136.25,3
2025-10-20,North,135.24,3
2025-10-21,North,180.85,4
2025-10-22,North,90.02,2
2025-10-23,North,135.63,3
2025-10-24,North,135.33,3
2025-10-25,North,135.55,3
2025-10-26,North,135.48,3
2025-10-27,North,90.77,2
2025-10-28,North,89.73,2
2025-10-01,North,89.67,2
2025-10-02,North,180.19,4
2025-10-03,North,180.02,4
2025-10-04,North,180.19,4
2025-10-05,North,135.66,3
2025-10-06,North,179.04,4
2025-10-07,North,180.85,4
2025-10-08,North,178.92,4
2025-10-09,North,134.32,3
2025-10-10,North,90.81,2
2025-10-11,North,180.59,4
2025-10-12,North,135.16,3
2025-10-13,North,89.59,2
2025-10-14,North,134.44,3
2025-10-15,North,90.65,2
2025-10-16,North,178.59,4
2025-10-17,North,90.00,2
2025-10-18,North,180.44,4
2025-10-19,North,90.00,2
2025-10-20,North,179.89,4
2025-10-21,North,89.62,2
2025-10-22,North,134.76,3
2025-10-23,North,180.95,4
2025-10-24,North,181.57,4
2025-10-25,North,180.06,4
2025-10-26,North,90.71,2
2025-10-27,North,179.38,4
2025-10-28,North,90.33,2
2025-10-01,North,90.44,2
2025-10-02,North,136.31,3
2025-10-03,North,181.05,4
2025-10-04,North,179.35,4
2025-10-05,North,135.54,3
2025-10-06,North,181.70,4
2025-10-07,North,90.50,2
2025-10-08,North,180.10,4
2025-10-09,North,134.89,3
2025-10-10,North,90.00,2
2025-10-11,North,180.56,4
2025-10-12,North,180.25,4
2025-10-13,North,179.32,4
2025-10-14,North,90.61,2
2025-10-15,North,133.72,3
2025-10-16,North,180.99,4
2025-10-17,North,134.95,3
2025-10-18,North,90.86,2
2025-10-19,North,89.44,2
2025-10-20,North,181.33,4
2025-10-21,North,180.91,4
2025-10-22,North,89.72,2
2025-10-23,North,181.32,4
2025-10-24,North,89.99,2
2025-10-25,North,180.25,4
2025-10-26,North,90.11,2
2025-10-27,North,90.69,2
2025-10-28,North,180.59,4
2025-10-01,North,134.17,3
2025-10-02,North,90.57,2
2025-10-03,North,179.35,4
2025-10-04,North,133.84,3
2025-10-05,North,90.72,2
2025-10-06,North,181.79,4
2025-10-07,North,90.29,2
2025-10-08,North,134.51,3
2025-10-09,North,180.00,4
2025-10-10,North,136.18,3
2025-10-11,North,134.44,3
2025-10-12,North,89.67,2
2025-10-13,North,89.20,2
2025-10-14,North,135.01,3
2025-10-15,North,134.84,3
2025-10-16,North,90.49,2
2025-10-17,North,181.12,4
2025-10-18,North,89.20,2
2025-10-19,North,178.97,4
2025-10-20,North,181.52,4
2025-10-21,North,136.10,3
2025-10-22,North,136.09,3
2025-10-23,North,136.23,3
2025-10-24,North,180.04,4
2025-10-25,North,179.10,4
2025-10-26,North,90.66,2
2025-10-27,North,90.02,2
2025-10-28,North,136.33,3
2025-10-01,North,179.17,4
2025-10-02,North,136.22,3
2025-10-03,North,133.98,3
2025-10-04,North,89.99,2
2025-10-05,North,90.72,2
2025-10-06,North,90.20,2
2025-10-07,North,89.22,2
2025-10-08,North,90.77,2
2025-10-09,North,90.64,2
2025-10-10,North,180.83,4
2025-10-11,North,90.19,2
2025-10-12,North,90.18,2
2025-10-13,North,90.31,2
2025-10-14,North,89.32,2
2025-10-15,North,180.83,4
2025-10-16,North,178.40,4
2025-10-17,North,181.24,4
2025-10-18,North,180.13,4
2025-10-19,North,178.36,4
2025-10-20,North,89.87,2
2025-10-21,North,180.35,4
2025-10-22,North,178.42,4
2025-10-23,North,133.69,3
2025-10-24,North,90.10,2
2025-10-25,North,90.69,2
2025-10-26,North,181.15,4
2025-10-27,North,135.80,3
2025-10-28,North,178.31,4
2025-10-01,North,133.95,3
2025-10-02,North,134.30,3
2025-10-03,North,179.03,4
2025-10-04,North,133.92,3
2025-10-01,South,111.96,4
2025-10-02,South,83.80,3
2025-10-03,South,83.56,3
2025-10-04,South,83.98,3
2025-10-05,South,84.74,3
2025-10-06,South,83.18,3
2025-10-07,South,111.32,4
2025-10-08,South,112.04,4
2025-10-09,South,112.64,4
2025-10-10,South,83.36,3
2025-10-11,South,55.61,2
2025-10-12,South,110.94,4
2025-10-13,South,112.83,4
2025-10-14,South,84.50,3
2025-10-15,South,112.84,4
2025-10-16,South,84.03,3
2025-10-17,South,83.83,3
2025-10-18,South,55.74,2
2025-10-19,South,55.63,2
2025-10-20,South,110.93,4
2025-10-21,South,111.51,4
2025-10-22,South,111.48,4
2025-10-23,South,112.31,4
2025-10-24,South,111.96,4
2025-10-25,South,111.44,4
2025-10-26,South,111.63,4
2025-10-27,South,55.60,2
2025-10-28,South,84.01,3
2025-10-01,South,55.55,2
2025-10-02,South,55.75,2
2025-10-03,South,83.61,3
2025-10-04,South,55.92,2
2025-10-05,South,56.24,2
2025-10-06,South,112.91,4
2025-10-07,South,111.00,4
2025-10-08,South,84.00,3
2025-10-09,South,111.69,4
2025-10-10,South,84.13,3
2025-10-11,South,111.91,4
2025-10-12,South,84.09,3
2025-10-13,South,112.74,4
2025-10-14,South,55.45,2
2025-10-15,South,83.54,3
2025-10-16,South,55.61,2
2025-10-17,South,56.16,2
2025-10-18,South,55.79,2
2025-10-19,South,111.96,4
2025-10-20,South,55.49,2
2025-10-21,South,83.38,3
2025-10-22,South,83.61,3
2025-10-23,South,56.12,2
2025-10-24,South,113.10,4
2025-10-25,South,110.94,4
2025-10-26,South,83.25,3
2025-10-27,South,56.17,2
2025-10-28,South,111.01,4
2025-10-01,South,111.71,4
2025-10-02,South,55.89,2
2025-10-03,South,56.21,2
2025-10-04,South,111.32,4
2025-10-05,South,111.45,4
2025-10-06,South,84.63,3
2025-10-07,South,111.93,4
2025-10-08,South,83.31,3
2025-10-09,South,84.11,3
2025-10-10,South,112.05,4
2025-10-11,South,56.20,2
2025-10-12,South,84.84,3
2025-10-13,South,111.50,4
2025-10-14,South,55.45,2
2025-10-15,South,56.12,2
2025-10-16,South,111.80,4
2025-10-17,South,111.50,4
2025-10-18,South,84.45,3
2025-10-19,South,56.40,2
2025-10-20,South,56.23,2
2025-10-21,South,83.28,3
2025-10-22,South,55.47,2
2025-10-23,South,55.52,2
2025-10-24,South,113.10,4
2025-10-25,South,56.11,2
2025-10-26,South,111.56,4
2025-10-27,South,56.39,2
2025-10-28,South,111.49,4
2025-10-01,South,112.25,4
2025-10-02,South,84.69,3
2025-10-03,South,112.82,4
2025-10-04,South,84.56,3
2025-10-05,South,56.16,2
2025-10-06,South,84.31,3
2025-10-07,South,112.45,4
2025-10-08,South,84.18,3
2025-10-09,South,56.25,2
2025-10-10,South,112.75,4
2025-10-11,South,55.83,2
2025-10-12,South,112.14,4
2025-10-13,South,55.63,2
2025-10-14,South,56.28,2
2025-10-15,South,56.35,2
2025-10-16,South,83.17,3
2025-10-17,South,83.82,3
2025-10-18,South,55.76,2
2025-10-19,South,56.37,2
2025-10-20,South,84.53,3
2025-10-21,South,56.46,2
2025-10-22,South,83.53,3
2025-10-23,South,112.62,4
2025-10-24,South,111.62,4
2025-10-25,South,56.27,2
2025-10-26,South,84.51,3
2025-10-27,South,110.90,4
2025-10-28,South,56.36,2
2025-10-01,South,112.90,4
2025-10-02,South,56.12,2
2025-10-03,South,112.87,4
2025-10-04,South,83.60,3
2025-10-05,South,111.39,4
2025-10-06,South,111.43,4
2025-10-07,South,112.64,4
2025-10-08,South,84.20,3
2025-10-09,South,83.95,3
2025-10-10,South,111.56,4
2025-10-11,South,55.64,2
2025-10-12,South,55.69,2
2025-10-13,South,56.26,2
2025-10-14,South,55.64,2
2025-10-15,South,55.91,2
2025-10-16,South,83.74,3
2025-10-17,South,83.27,3
2025-10-18,South,111.07,4
2025-10-19,South,84.83,3
2025-10-20,South,56.19,2
2025-10-21,South,84.65,3
2025-10-22,South,84.66,3
2025-10-23,South,56.48,2
2025-10-24,South,84.64,3
2025-10-25,South,56.04,2
2025-10-26,South,112.76,4
2025-10-27,South,55.97,2
2025-10-28,South,55.75,2
2025-10-01,South,56.10,2
2025-10-02,South,56.26,2
2025-10-03,South,56.39,2
2025-10-04,South,83.53,3
2025-10-05,South,84.32,3
2025-10-06,South,112.92,4
2025-10-07,South,83.73,3
2025-10-08,South,55.54,2
2025-10-09,South,56.11,2
2025-10-10,South,84.76,3
2025-10-11,South,83.70,3
2025-10-12,South,112.37,4
2025-10-13,South,55.59,2
2025-10-14,South,55.46,2
2025-10-15,South,111.74,4
2025-10-16,South,55.95,2
2025-10-17,South,84.35,3
2025-10-18,South,112.11,4
2025-10-19,South,84.51,3
2025-10-20,South,83.54,3
2025-10-21,South,55.89,2
2025-10-22,South,84.33,3
2025-10-23,South,55.84,2
2025-10-24,South,55.66,2
2025-10-25,South,84.21,3
2025-10-26,South,83.70,3
2025-10-27,South,83.71,3
2025-10-28,South,112.31,4
2025-10-01,South,84.26,3
2025-10-02,South,113.11,4
2025-10-01,East,105.46,2
2025-10-02,East,211.15,4
2025-10-03,East,104.41,2
2025-10-04,East,158.53,3
2025-10-05,East,157.84,3
2025-10-06,East,211.79,4
2025-10-07,East,157.37,3
2025-10-08,East,105.08,2
2025-10-09,East,211.28,4
2025-10-10,East,105.57,2
2025-10-11,East,211.55,4
2025-10-12,East,156.47,3
2025-10-13,East,211.40,4
2025-10-14,East,156.20,3
2025-10-15,East,158.62,3
2025-10-16,East,157.24,3
2025-10-17,East,208.14,4
2025-10-18,East,156.34,3
2025-10-19,East,210.90,4
2025-10-20,East,104.04,2
2025-10-21,East,104.65,2
2025-10-22,East,104.56,2
2025-10-23,East,211.80,4
2025-10-24,East,158.12,3
2025-10-25,East,209.01,4
2025-10-26,East,105.60,2
2025-10-27,East,104.76,2
2025-10-28,East,158.39,3
2025-10-01,East,104.48,2
2025-10-02,East,105.44,2
2025-10-03,East,156.43,3
2025-10-04,East,157.94,3
2025-10-05,East,105.86,2
2025-10-06,East,157.11,3
2025-10-07,East,211.69,4
2025-10-08,East,210.02,4
2025-10-09,East,159.05,3
2025-10-10,East,104.29,2
2025-10-11,East,155.96,3
2025-10-12,East,104.32,2
2025-10-13,East,156.41,3
2025-10-14,East,209.42,4
2025-10-15,East,104.96,2
2025-10-16,East,104.12,2
2025-10-17,East,210.77,4
2025-10-18,East,104.45,2
2025-10-19,East,157.23,3
2025-10-20,East,105.30,2
2025-10-21,East,156.51,3
2025-10-22,East,157.99,3
2025-10-23,East,157.12,3
2025-10-24,East,157.98,3
2025-10-25,East,105.54,2
2025-10-26,East,211.03,4
2025-10-27,East,105.98,2
2025-10-28,East,210.66,4
2025-10-01,East,105.63,2
2025-10-02,East,209.04,4
2025-10-03,East,210.29,4
2025-10-04,East,156.03,3
2025-10-05,East,157.63,3
2025-10-06,East,105.50,2
2025-10-07,East,105.36,2
2025-10-08,East,104.37,2
2025-10-09,East,157.96,3
2025-10-10,East,208.69,4
2025-10-11,East,104.60,2
2025-10-12,East,158.66,3
2025-10-13,East,211.85,4
2025-10-14,East,104.58,2
2025-10-15,East,211.15,4
2025-10-16,East,104.50,2
2025-10-17,East,156.30,3
2025-10-18,East,210.29,4
2025-10-19,East,105.33,2
2025-10-20,East,104.20,2
2025-10-21,East,158.65,3
2025-10-22,East,157.75,3
2025-10-23,East,209.89,4
2025-10-24,East,158.45,3
2025-10-25,East,210.29,4
2025-10-26,East,158.18,3
2025-10-27,East,211.82,4
2025-10-28,East,158.71,3
2025-10-01,East,156.38,3
2025-10-02,East,105.59,2
2025-10-03,East,211.22,4
2025-10-04,East,105.87,2
2025-10-05,East,105.59,2
2025-10-06,East,158.91,3
2025-10-07,East,104.10,2
2025-10-08,East,157.32,3
2025-10-09,East,210.82,4
2025-10-10,East,211.28,4
2025-10-11,East,158.81,3
2025-10-12,East,104.27,2
2025-10-13,East,156.48,3
2025-10-14,East,210.37,4
2025-10-15,East,105.75,2
2025-10-16,East,104.31,2
2025-10-17,East,210.16,4
2025-10-18,East,105.59,2
2025-10-19,East,105.64,2
2025-10-20,East,208.22,4
2025-10-21,East,105.19,2
2025-10-22,East,157.41,3
2025-10-23,East,105.25,2
2025-10-24,East,105.09,2
2025-10-25,East,211.73,4
2025-10-26,East,157.55,3
2025-10-27,East,156.80,3
2025-10-28,East,209.01,4
2025-10-01,East,158.90,3
2025-10-02,East,209.85,4
2025-10-03,East,104.66,2
2025-10-04,East,210.66,4
2025-10-05,East,104.06,2
2025-10-06,East,210.60,4
2025-10-07,East,158.98,3
2025-10-08,East,209.06,4
2025-10-09,East,157.57,3
2025-10-10,East,105.26,2
2025-10-11,East,104.27,2
2025-10-12,East,104.75,2
2025-10-13,East,156.64,3
2025-10-14,East,157.44,3
2025-10-15,East,105.82,2
2025-10-16,East,158.31,3
2025-10-17,East,105.39,2
2025-10-18,East,156.59,3
2025-10-19,East,155.93,3
2025-10-20,East,104.12,2
2025-10-21,East,210.40,4
2025-10-22,East,157.40,3
2025-10-23,East,157.03,3
2025-10-24,East,211.74,4
2025-10-25,East,207.95,4
2025-10-26,East,208.71,4
2025-10-27,East,156.04,3
2025-10-28,East,209.19,4
2025-10-01,West,101.00,4
2025-10-02,West,50.20,2
2025-10-03,West,75.12,3
2025-10-04,West,99.13,4
2025-10-05,West,100.54,4
2025-10-06,West,99.09,4
2025-10-07,West,99.18,4
2025-10-08,West,99.90,4
2025-10-09,West,74.39,3
2025-10-10,West,99.37,4
2025-10-11,West,74.32,3
2025-10-12,West,74.67,3
2025-10-13,West,99.81,4
2025-10-14,West,75.62,3
2025-10-15,West,75.72,3
2025-10-16,West,75.08,3
2025-10-17,West,49.94,2
2025-10-18,West,50.20,2
2025-10-19,West,99.28,4
2025-10-20,West,100.28,4
2025-10-21,West,49.52,2
2025-10-22,West,100.42,4
2025-10-23,West,99.57,4
2025-10-24,West,100.58,4
2025-10-25,West,100.58,4
2025-10-26,West,49.96,2
2025-10-27,West,74.31,3
2025-10-28,West,74.43,3
2025-10-01,West,99.92,4
2025-10-02,West,100.61,4
2025-10-03,West,49.53,2
2025-10-04,West,99.36,4
2025-10-05,West,100.84,4
2025-10-06,West,100.04,4
2025-10-07,West,100.38,4
2025-10-08,West,49.98,2
2025-10-09,West,74.54,3
2025-10-10,West,50.38,2
2025-10-11,West,75.20,3
2025-10-12,West,50.31,2
2025-10-13,West,49.81,2
2025-10-14,West,100.92,4
2025-10-15,West,74.32,3
2025-10-16,West,50.26,2
2025-10-17,West,49.54,2
2025-10-18,West,49.82,2
2025-10-19,West,75.42,3
2025-10-20,West,100.78,4
2025-10-21,West,75.61,3
2025-10-22,West,74.34,3
2025-10-23,West,50.43,2
2025-10-24,West,74.49,3
2025-10-25,West,99.46,4
2025-10-26,West,74.42,3
2025-10-27,West,49.80,2
2025-10-28,West,50.33,2
2025-10-01,West,100.64,4
2025-10-02,West,99.55,4
2025-10-03,West,50.48,2
2025-10-04,West,50.10,2
2025-10-05,West,100.77,4
2025-10-06,West,49.57,2
2025-10-07,West,100.06,4
2025-10-08,West,74.86,3
2025-10-09,West,74.71,3
2025-10-10,West,49.61,2
2025-10-11,West,99.08,4
2025-10-12,West,100.34,4
2025-10-13,West,99.64,4
2025-10-14,West,99.05,4
2025-10-15,West,99.41,4
2025-10-16,West,74.58,3
2025-10-17,West,99.51,4
2025-10-18,West,75.44,3
2025-10-19,West,75.58,3
2025-10-20,West,99.54,4
2025-10-21,West,99.58,4
2025-10-22,West,74.44,3
2025-10-23,West,100.58,4
2025-10-24,West,100.27,4
2025-10-25,West,99.52,4
2025-10-26,West,49.89,2
2025-10-27,West,100.09,4
2025-10-28,West,74.74,3
2025-10-01,West,75.44,3
2025-10-02,West,100.02,4
2025-10-03,West,99.35,4
2025-10-04,West,74.67,3
2025-10-05,West,100.39,4
2025-10-06,West,74.73,3
2025-10-07,West,99.90,4
2025-10-08,West,99.45,4
2025-10-09,West,50.02,2
2025-10-10,West,100.85,4
2025-10-11,West,50.04,2
2025-10-12,West,50.45,2
2025-10-13,West,99.08,4
2025-10-14,West,99.34,4
2025-10-15,West,100.08,4
2025-10-16,West,100.40,4
2025-10-17,West,74.63,3
2025-10-18,West,74.79,3
2025-10-19,West,74.28,3
2025-10-20,West,74.27,3
2025-10-21,West,50.43,2
2025-10-22,West,99.05,4
2025-10-23,West,100.53,4
2025-10-24,West,50.00,2
2025-10-25,West,49.53,2
2025-10-26,West,100.33,4
2025-11-01,North,178.88,4
2025-11-02,North,89.21,2
2025-11-03,North,90.49,2
2025-11-04,North,134.69,3
2025-11-05,North,135.04,3
2025-11-06,North,134.84,3
2025-11-07,North,90.71,2
2025-11-08,North,89.23,2
2025-11-09,North,135.40,3
2025-11-10,North,89.82,2
2025-11-11,North,178.58,4
2025-11-12,North,134.28,3
2025-11-13,North,90.13,2
2025-11-14,North,180.13,4
2025-11-15,North,134.01,3
2025-11-16,North,134.74,3
2025-11-17,North,181.30,4
2025-11-18,North,90.83,2
2025-11-19,North,178.90,4
2025-11-20,North,90.07,2
2025-11-21,North,134.92,3
2025-11-22,North,90.75,2
2025-11-23,North,136.24,3
2025-11-24,North,134.91,3
2025-11-25,North,135.15,3
2025-11-26,North,89.12,2
2025-11-27,North,180.93,4
2025-11-28,North,89.12,2
2025-11-01,North,89.41,2
2025-11-02,North,90.08,2
2025-11-03,North,178.33,4
2025-11-04,North,90.33,2
2025-11-05,North,178.44,4
2025-11-06,North,134.55,3
2025-11-07,North,179.66,4
2025-11-08,North,89.71,2
2025-11-09,North,134.43,3
2025-11-10,North,133.68,3
2025-11-11,North,136.12,3
2025-11-12,North,178.37,4
2025-11-13,North,136.29,3
2025-11-14,North,136.23,3
2025-11-15,North,89.73,2
2025-11-16,North,134.56,3
2025-11-17,North,89.86,2
2025-11-18,North,136.32,3
2025-11-19,North,90.49,2
2025-11-20,North,180.02,4
2025-11-21,North,90.02,2
2025-11-22,North,180.18,4
2025-11-23,North,181.64,4
2025-11-24,North,180.09,4
2025-11-25,North,180.95,4
2025-11-26,North,89.94,2
2025-11-27,North,180.38,4
2025-11-28,North,135.80,3
2025-11-01,North,178.68,4
2025-11-02,North,90.05,2
2025-11-03,North,135.46,3
2025-11-04,North,90.88,2
2025-11-05,North,135.58,3
2025-11-06,North,181.56,4
2025-11-07,North,89.95,2
2025-11-08,North,179.11,4
2025-11-09,North,135.53,3
2025-11-10,North,179.08,4
2025-11-11,North,179.53,4
2025-11-12,North,180.58,4
2025-11-13,North,133.73,3
2025-11-14,North,90.10,2
2025-11-15,North,89.45,2
2025-11-16,North,134.34,3
2025-11-17,North,134.96,3
2025-11-18,North,135.67,3
2025-11-19,North,136.03,3
2025-11-20,North,133.83,3
2025-11-21,North,135.70,3
2025-11-22,North,133.77,3
2025-11-23,North,135.57,3
2025-11-24,North,181.07,4
2025-11-25,North,90.76,2
2025-11-26,North,179.94,4
2025-11-27,North,89.70,2
2025-11-28,North,90.33,2
2025-11-01,North,90.11,2
2025-11-02,North,89.51,2
2025-11-03,North,181.05,4
2025-11-04,North,89.91,2
2025-11-05,North,89.90,2
2025-11-06,North,181.77,4
2025-11-07,North,135.50,3
2025-11-08,North,179.84,4
2025-11-09,North,90.49,2
2025-11-10,North,180.74,4
2025-11-11,North,89.70,2
2025-11-12,North,89.95,2
2025-11-13,North,134.83,3
2025-11-14,North,136.10,3
2025-11-15,North,135.95,3
2025-11-16,North,90.07,2
2025-11-17,North,179.88,4
2025-11-18,North,89.54,2
2025-11-19,North,90.19,2
2025-11-20,North,135.47,3
2025-11-21,North,90.84,2
2025-11-22,North,181.15,4
2025-11-23,North,179.97,4
2025-11-24,North,178.91,4
2025-11-25,North,181.05,4
2025-11-26,North,181.41,4
2025-11-27,North,90.09,2
2025-11-28,North,180.78,4
2025-11-01,North,134.92,3
2025-11-02,North,134.05,3
2025-11-03,North,135.05,3
2025-11-04,North,179.61,4
2025-11-05,North,89.94,2
2025-11-06,North,90.84,2
2025-11-07,North,89.15,2
2025-11-08,North,136.25,3
2025-11-09,North,135.20,3
2025-11-10,North,178.33,4
2025-11-11,North,179.50,4
2025-11-12,North,178.58,4
2025-11-13,North,89.69,2
2025-11-14,North,134.71,3
2025-11-15,North,89.68,2
2025-11-16,North,90.21,2
2025-11-17,North,135.44,3
2025-11-18,North,180.35,4
2025-11-19,North,89.66,2
2025-11-20,North,90.83,2
2025-11-21,North,180.85,4
2025-11-22,North,136.20,3
2025-11-23,North,134.24,3
2025-11-24,North,90.12,2
2025-11-25,North,89.78,2
2025-11-26,North,134.26,3
2025-11-27,North,135.36,3
2025-11-28,North,135.74,3
2025-11-01,North,136.25,3
2025-11-02,North,134.84,3
2025-11-03,North,90.68,2
2025-11-04,North,133.76,3
2025-11-05,North,90.20,2
2025-11-06,North,133.84,3
2025-11-07,North,181.23,4
2025-11-08,North,135.83,3
2025-11-09,North,178.77,4
2025-11-10,North,90.76,2
2025-11-11,North,178.66,4
2025-11-12,North,133.94,3
2025-11-13,North,90.11,2
2025-11-14,North,134.19,3
2025-11-15,North,89.84,2
2025-11-16,North,89.20,2
2025-11-17,North,89.57,2
2025-11-18,North,89.81,2
2025-11-19,North,181.79,4
2025-11-20,North,134.28,3
2025-11-21,North,180.00,4
2025-11-22,North,134.81,3
2025-11-23,North,179.26,4
2025-11-24,North,134.75,3
2025-11-25,North,135.12,3
2025-11-26,North,180.48,4
2025-11-27,North,179.95,4
2025-11-28,North,89.68,2
2025-11-01,North,180.08,4
2025-11-02,North,89.59,2
2025-11-03,North,135.45,3
2025-11-04,North,181.65,4
2025-11-05,North,136.34,3
2025-11-06,North,90.76,2
2025-11-07,North,134.22,3
2025-11-08,North,181.40,4
2025-11-09,North,135.87,3
2025-11-10,North,89.31,2
2025-11-11,North,133.88,3
2025-11-12,North,134.74,3
2025-11-13,North,136.03,3
2025-11-14,North,135.46,3
2025-11-15,North,90.22,2
2025-11-16,North,90.13,2
2025-11-17,North,89.34,2
2025-11-18,North,90.78,2
2025-11-19,North,89.34,2
2025-11-20,North,181.13,4
2025-11-21,North,136.32,3
2025-11-22,North,135.71,3
2025-11-23,North,90.31,2
2025-11-24,North,90.05,2
2025-11-25,North,136.20,3
2025-11-26,North,135.90,3
2025-11-27,North,135.68,3
2025-11-28,North,90.63,2
2025-11-01,North,133.96,3
2025-11-02,North,90.16,2
2025-11-03,North,134.88,3
2025-11-04,North,135.76,3
2025-11-01,South,111.34,4
2025-11-02,South,56.09,2
2025-11-03,South,56.14,2
2025-11-04,South,55.83,2
2025-11-05,South,84.79,3
2025-11-06,South,83.23,3
2025-11-07,South,56.24,2
2025-11-08,South,84.04,3
2025-11-09,South,110.91,4
2025-11-10,South,56.04,2
2025-11-11,South,55.53,2
2025-11-12,South,55.69,2
2025-11-13,South,55.75,2
2025-11-14,South,112.19,4
2025-11-15,South,84.66,3
2025-11-16,South,111.23,4
2025-11-17,South,55.53,2
2025-11-18,South,111.96,4
2025-11-19,South,55.91,2
2025-11-20,South,84.01,3
2025-11-21,South,56.52,2
2025-11-22,South,112.83,4
2025-11-23,South,112.50,4
2025-11-24,South,84.62,3
2025-11-25,South,111.74,4
2025-11-26,South,56.11,2
2025-11-27,South,55.85,2
2025-11-28,South,112.06,4
2025-11-01,South,84.71,3
2025-11-02,South,112.82,4
2025-11-03,South,55.58,2
2025-11-04,South,84.06,3
2025-11-05,South,83.77,3
2025-11-06,South,113.10,4
2025-11-07,South,84.34,3
2025-11-08,South,84.47,3
2025-11-09,South,112.34,4
2025-11-10,South,83.25,3
2025-11-11,South,84.19,3
2025-11-12,South,83.67,3
2025-11-13,South,112.73,4
2025-11-14,South,56.11,2
2025-11-15,South,112.05,4
2025-11-16,South,84.70,3
2025-11-17,South,84.54,3
2025-11-18,South,112.43,4
2025-11-19,South,111.37,4
2025-11-20,South,111.77,4
2025-11-21,South,112.75,4
2025-11-22,South,56.46,2
2025-11-23,South,84.06,3
2025-11-24,South,111.28,4
2025-11-25,South,84.63,3
2025-11-26,South,83.29,3
2025-11-27,South,55.62,2
2025-11-28,South,111.67,4
2025-11-01,South,55.95,2
2025-11-02,South,55.73,2
2025-11-03,South,112.64,4
2025-11-04,South,112.10,4
2025-11-05,South,112.74,4
2025-11-06,South,112.57,4
2025-11-07,South,55.77,2
2025-11-08,South,113.02,4
2025-11-09,South,56.45,2
2025-11-10,South,84.82,3
2025-11-11,South,84.01,3
2025-11-12,South,55.51,2
2025-11-13,South,84.63,3
2025-11-14,South,83.60,3
2025-11-15,South,84.26,3
2025-11-16,South,83.45,3
2025-11-17,South,111.66,4
2025-11-18,South,84.69,3
2025-11-19,South,111.35,4
2025-11-20,South,55.46,2
2025-11-21,South,83.31,3
2025-11-22,South,55.44,2
2025-11-23,South,56.20,2
2025-11-24,South,56.40,2
2025-11-25,South,84.18,3
2025-11-26,South,112.24,4
2025-11-27,South,55.97,2
2025-11-28,South,111.32,4
2025-11-01,South,83.66,3
2025-11-02,South,55.50,2
2025-11-03,South,83.66,3
2025-11-04,South,56.24,2
2025-11-05,South,111.61,4
2025-11-06,South,111.42,4
2025-11-07,South,56.45,2
2025-11-08,South,56.12,2
2025-11-09,South,110.93,4
2025-11-10,South,111.00,4
2025-11-11,South,83.49,3
2025-11-12,South,111.32,4
2025-11-13,South,112.14,4
2025-11-14,South,112.45,4
2025-11-15,South,56.18,2
2025-11-16,South,84.04,3
2025-11-17,South,111.56,4
2025-11-18,South,111.63,4
2025-11-19,South,84.35,3
2025-11-20,South,112.87,4
2025-11-21,South,112.51,4
2025-11-22,South,112.89,4
2025-11-23,South,111.47,4
2025-11-24,South,55.84,2
2025-11-25,South,55.96,2
2025-11-26,South,111.16,4
2025-11-27,South,55.72,2
2025-11-28,South,111.90,4
2025-11-01,South,56.25,2
2025-11-02,South,56.45,2
2025-11-03,South,56.01,2
2025-11-04,South,83.79,3
2025-11-05,South,56.43,2
2025-11-06,South,83.35,3
2025-11-07,South,112.90,4
2025-11-08,South,112.38,4
2025-11-09,South,111.37,4
2025-11-10,South,56.25,2
2025-11-11,South,56.19,2
2025-11-12,South,56.25,2
2025-11-13,South,55.68,2
2025-11-14,South,56.39,2
2025-11-15,South,56.10,2
2025-11-16,South,56.00,2
2025-11-17,South,111.39,4
2025-11-18,South,83.82,3
2025-11-19,South,84.52,3
2025-11-20,South,83.98,3
2025-11-21,South,56.52,2
2025-11-22,South,55.95,2
2025-11-23,South,56.04,2
2025-11-24,South,83.63,3
2025-11-25,South,84.65,3
2025-11-26,South,55.93,2
2025-11-27,South,83.23,3
2025-11-28,South,55.97,2
2025-11-01,South,56.43,2
2025-11-02,South,55.65,2
2025-11-03,South,84.58,3
2025-11-04,South,84.36,3
2025-11-05,South,84.36,3
2025-11-06,South,112.52,4
2025-11-07,South,83.73,3
2025-11-08,South,55.60,2
2025-11-09,South,55.70,2
2025-11-10,South,83.51,3
2025-11-11,South,56.31,2
2025-11-12,South,83.88,3
2025-11-13,South,55.50,2
2025-11-14,South,55.70,2
2025-11-15,South,112.18,4
2025-11-16,South,84.68,3
2025-11-17,South,112.02,4
2025-11-18,South,56.46,2
2025-11-19,South,83.56,3
2025-11-20,South,111.97,4
2025-11-21,South,111.19,4
2025-11-22,South,56.03,2
2025-11-23,South,83.48,3
2025-11-24,South,56.00,2
2025-11-25,South,83.80,3
2025-11-26,South,112.46,4
2025-11-27,South,112.19,4
2025-11-28,South,56.21,2
2025-11-01,South,55.99,2
2025-11-02,South,56.49,2
2025-11-01,East,210.08,4
2025-11-02,East,105.21,2
2025-11-03,East,211.06,4
2025-11-04,East,105.30,2
2025-11-05,East,158.49,3
2025-11-06,East,211.84,4
2025-11-07,East,104.07,2
2025-11-08,East,104.40,2
2025-11-09,East,210.68,4
2025-11-10,East,210.85,4
2025-11-11,East,104.48,2
2025-11-12,East,104.88,2
2025-11-13,East,210.27,4
2025-11-14,East,211.74,4
2025-11-15,East,158.77,3
2025-11-16,East,156.34,3
2025-11-17,East,211.61,4
2025-11-18,East,209.15,4
2025-11-19,East,209.19,4
2025-11-20,East,104.85,2
2025-11-21,East,104.39,2
2025-11-22,East,105.71,2
2025-11-23,East,106.00,2
2025-11-24,East,104.71,2
2025-11-25,East,105.29,2
2025-11-26,East,158.93,3
2025-11-27,East,211.10,4
2025-11-28,East,208.39,4
2025-11-01,East,104.67,2
2025-11-02,East,104.00,2
2025-11-03,East,105.61,2
2025-11-04,East,104.94,2
2025-11-05,East,208.85,4
2025-11-06,East,157.48,3
2025-11-07,East,210.93,4
2025-11-08,East,105.59,2
2025-11-09,East,157.24,3
2025-11-10,East,157.48,3
2025-11-11,East,207.98,4
2025-11-12,East,105.31,2
2025-11-13,East,156.69,3
2025-11-14,East,208.79,4
2025-11-15,East,105.03,2
2025-11-16,East,104.08,2
2025-11-17,East,157.63,3
2025-11-18,East,157.44,3
2025-11-19,East,158.25,3
2025-11-20,East,158.32,3
2025-11-21,East,210.70,4
2025-11-22,East,157.11,3
2025-11-23,East,208.22,4
2025-11-24,East,158.32,3
2025-11-25,East,209.87,4
2025-11-26,East,211.01,4
2025-11-27,East,208.92,4
2025-11-28,East,156.45,3
2025-11-01,East,105.70,2
2025-11-02,East,209.66,4
2025-11-03,East,211.50,4
2025-11-04,East,211.86,4
2025-11-05,East,105.54,2
2025-11-06,East,104.67,2
2025-11-07,East,158.83,3
2025-11-08,East,105.28,2
2025-11-09,East,104.38,2
2025-11-10,East,210.36,4
2025-11-11,East,208.74,4
2025-11-12,East,210.58,4
2025-11-13,East,104.04,2
2025-11-14,East,209.61,4
2025-11-15,East,157.25,3
2025-11-16,East,104.30,2
2025-11-17,East,211.48,4
2025-11-18,East,210.73,4
2025-11-19,East,208.82,4
2025-11-20,East,156.41,3
2025-11-21,East,158.56,3
2025-11-22,East,106.02,2
2025-11-23,East,105.15,2
2025-11-24,East,209.60,4
2025-11-25,East,158.96,3
2025-11-26,East,105.02,2
2025-11-27,East,104.30,2
2025-11-28,East,210.64,4
2025-11-01,East,104.90,2
2025-11-02,East,104.08,2
2025-11-03,East,105.72,2
2025-11-04,East,208.06,4
2025-11-05,East,156.45,3
2025-11-06,East,211.16,4
2025-11-07,East,156.90,3
2025-11-08,East,157.26,3
2025-11-09,East,104.88,2
2025-11-10,East,156.96,3
2025-11-11,East,158.87,3
2025-11-12,East,210.05,4
2025-11-13,East,211.59,4
2025-11-14,East,209.93,4
2025-11-15,East,155.93,3
2025-11-16,East,157.94,3
2025-11-17,East,211.58,4
2025-11-18,East,105.91,2
2025-11-19,East,156.47,3
2025-11-20,East,208.90,4
2025-11-21,East,156.80,3
2025-11-22,East,156.26,3
2025-11-23,East,209.03,4
2025-11-24,East,106.00,2
2025-11-25,East,106.05,2
2025-11-26,East,207.90,4
2025-11-27,East,104.58,2
2025-11-28,East,156.62,3
2025-11-01,East,105.13,2
2025-11-02,East,105.95,2
2025-11-03,East,104.89,2
2025-11-04,East,211.15,4
2025-11-05,East,103.96,2
2025-11-06,East,210.96,4
2025-11-07,East,158.08,3
2025-11-08,East,209.02,4
2025-11-09,East,105.93,2
2025-11-10,East,105.81,2
2025-11-11,East,158.24,3
2025-11-12,East,104.29,2
2025-11-13,East,158.09,3
2025-11-14,East,208.87,4
2025-11-15,East,208.37,4
2025-11-16,East,159.00,3
2025-11-17,East,212.08,4
2025-11-18,East,158.40,3
2025-11-19,East,158.70,3
2025-11-20,East,156.86,3
2025-11-21,East,104.89,2
2025-11-22,East,212.03,4
2025-11-23,East,104.09,2
2025-11-24,East,105.32,2
2025-11-25,East,105.52,2
2025-11-26,East,209.10,4
2025-11-27,East,156.47,3
2025-11-28,East,105.90,2
2025-11-01,West,49.67,2
2025-11-02,West,49.76,2
2025-11-03,West,99.95,4
2025-11-04,West,99.98,4
2025-11-05,West,49.59,2
2025-11-06,West,49.80,2
2025-11-07,West,75.38,3
2025-11-08,West,75.10,3
2025-11-09,West,75.15,3
2025-11-10,West,99.50,4
2025-11-11,West,49.50,2
2025-11-12,West,49.94,2
2025-11-13,West,99.18,4
2025-11-14,West,50.03,2
2025-11-15,West,74.49,3
2025-11-16,West,50.47,2
2025-11-17,West,74.55,3
2025-11-18,West,75.31,3
2025-11-19,West,50.42,2
2025-11-20,West,75.60,3
2025-11-21,West,100.39,4
2025-11-22,West,99.38,4
2025-11-23,West,99.98,4
2025-11-24,West,100.48,4
2025-11-25,West,49.87,2
2025-11-26,West,74.74,3
2025-11-27,West,75.14,3
2025-11-28,West,100.46,4
2025-11-01,West,100.88,4
2025-11-02,West,50.50,2
2025-11-03,West,50.43,2
2025-11-04,West,74.75,3
2025-11-05,West,74.39,3
2025-11-06,West,75.29,3
2025-11-07,West,99.57,4
2025-11-08,West,50.43,2
2025-11-09,West,50.48,2
2025-11-10,West,100.71,4
2025-11-11,West,100.57,4
2025-11-12,West,75.49,3
2025-11-13,West,75.55,3
2025-11-14,West,74.97,3
2025-11-15,West,49.69,2
2025-11-16,West,100.66,4
2025-11-17,West,50.11,2
2025-11-18,West,100.35,4
2025-11-19,West,74.50,3
2025-11-20,West,100.83,4
2025-11-21,West,49.53,2
2025-11-22,West,74.73,3
2025-11-23,West,99.80,4
2025-11-24,West,75.03,3
2025-11-25,West,75.02,3
2025-11-26,West,100.19,4
2025-11-27,West,50.31,2
2025-11-28,West,49.50,2
2025-11-01,West,74.30,3
2025-11-02,West,75.67,3
2025-11-03,West,74.95,3
2025-11-04,West,100.47,4
2025-11-05,West,75.20,3
2025-11-06,West,49.94,2
2025-11-07,West,49.58,2
2025-11-08,West,99.95,4
2025-11-09,West,74.98,3
2025-11-10,West,74.93,3
2025-11-11,West,74.76,3
2025-11-12,West,74.72,3
2025-11-13,West,100.06,4
2025-11-14,West,99.11,4
2025-11-15,West,75.49,3
2025-11-16,West,100.44,4
2025-11-17,West,49.96,2
2025-11-18,West,99.61,4
2025-11-19,West,49.86,2
2025-11-20,West,99.76,4
2025-11-21,West,75.17,3
2025-11-22,West,99.70,4
2025-11-23,West,100.27,4
2025-11-24,West,50.01,2
2025-11-25,West,49.70,2
2025-11-26,West,74.61,3
2025-11-27,West,100.42,4
2025-11-28,West,50.21,2
2025-11-01,West,99.92,4
2025-11-02,West,99.92,4
2025-11-03,West,49.75,2
2025-11-04,West,49.71,2
2025-11-05,West,100.20,4
2025-11-06,West,50.15,2
2025-11-07,West,99.87,4
2025-11-08,West,99.99,4
2025-11-09,West,100.39,4
2025-11-10,West,99.37,4
2025-11-11,West,74.40,3
2025-11-12,West,50.37,2
2025-11-13,West,74.90,3
2025-11-14,West,50.05,2
2025-11-15,West,74.26,3
2025-11-16,West,74.25,3
2025-11-17,West,75.14,3
2025-11-18,West,49.87,2
2025-11-19,West,75.26,3
2025-11-20,West,75.07,3
2025-11-21,West,100.52,4
2025-11-22,West,99.34,4
2025-11-23,West,49.57,2
2025-11-24,West,50.30,2
2025-11-25,West,49.78,2
2025-11-26,West,100.48,4
2025-12-01,North,90.78,2
2025-12-02,North,181.79,4
2025-12-03,North,180.80,4
2025-12-04,North,89.23,2
2025-12-05,North,89.96,2
2025-12-06,North,134.31,3
2025-12-07,North,89.36,2
2025-12-08,North,180.85,4
2025-12-09,North,135.71,3
2025-12-10,North,133.90,3
2025-12-11,North,136.32,3
2025-12-12,North,136.30,3
2025-12-13,North,90.44,2
2025-12-14,North,180.55,4
2025-12-15,North,135.03,3
2025-12-16,North,181.72,4
2025-12-17,North,89.98,2
2025-12-18,North,133.86,3
2025-12-19,North,136.32,3
2025-12-20,North,136.11,3
2025-12-21,North,135.64,3
2025-12-22,North,90.53,2
2025-12-23,North,136.09,3
2025-12-24,North,89.50,2
2025-12-25,North,179.94,4
2025-12-26,North,90.14,2
2025-12-27,North,134.38,3
2025-12-28,North,134.97,3
2025-12-01,North,89.14,2
2025-12-02,North,90.72,2
2025-12-03,North,180.81,4
2025-12-04,North,89.71,2
2025-12-05,North,181.00,4
2025-12-06,North,178.62,4
2025-12-07,North,180.83,4
2025-12-08,North,135.94,3
2025-12-09,North,89.27,2
2025-12-10,North,135.96,3
2025-12-11,North,89.34,2
2025-12-12,North,180.46,4
2025-12-13,North,135.02,3
2025-12-14,North,134.48,3
2025-12-15,North,134.45,3
2025-12-16,North,136.07,3
2025-12-17,North,134.15,3
2025-12-18,North,134.42,3
2025-12-19,North,133.96,3
2025-12-20,North,181.05,4
2025-12-21,North,181.79,4
2025-12-22,North,135.22,3
2025-12-23,North,179.84,4
2025-12-24,North,134.98,3
2025-12-25,North,179.48,4
2025-12-26,North,89.73,2
2025-12-27,North,89.76,2
2025-12-28,North,89.40,2
2025-12-01,North,90.00,2
2025-12-02,North,133.90,3
2025-12-03,North,133.98,3
2025-12-04,North,89.64,2
2025-12-05,North,90.55,2
2025-12-06,North,90.34,2
2025-12-07,North,90.67,2
2025-12-08,North,89.34,2
2025-12-09,North,135.11,3
2025-12-10,North,133.90,3
2025-12-11,North,180.62,4
2025-12-12,North,134.74,3
2025-12-13,North,134.62,3
2025-12-14,North,180.36,4
2025-12-15,North,180.39,4
2025-12-16,North,180.17,4
2025-12-17,North,89.39,2
2025-12-18,North,179.34,4
2025-12-19,North,134.88,3
2025-12-20,North,90.42,2
2025-12-21,North,180.26,4
2025-12-22,North,179.09,4
2025-12-23,North,89.65,2
2025-12-24,North,89.32,2
2025-12-25,North,180.26,4
2025-12-26,North,89.55,2
2025-12-27,North,178.71,4
2025-12-28,North,90.06,2
2025-12-01,North,179.14,4
2025-12-02,North,180.57,4
2025-12-03,North,135.30,3
2025-12-04,North,134.66,3
2025-12-05,North,180.89,4
2025-12-06,North,181.07,4
2025-12-07,North,178.77,4
2025-12-08,North,180.97,4
2025-12-09,North,135.25,3
2025-12-10,North,135.14,3
2025-12-11,North,90.32,2
2025-12-12,North,180.71,4
2025-12-13,North,89.50,2
2025-12-14,North,180.17,4
2025-12-15,North,90.30,2
2025-12-16,North,133.90,3
2025-12-17,North,178.90,4
2025-12-18,North,135.44,3
2025-12-19,North,181.21,4
2025-12-20,North,135.28,3
2025-12-21,North,89.24,2
2025-12-22,North,134.07,3
2025-12-23,North,89.46,2
2025-12-24,North,180.99,4
2025-12-25,North,89.76,2
2025-12-26,North,181.39,4
2025-12-27,North,135.06,3
2025-12-28,North,89.99,2
2025-12-01,North,136.12,3
2025-12-02,North,181.77,4
2025-12-03,North,90.49,2
2025-12-04,North,134.77,3
2025-12-05,North,181.01,4
2025-12-06,North,179.73,4
2025-12-07,North,179.13,4
2025-12-08,North,178.95,4
2025-12-09,North,179.16,4
2025-12-10,North,89.12,2
2025-12-11,North,133.68,3
2025-12-12,North,89.41,2
2025-12-13,North,181.36,4
2025-12-14,North,179.03,4
2025-12-15,North,181.46,4
2025-12-16,North,90.86,2
2025-12-17,North,133.85,3
2025-12-18,North,136.12,3
2025-12-19,North,135.07,3
2025-12-20,North,134.55,3
2025-12-21,North,89.78,2
2025-12-22,North,90.23,2
2025-12-23,North,135.07,3
2025-12-24,North,178.35,4
2025-12-25,North,134.20,3
2025-12-26,North,181.28,4
2025-12-27,North,90.56,2
2025-12-28,North,135.19,3
2025-12-01,North,178.94,4
2025-12-02,North,179.10,4
2025-12-03,North,181.76,4
2025-12-04,North,180.23,4
2025-12-05,North,181.79,4
2025-12-06,North,180.89,4
2025-12-07,North,89.61,2
2025-12-08,North,90.33,2
2025-12-09,North,89.81,2
2025-12-10,North,89.12,2
2025-12-11,North,133.66,3
2025-12-12,North,89.41,2
2025-12-13,North,135.85,3
2025-12-14,North,135.66,3
2025-12-15,North,133.90,3
2025-12-16,North,89.32,2
2025-12-17,North,89.50,2
2025-12-18,North,89.11,2
2025-12-19,North,89.23,2
2025-12-20,North,181.77,4
2025-12-21,North,89.82,2
2025-12-22,North,179.76,4
2025-12-23,North,180.21,4
2025-12-24,North,90.85,2
2025-12-25,North,134.86,3
2025-12-26,North,90.39,2
2025-12-27,North,181.03,4
2025-12-28,North,90.69,2
2025-12-01,North,178.99,4
2025-12-02,North,90.44,2
2025-12-03,North,89.38,2
2025-12-04,North,180.31,4
2025-12-05,North,90.49,2
2025-12-06,North,178.46,4
2025-12-07,North,135.31,3
2025-12-08,North,90.10,2
2025-12-09,North,90.14,2
2025-12-10,North,180.30,4
2025-12-11,North,89.94,2
2025-12-12,North,90.82,2
2025-12-13,North,90.25,2
2025-12-14,North,90.38,2
2025-12-15,North,136.31,3
2025-12-16,North,90.84,2
2025-12-17,North,133.70,3
2025-12-18,North,179.38,4
2025-12-19,North,134.98,3
2025-12-20,North,89.27,2
2025-12-21,North,179.46,4
2025-12-22,North,90.73,2
2025-12-23,North,89.80,2
2025-12-24,North,178.97,4
2025-12-25,North,179.10,4
2025-12-26,North,90.40,2
2025-12-27,North,179.53,4
2025-12-28,North,179.19,4
2025-12-01,North,135.85,3
2025-12-02,North,180.80,4
2025-12-03,North,134.56,3
2025-12-04,North,90.61,2
2025-12-01,South,83.74,3
2025-12-02,South,112.93,4
2025-12-03,South,112.45,4
2025-12-04,South,111.34,4
2025-12-05,South,112.94,4
2025-12-06,South,111.61,4
2025-12-07,South,84.26,3
2025-12-08,South,112.63,4
2025-12-09,South,56.41,2
2025-12-10,South,55.44,2
2025-12-11,South,111.86,4
2025-12-12,South,113.00,4
2025-12-13,South,112.31,4
2025-12-14,South,84.29,3
2025-12-15,South,56.16,2
2025-12-16,South,56.50,2
2025-12-17,South,112.97,4
2025-12-18,South,112.56,4
2025-12-19,South,83.42,3
2025-12-20,South,83.56,3
2025-12-21,South,56.56,2
2025-12-22,South,56.18,2
2025-12-23,South,110.96,4
2025-12-24,South,111.75,4
2025-12-25,South,56.42,2
2025-12-26,South,56.55,2
2025-12-27,South,83.39,3
2025-12-28,South,83.76,3
2025-12-01,South,112.76,4
2025-12-02,South,83.89,3
2025-12-03,South,84.46,3
2025-12-04,South,56.05,2
2025-12-05,South,83.61,3
2025-12-06,South,56.28,2
2025-12-07,South,83.28,3
2025-12-08,South,56.29,2
2025-12-09,South,83.54,3
2025-12-10,South,84.12,3
2025-12-11,South,84.48,3
2025-12-12,South,56.14,2
2025-12-13,South,111.46,4
2025-12-14,South,56.45,2
2025-12-15,South,111.79,4
2025-12-16,South,112.51,4
2025-12-17,South,111.38,4
2025-12-18,South,111.52,4
2025-12-19,South,56.34,2
2025-12-20,South,55.86,2
2025-12-21,South,111.57,4
2025-12-22,South,111.19,4
2025-12-23,South,56.05,2
2025-12-24,South,55.92,2
2025-12-25,South,83.59,3
2025-12-26,South,112.80,4
2025-12-27,South,112.41,4
2025-12-28,South,83.24,3
2025-12-01,South,55.62,2
2025-12-02,South,112.97,4
2025-12-03,South,111.81,4
2025-12-04,South,112.98,4
2025-12-05,South,110.91,4
2025-12-06,South,83.73,3
2025-12-07,South,84.81,3
2025-12-08,South,112.67,4
2025-12-09,South,83.92,3
2025-12-10,South,56.35,2
2025-12-11,South,56.09,2
2025-12-12,South,84.27,3
2025-12-13,South,55.89,2
2025-12-14,South,83.77,3
2025-12-15,South,84.83,3
2025-12-16,South,112.06,4
2025-12-17,South,111.25,4
2025-12-18,South,84.64,3
2025-12-19,South,56.27,2
2025-12-20,South,84.10,3
2025-12-21,South,83.29,3
2025-12-22,South,84.23,3
2025-12-23,South,56.05,2
2025-12-24,South,55.54,2
2025-12-25,South,83.19,3
2025-12-26,South,56.05,2
2025-12-27,South,56.54,2
2025-12-28,South,83.38,3
2025-12-01,South,111.63,4
2025-12-02,South,56.37,2
2025-12-03,South,56.09,2
2025-12-04,South,83.20,3
2025-12-05,South,55.44,2
2025-12-06,South,55.90,2
2025-12-07,South,112.79,4
2025-12-08,South,83.88,3
2025-12-09,South,56.13,2
2025-12-10,South,112.11,4
2025-12-11,South,83.46,3
2025-12-12,South,83.26,3
2025-12-13,South,56.06,2
2025-12-14,South,55.55,2
2025-12-15,South,83.26,3
2025-12-16,South,55.50,2
2025-12-17,South,83.72,3
2025-12-18,South,56.26,2
2025-12-19,South,55.69,2
2025-12-20,South,111.96,4
2025-12-21,South,83.62,3
2025-12-22,South,55.85,2
2025-12-23,South,84.50,3
2025-12-24,South,84.44,3
2025-12-25,South,56.04,2
2025-12-26,South,83.57,3
2025-12-27,South,83.42,3
2025-12-28,South,55.94,2
2025-12-01,South,56.09,2
2025-12-02,South,84.37,3
2025-12-03,South,111.55,4
2025-12-04,South,56.07,2
2025-12-05,South,84.36,3
2025-12-06,South,111.07,4
2025-12-07,South,112.37,4
2025-12-08,South,56.51,2
2025-12-09,South,111.31,4
2025-12-10,South,113.04,4
2025-12-11,South,111.27,4
2025-12-12,South,84.28,3
2025-12-13,South,84.35,3
2025-12-14,South,56.22,2
2025-12-15,South,55.69,2
2025-12-16,South,83.54,3
2025-12-17,South,55.65,2
2025-12-18,South,110.92,4
2025-12-19,South,111.21,4
2025-12-20,South,112.70,4
2025-12-21,South,56.24,2
2025-12-22,South,56.41,2
2025-12-23,South,55.60,2
2025-12-24,South,112.29,4
2025-12-25,South,55.56,2
2025-12-26,South,55.59,2
2025-12-27,South,84.67,3
2025-12-28,South,112.28,4
2025-12-01,South,83.35,3
2025-12-02,South,84.46,3
2025-12-03,South,111.49,4
2025-12-04,South,84.41,3
2025-12-05,South,111.67,4
2025-12-06,South,83.24,3
2025-12-07,South,111.07,4
2025-12-08,South,56.33,2
2025-12-09,South,111.60,4
2025-12-10,South,112.33,4
2025-12-11,South,112.99,4
2025-12-12,South,55.62,2
2025-12-13,South,83.33,3
2025-12-14,South,112.47,4
2025-12-15,South,84.75,3
2025-12-16,South,83.42,3
2025-12-17,South,56.27,2
2025-12-18,South,112.33,4
2025-12-19,South,83.57,3
2025-12-20,South,84.71,3
2025-12-21,South,84.55,3
2025-12-22,South,56.24,2
2025-12-23,South,83.28,3
2025-12-24,South,55.79,2
2025-12-25,South,84.27,3
2025-12-26,South,112.33,4
2025-12-27,South,56.45,2
2025-12-28,South,55.71,2
2025-12-01,South,111.51,4
2025-12-02,South,84.38,3
2025-12-01,East,209.74,4
2025-12-02,East,104.57,2
2025-12-03,East,157.72,3
2025-12-04,East,211.12,4
2025-12-05,East,105.43,2
2025-12-06,East,156.67,3
2025-12-07,East,157.07,3
2025-12-08,East,104.16,2
2025-12-09,East,211.26,4
2025-12-10,East,209.12,4
2025-12-11,East,105.52,2
2025-12-12,East,158.34,3
2025-12-13,East,105.78,2
2025-12-14,East,156.76,3
2025-12-15,East,158.57,3
2025-12-16,East,208.08,4
2025-12-17,East,209.38,4
2025-12-18,East,103.98,2
2025-12-19,East,104.95,2
2025-12-20,East,158.64,3
2025-12-21,East,156.70,3
2025-12-22,East,157.14,3
2025-12-23,East,211.56,4
2025-12-24,East,158.12,3
2025-12-25,East,158.54,3
2025-12-26,East,105.73,2
2025-12-27,East,209.86,4
2025-12-28,East,104.59,2
2025-12-01,East,105.69,2
2025-12-02,East,156.82,3
2025-12-03,East,104.08,2
2025-12-04,East,105.13,2
2025-12-05,East,207.97,4
2025-12-06,East,105.19,2
2025-12-07,East,105.48,2
2025-12-08,East,209.83,4
2025-12-09,East,157.02,3
2025-12-10,East,105.95,2
2025-12-11,East,105.83,2
2025-12-12,East,156.08,3
2025-12-13,East,211.79,4
2025-12-14,East,156.03,3
2025-12-15,East,104.11,2
2025-12-16,East,209.32,4
2025-12-17,East,156.69,3
2025-12-18,East,157.34,3
2025-12-19,East,157.90,3
2025-12-20,East,156.99,3
2025-12-21,East,210.21,4
2025-12-22,East,208.59,4
2025-12-23,East,211.42,4
2025-12-24,East,158.90,3
2025-12-25,East,157.53,3
2025-12-26,East,157.98,3
2025-12-27,East,158.42,3
2025-12-28,East,157.00,3
2025-12-01,East,157.54,3
2025-12-02,East,105.05,2
2025-12-03,East,156.87,3
2025-12-04,East,105.19,2
2025-12-05,East,158.60,3
2025-12-06,East,104.25,2
2025-12-07,East,156.23,3
2025-12-08,East,104.26,2
2025-12-09,East,104.81,2
2025-12-10,East,157.79,3
2025-12-11,East,104.52,2
2025-12-12,East,210.87,4
2025-12-13,East,158.33,3
2025-12-14,East,211.68,4
2025-12-15,East,105.05,2
2025-12-16,East,105.10,2
2025-12-17,East,157.22,3
2025-12-18,East,105.37,2
2025-12-19,East,155.96,3
2025-12-20,East,211.24,4
2025-12-21,East,208.73,4
2025-12-22,East,105.14,2
2025-12-23,East,105.39,2
2025-12-24,East,210.67,4
2025-12-25,East,105.23,2
2025-12-26,East,158.10,3
2025-12-27,East,211.33,4
2025-12-28,East,158.31,3
2025-12-01,East,104.08,2
2025-12-02,East,158.42,3
2025-12-03,East,105.31,2
2025-12-04,East,210.27,4
2025-12-05,East,158.22,3
2025-12-06,East,105.19,2
2025-12-07,East,158.08,3
2025-12-08,East,105.82,2
2025-12-09,East,211.63,4
2025-12-10,East,209.78,4
2025-12-11,East,157.18,3
2025-12-12,East,208.88,4
2025-12-13,East,210.69,4
2025-12-14,East,158.98,3
2025-12-15,East,210.23,4
2025-12-16,East,106.00,2
2025-12-17,East,105.54,2
2025-12-18,East,211.85,4
2025-12-19,East,158.11,3
2025-12-20,East,159.01,3
2025-12-21,East,158.42,3
2025-12-22,East,209.11,4
2025-12-23,East,104.50,2
2025-12-24,East,209.05,4
2025-12-25,East,105.18,2
2025-12-26,East,157.98,3
2025-12-27,East,104.56,2
2025-12-28,East,210.00,4
2025-12-01,East,105.85,2
2025-12-02,East,157.21,3
2025-12-03,East,209.43,4
2025-12-04,East,208.14,4
2025-12-05,East,209.57,4
2025-12-06,East,105.06,2
2025-12-07,East,105.31,2
2025-12-08,East,105.70,2
2025-12-09,East,157.98,3
2025-12-10,East,105.82,2
2025-12-11,East,210.99,4
2025-12-12,East,210.27,4
2025-12-13,East,209.12,4
2025-12-14,East,105.47,2
2025-12-15,East,105.47,2
2025-12-16,East,104.28,2
2025-12-17,East,211.53,4
2025-12-18,East,209.51,4
2025-12-19,East,156.16,3
2025-12-20,East,211.52,4
2025-12-21,East,211.71,4
2025-12-22,East,211.32,4
2025-12-23,East,104.73,2
2025-12-24,East,104.57,2
2025-12-25,East,156.83,3
2025-12-26,East,105.42,2
2025-12-27,East,104.05,2
2025-12-28,East,105.58,2
2025-12-01,West,50.48,2
2025-12-02,West,49.62,2
2025-12-03,West,100.98,4
2025-12-04,West,49.85,2
2025-12-05,West,100.93,4
2025-12-06,West,100.84,4
2025-12-07,West,75.26,3
2025-12-08,West,75.67,3
2025-12-09,West,99.01,4
2025-12-10,West,100.41,4
2025-12-11,West,99.11,4
2025-12-12,West,75.71,3
2025-12-13,West,74.81,3
2025-12-14,West,75.63,3
2025-12-15,West,99.15,4
2025-12-16,West,75.31,3
2025-12-17,West,75.19,3
2025-12-18,West,100.04,4
2025-12-19,West,99.93,4
2025-12-20,West,99.92,4
2025-12-21,West,50.12,2
2025-12-22,West,99.39,4
2025-12-23,West,75.19,3
2025-12-24,West,49.94,2
2025-12-25,West,100.07,4
2025-12-26,West,100.76,4
2025-12-27,West,99.97,4
2025-12-28,West,74.46,3
2025-12-01,West,75.28,3
2025-12-02,West,50.39,2
2025-12-03,West,100.43,4
2025-12-04,West,75.63,3
2025-12-05,West,75.61,3
2025-12-06,West,50.41,2
2025-12-07,West,50.06,2
2025-12-08,West,50.49,2
2025-12-09,West,50.10,2
2025-12-10,West,100.71,4
2025-12-11,West,74.51,3
2025-12-12,West,49.77,2
2025-12-13,West,99.49,4
2025-12-14,West,49.83,2
2025-12-15,West,50.19,2
2025-12-16,West,99.33,4
2025-12-17,West,49.62,2
2025-12-18,West,74.45,3
2025-12-19,West,50.28,2
2025-12-20,West,99.21,4
2025-12-21,West,99.19,4
2025-12-22,West,99.75,4
2025-12-23,West,100.63,4
2025-12-24,West,75.69,3
2025-12-25,West,75.60,3
2025-12-26,West,49.73,2
2025-12-27,West,100.33,4
2025-12-28,West,50.21,2
2025-12-01,West,100.18,4
2025-12-02,West,50.03,2
2025-12-03,West,99.78,4
2025-12-04,West,49.82,2
2025-12-05,West,50.44,2
2025-12-06,West,99.68,4
2025-12-07,West,49.56,2
2025-12-08,West,100.31,4
2025-12-09,West,75.49,3
2025-12-10,West,100.80,4
2025-12-11,West,49.63,2
2025-12-12,West,99.74,4
2025-12-13,West,99.04,4
2025-12-14,West,50.43,2
2025-12-15,West,100.85,4
2025-12-16,West,75.01,3
2025-12-17,West,100.21,4
2025-12-18,West,100.33,4
2025-12-19,West,99.72,4
2025-12-20,West,74.64,3
2025-12-21,West,49.93,2
2025-12-22,West,49.69,2
2025-12-23,West,99.98,4
2025-12-24,West,50.04,2
2025-12-25,West,75.68,3
2025-12-26,West,50.22,2
2025-12-27,West,49.90,2
2025-12-28,West,49.86,2
2025-12-01,West,75.23,3
2025-12-02,West,99.77,4
2025-12-03,West,99.69,4
2025-12-04,West,74.79,3
2025-12-05,West,75.31,3
2025-12-06,West,50.25,2
2025-12-07,West,50.37,2
2025-12-08,West,50.39,2
2025-12-09,West,75.11,3
2025-12-10,West,50.11,2
2025-12-11,West,100.46,4
2025-12-12,West,74.71,3
2025-12-13,West,99.49,4
2025-12-14,West,74.81,3
2025-12-15,West,75.24,3
2025-12-16,West,99.05,4
2025-12-17,West,99.22,4
2025-12-18,West,99.24,4
2025-12-19,West,100.75,4
2025-12-20,West,100.42,4
2025-12-21,West,100.16,4
2025-12-22,West,49.60,2
2025-12-23,West,74.39,3
2025-12-24,West,74.52,3
2025-12-25,West,74.47,3
2025-12-26,West,50.08,2
